ISO-10303-21;
HEADER;
/* Generated by software containing ST-Developer
 * from STEP Tools, Inc. (www.steptools.com) 
 */

FILE_DESCRIPTION(
/* description */ (''),
/* implementation_level */ '2;1');

FILE_NAME(
/* name */ 'Joint 3 Cover.step',
/* time_stamp */ '2026-04-06T15:09:01+02:00',
/* author */ (''),
/* organization */ (''),
/* preprocessor_version */ 'ST-DEVELOPER v20.1',
/* originating_system */ 'Autodesk Translation Framework v14.24.0.0',
/* authorisation */ '');

FILE_SCHEMA (('AUTOMOTIVE_DESIGN { 1 0 10303 214 3 1 1 }'));
ENDSEC;

DATA;
#10=MECHANICAL_DESIGN_GEOMETRIC_PRESENTATION_REPRESENTATION('',(#13),#2160);
#11=SHAPE_REPRESENTATION_RELATIONSHIP('SRR','None',#2167,#12);
#12=ADVANCED_BREP_SHAPE_REPRESENTATION('',(#14),#2159);
#13=STYLED_ITEM('',(#2177),#14);
#14=MANIFOLD_SOLID_BREP('Cover',#1164);
#15=TOROIDAL_SURFACE('',#1328,15.,10.);
#16=SPHERICAL_SURFACE('',#1321,10.);
#17=SPHERICAL_SURFACE('',#1325,10.);
#18=B_SPLINE_CURVE_WITH_KNOTS('',3,(#1695,#1696,#1697,#1698),
 .UNSPECIFIED.,.F.,.F.,(4,4),(0.,0.215689460810185),.UNSPECIFIED.);
#19=B_SPLINE_CURVE_WITH_KNOTS('',3,(#1700,#1701,#1702,#1703),
 .UNSPECIFIED.,.F.,.F.,(4,4),(2.44071191942232,2.66296513934068),
 .UNSPECIFIED.);
#20=B_SPLINE_CURVE_WITH_KNOTS('',3,(#1714,#1715,#1716,#1717,#1718,#1719,
#1720,#1721,#1722,#1723,#1724,#1725,#1726,#1727,#1728,#1729,#1730,#1731,
#1732,#1733,#1734,#1735,#1736,#1737,#1738,#1739,#1740,#1741,#1742,#1743,
#1744,#1745),.UNSPECIFIED.,.F.,.F.,(4,2,2,2,2,2,2,2,2,2,2,2,2,2,2,4),(0.215689460810185,
0.223003900531579,0.446007801063158,0.628884459943681,0.811761118824205,
0.954307933347268,1.09685474787033,1.20756896080976,1.31828317374919,1.42899738668862,
1.53971159962805,1.68225841415111,1.82480522867418,2.0343452063408,2.24388518400743,
2.44071191942232),.UNSPECIFIED.);
#21=B_SPLINE_CURVE_WITH_KNOTS('',3,(#1758,#1759,#1760,#1761),
 .UNSPECIFIED.,.F.,.F.,(4,4),(0.,0.222253185494621),.UNSPECIFIED.);
#22=B_SPLINE_CURVE_WITH_KNOTS('',3,(#1763,#1764,#1765,#1766),
 .UNSPECIFIED.,.F.,.F.,(4,4),(2.46711078189284,2.68936396738746),
 .UNSPECIFIED.);
#23=B_SPLINE_CURVE_WITH_KNOTS('',3,(#1777,#1778,#1779,#1780,#1781,#1782,
#1783,#1784,#1785,#1786,#1787,#1788,#1789,#1790,#1791,#1792,#1793,#1794,
#1795,#1796,#1797,#1798,#1799,#1800,#1801,#1802,#1803,#1804,#1805,#1806),
 .UNSPECIFIED.,.F.,.F.,(4,2,2,2,2,2,2,2,2,2,2,2,2,2,4),(0.222253185494621,
0.419079967810412,0.628619951715618,0.838159935620824,0.98070674644139,
1.12325355726195,1.23396777047784,1.34468198369373,1.45539619690962,1.5661104101255,
1.70865722094607,1.85120403176663,2.06074401567184,2.27028399957705,2.46711078189284),
 .UNSPECIFIED.);
#24=B_SPLINE_CURVE_WITH_KNOTS('',3,(#2021,#2022,#2023,#2024,#2025,#2026,
#2027,#2028,#2029,#2030,#2031,#2032,#2033,#2034,#2035,#2036,#2037,#2038,
#2039,#2040,#2041,#2042,#2043,#2044,#2045,#2046,#2047,#2048,#2049,#2050,
#2051,#2052,#2053,#2054,#2055,#2056),.UNSPECIFIED.,.F.,.F.,(4,2,2,2,2,2,
2,2,2,2,2,2,2,2,2,2,2,4),(-1.86774147117158,-1.83030182737598,-1.79204747818476,
-1.68924532522097,-1.52368298755799,-1.3857325350275,-1.30703290000245,
-1.24650581963442,-1.18305365572939,-1.09429407237043,-1.00054711876174,
-0.906870119774816,-0.821211607135112,-0.725277758531753,-0.650096254145644,
-0.591325123007665,-0.529109599264684,-0.438356975588234),.UNSPECIFIED.);
#25=B_SPLINE_CURVE_WITH_KNOTS('',3,(#2057,#2058,#2059,#2060,#2061,#2062,
#2063,#2064,#2065,#2066,#2067,#2068),.UNSPECIFIED.,.F.,.F.,(4,2,2,2,2,4),
(-0.438356975588234,-0.437230341910011,-0.276685084901763,-0.150762785144049,
-0.0671786793072643,0.),.UNSPECIFIED.);
#26=B_SPLINE_CURVE_WITH_KNOTS('',3,(#2073,#2074,#2075,#2076,#2077,#2078,
#2079,#2080,#2081,#2082,#2083,#2084),.UNSPECIFIED.,.F.,.F.,(4,2,2,2,2,4),
(-1.86774147117112,-1.83030182737552,-1.7920474781843,-1.68924532522051,
-1.52368298755754,-1.42737756709784),.UNSPECIFIED.);
#27=B_SPLINE_CURVE_WITH_KNOTS('',3,(#2085,#2086,#2087,#2088,#2089,#2090,
#2091,#2092,#2093,#2094,#2095,#2096,#2097,#2098,#2099,#2100,#2101,#2102,
#2103,#2104,#2105,#2106,#2107,#2108,#2109,#2110,#2111,#2112,#2113,#2114,
#2115,#2116,#2117,#2118,#2119,#2120),.UNSPECIFIED.,.F.,.F.,(4,2,2,2,2,2,
2,2,2,2,2,2,2,2,2,2,2,4),(-1.42737756709784,-1.38573253502707,-1.30703290000203,
-1.24650581963403,-1.18305365572901,-1.09429407237008,-1.00054711876142,
-0.906870119774528,-0.821211607134854,-0.725277758531526,-0.65009625414544,
-0.591325123007477,-0.529109599264515,-0.437230341909864,-0.276685084901693,
-0.150762785144028,-0.0671786793072592,0.),.UNSPECIFIED.);
#28=FACE_BOUND('',#173,.T.);
#29=FACE_BOUND('',#177,.T.);
#30=FACE_BOUND('',#181,.T.);
#31=FACE_BOUND('',#185,.T.);
#32=FACE_BOUND('',#227,.T.);
#33=FACE_BOUND('',#228,.T.);
#34=FACE_BOUND('',#229,.T.);
#35=FACE_BOUND('',#230,.T.);
#36=FACE_BOUND('',#231,.T.);
#37=FACE_BOUND('',#232,.T.);
#38=FACE_BOUND('',#233,.T.);
#39=FACE_BOUND('',#234,.T.);
#40=FACE_BOUND('',#235,.T.);
#41=FACE_BOUND('',#236,.T.);
#42=FACE_BOUND('',#237,.T.);
#43=FACE_BOUND('',#238,.T.);
#44=FACE_BOUND('',#239,.T.);
#45=FACE_BOUND('',#240,.T.);
#46=FACE_BOUND('',#241,.T.);
#47=FACE_BOUND('',#242,.T.);
#48=FACE_BOUND('',#243,.T.);
#49=FACE_BOUND('',#244,.T.);
#50=FACE_BOUND('',#245,.T.);
#51=FACE_BOUND('',#246,.T.);
#52=FACE_BOUND('',#247,.T.);
#53=FACE_BOUND('',#248,.T.);
#54=FACE_BOUND('',#249,.T.);
#55=FACE_BOUND('',#250,.T.);
#56=FACE_BOUND('',#251,.T.);
#57=FACE_BOUND('',#252,.T.);
#58=FACE_BOUND('',#253,.T.);
#59=FACE_BOUND('',#254,.T.);
#60=FACE_BOUND('',#255,.T.);
#61=FACE_BOUND('',#256,.T.);
#62=FACE_BOUND('',#257,.T.);
#63=FACE_BOUND('',#258,.T.);
#64=FACE_BOUND('',#259,.T.);
#65=FACE_BOUND('',#260,.T.);
#66=FACE_BOUND('',#261,.T.);
#67=FACE_BOUND('',#262,.T.);
#68=FACE_BOUND('',#263,.T.);
#69=FACE_BOUND('',#264,.T.);
#70=FACE_BOUND('',#265,.T.);
#71=FACE_BOUND('',#270,.T.);
#72=FACE_BOUND('',#271,.T.);
#73=FACE_BOUND('',#272,.T.);
#74=FACE_BOUND('',#273,.T.);
#75=FACE_BOUND('',#274,.T.);
#76=FACE_BOUND('',#275,.T.);
#77=FACE_BOUND('',#276,.T.);
#78=FACE_BOUND('',#277,.T.);
#79=FACE_BOUND('',#278,.T.);
#80=FACE_BOUND('',#279,.T.);
#81=FACE_BOUND('',#280,.T.);
#82=FACE_BOUND('',#281,.T.);
#83=FACE_BOUND('',#282,.T.);
#84=FACE_BOUND('',#283,.T.);
#85=FACE_BOUND('',#284,.T.);
#86=FACE_BOUND('',#285,.T.);
#87=FACE_BOUND('',#286,.T.);
#88=FACE_BOUND('',#287,.T.);
#89=FACE_BOUND('',#288,.T.);
#90=FACE_BOUND('',#289,.T.);
#91=FACE_BOUND('',#290,.T.);
#92=FACE_BOUND('',#291,.T.);
#93=FACE_BOUND('',#292,.T.);
#94=FACE_BOUND('',#293,.T.);
#95=FACE_BOUND('',#294,.T.);
#96=FACE_BOUND('',#295,.T.);
#97=FACE_BOUND('',#296,.T.);
#98=FACE_BOUND('',#297,.T.);
#99=FACE_BOUND('',#298,.T.);
#100=FACE_BOUND('',#299,.T.);
#101=FACE_BOUND('',#300,.T.);
#102=FACE_BOUND('',#301,.T.);
#103=FACE_BOUND('',#302,.T.);
#104=FACE_BOUND('',#303,.T.);
#105=FACE_BOUND('',#304,.T.);
#106=FACE_BOUND('',#306,.T.);
#107=FACE_BOUND('',#307,.T.);
#108=PLANE('',#1181);
#109=PLANE('',#1188);
#110=PLANE('',#1194);
#111=PLANE('',#1201);
#112=PLANE('',#1317);
#113=PLANE('',#1326);
#114=FACE_OUTER_BOUND('',#171,.T.);
#115=FACE_OUTER_BOUND('',#172,.T.);
#116=FACE_OUTER_BOUND('',#174,.T.);
#117=FACE_OUTER_BOUND('',#175,.T.);
#118=FACE_OUTER_BOUND('',#176,.T.);
#119=FACE_OUTER_BOUND('',#178,.T.);
#120=FACE_OUTER_BOUND('',#179,.T.);
#121=FACE_OUTER_BOUND('',#180,.T.);
#122=FACE_OUTER_BOUND('',#182,.T.);
#123=FACE_OUTER_BOUND('',#183,.T.);
#124=FACE_OUTER_BOUND('',#184,.T.);
#125=FACE_OUTER_BOUND('',#186,.T.);
#126=FACE_OUTER_BOUND('',#187,.T.);
#127=FACE_OUTER_BOUND('',#188,.T.);
#128=FACE_OUTER_BOUND('',#189,.T.);
#129=FACE_OUTER_BOUND('',#190,.T.);
#130=FACE_OUTER_BOUND('',#191,.T.);
#131=FACE_OUTER_BOUND('',#192,.T.);
#132=FACE_OUTER_BOUND('',#193,.T.);
#133=FACE_OUTER_BOUND('',#194,.T.);
#134=FACE_OUTER_BOUND('',#195,.T.);
#135=FACE_OUTER_BOUND('',#196,.T.);
#136=FACE_OUTER_BOUND('',#197,.T.);
#137=FACE_OUTER_BOUND('',#198,.T.);
#138=FACE_OUTER_BOUND('',#199,.T.);
#139=FACE_OUTER_BOUND('',#200,.T.);
#140=FACE_OUTER_BOUND('',#201,.T.);
#141=FACE_OUTER_BOUND('',#202,.T.);
#142=FACE_OUTER_BOUND('',#203,.T.);
#143=FACE_OUTER_BOUND('',#204,.T.);
#144=FACE_OUTER_BOUND('',#205,.T.);
#145=FACE_OUTER_BOUND('',#206,.T.);
#146=FACE_OUTER_BOUND('',#207,.T.);
#147=FACE_OUTER_BOUND('',#208,.T.);
#148=FACE_OUTER_BOUND('',#209,.T.);
#149=FACE_OUTER_BOUND('',#210,.T.);
#150=FACE_OUTER_BOUND('',#211,.T.);
#151=FACE_OUTER_BOUND('',#212,.T.);
#152=FACE_OUTER_BOUND('',#213,.T.);
#153=FACE_OUTER_BOUND('',#214,.T.);
#154=FACE_OUTER_BOUND('',#215,.T.);
#155=FACE_OUTER_BOUND('',#216,.T.);
#156=FACE_OUTER_BOUND('',#217,.T.);
#157=FACE_OUTER_BOUND('',#218,.T.);
#158=FACE_OUTER_BOUND('',#219,.T.);
#159=FACE_OUTER_BOUND('',#220,.T.);
#160=FACE_OUTER_BOUND('',#221,.T.);
#161=FACE_OUTER_BOUND('',#222,.T.);
#162=FACE_OUTER_BOUND('',#223,.T.);
#163=FACE_OUTER_BOUND('',#224,.T.);
#164=FACE_OUTER_BOUND('',#225,.T.);
#165=FACE_OUTER_BOUND('',#226,.T.);
#166=FACE_OUTER_BOUND('',#266,.T.);
#167=FACE_OUTER_BOUND('',#267,.T.);
#168=FACE_OUTER_BOUND('',#268,.T.);
#169=FACE_OUTER_BOUND('',#269,.T.);
#170=FACE_OUTER_BOUND('',#305,.T.);
#171=EDGE_LOOP('',(#753,#754,#755,#756));
#172=EDGE_LOOP('',(#757));
#173=EDGE_LOOP('',(#758));
#174=EDGE_LOOP('',(#759,#760,#761));
#175=EDGE_LOOP('',(#762,#763,#764,#765));
#176=EDGE_LOOP('',(#766,#767));
#177=EDGE_LOOP('',(#768));
#178=EDGE_LOOP('',(#769,#770));
#179=EDGE_LOOP('',(#771,#772,#773,#774));
#180=EDGE_LOOP('',(#775));
#181=EDGE_LOOP('',(#776));
#182=EDGE_LOOP('',(#777,#778,#779));
#183=EDGE_LOOP('',(#780,#781,#782,#783));
#184=EDGE_LOOP('',(#784,#785));
#185=EDGE_LOOP('',(#786));
#186=EDGE_LOOP('',(#787,#788));
#187=EDGE_LOOP('',(#789,#790,#791,#792));
#188=EDGE_LOOP('',(#793,#794,#795,#796));
#189=EDGE_LOOP('',(#797,#798,#799,#800));
#190=EDGE_LOOP('',(#801,#802,#803,#804));
#191=EDGE_LOOP('',(#805,#806,#807,#808));
#192=EDGE_LOOP('',(#809,#810,#811,#812));
#193=EDGE_LOOP('',(#813,#814,#815,#816));
#194=EDGE_LOOP('',(#817,#818,#819,#820));
#195=EDGE_LOOP('',(#821,#822,#823,#824));
#196=EDGE_LOOP('',(#825,#826,#827,#828));
#197=EDGE_LOOP('',(#829,#830,#831,#832));
#198=EDGE_LOOP('',(#833,#834,#835,#836));
#199=EDGE_LOOP('',(#837,#838,#839,#840));
#200=EDGE_LOOP('',(#841,#842,#843,#844));
#201=EDGE_LOOP('',(#845,#846,#847,#848));
#202=EDGE_LOOP('',(#849,#850,#851,#852));
#203=EDGE_LOOP('',(#853,#854,#855,#856));
#204=EDGE_LOOP('',(#857,#858,#859,#860));
#205=EDGE_LOOP('',(#861,#862,#863,#864));
#206=EDGE_LOOP('',(#865,#866,#867,#868));
#207=EDGE_LOOP('',(#869,#870,#871,#872));
#208=EDGE_LOOP('',(#873,#874,#875,#876));
#209=EDGE_LOOP('',(#877,#878,#879,#880));
#210=EDGE_LOOP('',(#881,#882,#883,#884));
#211=EDGE_LOOP('',(#885,#886,#887,#888));
#212=EDGE_LOOP('',(#889,#890,#891,#892));
#213=EDGE_LOOP('',(#893,#894,#895,#896));
#214=EDGE_LOOP('',(#897,#898,#899,#900));
#215=EDGE_LOOP('',(#901,#902,#903,#904));
#216=EDGE_LOOP('',(#905,#906,#907,#908));
#217=EDGE_LOOP('',(#909,#910,#911,#912));
#218=EDGE_LOOP('',(#913,#914,#915,#916));
#219=EDGE_LOOP('',(#917,#918,#919,#920));
#220=EDGE_LOOP('',(#921,#922,#923,#924));
#221=EDGE_LOOP('',(#925,#926,#927,#928));
#222=EDGE_LOOP('',(#929,#930,#931,#932,#933));
#223=EDGE_LOOP('',(#934,#935,#936,#937,#938));
#224=EDGE_LOOP('',(#939,#940,#941,#942,#943,#944,#945,#946));
#225=EDGE_LOOP('',(#947,#948,#949,#950,#951,#952,#953,#954));
#226=EDGE_LOOP('',(#955,#956,#957,#958,#959,#960,#961,#962));
#227=EDGE_LOOP('',(#963));
#228=EDGE_LOOP('',(#964));
#229=EDGE_LOOP('',(#965));
#230=EDGE_LOOP('',(#966));
#231=EDGE_LOOP('',(#967));
#232=EDGE_LOOP('',(#968));
#233=EDGE_LOOP('',(#969));
#234=EDGE_LOOP('',(#970));
#235=EDGE_LOOP('',(#971));
#236=EDGE_LOOP('',(#972));
#237=EDGE_LOOP('',(#973));
#238=EDGE_LOOP('',(#974));
#239=EDGE_LOOP('',(#975));
#240=EDGE_LOOP('',(#976));
#241=EDGE_LOOP('',(#977));
#242=EDGE_LOOP('',(#978));
#243=EDGE_LOOP('',(#979));
#244=EDGE_LOOP('',(#980));
#245=EDGE_LOOP('',(#981));
#246=EDGE_LOOP('',(#982));
#247=EDGE_LOOP('',(#983));
#248=EDGE_LOOP('',(#984));
#249=EDGE_LOOP('',(#985));
#250=EDGE_LOOP('',(#986));
#251=EDGE_LOOP('',(#987));
#252=EDGE_LOOP('',(#988));
#253=EDGE_LOOP('',(#989));
#254=EDGE_LOOP('',(#990));
#255=EDGE_LOOP('',(#991));
#256=EDGE_LOOP('',(#992));
#257=EDGE_LOOP('',(#993));
#258=EDGE_LOOP('',(#994));
#259=EDGE_LOOP('',(#995));
#260=EDGE_LOOP('',(#996));
#261=EDGE_LOOP('',(#997));
#262=EDGE_LOOP('',(#998));
#263=EDGE_LOOP('',(#999));
#264=EDGE_LOOP('',(#1000));
#265=EDGE_LOOP('',(#1001));
#266=EDGE_LOOP('',(#1002,#1003,#1004));
#267=EDGE_LOOP('',(#1005,#1006,#1007,#1008));
#268=EDGE_LOOP('',(#1009,#1010,#1011));
#269=EDGE_LOOP('',(#1012,#1013,#1014,#1015));
#270=EDGE_LOOP('',(#1016));
#271=EDGE_LOOP('',(#1017));
#272=EDGE_LOOP('',(#1018));
#273=EDGE_LOOP('',(#1019));
#274=EDGE_LOOP('',(#1020));
#275=EDGE_LOOP('',(#1021));
#276=EDGE_LOOP('',(#1022));
#277=EDGE_LOOP('',(#1023));
#278=EDGE_LOOP('',(#1024));
#279=EDGE_LOOP('',(#1025));
#280=EDGE_LOOP('',(#1026));
#281=EDGE_LOOP('',(#1027));
#282=EDGE_LOOP('',(#1028));
#283=EDGE_LOOP('',(#1029));
#284=EDGE_LOOP('',(#1030));
#285=EDGE_LOOP('',(#1031));
#286=EDGE_LOOP('',(#1032));
#287=EDGE_LOOP('',(#1033));
#288=EDGE_LOOP('',(#1034));
#289=EDGE_LOOP('',(#1035));
#290=EDGE_LOOP('',(#1036));
#291=EDGE_LOOP('',(#1037));
#292=EDGE_LOOP('',(#1038));
#293=EDGE_LOOP('',(#1039));
#294=EDGE_LOOP('',(#1040));
#295=EDGE_LOOP('',(#1041));
#296=EDGE_LOOP('',(#1042));
#297=EDGE_LOOP('',(#1043));
#298=EDGE_LOOP('',(#1044));
#299=EDGE_LOOP('',(#1045));
#300=EDGE_LOOP('',(#1046));
#301=EDGE_LOOP('',(#1047));
#302=EDGE_LOOP('',(#1048));
#303=EDGE_LOOP('',(#1049));
#304=EDGE_LOOP('',(#1050));
#305=EDGE_LOOP('',(#1051,#1052,#1053,#1054));
#306=EDGE_LOOP('',(#1055,#1056));
#307=EDGE_LOOP('',(#1057,#1058));
#308=LINE('',#1687,#357);
#309=LINE('',#1709,#358);
#310=LINE('',#1750,#359);
#311=LINE('',#1772,#360);
#312=LINE('',#1811,#361);
#313=LINE('',#1817,#362);
#314=LINE('',#1823,#363);
#315=LINE('',#1829,#364);
#316=LINE('',#1835,#365);
#317=LINE('',#1841,#366);
#318=LINE('',#1847,#367);
#319=LINE('',#1853,#368);
#320=LINE('',#1859,#369);
#321=LINE('',#1865,#370);
#322=LINE('',#1871,#371);
#323=LINE('',#1877,#372);
#324=LINE('',#1883,#373);
#325=LINE('',#1889,#374);
#326=LINE('',#1895,#375);
#327=LINE('',#1901,#376);
#328=LINE('',#1907,#377);
#329=LINE('',#1913,#378);
#330=LINE('',#1919,#379);
#331=LINE('',#1925,#380);
#332=LINE('',#1931,#381);
#333=LINE('',#1937,#382);
#334=LINE('',#1943,#383);
#335=LINE('',#1949,#384);
#336=LINE('',#1955,#385);
#337=LINE('',#1961,#386);
#338=LINE('',#1967,#387);
#339=LINE('',#1973,#388);
#340=LINE('',#1979,#389);
#341=LINE('',#1985,#390);
#342=LINE('',#1991,#391);
#343=LINE('',#1997,#392);
#344=LINE('',#2003,#393);
#345=LINE('',#2009,#394);
#346=LINE('',#2015,#395);
#347=LINE('',#2019,#396);
#348=LINE('',#2071,#397);
#349=LINE('',#2125,#398);
#350=LINE('',#2127,#399);
#351=LINE('',#2130,#400);
#352=LINE('',#2134,#401);
#353=LINE('',#2137,#402);
#354=LINE('',#2139,#403);
#355=LINE('',#2147,#404);
#356=LINE('',#2151,#405);
#357=VECTOR('',#1335,1.6);
#358=VECTOR('',#1350,1.6);
#359=VECTOR('',#1363,1.6);
#360=VECTOR('',#1378,1.6);
#361=VECTOR('',#1391,1.5);
#362=VECTOR('',#1398,1.5);
#363=VECTOR('',#1405,1.5);
#364=VECTOR('',#1412,1.5);
#365=VECTOR('',#1419,1.5);
#366=VECTOR('',#1426,1.5);
#367=VECTOR('',#1433,1.5);
#368=VECTOR('',#1440,1.5);
#369=VECTOR('',#1447,1.5);
#370=VECTOR('',#1454,1.5);
#371=VECTOR('',#1461,1.5);
#372=VECTOR('',#1468,1.5);
#373=VECTOR('',#1475,1.5);
#374=VECTOR('',#1482,1.5);
#375=VECTOR('',#1489,1.5);
#376=VECTOR('',#1496,1.5);
#377=VECTOR('',#1503,1.5);
#378=VECTOR('',#1510,1.5);
#379=VECTOR('',#1517,1.5);
#380=VECTOR('',#1524,1.5);
#381=VECTOR('',#1531,1.5);
#382=VECTOR('',#1538,1.5);
#383=VECTOR('',#1545,1.5);
#384=VECTOR('',#1552,1.5);
#385=VECTOR('',#1559,1.5);
#386=VECTOR('',#1566,1.5);
#387=VECTOR('',#1573,1.5);
#388=VECTOR('',#1580,1.5);
#389=VECTOR('',#1587,1.5);
#390=VECTOR('',#1594,1.5);
#391=VECTOR('',#1601,1.5);
#392=VECTOR('',#1608,1.5);
#393=VECTOR('',#1615,1.5);
#394=VECTOR('',#1622,1.5);
#395=VECTOR('',#1629,1.5);
#396=VECTOR('',#1634,3.);
#397=VECTOR('',#1637,3.);
#398=VECTOR('',#1642,10.);
#399=VECTOR('',#1643,10.);
#400=VECTOR('',#1646,10.);
#401=VECTOR('',#1649,10.);
#402=VECTOR('',#1652,10.);
#403=VECTOR('',#1653,10.);
#404=VECTOR('',#1664,10.);
#405=VECTOR('',#1671,10.);
#406=CIRCLE('',#1179,1.6);
#407=CIRCLE('',#1180,1.6);
#408=CIRCLE('',#1182,3.);
#409=CIRCLE('',#1184,3.00000000000001);
#410=CIRCLE('',#1186,1.6);
#411=CIRCLE('',#1187,1.6);
#412=CIRCLE('',#1189,3.00000000000001);
#413=CIRCLE('',#1192,1.6);
#414=CIRCLE('',#1193,1.6);
#415=CIRCLE('',#1195,3.);
#416=CIRCLE('',#1197,3.00000000000001);
#417=CIRCLE('',#1199,1.6);
#418=CIRCLE('',#1200,1.6);
#419=CIRCLE('',#1202,3.00000000000001);
#420=CIRCLE('',#1205,1.5);
#421=CIRCLE('',#1206,1.5);
#422=CIRCLE('',#1208,1.5);
#423=CIRCLE('',#1209,1.5);
#424=CIRCLE('',#1211,1.5);
#425=CIRCLE('',#1212,1.5);
#426=CIRCLE('',#1214,1.5);
#427=CIRCLE('',#1215,1.5);
#428=CIRCLE('',#1217,1.5);
#429=CIRCLE('',#1218,1.5);
#430=CIRCLE('',#1220,1.5);
#431=CIRCLE('',#1221,1.5);
#432=CIRCLE('',#1223,1.5);
#433=CIRCLE('',#1224,1.5);
#434=CIRCLE('',#1226,1.5);
#435=CIRCLE('',#1227,1.5);
#436=CIRCLE('',#1229,1.5);
#437=CIRCLE('',#1230,1.5);
#438=CIRCLE('',#1232,1.5);
#439=CIRCLE('',#1233,1.5);
#440=CIRCLE('',#1235,1.5);
#441=CIRCLE('',#1236,1.5);
#442=CIRCLE('',#1238,1.5);
#443=CIRCLE('',#1239,1.5);
#444=CIRCLE('',#1241,1.5);
#445=CIRCLE('',#1242,1.5);
#446=CIRCLE('',#1244,1.5);
#447=CIRCLE('',#1245,1.5);
#448=CIRCLE('',#1247,1.5);
#449=CIRCLE('',#1248,1.5);
#450=CIRCLE('',#1250,1.5);
#451=CIRCLE('',#1251,1.5);
#452=CIRCLE('',#1253,1.5);
#453=CIRCLE('',#1254,1.5);
#454=CIRCLE('',#1256,1.5);
#455=CIRCLE('',#1257,1.5);
#456=CIRCLE('',#1259,1.5);
#457=CIRCLE('',#1260,1.5);
#458=CIRCLE('',#1262,1.5);
#459=CIRCLE('',#1263,1.5);
#460=CIRCLE('',#1265,1.5);
#461=CIRCLE('',#1266,1.5);
#462=CIRCLE('',#1268,1.5);
#463=CIRCLE('',#1269,1.5);
#464=CIRCLE('',#1271,1.5);
#465=CIRCLE('',#1272,1.5);
#466=CIRCLE('',#1274,1.5);
#467=CIRCLE('',#1275,1.5);
#468=CIRCLE('',#1277,1.5);
#469=CIRCLE('',#1278,1.5);
#470=CIRCLE('',#1280,1.5);
#471=CIRCLE('',#1281,1.5);
#472=CIRCLE('',#1283,1.5);
#473=CIRCLE('',#1284,1.5);
#474=CIRCLE('',#1286,1.5);
#475=CIRCLE('',#1287,1.5);
#476=CIRCLE('',#1289,1.5);
#477=CIRCLE('',#1290,1.5);
#478=CIRCLE('',#1292,1.5);
#479=CIRCLE('',#1293,1.5);
#480=CIRCLE('',#1295,1.5);
#481=CIRCLE('',#1296,1.5);
#482=CIRCLE('',#1298,1.5);
#483=CIRCLE('',#1299,1.5);
#484=CIRCLE('',#1301,1.5);
#485=CIRCLE('',#1302,1.5);
#486=CIRCLE('',#1304,1.5);
#487=CIRCLE('',#1305,1.5);
#488=CIRCLE('',#1307,1.5);
#489=CIRCLE('',#1308,1.5);
#490=CIRCLE('',#1312,10.);
#491=CIRCLE('',#1313,10.);
#492=CIRCLE('',#1315,10.);
#493=CIRCLE('',#1316,10.);
#494=CIRCLE('',#1318,10.);
#495=CIRCLE('',#1319,25.);
#496=CIRCLE('',#1320,10.);
#497=CIRCLE('',#1322,10.);
#498=CIRCLE('',#1324,10.);
#499=CIRCLE('',#1327,15.);
#500=VERTEX_POINT('',#1684);
#501=VERTEX_POINT('',#1686);
#502=VERTEX_POINT('',#1690);
#503=VERTEX_POINT('',#1693);
#504=VERTEX_POINT('',#1694);
#505=VERTEX_POINT('',#1699);
#506=VERTEX_POINT('',#1706);
#507=VERTEX_POINT('',#1708);
#508=VERTEX_POINT('',#1747);
#509=VERTEX_POINT('',#1749);
#510=VERTEX_POINT('',#1753);
#511=VERTEX_POINT('',#1756);
#512=VERTEX_POINT('',#1757);
#513=VERTEX_POINT('',#1762);
#514=VERTEX_POINT('',#1769);
#515=VERTEX_POINT('',#1771);
#516=VERTEX_POINT('',#1808);
#517=VERTEX_POINT('',#1810);
#518=VERTEX_POINT('',#1814);
#519=VERTEX_POINT('',#1816);
#520=VERTEX_POINT('',#1820);
#521=VERTEX_POINT('',#1822);
#522=VERTEX_POINT('',#1826);
#523=VERTEX_POINT('',#1828);
#524=VERTEX_POINT('',#1832);
#525=VERTEX_POINT('',#1834);
#526=VERTEX_POINT('',#1838);
#527=VERTEX_POINT('',#1840);
#528=VERTEX_POINT('',#1844);
#529=VERTEX_POINT('',#1846);
#530=VERTEX_POINT('',#1850);
#531=VERTEX_POINT('',#1852);
#532=VERTEX_POINT('',#1856);
#533=VERTEX_POINT('',#1858);
#534=VERTEX_POINT('',#1862);
#535=VERTEX_POINT('',#1864);
#536=VERTEX_POINT('',#1868);
#537=VERTEX_POINT('',#1870);
#538=VERTEX_POINT('',#1874);
#539=VERTEX_POINT('',#1876);
#540=VERTEX_POINT('',#1880);
#541=VERTEX_POINT('',#1882);
#542=VERTEX_POINT('',#1886);
#543=VERTEX_POINT('',#1888);
#544=VERTEX_POINT('',#1892);
#545=VERTEX_POINT('',#1894);
#546=VERTEX_POINT('',#1898);
#547=VERTEX_POINT('',#1900);
#548=VERTEX_POINT('',#1904);
#549=VERTEX_POINT('',#1906);
#550=VERTEX_POINT('',#1910);
#551=VERTEX_POINT('',#1912);
#552=VERTEX_POINT('',#1916);
#553=VERTEX_POINT('',#1918);
#554=VERTEX_POINT('',#1922);
#555=VERTEX_POINT('',#1924);
#556=VERTEX_POINT('',#1928);
#557=VERTEX_POINT('',#1930);
#558=VERTEX_POINT('',#1934);
#559=VERTEX_POINT('',#1936);
#560=VERTEX_POINT('',#1940);
#561=VERTEX_POINT('',#1942);
#562=VERTEX_POINT('',#1946);
#563=VERTEX_POINT('',#1948);
#564=VERTEX_POINT('',#1952);
#565=VERTEX_POINT('',#1954);
#566=VERTEX_POINT('',#1958);
#567=VERTEX_POINT('',#1960);
#568=VERTEX_POINT('',#1964);
#569=VERTEX_POINT('',#1966);
#570=VERTEX_POINT('',#1970);
#571=VERTEX_POINT('',#1972);
#572=VERTEX_POINT('',#1976);
#573=VERTEX_POINT('',#1978);
#574=VERTEX_POINT('',#1982);
#575=VERTEX_POINT('',#1984);
#576=VERTEX_POINT('',#1988);
#577=VERTEX_POINT('',#1990);
#578=VERTEX_POINT('',#1994);
#579=VERTEX_POINT('',#1996);
#580=VERTEX_POINT('',#2000);
#581=VERTEX_POINT('',#2002);
#582=VERTEX_POINT('',#2006);
#583=VERTEX_POINT('',#2008);
#584=VERTEX_POINT('',#2012);
#585=VERTEX_POINT('',#2014);
#586=VERTEX_POINT('',#2018);
#587=VERTEX_POINT('',#2020);
#588=VERTEX_POINT('',#2070);
#589=VERTEX_POINT('',#2072);
#590=VERTEX_POINT('',#2122);
#591=VERTEX_POINT('',#2123);
#592=VERTEX_POINT('',#2126);
#593=VERTEX_POINT('',#2128);
#594=VERTEX_POINT('',#2132);
#595=VERTEX_POINT('',#2133);
#596=VERTEX_POINT('',#2135);
#597=VERTEX_POINT('',#2138);
#598=VERTEX_POINT('',#2142);
#599=VERTEX_POINT('',#2145);
#600=EDGE_CURVE('',#500,#500,#406,.T.);
#601=EDGE_CURVE('',#500,#501,#308,.T.);
#602=EDGE_CURVE('',#501,#501,#407,.T.);
#603=EDGE_CURVE('',#502,#502,#408,.T.);
#604=EDGE_CURVE('',#503,#504,#18,.T.);
#605=EDGE_CURVE('',#505,#503,#19,.T.);
#606=EDGE_CURVE('',#504,#505,#409,.T.);
#607=EDGE_CURVE('',#506,#506,#410,.T.);
#608=EDGE_CURVE('',#506,#507,#309,.T.);
#609=EDGE_CURVE('',#507,#507,#411,.T.);
#610=EDGE_CURVE('',#504,#505,#412,.T.);
#611=EDGE_CURVE('',#504,#505,#20,.T.);
#612=EDGE_CURVE('',#508,#508,#413,.T.);
#613=EDGE_CURVE('',#508,#509,#310,.T.);
#614=EDGE_CURVE('',#509,#509,#414,.T.);
#615=EDGE_CURVE('',#510,#510,#415,.T.);
#616=EDGE_CURVE('',#511,#512,#21,.T.);
#617=EDGE_CURVE('',#513,#511,#22,.T.);
#618=EDGE_CURVE('',#512,#513,#416,.T.);
#619=EDGE_CURVE('',#514,#514,#417,.T.);
#620=EDGE_CURVE('',#514,#515,#311,.T.);
#621=EDGE_CURVE('',#515,#515,#418,.T.);
#622=EDGE_CURVE('',#512,#513,#419,.T.);
#623=EDGE_CURVE('',#512,#513,#23,.T.);
#624=EDGE_CURVE('',#516,#516,#420,.T.);
#625=EDGE_CURVE('',#516,#517,#312,.T.);
#626=EDGE_CURVE('',#517,#517,#421,.T.);
#627=EDGE_CURVE('',#518,#518,#422,.T.);
#628=EDGE_CURVE('',#518,#519,#313,.T.);
#629=EDGE_CURVE('',#519,#519,#423,.T.);
#630=EDGE_CURVE('',#520,#520,#424,.T.);
#631=EDGE_CURVE('',#520,#521,#314,.T.);
#632=EDGE_CURVE('',#521,#521,#425,.T.);
#633=EDGE_CURVE('',#522,#522,#426,.T.);
#634=EDGE_CURVE('',#522,#523,#315,.T.);
#635=EDGE_CURVE('',#523,#523,#427,.T.);
#636=EDGE_CURVE('',#524,#524,#428,.T.);
#637=EDGE_CURVE('',#524,#525,#316,.T.);
#638=EDGE_CURVE('',#525,#525,#429,.T.);
#639=EDGE_CURVE('',#526,#526,#430,.T.);
#640=EDGE_CURVE('',#526,#527,#317,.T.);
#641=EDGE_CURVE('',#527,#527,#431,.T.);
#642=EDGE_CURVE('',#528,#528,#432,.T.);
#643=EDGE_CURVE('',#528,#529,#318,.T.);
#644=EDGE_CURVE('',#529,#529,#433,.T.);
#645=EDGE_CURVE('',#530,#530,#434,.T.);
#646=EDGE_CURVE('',#530,#531,#319,.T.);
#647=EDGE_CURVE('',#531,#531,#435,.T.);
#648=EDGE_CURVE('',#532,#532,#436,.T.);
#649=EDGE_CURVE('',#532,#533,#320,.T.);
#650=EDGE_CURVE('',#533,#533,#437,.T.);
#651=EDGE_CURVE('',#534,#534,#438,.T.);
#652=EDGE_CURVE('',#534,#535,#321,.T.);
#653=EDGE_CURVE('',#535,#535,#439,.T.);
#654=EDGE_CURVE('',#536,#536,#440,.T.);
#655=EDGE_CURVE('',#536,#537,#322,.T.);
#656=EDGE_CURVE('',#537,#537,#441,.T.);
#657=EDGE_CURVE('',#538,#538,#442,.T.);
#658=EDGE_CURVE('',#538,#539,#323,.T.);
#659=EDGE_CURVE('',#539,#539,#443,.T.);
#660=EDGE_CURVE('',#540,#540,#444,.T.);
#661=EDGE_CURVE('',#540,#541,#324,.T.);
#662=EDGE_CURVE('',#541,#541,#445,.T.);
#663=EDGE_CURVE('',#542,#542,#446,.T.);
#664=EDGE_CURVE('',#542,#543,#325,.T.);
#665=EDGE_CURVE('',#543,#543,#447,.T.);
#666=EDGE_CURVE('',#544,#544,#448,.T.);
#667=EDGE_CURVE('',#544,#545,#326,.T.);
#668=EDGE_CURVE('',#545,#545,#449,.T.);
#669=EDGE_CURVE('',#546,#546,#450,.T.);
#670=EDGE_CURVE('',#546,#547,#327,.T.);
#671=EDGE_CURVE('',#547,#547,#451,.T.);
#672=EDGE_CURVE('',#548,#548,#452,.T.);
#673=EDGE_CURVE('',#548,#549,#328,.T.);
#674=EDGE_CURVE('',#549,#549,#453,.T.);
#675=EDGE_CURVE('',#550,#550,#454,.T.);
#676=EDGE_CURVE('',#550,#551,#329,.T.);
#677=EDGE_CURVE('',#551,#551,#455,.T.);
#678=EDGE_CURVE('',#552,#552,#456,.T.);
#679=EDGE_CURVE('',#552,#553,#330,.T.);
#680=EDGE_CURVE('',#553,#553,#457,.T.);
#681=EDGE_CURVE('',#554,#554,#458,.T.);
#682=EDGE_CURVE('',#554,#555,#331,.T.);
#683=EDGE_CURVE('',#555,#555,#459,.T.);
#684=EDGE_CURVE('',#556,#556,#460,.T.);
#685=EDGE_CURVE('',#556,#557,#332,.T.);
#686=EDGE_CURVE('',#557,#557,#461,.T.);
#687=EDGE_CURVE('',#558,#558,#462,.T.);
#688=EDGE_CURVE('',#558,#559,#333,.T.);
#689=EDGE_CURVE('',#559,#559,#463,.T.);
#690=EDGE_CURVE('',#560,#560,#464,.T.);
#691=EDGE_CURVE('',#560,#561,#334,.T.);
#692=EDGE_CURVE('',#561,#561,#465,.T.);
#693=EDGE_CURVE('',#562,#562,#466,.T.);
#694=EDGE_CURVE('',#562,#563,#335,.T.);
#695=EDGE_CURVE('',#563,#563,#467,.T.);
#696=EDGE_CURVE('',#564,#564,#468,.T.);
#697=EDGE_CURVE('',#564,#565,#336,.T.);
#698=EDGE_CURVE('',#565,#565,#469,.T.);
#699=EDGE_CURVE('',#566,#566,#470,.T.);
#700=EDGE_CURVE('',#566,#567,#337,.T.);
#701=EDGE_CURVE('',#567,#567,#471,.T.);
#702=EDGE_CURVE('',#568,#568,#472,.T.);
#703=EDGE_CURVE('',#568,#569,#338,.T.);
#704=EDGE_CURVE('',#569,#569,#473,.T.);
#705=EDGE_CURVE('',#570,#570,#474,.T.);
#706=EDGE_CURVE('',#570,#571,#339,.T.);
#707=EDGE_CURVE('',#571,#571,#475,.T.);
#708=EDGE_CURVE('',#572,#572,#476,.T.);
#709=EDGE_CURVE('',#572,#573,#340,.T.);
#710=EDGE_CURVE('',#573,#573,#477,.T.);
#711=EDGE_CURVE('',#574,#574,#478,.T.);
#712=EDGE_CURVE('',#574,#575,#341,.T.);
#713=EDGE_CURVE('',#575,#575,#479,.T.);
#714=EDGE_CURVE('',#576,#576,#480,.T.);
#715=EDGE_CURVE('',#576,#577,#342,.T.);
#716=EDGE_CURVE('',#577,#577,#481,.T.);
#717=EDGE_CURVE('',#578,#578,#482,.T.);
#718=EDGE_CURVE('',#578,#579,#343,.T.);
#719=EDGE_CURVE('',#579,#579,#483,.T.);
#720=EDGE_CURVE('',#580,#580,#484,.T.);
#721=EDGE_CURVE('',#580,#581,#344,.T.);
#722=EDGE_CURVE('',#581,#581,#485,.T.);
#723=EDGE_CURVE('',#582,#582,#486,.T.);
#724=EDGE_CURVE('',#582,#583,#345,.T.);
#725=EDGE_CURVE('',#583,#583,#487,.T.);
#726=EDGE_CURVE('',#584,#584,#488,.T.);
#727=EDGE_CURVE('',#584,#585,#346,.T.);
#728=EDGE_CURVE('',#585,#585,#489,.T.);
#729=EDGE_CURVE('',#502,#586,#347,.T.);
#730=EDGE_CURVE('',#587,#586,#24,.T.);
#731=EDGE_CURVE('',#586,#587,#25,.T.);
#732=EDGE_CURVE('',#510,#588,#348,.T.);
#733=EDGE_CURVE('',#589,#588,#26,.T.);
#734=EDGE_CURVE('',#588,#589,#27,.T.);
#735=EDGE_CURVE('',#590,#591,#490,.T.);
#736=EDGE_CURVE('',#590,#503,#349,.T.);
#737=EDGE_CURVE('',#503,#592,#350,.T.);
#738=EDGE_CURVE('',#592,#593,#491,.T.);
#739=EDGE_CURVE('',#593,#591,#351,.T.);
#740=EDGE_CURVE('',#594,#595,#352,.T.);
#741=EDGE_CURVE('',#596,#595,#492,.T.);
#742=EDGE_CURVE('',#596,#511,#353,.T.);
#743=EDGE_CURVE('',#511,#597,#354,.T.);
#744=EDGE_CURVE('',#594,#597,#493,.T.);
#745=EDGE_CURVE('',#598,#597,#494,.T.);
#746=EDGE_CURVE('',#592,#596,#495,.T.);
#747=EDGE_CURVE('',#590,#599,#496,.T.);
#748=EDGE_CURVE('',#598,#599,#355,.T.);
#749=EDGE_CURVE('',#599,#591,#497,.T.);
#750=EDGE_CURVE('',#591,#594,#356,.T.);
#751=EDGE_CURVE('',#594,#598,#498,.T.);
#752=EDGE_CURVE('',#595,#593,#499,.T.);
#753=ORIENTED_EDGE('',*,*,#600,.F.);
#754=ORIENTED_EDGE('',*,*,#601,.T.);
#755=ORIENTED_EDGE('',*,*,#602,.F.);
#756=ORIENTED_EDGE('',*,*,#601,.F.);
#757=ORIENTED_EDGE('',*,*,#603,.F.);
#758=ORIENTED_EDGE('',*,*,#600,.T.);
#759=ORIENTED_EDGE('',*,*,#604,.F.);
#760=ORIENTED_EDGE('',*,*,#605,.F.);
#761=ORIENTED_EDGE('',*,*,#606,.F.);
#762=ORIENTED_EDGE('',*,*,#607,.F.);
#763=ORIENTED_EDGE('',*,*,#608,.T.);
#764=ORIENTED_EDGE('',*,*,#609,.F.);
#765=ORIENTED_EDGE('',*,*,#608,.F.);
#766=ORIENTED_EDGE('',*,*,#610,.F.);
#767=ORIENTED_EDGE('',*,*,#606,.T.);
#768=ORIENTED_EDGE('',*,*,#607,.T.);
#769=ORIENTED_EDGE('',*,*,#610,.T.);
#770=ORIENTED_EDGE('',*,*,#611,.F.);
#771=ORIENTED_EDGE('',*,*,#612,.F.);
#772=ORIENTED_EDGE('',*,*,#613,.T.);
#773=ORIENTED_EDGE('',*,*,#614,.F.);
#774=ORIENTED_EDGE('',*,*,#613,.F.);
#775=ORIENTED_EDGE('',*,*,#615,.F.);
#776=ORIENTED_EDGE('',*,*,#612,.T.);
#777=ORIENTED_EDGE('',*,*,#616,.F.);
#778=ORIENTED_EDGE('',*,*,#617,.F.);
#779=ORIENTED_EDGE('',*,*,#618,.F.);
#780=ORIENTED_EDGE('',*,*,#619,.F.);
#781=ORIENTED_EDGE('',*,*,#620,.T.);
#782=ORIENTED_EDGE('',*,*,#621,.F.);
#783=ORIENTED_EDGE('',*,*,#620,.F.);
#784=ORIENTED_EDGE('',*,*,#622,.F.);
#785=ORIENTED_EDGE('',*,*,#618,.T.);
#786=ORIENTED_EDGE('',*,*,#619,.T.);
#787=ORIENTED_EDGE('',*,*,#622,.T.);
#788=ORIENTED_EDGE('',*,*,#623,.F.);
#789=ORIENTED_EDGE('',*,*,#624,.F.);
#790=ORIENTED_EDGE('',*,*,#625,.T.);
#791=ORIENTED_EDGE('',*,*,#626,.F.);
#792=ORIENTED_EDGE('',*,*,#625,.F.);
#793=ORIENTED_EDGE('',*,*,#627,.F.);
#794=ORIENTED_EDGE('',*,*,#628,.T.);
#795=ORIENTED_EDGE('',*,*,#629,.F.);
#796=ORIENTED_EDGE('',*,*,#628,.F.);
#797=ORIENTED_EDGE('',*,*,#630,.F.);
#798=ORIENTED_EDGE('',*,*,#631,.T.);
#799=ORIENTED_EDGE('',*,*,#632,.F.);
#800=ORIENTED_EDGE('',*,*,#631,.F.);
#801=ORIENTED_EDGE('',*,*,#633,.F.);
#802=ORIENTED_EDGE('',*,*,#634,.T.);
#803=ORIENTED_EDGE('',*,*,#635,.F.);
#804=ORIENTED_EDGE('',*,*,#634,.F.);
#805=ORIENTED_EDGE('',*,*,#636,.F.);
#806=ORIENTED_EDGE('',*,*,#637,.T.);
#807=ORIENTED_EDGE('',*,*,#638,.F.);
#808=ORIENTED_EDGE('',*,*,#637,.F.);
#809=ORIENTED_EDGE('',*,*,#639,.F.);
#810=ORIENTED_EDGE('',*,*,#640,.T.);
#811=ORIENTED_EDGE('',*,*,#641,.F.);
#812=ORIENTED_EDGE('',*,*,#640,.F.);
#813=ORIENTED_EDGE('',*,*,#642,.F.);
#814=ORIENTED_EDGE('',*,*,#643,.T.);
#815=ORIENTED_EDGE('',*,*,#644,.F.);
#816=ORIENTED_EDGE('',*,*,#643,.F.);
#817=ORIENTED_EDGE('',*,*,#645,.F.);
#818=ORIENTED_EDGE('',*,*,#646,.T.);
#819=ORIENTED_EDGE('',*,*,#647,.F.);
#820=ORIENTED_EDGE('',*,*,#646,.F.);
#821=ORIENTED_EDGE('',*,*,#648,.F.);
#822=ORIENTED_EDGE('',*,*,#649,.T.);
#823=ORIENTED_EDGE('',*,*,#650,.F.);
#824=ORIENTED_EDGE('',*,*,#649,.F.);
#825=ORIENTED_EDGE('',*,*,#651,.F.);
#826=ORIENTED_EDGE('',*,*,#652,.T.);
#827=ORIENTED_EDGE('',*,*,#653,.F.);
#828=ORIENTED_EDGE('',*,*,#652,.F.);
#829=ORIENTED_EDGE('',*,*,#654,.F.);
#830=ORIENTED_EDGE('',*,*,#655,.T.);
#831=ORIENTED_EDGE('',*,*,#656,.F.);
#832=ORIENTED_EDGE('',*,*,#655,.F.);
#833=ORIENTED_EDGE('',*,*,#657,.F.);
#834=ORIENTED_EDGE('',*,*,#658,.T.);
#835=ORIENTED_EDGE('',*,*,#659,.F.);
#836=ORIENTED_EDGE('',*,*,#658,.F.);
#837=ORIENTED_EDGE('',*,*,#660,.F.);
#838=ORIENTED_EDGE('',*,*,#661,.T.);
#839=ORIENTED_EDGE('',*,*,#662,.F.);
#840=ORIENTED_EDGE('',*,*,#661,.F.);
#841=ORIENTED_EDGE('',*,*,#663,.F.);
#842=ORIENTED_EDGE('',*,*,#664,.T.);
#843=ORIENTED_EDGE('',*,*,#665,.F.);
#844=ORIENTED_EDGE('',*,*,#664,.F.);
#845=ORIENTED_EDGE('',*,*,#666,.F.);
#846=ORIENTED_EDGE('',*,*,#667,.T.);
#847=ORIENTED_EDGE('',*,*,#668,.F.);
#848=ORIENTED_EDGE('',*,*,#667,.F.);
#849=ORIENTED_EDGE('',*,*,#669,.F.);
#850=ORIENTED_EDGE('',*,*,#670,.T.);
#851=ORIENTED_EDGE('',*,*,#671,.F.);
#852=ORIENTED_EDGE('',*,*,#670,.F.);
#853=ORIENTED_EDGE('',*,*,#672,.F.);
#854=ORIENTED_EDGE('',*,*,#673,.T.);
#855=ORIENTED_EDGE('',*,*,#674,.F.);
#856=ORIENTED_EDGE('',*,*,#673,.F.);
#857=ORIENTED_EDGE('',*,*,#675,.F.);
#858=ORIENTED_EDGE('',*,*,#676,.T.);
#859=ORIENTED_EDGE('',*,*,#677,.F.);
#860=ORIENTED_EDGE('',*,*,#676,.F.);
#861=ORIENTED_EDGE('',*,*,#678,.F.);
#862=ORIENTED_EDGE('',*,*,#679,.T.);
#863=ORIENTED_EDGE('',*,*,#680,.F.);
#864=ORIENTED_EDGE('',*,*,#679,.F.);
#865=ORIENTED_EDGE('',*,*,#681,.F.);
#866=ORIENTED_EDGE('',*,*,#682,.T.);
#867=ORIENTED_EDGE('',*,*,#683,.F.);
#868=ORIENTED_EDGE('',*,*,#682,.F.);
#869=ORIENTED_EDGE('',*,*,#684,.F.);
#870=ORIENTED_EDGE('',*,*,#685,.T.);
#871=ORIENTED_EDGE('',*,*,#686,.F.);
#872=ORIENTED_EDGE('',*,*,#685,.F.);
#873=ORIENTED_EDGE('',*,*,#687,.F.);
#874=ORIENTED_EDGE('',*,*,#688,.T.);
#875=ORIENTED_EDGE('',*,*,#689,.F.);
#876=ORIENTED_EDGE('',*,*,#688,.F.);
#877=ORIENTED_EDGE('',*,*,#690,.F.);
#878=ORIENTED_EDGE('',*,*,#691,.T.);
#879=ORIENTED_EDGE('',*,*,#692,.F.);
#880=ORIENTED_EDGE('',*,*,#691,.F.);
#881=ORIENTED_EDGE('',*,*,#693,.F.);
#882=ORIENTED_EDGE('',*,*,#694,.T.);
#883=ORIENTED_EDGE('',*,*,#695,.F.);
#884=ORIENTED_EDGE('',*,*,#694,.F.);
#885=ORIENTED_EDGE('',*,*,#696,.F.);
#886=ORIENTED_EDGE('',*,*,#697,.T.);
#887=ORIENTED_EDGE('',*,*,#698,.F.);
#888=ORIENTED_EDGE('',*,*,#697,.F.);
#889=ORIENTED_EDGE('',*,*,#699,.F.);
#890=ORIENTED_EDGE('',*,*,#700,.T.);
#891=ORIENTED_EDGE('',*,*,#701,.F.);
#892=ORIENTED_EDGE('',*,*,#700,.F.);
#893=ORIENTED_EDGE('',*,*,#702,.F.);
#894=ORIENTED_EDGE('',*,*,#703,.T.);
#895=ORIENTED_EDGE('',*,*,#704,.F.);
#896=ORIENTED_EDGE('',*,*,#703,.F.);
#897=ORIENTED_EDGE('',*,*,#705,.F.);
#898=ORIENTED_EDGE('',*,*,#706,.T.);
#899=ORIENTED_EDGE('',*,*,#707,.F.);
#900=ORIENTED_EDGE('',*,*,#706,.F.);
#901=ORIENTED_EDGE('',*,*,#708,.F.);
#902=ORIENTED_EDGE('',*,*,#709,.T.);
#903=ORIENTED_EDGE('',*,*,#710,.F.);
#904=ORIENTED_EDGE('',*,*,#709,.F.);
#905=ORIENTED_EDGE('',*,*,#711,.F.);
#906=ORIENTED_EDGE('',*,*,#712,.T.);
#907=ORIENTED_EDGE('',*,*,#713,.F.);
#908=ORIENTED_EDGE('',*,*,#712,.F.);
#909=ORIENTED_EDGE('',*,*,#714,.F.);
#910=ORIENTED_EDGE('',*,*,#715,.T.);
#911=ORIENTED_EDGE('',*,*,#716,.F.);
#912=ORIENTED_EDGE('',*,*,#715,.F.);
#913=ORIENTED_EDGE('',*,*,#717,.F.);
#914=ORIENTED_EDGE('',*,*,#718,.T.);
#915=ORIENTED_EDGE('',*,*,#719,.F.);
#916=ORIENTED_EDGE('',*,*,#718,.F.);
#917=ORIENTED_EDGE('',*,*,#720,.F.);
#918=ORIENTED_EDGE('',*,*,#721,.T.);
#919=ORIENTED_EDGE('',*,*,#722,.F.);
#920=ORIENTED_EDGE('',*,*,#721,.F.);
#921=ORIENTED_EDGE('',*,*,#723,.F.);
#922=ORIENTED_EDGE('',*,*,#724,.T.);
#923=ORIENTED_EDGE('',*,*,#725,.F.);
#924=ORIENTED_EDGE('',*,*,#724,.F.);
#925=ORIENTED_EDGE('',*,*,#726,.F.);
#926=ORIENTED_EDGE('',*,*,#727,.T.);
#927=ORIENTED_EDGE('',*,*,#728,.F.);
#928=ORIENTED_EDGE('',*,*,#727,.F.);
#929=ORIENTED_EDGE('',*,*,#603,.T.);
#930=ORIENTED_EDGE('',*,*,#729,.T.);
#931=ORIENTED_EDGE('',*,*,#730,.F.);
#932=ORIENTED_EDGE('',*,*,#731,.F.);
#933=ORIENTED_EDGE('',*,*,#729,.F.);
#934=ORIENTED_EDGE('',*,*,#615,.T.);
#935=ORIENTED_EDGE('',*,*,#732,.T.);
#936=ORIENTED_EDGE('',*,*,#733,.F.);
#937=ORIENTED_EDGE('',*,*,#734,.F.);
#938=ORIENTED_EDGE('',*,*,#732,.F.);
#939=ORIENTED_EDGE('',*,*,#735,.F.);
#940=ORIENTED_EDGE('',*,*,#736,.T.);
#941=ORIENTED_EDGE('',*,*,#604,.T.);
#942=ORIENTED_EDGE('',*,*,#611,.T.);
#943=ORIENTED_EDGE('',*,*,#605,.T.);
#944=ORIENTED_EDGE('',*,*,#737,.T.);
#945=ORIENTED_EDGE('',*,*,#738,.T.);
#946=ORIENTED_EDGE('',*,*,#739,.T.);
#947=ORIENTED_EDGE('',*,*,#740,.T.);
#948=ORIENTED_EDGE('',*,*,#741,.F.);
#949=ORIENTED_EDGE('',*,*,#742,.T.);
#950=ORIENTED_EDGE('',*,*,#616,.T.);
#951=ORIENTED_EDGE('',*,*,#623,.T.);
#952=ORIENTED_EDGE('',*,*,#617,.T.);
#953=ORIENTED_EDGE('',*,*,#743,.T.);
#954=ORIENTED_EDGE('',*,*,#744,.F.);
#955=ORIENTED_EDGE('',*,*,#745,.T.);
#956=ORIENTED_EDGE('',*,*,#743,.F.);
#957=ORIENTED_EDGE('',*,*,#742,.F.);
#958=ORIENTED_EDGE('',*,*,#746,.F.);
#959=ORIENTED_EDGE('',*,*,#737,.F.);
#960=ORIENTED_EDGE('',*,*,#736,.F.);
#961=ORIENTED_EDGE('',*,*,#747,.T.);
#962=ORIENTED_EDGE('',*,*,#748,.F.);
#963=ORIENTED_EDGE('',*,*,#602,.T.);
#964=ORIENTED_EDGE('',*,*,#609,.T.);
#965=ORIENTED_EDGE('',*,*,#614,.T.);
#966=ORIENTED_EDGE('',*,*,#621,.T.);
#967=ORIENTED_EDGE('',*,*,#626,.T.);
#968=ORIENTED_EDGE('',*,*,#629,.T.);
#969=ORIENTED_EDGE('',*,*,#632,.T.);
#970=ORIENTED_EDGE('',*,*,#635,.T.);
#971=ORIENTED_EDGE('',*,*,#638,.T.);
#972=ORIENTED_EDGE('',*,*,#641,.T.);
#973=ORIENTED_EDGE('',*,*,#644,.T.);
#974=ORIENTED_EDGE('',*,*,#647,.T.);
#975=ORIENTED_EDGE('',*,*,#650,.T.);
#976=ORIENTED_EDGE('',*,*,#653,.T.);
#977=ORIENTED_EDGE('',*,*,#656,.T.);
#978=ORIENTED_EDGE('',*,*,#659,.T.);
#979=ORIENTED_EDGE('',*,*,#662,.T.);
#980=ORIENTED_EDGE('',*,*,#665,.T.);
#981=ORIENTED_EDGE('',*,*,#668,.T.);
#982=ORIENTED_EDGE('',*,*,#671,.T.);
#983=ORIENTED_EDGE('',*,*,#674,.T.);
#984=ORIENTED_EDGE('',*,*,#677,.T.);
#985=ORIENTED_EDGE('',*,*,#680,.T.);
#986=ORIENTED_EDGE('',*,*,#683,.T.);
#987=ORIENTED_EDGE('',*,*,#686,.T.);
#988=ORIENTED_EDGE('',*,*,#689,.T.);
#989=ORIENTED_EDGE('',*,*,#692,.T.);
#990=ORIENTED_EDGE('',*,*,#695,.T.);
#991=ORIENTED_EDGE('',*,*,#698,.T.);
#992=ORIENTED_EDGE('',*,*,#701,.T.);
#993=ORIENTED_EDGE('',*,*,#704,.T.);
#994=ORIENTED_EDGE('',*,*,#707,.T.);
#995=ORIENTED_EDGE('',*,*,#710,.T.);
#996=ORIENTED_EDGE('',*,*,#713,.T.);
#997=ORIENTED_EDGE('',*,*,#716,.T.);
#998=ORIENTED_EDGE('',*,*,#719,.T.);
#999=ORIENTED_EDGE('',*,*,#722,.T.);
#1000=ORIENTED_EDGE('',*,*,#725,.T.);
#1001=ORIENTED_EDGE('',*,*,#728,.T.);
#1002=ORIENTED_EDGE('',*,*,#749,.F.);
#1003=ORIENTED_EDGE('',*,*,#747,.F.);
#1004=ORIENTED_EDGE('',*,*,#735,.T.);
#1005=ORIENTED_EDGE('',*,*,#748,.T.);
#1006=ORIENTED_EDGE('',*,*,#749,.T.);
#1007=ORIENTED_EDGE('',*,*,#750,.T.);
#1008=ORIENTED_EDGE('',*,*,#751,.T.);
#1009=ORIENTED_EDGE('',*,*,#751,.F.);
#1010=ORIENTED_EDGE('',*,*,#744,.T.);
#1011=ORIENTED_EDGE('',*,*,#745,.F.);
#1012=ORIENTED_EDGE('',*,*,#739,.F.);
#1013=ORIENTED_EDGE('',*,*,#752,.F.);
#1014=ORIENTED_EDGE('',*,*,#740,.F.);
#1015=ORIENTED_EDGE('',*,*,#750,.F.);
#1016=ORIENTED_EDGE('',*,*,#624,.T.);
#1017=ORIENTED_EDGE('',*,*,#627,.T.);
#1018=ORIENTED_EDGE('',*,*,#630,.T.);
#1019=ORIENTED_EDGE('',*,*,#633,.T.);
#1020=ORIENTED_EDGE('',*,*,#636,.T.);
#1021=ORIENTED_EDGE('',*,*,#639,.T.);
#1022=ORIENTED_EDGE('',*,*,#642,.T.);
#1023=ORIENTED_EDGE('',*,*,#645,.T.);
#1024=ORIENTED_EDGE('',*,*,#648,.T.);
#1025=ORIENTED_EDGE('',*,*,#651,.T.);
#1026=ORIENTED_EDGE('',*,*,#654,.T.);
#1027=ORIENTED_EDGE('',*,*,#657,.T.);
#1028=ORIENTED_EDGE('',*,*,#660,.T.);
#1029=ORIENTED_EDGE('',*,*,#663,.T.);
#1030=ORIENTED_EDGE('',*,*,#666,.T.);
#1031=ORIENTED_EDGE('',*,*,#669,.T.);
#1032=ORIENTED_EDGE('',*,*,#672,.T.);
#1033=ORIENTED_EDGE('',*,*,#675,.T.);
#1034=ORIENTED_EDGE('',*,*,#678,.T.);
#1035=ORIENTED_EDGE('',*,*,#681,.T.);
#1036=ORIENTED_EDGE('',*,*,#684,.T.);
#1037=ORIENTED_EDGE('',*,*,#687,.T.);
#1038=ORIENTED_EDGE('',*,*,#690,.T.);
#1039=ORIENTED_EDGE('',*,*,#693,.T.);
#1040=ORIENTED_EDGE('',*,*,#696,.T.);
#1041=ORIENTED_EDGE('',*,*,#699,.T.);
#1042=ORIENTED_EDGE('',*,*,#702,.T.);
#1043=ORIENTED_EDGE('',*,*,#705,.T.);
#1044=ORIENTED_EDGE('',*,*,#708,.T.);
#1045=ORIENTED_EDGE('',*,*,#711,.T.);
#1046=ORIENTED_EDGE('',*,*,#714,.T.);
#1047=ORIENTED_EDGE('',*,*,#717,.T.);
#1048=ORIENTED_EDGE('',*,*,#720,.T.);
#1049=ORIENTED_EDGE('',*,*,#723,.T.);
#1050=ORIENTED_EDGE('',*,*,#726,.T.);
#1051=ORIENTED_EDGE('',*,*,#738,.F.);
#1052=ORIENTED_EDGE('',*,*,#746,.T.);
#1053=ORIENTED_EDGE('',*,*,#741,.T.);
#1054=ORIENTED_EDGE('',*,*,#752,.T.);
#1055=ORIENTED_EDGE('',*,*,#730,.T.);
#1056=ORIENTED_EDGE('',*,*,#731,.T.);
#1057=ORIENTED_EDGE('',*,*,#733,.T.);
#1058=ORIENTED_EDGE('',*,*,#734,.T.);
#1059=CYLINDRICAL_SURFACE('',#1178,1.6);
#1060=CYLINDRICAL_SURFACE('',#1183,3.00000000000001);
#1061=CYLINDRICAL_SURFACE('',#1185,1.6);
#1062=CYLINDRICAL_SURFACE('',#1190,3.00000000000001);
#1063=CYLINDRICAL_SURFACE('',#1191,1.6);
#1064=CYLINDRICAL_SURFACE('',#1196,3.00000000000001);
#1065=CYLINDRICAL_SURFACE('',#1198,1.6);
#1066=CYLINDRICAL_SURFACE('',#1203,3.00000000000001);
#1067=CYLINDRICAL_SURFACE('',#1204,1.5);
#1068=CYLINDRICAL_SURFACE('',#1207,1.5);
#1069=CYLINDRICAL_SURFACE('',#1210,1.5);
#1070=CYLINDRICAL_SURFACE('',#1213,1.5);
#1071=CYLINDRICAL_SURFACE('',#1216,1.5);
#1072=CYLINDRICAL_SURFACE('',#1219,1.5);
#1073=CYLINDRICAL_SURFACE('',#1222,1.5);
#1074=CYLINDRICAL_SURFACE('',#1225,1.5);
#1075=CYLINDRICAL_SURFACE('',#1228,1.5);
#1076=CYLINDRICAL_SURFACE('',#1231,1.5);
#1077=CYLINDRICAL_SURFACE('',#1234,1.5);
#1078=CYLINDRICAL_SURFACE('',#1237,1.5);
#1079=CYLINDRICAL_SURFACE('',#1240,1.5);
#1080=CYLINDRICAL_SURFACE('',#1243,1.5);
#1081=CYLINDRICAL_SURFACE('',#1246,1.5);
#1082=CYLINDRICAL_SURFACE('',#1249,1.5);
#1083=CYLINDRICAL_SURFACE('',#1252,1.5);
#1084=CYLINDRICAL_SURFACE('',#1255,1.5);
#1085=CYLINDRICAL_SURFACE('',#1258,1.5);
#1086=CYLINDRICAL_SURFACE('',#1261,1.5);
#1087=CYLINDRICAL_SURFACE('',#1264,1.5);
#1088=CYLINDRICAL_SURFACE('',#1267,1.5);
#1089=CYLINDRICAL_SURFACE('',#1270,1.5);
#1090=CYLINDRICAL_SURFACE('',#1273,1.5);
#1091=CYLINDRICAL_SURFACE('',#1276,1.5);
#1092=CYLINDRICAL_SURFACE('',#1279,1.5);
#1093=CYLINDRICAL_SURFACE('',#1282,1.5);
#1094=CYLINDRICAL_SURFACE('',#1285,1.5);
#1095=CYLINDRICAL_SURFACE('',#1288,1.5);
#1096=CYLINDRICAL_SURFACE('',#1291,1.5);
#1097=CYLINDRICAL_SURFACE('',#1294,1.5);
#1098=CYLINDRICAL_SURFACE('',#1297,1.5);
#1099=CYLINDRICAL_SURFACE('',#1300,1.5);
#1100=CYLINDRICAL_SURFACE('',#1303,1.5);
#1101=CYLINDRICAL_SURFACE('',#1306,1.5);
#1102=CYLINDRICAL_SURFACE('',#1309,3.);
#1103=CYLINDRICAL_SURFACE('',#1310,3.);
#1104=CYLINDRICAL_SURFACE('',#1311,10.);
#1105=CYLINDRICAL_SURFACE('',#1314,10.);
#1106=CYLINDRICAL_SURFACE('',#1323,10.);
#1107=ADVANCED_FACE('',(#114),#1059,.F.);
#1108=ADVANCED_FACE('',(#115,#28),#108,.F.);
#1109=ADVANCED_FACE('',(#116),#1060,.T.);
#1110=ADVANCED_FACE('',(#117),#1061,.F.);
#1111=ADVANCED_FACE('',(#118,#29),#109,.F.);
#1112=ADVANCED_FACE('',(#119),#1062,.F.);
#1113=ADVANCED_FACE('',(#120),#1063,.F.);
#1114=ADVANCED_FACE('',(#121,#30),#110,.F.);
#1115=ADVANCED_FACE('',(#122),#1064,.T.);
#1116=ADVANCED_FACE('',(#123),#1065,.F.);
#1117=ADVANCED_FACE('',(#124,#31),#111,.F.);
#1118=ADVANCED_FACE('',(#125),#1066,.F.);
#1119=ADVANCED_FACE('',(#126),#1067,.F.);
#1120=ADVANCED_FACE('',(#127),#1068,.F.);
#1121=ADVANCED_FACE('',(#128),#1069,.F.);
#1122=ADVANCED_FACE('',(#129),#1070,.F.);
#1123=ADVANCED_FACE('',(#130),#1071,.F.);
#1124=ADVANCED_FACE('',(#131),#1072,.F.);
#1125=ADVANCED_FACE('',(#132),#1073,.F.);
#1126=ADVANCED_FACE('',(#133),#1074,.F.);
#1127=ADVANCED_FACE('',(#134),#1075,.F.);
#1128=ADVANCED_FACE('',(#135),#1076,.F.);
#1129=ADVANCED_FACE('',(#136),#1077,.F.);
#1130=ADVANCED_FACE('',(#137),#1078,.F.);
#1131=ADVANCED_FACE('',(#138),#1079,.F.);
#1132=ADVANCED_FACE('',(#139),#1080,.F.);
#1133=ADVANCED_FACE('',(#140),#1081,.F.);
#1134=ADVANCED_FACE('',(#141),#1082,.F.);
#1135=ADVANCED_FACE('',(#142),#1083,.F.);
#1136=ADVANCED_FACE('',(#143),#1084,.F.);
#1137=ADVANCED_FACE('',(#144),#1085,.F.);
#1138=ADVANCED_FACE('',(#145),#1086,.F.);
#1139=ADVANCED_FACE('',(#146),#1087,.F.);
#1140=ADVANCED_FACE('',(#147),#1088,.F.);
#1141=ADVANCED_FACE('',(#148),#1089,.F.);
#1142=ADVANCED_FACE('',(#149),#1090,.F.);
#1143=ADVANCED_FACE('',(#150),#1091,.F.);
#1144=ADVANCED_FACE('',(#151),#1092,.F.);
#1145=ADVANCED_FACE('',(#152),#1093,.F.);
#1146=ADVANCED_FACE('',(#153),#1094,.F.);
#1147=ADVANCED_FACE('',(#154),#1095,.F.);
#1148=ADVANCED_FACE('',(#155),#1096,.F.);
#1149=ADVANCED_FACE('',(#156),#1097,.F.);
#1150=ADVANCED_FACE('',(#157),#1098,.F.);
#1151=ADVANCED_FACE('',(#158),#1099,.F.);
#1152=ADVANCED_FACE('',(#159),#1100,.F.);
#1153=ADVANCED_FACE('',(#160),#1101,.F.);
#1154=ADVANCED_FACE('',(#161),#1102,.F.);
#1155=ADVANCED_FACE('',(#162),#1103,.F.);
#1156=ADVANCED_FACE('',(#163),#1104,.T.);
#1157=ADVANCED_FACE('',(#164),#1105,.T.);
#1158=ADVANCED_FACE('',(#165,#32,#33,#34,#35,#36,#37,#38,#39,#40,#41,#42,
#43,#44,#45,#46,#47,#48,#49,#50,#51,#52,#53,#54,#55,#56,#57,#58,#59,#60,
#61,#62,#63,#64,#65,#66,#67,#68,#69,#70),#112,.F.);
#1159=ADVANCED_FACE('',(#166),#16,.T.);
#1160=ADVANCED_FACE('',(#167),#1106,.T.);
#1161=ADVANCED_FACE('',(#168),#17,.T.);
#1162=ADVANCED_FACE('',(#169,#71,#72,#73,#74,#75,#76,#77,#78,#79,#80,#81,
#82,#83,#84,#85,#86,#87,#88,#89,#90,#91,#92,#93,#94,#95,#96,#97,#98,#99,
#100,#101,#102,#103,#104,#105),#113,.T.);
#1163=ADVANCED_FACE('',(#170,#106,#107),#15,.T.);
#1164=CLOSED_SHELL('',(#1107,#1108,#1109,#1110,#1111,#1112,#1113,#1114,
#1115,#1116,#1117,#1118,#1119,#1120,#1121,#1122,#1123,#1124,#1125,#1126,
#1127,#1128,#1129,#1130,#1131,#1132,#1133,#1134,#1135,#1136,#1137,#1138,
#1139,#1140,#1141,#1142,#1143,#1144,#1145,#1146,#1147,#1148,#1149,#1150,
#1151,#1152,#1153,#1154,#1155,#1156,#1157,#1158,#1159,#1160,#1161,#1162,
#1163));
#1165=DERIVED_UNIT_ELEMENT(#1167,1.);
#1166=DERIVED_UNIT_ELEMENT(#2162,-3.);
#1167=(
MASS_UNIT()
NAMED_UNIT(*)
SI_UNIT(.KILO.,.GRAM.)
);
#1168=DERIVED_UNIT((#1165,#1166));
#1169=MEASURE_REPRESENTATION_ITEM('density measure',
POSITIVE_RATIO_MEASURE(7850.),#1168);
#1170=PROPERTY_DEFINITION_REPRESENTATION(#1175,#1172);
#1171=PROPERTY_DEFINITION_REPRESENTATION(#1176,#1173);
#1172=REPRESENTATION('material name',(#1174),#2159);
#1173=REPRESENTATION('density',(#1169),#2159);
#1174=DESCRIPTIVE_REPRESENTATION_ITEM('Steel','Steel');
#1175=PROPERTY_DEFINITION('material property','material name',#2169);
#1176=PROPERTY_DEFINITION('material property','density of part',#2169);
#1177=AXIS2_PLACEMENT_3D('',#1682,#1329,#1330);
#1178=AXIS2_PLACEMENT_3D('',#1683,#1331,#1332);
#1179=AXIS2_PLACEMENT_3D('',#1685,#1333,#1334);
#1180=AXIS2_PLACEMENT_3D('',#1688,#1336,#1337);
#1181=AXIS2_PLACEMENT_3D('',#1689,#1338,#1339);
#1182=AXIS2_PLACEMENT_3D('',#1691,#1340,#1341);
#1183=AXIS2_PLACEMENT_3D('',#1692,#1342,#1343);
#1184=AXIS2_PLACEMENT_3D('',#1704,#1344,#1345);
#1185=AXIS2_PLACEMENT_3D('',#1705,#1346,#1347);
#1186=AXIS2_PLACEMENT_3D('',#1707,#1348,#1349);
#1187=AXIS2_PLACEMENT_3D('',#1710,#1351,#1352);
#1188=AXIS2_PLACEMENT_3D('',#1711,#1353,#1354);
#1189=AXIS2_PLACEMENT_3D('',#1712,#1355,#1356);
#1190=AXIS2_PLACEMENT_3D('',#1713,#1357,#1358);
#1191=AXIS2_PLACEMENT_3D('',#1746,#1359,#1360);
#1192=AXIS2_PLACEMENT_3D('',#1748,#1361,#1362);
#1193=AXIS2_PLACEMENT_3D('',#1751,#1364,#1365);
#1194=AXIS2_PLACEMENT_3D('',#1752,#1366,#1367);
#1195=AXIS2_PLACEMENT_3D('',#1754,#1368,#1369);
#1196=AXIS2_PLACEMENT_3D('',#1755,#1370,#1371);
#1197=AXIS2_PLACEMENT_3D('',#1767,#1372,#1373);
#1198=AXIS2_PLACEMENT_3D('',#1768,#1374,#1375);
#1199=AXIS2_PLACEMENT_3D('',#1770,#1376,#1377);
#1200=AXIS2_PLACEMENT_3D('',#1773,#1379,#1380);
#1201=AXIS2_PLACEMENT_3D('',#1774,#1381,#1382);
#1202=AXIS2_PLACEMENT_3D('',#1775,#1383,#1384);
#1203=AXIS2_PLACEMENT_3D('',#1776,#1385,#1386);
#1204=AXIS2_PLACEMENT_3D('',#1807,#1387,#1388);
#1205=AXIS2_PLACEMENT_3D('',#1809,#1389,#1390);
#1206=AXIS2_PLACEMENT_3D('',#1812,#1392,#1393);
#1207=AXIS2_PLACEMENT_3D('',#1813,#1394,#1395);
#1208=AXIS2_PLACEMENT_3D('',#1815,#1396,#1397);
#1209=AXIS2_PLACEMENT_3D('',#1818,#1399,#1400);
#1210=AXIS2_PLACEMENT_3D('',#1819,#1401,#1402);
#1211=AXIS2_PLACEMENT_3D('',#1821,#1403,#1404);
#1212=AXIS2_PLACEMENT_3D('',#1824,#1406,#1407);
#1213=AXIS2_PLACEMENT_3D('',#1825,#1408,#1409);
#1214=AXIS2_PLACEMENT_3D('',#1827,#1410,#1411);
#1215=AXIS2_PLACEMENT_3D('',#1830,#1413,#1414);
#1216=AXIS2_PLACEMENT_3D('',#1831,#1415,#1416);
#1217=AXIS2_PLACEMENT_3D('',#1833,#1417,#1418);
#1218=AXIS2_PLACEMENT_3D('',#1836,#1420,#1421);
#1219=AXIS2_PLACEMENT_3D('',#1837,#1422,#1423);
#1220=AXIS2_PLACEMENT_3D('',#1839,#1424,#1425);
#1221=AXIS2_PLACEMENT_3D('',#1842,#1427,#1428);
#1222=AXIS2_PLACEMENT_3D('',#1843,#1429,#1430);
#1223=AXIS2_PLACEMENT_3D('',#1845,#1431,#1432);
#1224=AXIS2_PLACEMENT_3D('',#1848,#1434,#1435);
#1225=AXIS2_PLACEMENT_3D('',#1849,#1436,#1437);
#1226=AXIS2_PLACEMENT_3D('',#1851,#1438,#1439);
#1227=AXIS2_PLACEMENT_3D('',#1854,#1441,#1442);
#1228=AXIS2_PLACEMENT_3D('',#1855,#1443,#1444);
#1229=AXIS2_PLACEMENT_3D('',#1857,#1445,#1446);
#1230=AXIS2_PLACEMENT_3D('',#1860,#1448,#1449);
#1231=AXIS2_PLACEMENT_3D('',#1861,#1450,#1451);
#1232=AXIS2_PLACEMENT_3D('',#1863,#1452,#1453);
#1233=AXIS2_PLACEMENT_3D('',#1866,#1455,#1456);
#1234=AXIS2_PLACEMENT_3D('',#1867,#1457,#1458);
#1235=AXIS2_PLACEMENT_3D('',#1869,#1459,#1460);
#1236=AXIS2_PLACEMENT_3D('',#1872,#1462,#1463);
#1237=AXIS2_PLACEMENT_3D('',#1873,#1464,#1465);
#1238=AXIS2_PLACEMENT_3D('',#1875,#1466,#1467);
#1239=AXIS2_PLACEMENT_3D('',#1878,#1469,#1470);
#1240=AXIS2_PLACEMENT_3D('',#1879,#1471,#1472);
#1241=AXIS2_PLACEMENT_3D('',#1881,#1473,#1474);
#1242=AXIS2_PLACEMENT_3D('',#1884,#1476,#1477);
#1243=AXIS2_PLACEMENT_3D('',#1885,#1478,#1479);
#1244=AXIS2_PLACEMENT_3D('',#1887,#1480,#1481);
#1245=AXIS2_PLACEMENT_3D('',#1890,#1483,#1484);
#1246=AXIS2_PLACEMENT_3D('',#1891,#1485,#1486);
#1247=AXIS2_PLACEMENT_3D('',#1893,#1487,#1488);
#1248=AXIS2_PLACEMENT_3D('',#1896,#1490,#1491);
#1249=AXIS2_PLACEMENT_3D('',#1897,#1492,#1493);
#1250=AXIS2_PLACEMENT_3D('',#1899,#1494,#1495);
#1251=AXIS2_PLACEMENT_3D('',#1902,#1497,#1498);
#1252=AXIS2_PLACEMENT_3D('',#1903,#1499,#1500);
#1253=AXIS2_PLACEMENT_3D('',#1905,#1501,#1502);
#1254=AXIS2_PLACEMENT_3D('',#1908,#1504,#1505);
#1255=AXIS2_PLACEMENT_3D('',#1909,#1506,#1507);
#1256=AXIS2_PLACEMENT_3D('',#1911,#1508,#1509);
#1257=AXIS2_PLACEMENT_3D('',#1914,#1511,#1512);
#1258=AXIS2_PLACEMENT_3D('',#1915,#1513,#1514);
#1259=AXIS2_PLACEMENT_3D('',#1917,#1515,#1516);
#1260=AXIS2_PLACEMENT_3D('',#1920,#1518,#1519);
#1261=AXIS2_PLACEMENT_3D('',#1921,#1520,#1521);
#1262=AXIS2_PLACEMENT_3D('',#1923,#1522,#1523);
#1263=AXIS2_PLACEMENT_3D('',#1926,#1525,#1526);
#1264=AXIS2_PLACEMENT_3D('',#1927,#1527,#1528);
#1265=AXIS2_PLACEMENT_3D('',#1929,#1529,#1530);
#1266=AXIS2_PLACEMENT_3D('',#1932,#1532,#1533);
#1267=AXIS2_PLACEMENT_3D('',#1933,#1534,#1535);
#1268=AXIS2_PLACEMENT_3D('',#1935,#1536,#1537);
#1269=AXIS2_PLACEMENT_3D('',#1938,#1539,#1540);
#1270=AXIS2_PLACEMENT_3D('',#1939,#1541,#1542);
#1271=AXIS2_PLACEMENT_3D('',#1941,#1543,#1544);
#1272=AXIS2_PLACEMENT_3D('',#1944,#1546,#1547);
#1273=AXIS2_PLACEMENT_3D('',#1945,#1548,#1549);
#1274=AXIS2_PLACEMENT_3D('',#1947,#1550,#1551);
#1275=AXIS2_PLACEMENT_3D('',#1950,#1553,#1554);
#1276=AXIS2_PLACEMENT_3D('',#1951,#1555,#1556);
#1277=AXIS2_PLACEMENT_3D('',#1953,#1557,#1558);
#1278=AXIS2_PLACEMENT_3D('',#1956,#1560,#1561);
#1279=AXIS2_PLACEMENT_3D('',#1957,#1562,#1563);
#1280=AXIS2_PLACEMENT_3D('',#1959,#1564,#1565);
#1281=AXIS2_PLACEMENT_3D('',#1962,#1567,#1568);
#1282=AXIS2_PLACEMENT_3D('',#1963,#1569,#1570);
#1283=AXIS2_PLACEMENT_3D('',#1965,#1571,#1572);
#1284=AXIS2_PLACEMENT_3D('',#1968,#1574,#1575);
#1285=AXIS2_PLACEMENT_3D('',#1969,#1576,#1577);
#1286=AXIS2_PLACEMENT_3D('',#1971,#1578,#1579);
#1287=AXIS2_PLACEMENT_3D('',#1974,#1581,#1582);
#1288=AXIS2_PLACEMENT_3D('',#1975,#1583,#1584);
#1289=AXIS2_PLACEMENT_3D('',#1977,#1585,#1586);
#1290=AXIS2_PLACEMENT_3D('',#1980,#1588,#1589);
#1291=AXIS2_PLACEMENT_3D('',#1981,#1590,#1591);
#1292=AXIS2_PLACEMENT_3D('',#1983,#1592,#1593);
#1293=AXIS2_PLACEMENT_3D('',#1986,#1595,#1596);
#1294=AXIS2_PLACEMENT_3D('',#1987,#1597,#1598);
#1295=AXIS2_PLACEMENT_3D('',#1989,#1599,#1600);
#1296=AXIS2_PLACEMENT_3D('',#1992,#1602,#1603);
#1297=AXIS2_PLACEMENT_3D('',#1993,#1604,#1605);
#1298=AXIS2_PLACEMENT_3D('',#1995,#1606,#1607);
#1299=AXIS2_PLACEMENT_3D('',#1998,#1609,#1610);
#1300=AXIS2_PLACEMENT_3D('',#1999,#1611,#1612);
#1301=AXIS2_PLACEMENT_3D('',#2001,#1613,#1614);
#1302=AXIS2_PLACEMENT_3D('',#2004,#1616,#1617);
#1303=AXIS2_PLACEMENT_3D('',#2005,#1618,#1619);
#1304=AXIS2_PLACEMENT_3D('',#2007,#1620,#1621);
#1305=AXIS2_PLACEMENT_3D('',#2010,#1623,#1624);
#1306=AXIS2_PLACEMENT_3D('',#2011,#1625,#1626);
#1307=AXIS2_PLACEMENT_3D('',#2013,#1627,#1628);
#1308=AXIS2_PLACEMENT_3D('',#2016,#1630,#1631);
#1309=AXIS2_PLACEMENT_3D('',#2017,#1632,#1633);
#1310=AXIS2_PLACEMENT_3D('',#2069,#1635,#1636);
#1311=AXIS2_PLACEMENT_3D('',#2121,#1638,#1639);
#1312=AXIS2_PLACEMENT_3D('',#2124,#1640,#1641);
#1313=AXIS2_PLACEMENT_3D('',#2129,#1644,#1645);
#1314=AXIS2_PLACEMENT_3D('',#2131,#1647,#1648);
#1315=AXIS2_PLACEMENT_3D('',#2136,#1650,#1651);
#1316=AXIS2_PLACEMENT_3D('',#2140,#1654,#1655);
#1317=AXIS2_PLACEMENT_3D('',#2141,#1656,#1657);
#1318=AXIS2_PLACEMENT_3D('',#2143,#1658,#1659);
#1319=AXIS2_PLACEMENT_3D('',#2144,#1660,#1661);
#1320=AXIS2_PLACEMENT_3D('',#2146,#1662,#1663);
#1321=AXIS2_PLACEMENT_3D('',#2148,#1665,#1666);
#1322=AXIS2_PLACEMENT_3D('',#2149,#1667,#1668);
#1323=AXIS2_PLACEMENT_3D('',#2150,#1669,#1670);
#1324=AXIS2_PLACEMENT_3D('',#2152,#1672,#1673);
#1325=AXIS2_PLACEMENT_3D('',#2153,#1674,#1675);
#1326=AXIS2_PLACEMENT_3D('',#2154,#1676,#1677);
#1327=AXIS2_PLACEMENT_3D('',#2155,#1678,#1679);
#1328=AXIS2_PLACEMENT_3D('',#2156,#1680,#1681);
#1329=DIRECTION('axis',(0.,0.,1.));
#1330=DIRECTION('refdir',(1.,0.,0.));
#1331=DIRECTION('center_axis',(1.,0.,0.));
#1332=DIRECTION('ref_axis',(0.,0.,1.));
#1333=DIRECTION('center_axis',(-1.,0.,0.));
#1334=DIRECTION('ref_axis',(0.,0.,1.));
#1335=DIRECTION('',(-1.,0.,0.));
#1336=DIRECTION('center_axis',(1.,0.,0.));
#1337=DIRECTION('ref_axis',(0.,0.,1.));
#1338=DIRECTION('center_axis',(-1.,0.,0.));
#1339=DIRECTION('ref_axis',(0.,0.,1.));
#1340=DIRECTION('center_axis',(-1.,0.,0.));
#1341=DIRECTION('ref_axis',(0.,0.,-1.));
#1342=DIRECTION('center_axis',(1.,0.,0.));
#1343=DIRECTION('ref_axis',(0.,0.,1.));
#1344=DIRECTION('center_axis',(1.,0.,0.));
#1345=DIRECTION('ref_axis',(0.,0.,1.));
#1346=DIRECTION('center_axis',(1.,0.,0.));
#1347=DIRECTION('ref_axis',(0.,0.,1.));
#1348=DIRECTION('center_axis',(-1.,0.,0.));
#1349=DIRECTION('ref_axis',(0.,0.,1.));
#1350=DIRECTION('',(-1.,0.,0.));
#1351=DIRECTION('center_axis',(1.,0.,0.));
#1352=DIRECTION('ref_axis',(0.,0.,1.));
#1353=DIRECTION('center_axis',(-1.,0.,0.));
#1354=DIRECTION('ref_axis',(0.,0.,1.));
#1355=DIRECTION('center_axis',(-1.,0.,0.));
#1356=DIRECTION('ref_axis',(0.,0.,-1.));
#1357=DIRECTION('center_axis',(1.,0.,0.));
#1358=DIRECTION('ref_axis',(0.,-1.,-1.85101319100549E-8));
#1359=DIRECTION('center_axis',(1.,0.,0.));
#1360=DIRECTION('ref_axis',(0.,0.,1.));
#1361=DIRECTION('center_axis',(-1.,0.,0.));
#1362=DIRECTION('ref_axis',(0.,0.,1.));
#1363=DIRECTION('',(-1.,0.,0.));
#1364=DIRECTION('center_axis',(1.,0.,0.));
#1365=DIRECTION('ref_axis',(0.,0.,1.));
#1366=DIRECTION('center_axis',(-1.,0.,0.));
#1367=DIRECTION('ref_axis',(0.,0.,1.));
#1368=DIRECTION('center_axis',(-1.,0.,0.));
#1369=DIRECTION('ref_axis',(0.,0.,-1.));
#1370=DIRECTION('center_axis',(1.,0.,0.));
#1371=DIRECTION('ref_axis',(0.,0.,1.));
#1372=DIRECTION('center_axis',(1.,0.,0.));
#1373=DIRECTION('ref_axis',(0.,0.,1.));
#1374=DIRECTION('center_axis',(1.,0.,0.));
#1375=DIRECTION('ref_axis',(0.,0.,1.));
#1376=DIRECTION('center_axis',(-1.,0.,0.));
#1377=DIRECTION('ref_axis',(0.,0.,1.));
#1378=DIRECTION('',(-1.,0.,0.));
#1379=DIRECTION('center_axis',(1.,0.,0.));
#1380=DIRECTION('ref_axis',(0.,0.,1.));
#1381=DIRECTION('center_axis',(-1.,0.,0.));
#1382=DIRECTION('ref_axis',(0.,0.,1.));
#1383=DIRECTION('center_axis',(-1.,0.,0.));
#1384=DIRECTION('ref_axis',(0.,0.,-1.));
#1385=DIRECTION('center_axis',(1.,0.,0.));
#1386=DIRECTION('ref_axis',(0.,1.,-6.12323399573677E-17));
#1387=DIRECTION('center_axis',(-1.,0.,0.));
#1388=DIRECTION('ref_axis',(0.,0.,-1.));
#1389=DIRECTION('center_axis',(-1.,0.,0.));
#1390=DIRECTION('ref_axis',(0.,0.,-1.));
#1391=DIRECTION('',(-1.,0.,0.));
#1392=DIRECTION('center_axis',(1.,0.,0.));
#1393=DIRECTION('ref_axis',(0.,0.,-1.));
#1394=DIRECTION('center_axis',(-1.,0.,0.));
#1395=DIRECTION('ref_axis',(0.,0.,-1.));
#1396=DIRECTION('center_axis',(-1.,0.,0.));
#1397=DIRECTION('ref_axis',(0.,0.,-1.));
#1398=DIRECTION('',(-1.,0.,0.));
#1399=DIRECTION('center_axis',(1.,0.,0.));
#1400=DIRECTION('ref_axis',(0.,0.,-1.));
#1401=DIRECTION('center_axis',(-1.,0.,0.));
#1402=DIRECTION('ref_axis',(0.,0.,-1.));
#1403=DIRECTION('center_axis',(-1.,0.,0.));
#1404=DIRECTION('ref_axis',(0.,0.,-1.));
#1405=DIRECTION('',(-1.,0.,0.));
#1406=DIRECTION('center_axis',(1.,0.,0.));
#1407=DIRECTION('ref_axis',(0.,0.,-1.));
#1408=DIRECTION('center_axis',(-1.,0.,0.));
#1409=DIRECTION('ref_axis',(0.,0.,-1.));
#1410=DIRECTION('center_axis',(-1.,0.,0.));
#1411=DIRECTION('ref_axis',(0.,0.,-1.));
#1412=DIRECTION('',(-1.,0.,0.));
#1413=DIRECTION('center_axis',(1.,0.,0.));
#1414=DIRECTION('ref_axis',(0.,0.,-1.));
#1415=DIRECTION('center_axis',(-1.,0.,0.));
#1416=DIRECTION('ref_axis',(0.,0.,-1.));
#1417=DIRECTION('center_axis',(-1.,0.,0.));
#1418=DIRECTION('ref_axis',(0.,0.,-1.));
#1419=DIRECTION('',(-1.,0.,0.));
#1420=DIRECTION('center_axis',(1.,0.,0.));
#1421=DIRECTION('ref_axis',(0.,0.,-1.));
#1422=DIRECTION('center_axis',(-1.,0.,0.));
#1423=DIRECTION('ref_axis',(0.,0.,-1.));
#1424=DIRECTION('center_axis',(-1.,0.,0.));
#1425=DIRECTION('ref_axis',(0.,0.,-1.));
#1426=DIRECTION('',(-1.,0.,0.));
#1427=DIRECTION('center_axis',(1.,0.,0.));
#1428=DIRECTION('ref_axis',(0.,0.,-1.));
#1429=DIRECTION('center_axis',(-1.,0.,0.));
#1430=DIRECTION('ref_axis',(0.,0.,-1.));
#1431=DIRECTION('center_axis',(-1.,0.,0.));
#1432=DIRECTION('ref_axis',(0.,0.,-1.));
#1433=DIRECTION('',(-1.,0.,0.));
#1434=DIRECTION('center_axis',(1.,0.,0.));
#1435=DIRECTION('ref_axis',(0.,0.,-1.));
#1436=DIRECTION('center_axis',(-1.,0.,0.));
#1437=DIRECTION('ref_axis',(0.,0.,-1.));
#1438=DIRECTION('center_axis',(-1.,0.,0.));
#1439=DIRECTION('ref_axis',(0.,0.,-1.));
#1440=DIRECTION('',(-1.,0.,0.));
#1441=DIRECTION('center_axis',(1.,0.,0.));
#1442=DIRECTION('ref_axis',(0.,0.,-1.));
#1443=DIRECTION('center_axis',(-1.,0.,0.));
#1444=DIRECTION('ref_axis',(0.,0.,-1.));
#1445=DIRECTION('center_axis',(-1.,0.,0.));
#1446=DIRECTION('ref_axis',(0.,0.,-1.));
#1447=DIRECTION('',(-1.,0.,0.));
#1448=DIRECTION('center_axis',(1.,0.,0.));
#1449=DIRECTION('ref_axis',(0.,0.,-1.));
#1450=DIRECTION('center_axis',(-1.,0.,0.));
#1451=DIRECTION('ref_axis',(0.,0.,-1.));
#1452=DIRECTION('center_axis',(-1.,0.,0.));
#1453=DIRECTION('ref_axis',(0.,0.,-1.));
#1454=DIRECTION('',(-1.,0.,0.));
#1455=DIRECTION('center_axis',(1.,0.,0.));
#1456=DIRECTION('ref_axis',(0.,0.,-1.));
#1457=DIRECTION('center_axis',(-1.,0.,0.));
#1458=DIRECTION('ref_axis',(0.,0.,-1.));
#1459=DIRECTION('center_axis',(-1.,0.,0.));
#1460=DIRECTION('ref_axis',(0.,0.,-1.));
#1461=DIRECTION('',(-1.,0.,0.));
#1462=DIRECTION('center_axis',(1.,0.,0.));
#1463=DIRECTION('ref_axis',(0.,0.,-1.));
#1464=DIRECTION('center_axis',(-1.,0.,0.));
#1465=DIRECTION('ref_axis',(0.,0.,-1.));
#1466=DIRECTION('center_axis',(-1.,0.,0.));
#1467=DIRECTION('ref_axis',(0.,0.,-1.));
#1468=DIRECTION('',(-1.,0.,0.));
#1469=DIRECTION('center_axis',(1.,0.,0.));
#1470=DIRECTION('ref_axis',(0.,0.,-1.));
#1471=DIRECTION('center_axis',(-1.,0.,0.));
#1472=DIRECTION('ref_axis',(0.,0.,-1.));
#1473=DIRECTION('center_axis',(-1.,0.,0.));
#1474=DIRECTION('ref_axis',(0.,0.,-1.));
#1475=DIRECTION('',(-1.,0.,0.));
#1476=DIRECTION('center_axis',(1.,0.,0.));
#1477=DIRECTION('ref_axis',(0.,0.,-1.));
#1478=DIRECTION('center_axis',(-1.,0.,0.));
#1479=DIRECTION('ref_axis',(0.,0.,-1.));
#1480=DIRECTION('center_axis',(-1.,0.,0.));
#1481=DIRECTION('ref_axis',(0.,0.,-1.));
#1482=DIRECTION('',(-1.,0.,0.));
#1483=DIRECTION('center_axis',(1.,0.,0.));
#1484=DIRECTION('ref_axis',(0.,0.,-1.));
#1485=DIRECTION('center_axis',(-1.,0.,0.));
#1486=DIRECTION('ref_axis',(0.,0.,-1.));
#1487=DIRECTION('center_axis',(-1.,0.,0.));
#1488=DIRECTION('ref_axis',(0.,0.,-1.));
#1489=DIRECTION('',(-1.,0.,0.));
#1490=DIRECTION('center_axis',(1.,0.,0.));
#1491=DIRECTION('ref_axis',(0.,0.,-1.));
#1492=DIRECTION('center_axis',(-1.,0.,0.));
#1493=DIRECTION('ref_axis',(0.,0.,-1.));
#1494=DIRECTION('center_axis',(-1.,0.,0.));
#1495=DIRECTION('ref_axis',(0.,0.,-1.));
#1496=DIRECTION('',(-1.,0.,0.));
#1497=DIRECTION('center_axis',(1.,0.,0.));
#1498=DIRECTION('ref_axis',(0.,0.,-1.));
#1499=DIRECTION('center_axis',(-1.,0.,0.));
#1500=DIRECTION('ref_axis',(0.,0.,-1.));
#1501=DIRECTION('center_axis',(-1.,0.,0.));
#1502=DIRECTION('ref_axis',(0.,0.,-1.));
#1503=DIRECTION('',(-1.,0.,0.));
#1504=DIRECTION('center_axis',(1.,0.,0.));
#1505=DIRECTION('ref_axis',(0.,0.,-1.));
#1506=DIRECTION('center_axis',(-1.,0.,0.));
#1507=DIRECTION('ref_axis',(0.,0.,-1.));
#1508=DIRECTION('center_axis',(-1.,0.,0.));
#1509=DIRECTION('ref_axis',(0.,0.,-1.));
#1510=DIRECTION('',(-1.,0.,0.));
#1511=DIRECTION('center_axis',(1.,0.,0.));
#1512=DIRECTION('ref_axis',(0.,0.,-1.));
#1513=DIRECTION('center_axis',(-1.,0.,0.));
#1514=DIRECTION('ref_axis',(0.,0.,-1.));
#1515=DIRECTION('center_axis',(-1.,0.,0.));
#1516=DIRECTION('ref_axis',(0.,0.,-1.));
#1517=DIRECTION('',(-1.,0.,0.));
#1518=DIRECTION('center_axis',(1.,0.,0.));
#1519=DIRECTION('ref_axis',(0.,0.,-1.));
#1520=DIRECTION('center_axis',(-1.,0.,0.));
#1521=DIRECTION('ref_axis',(0.,0.,-1.));
#1522=DIRECTION('center_axis',(-1.,0.,0.));
#1523=DIRECTION('ref_axis',(0.,0.,-1.));
#1524=DIRECTION('',(-1.,0.,0.));
#1525=DIRECTION('center_axis',(1.,0.,0.));
#1526=DIRECTION('ref_axis',(0.,0.,-1.));
#1527=DIRECTION('center_axis',(-1.,0.,0.));
#1528=DIRECTION('ref_axis',(0.,0.,-1.));
#1529=DIRECTION('center_axis',(-1.,0.,0.));
#1530=DIRECTION('ref_axis',(0.,0.,-1.));
#1531=DIRECTION('',(-1.,0.,0.));
#1532=DIRECTION('center_axis',(1.,0.,0.));
#1533=DIRECTION('ref_axis',(0.,0.,-1.));
#1534=DIRECTION('center_axis',(-1.,0.,0.));
#1535=DIRECTION('ref_axis',(0.,0.,-1.));
#1536=DIRECTION('center_axis',(-1.,0.,0.));
#1537=DIRECTION('ref_axis',(0.,0.,-1.));
#1538=DIRECTION('',(-1.,0.,0.));
#1539=DIRECTION('center_axis',(1.,0.,0.));
#1540=DIRECTION('ref_axis',(0.,0.,-1.));
#1541=DIRECTION('center_axis',(-1.,0.,0.));
#1542=DIRECTION('ref_axis',(0.,0.,-1.));
#1543=DIRECTION('center_axis',(-1.,0.,0.));
#1544=DIRECTION('ref_axis',(0.,0.,-1.));
#1545=DIRECTION('',(-1.,0.,0.));
#1546=DIRECTION('center_axis',(1.,0.,0.));
#1547=DIRECTION('ref_axis',(0.,0.,-1.));
#1548=DIRECTION('center_axis',(-1.,0.,0.));
#1549=DIRECTION('ref_axis',(0.,0.,-1.));
#1550=DIRECTION('center_axis',(-1.,0.,0.));
#1551=DIRECTION('ref_axis',(0.,0.,-1.));
#1552=DIRECTION('',(-1.,0.,0.));
#1553=DIRECTION('center_axis',(1.,0.,0.));
#1554=DIRECTION('ref_axis',(0.,0.,-1.));
#1555=DIRECTION('center_axis',(-1.,0.,0.));
#1556=DIRECTION('ref_axis',(0.,0.,-1.));
#1557=DIRECTION('center_axis',(-1.,0.,0.));
#1558=DIRECTION('ref_axis',(0.,0.,-1.));
#1559=DIRECTION('',(-1.,0.,0.));
#1560=DIRECTION('center_axis',(1.,0.,0.));
#1561=DIRECTION('ref_axis',(0.,0.,-1.));
#1562=DIRECTION('center_axis',(-1.,0.,0.));
#1563=DIRECTION('ref_axis',(0.,0.,-1.));
#1564=DIRECTION('center_axis',(-1.,0.,0.));
#1565=DIRECTION('ref_axis',(0.,0.,-1.));
#1566=DIRECTION('',(-1.,0.,0.));
#1567=DIRECTION('center_axis',(1.,0.,0.));
#1568=DIRECTION('ref_axis',(0.,0.,-1.));
#1569=DIRECTION('center_axis',(-1.,0.,0.));
#1570=DIRECTION('ref_axis',(0.,0.,-1.));
#1571=DIRECTION('center_axis',(-1.,0.,0.));
#1572=DIRECTION('ref_axis',(0.,0.,-1.));
#1573=DIRECTION('',(-1.,0.,0.));
#1574=DIRECTION('center_axis',(1.,0.,0.));
#1575=DIRECTION('ref_axis',(0.,0.,-1.));
#1576=DIRECTION('center_axis',(-1.,0.,0.));
#1577=DIRECTION('ref_axis',(0.,0.,-1.));
#1578=DIRECTION('center_axis',(-1.,0.,0.));
#1579=DIRECTION('ref_axis',(0.,0.,-1.));
#1580=DIRECTION('',(-1.,0.,0.));
#1581=DIRECTION('center_axis',(1.,0.,0.));
#1582=DIRECTION('ref_axis',(0.,0.,-1.));
#1583=DIRECTION('center_axis',(-1.,0.,0.));
#1584=DIRECTION('ref_axis',(0.,0.,-1.));
#1585=DIRECTION('center_axis',(-1.,0.,0.));
#1586=DIRECTION('ref_axis',(0.,0.,-1.));
#1587=DIRECTION('',(-1.,0.,0.));
#1588=DIRECTION('center_axis',(1.,0.,0.));
#1589=DIRECTION('ref_axis',(0.,0.,-1.));
#1590=DIRECTION('center_axis',(-1.,0.,0.));
#1591=DIRECTION('ref_axis',(0.,0.,-1.));
#1592=DIRECTION('center_axis',(-1.,0.,0.));
#1593=DIRECTION('ref_axis',(0.,0.,-1.));
#1594=DIRECTION('',(-1.,0.,0.));
#1595=DIRECTION('center_axis',(1.,0.,0.));
#1596=DIRECTION('ref_axis',(0.,0.,-1.));
#1597=DIRECTION('center_axis',(-1.,0.,0.));
#1598=DIRECTION('ref_axis',(0.,0.,-1.));
#1599=DIRECTION('center_axis',(-1.,0.,0.));
#1600=DIRECTION('ref_axis',(0.,0.,-1.));
#1601=DIRECTION('',(-1.,0.,0.));
#1602=DIRECTION('center_axis',(1.,0.,0.));
#1603=DIRECTION('ref_axis',(0.,0.,-1.));
#1604=DIRECTION('center_axis',(-1.,0.,0.));
#1605=DIRECTION('ref_axis',(0.,0.,-1.));
#1606=DIRECTION('center_axis',(-1.,0.,0.));
#1607=DIRECTION('ref_axis',(0.,0.,-1.));
#1608=DIRECTION('',(-1.,0.,0.));
#1609=DIRECTION('center_axis',(1.,0.,0.));
#1610=DIRECTION('ref_axis',(0.,0.,-1.));
#1611=DIRECTION('center_axis',(-1.,0.,0.));
#1612=DIRECTION('ref_axis',(0.,0.,-1.));
#1613=DIRECTION('center_axis',(-1.,0.,0.));
#1614=DIRECTION('ref_axis',(0.,0.,-1.));
#1615=DIRECTION('',(-1.,0.,0.));
#1616=DIRECTION('center_axis',(1.,0.,0.));
#1617=DIRECTION('ref_axis',(0.,0.,-1.));
#1618=DIRECTION('center_axis',(-1.,0.,0.));
#1619=DIRECTION('ref_axis',(0.,0.,-1.));
#1620=DIRECTION('center_axis',(-1.,0.,0.));
#1621=DIRECTION('ref_axis',(0.,0.,-1.));
#1622=DIRECTION('',(-1.,0.,0.));
#1623=DIRECTION('center_axis',(1.,0.,0.));
#1624=DIRECTION('ref_axis',(0.,0.,-1.));
#1625=DIRECTION('center_axis',(-1.,0.,0.));
#1626=DIRECTION('ref_axis',(0.,0.,-1.));
#1627=DIRECTION('center_axis',(-1.,0.,0.));
#1628=DIRECTION('ref_axis',(0.,0.,-1.));
#1629=DIRECTION('',(-1.,0.,0.));
#1630=DIRECTION('center_axis',(1.,0.,0.));
#1631=DIRECTION('ref_axis',(0.,0.,-1.));
#1632=DIRECTION('center_axis',(1.,0.,0.));
#1633=DIRECTION('ref_axis',(0.,0.,-1.));
#1634=DIRECTION('',(1.,0.,0.));
#1635=DIRECTION('center_axis',(1.,0.,0.));
#1636=DIRECTION('ref_axis',(0.,0.,-1.));
#1637=DIRECTION('',(1.,0.,0.));
#1638=DIRECTION('center_axis',(0.,-1.85103382473056E-8,1.));
#1639=DIRECTION('ref_axis',(0.707106781186548,0.707106781186547,1.30887856287309E-8));
#1640=DIRECTION('center_axis',(0.,1.85103382473056E-8,-1.));
#1641=DIRECTION('ref_axis',(0.707106781186548,0.707106781186547,1.30887851668149E-8));
#1642=DIRECTION('',(0.,-1.85103382473056E-8,1.));
#1643=DIRECTION('',(0.,-1.85103382473056E-8,1.));
#1644=DIRECTION('center_axis',(0.,1.8510337586276E-8,-1.));
#1645=DIRECTION('ref_axis',(0.,1.,1.8510337586276E-8));
#1646=DIRECTION('',(0.,1.85103382473056E-8,-1.));
#1647=DIRECTION('center_axis',(0.,0.,-1.));
#1648=DIRECTION('ref_axis',(0.707106781186547,-0.707106781186547,0.));
#1649=DIRECTION('',(0.,0.,1.));
#1650=DIRECTION('center_axis',(0.,9.18319240095222E-17,1.));
#1651=DIRECTION('ref_axis',(0.,-1.,9.18319240095222E-17));
#1652=DIRECTION('',(0.,0.,-1.));
#1653=DIRECTION('',(0.,0.,-1.));
#1654=DIRECTION('center_axis',(0.,0.,-1.));
#1655=DIRECTION('ref_axis',(0.707106781186548,-0.707106781186547,0.));
#1656=DIRECTION('center_axis',(1.,0.,0.));
#1657=DIRECTION('ref_axis',(0.,0.,-1.));
#1658=DIRECTION('center_axis',(-1.,0.,0.));
#1659=DIRECTION('ref_axis',(0.,9.25516863148346E-9,-1.));
#1660=DIRECTION('center_axis',(1.,0.,0.));
#1661=DIRECTION('ref_axis',(0.,-0.000219387648755002,0.99999997593453));
#1662=DIRECTION('center_axis',(-1.,0.,0.));
#1663=DIRECTION('ref_axis',(0.,1.,1.85103381511453E-8));
#1664=DIRECTION('',(0.,1.,9.2551687203013E-9));
#1665=DIRECTION('center_axis',(-0.816496579668257,0.408248297390941,-0.408248286055722));
#1666=DIRECTION('ref_axis',(0.577350270970783,0.577350276314258,-0.577350260283836));
#1667=DIRECTION('center_axis',(-4.44089209850063E-16,-1.,-9.25516863148346E-9));
#1668=DIRECTION('ref_axis',(0.,9.25516863148346E-9,-1.));
#1669=DIRECTION('center_axis',(0.,1.,9.2551687203013E-9));
#1670=DIRECTION('ref_axis',(0.707106781186547,6.54439250034697E-9,-0.707106781186547));
#1671=DIRECTION('',(0.,-1.,-9.2551687203013E-9));
#1672=DIRECTION('center_axis',(0.,1.,9.25516863148346E-9));
#1673=DIRECTION('ref_axis',(1.,0.,0.));
#1674=DIRECTION('center_axis',(-0.408248287944925,-0.816496583446664,0.408248287944926));
#1675=DIRECTION('ref_axis',(0.577350270970784,-0.57735026562731,-0.577350270970784));
#1676=DIRECTION('center_axis',(1.,0.,0.));
#1677=DIRECTION('ref_axis',(0.,0.,-1.));
#1678=DIRECTION('center_axis',(-1.,0.,0.));
#1679=DIRECTION('ref_axis',(0.,-0.000219387648755002,0.999999975934529));
#1680=DIRECTION('center_axis',(1.,0.,0.));
#1681=DIRECTION('ref_axis',(0.,-0.000219387648754757,0.99999997593453));
#1682=CARTESIAN_POINT('',(0.,0.,0.));
#1683=CARTESIAN_POINT('Origin',(40.,20.0000002980232,5.00000007450581));
#1684=CARTESIAN_POINT('',(42.,20.0000002980232,3.4000000745058));
#1685=CARTESIAN_POINT('Origin',(42.,20.0000002980232,5.00000007450581));
#1686=CARTESIAN_POINT('',(40.,20.0000002980232,3.4000000745058));
#1687=CARTESIAN_POINT('',(40.,20.0000002980232,3.4000000745058));
#1688=CARTESIAN_POINT('Origin',(40.,20.0000002980232,5.00000007450581));
#1689=CARTESIAN_POINT('Origin',(42.,20.0000002980232,5.00000007450581));
#1690=CARTESIAN_POINT('',(42.,20.0000002980232,8.00000007450581));
#1691=CARTESIAN_POINT('Origin',(42.,20.0000002980232,5.00000007450581));
#1692=CARTESIAN_POINT('Origin',(40.,22.0000003278255,-116.000001728535));
#1693=CARTESIAN_POINT('',(40.,25.0000003278256,-116.000001673004));
#1694=CARTESIAN_POINT('',(42.,24.7979587320222,-117.082327358087));
#1695=CARTESIAN_POINT('Ctrl Pts',(40.,25.0000003278256,-116.000001673004));
#1696=CARTESIAN_POINT('Ctrl Pts',(40.6305739085493,25.0000003342186,-116.345381216754));
#1697=CARTESIAN_POINT('Ctrl Pts',(41.3179483943974,24.9371819263581,-116.722416536413));
#1698=CARTESIAN_POINT('Ctrl Pts',(42.0000000000038,24.7979587320214,-117.082327358089));
#1699=CARTESIAN_POINT('',(42.,24.7979586919538,-114.9176759954));
#1700=CARTESIAN_POINT('Ctrl Pts',(41.9999999999979,24.7979586919542,-114.917675995401));
#1701=CARTESIAN_POINT('Ctrl Pts',(41.3252508146673,24.9356912992464,-115.273733408423));
#1702=CARTESIAN_POINT('Ctrl Pts',(40.649763233888,25.0000003212379,-115.644111703211));
#1703=CARTESIAN_POINT('Ctrl Pts',(40.,25.0000003278256,-116.000001673004));
#1704=CARTESIAN_POINT('Origin',(42.,22.0000003278255,-116.000001728535));
#1705=CARTESIAN_POINT('Origin',(40.,22.0000003278255,-116.000001728535));
#1706=CARTESIAN_POINT('',(42.,22.0000003278255,-117.600001728535));
#1707=CARTESIAN_POINT('Origin',(42.,22.0000003278255,-116.000001728535));
#1708=CARTESIAN_POINT('',(40.,22.0000003278255,-117.600001728535));
#1709=CARTESIAN_POINT('',(40.,22.0000003278255,-117.600001728535));
#1710=CARTESIAN_POINT('Origin',(40.,22.0000003278255,-116.000001728535));
#1711=CARTESIAN_POINT('Origin',(42.,22.0000003278255,-116.000001728535));
#1712=CARTESIAN_POINT('Origin',(42.,22.0000003278255,-116.000001728535));
#1713=CARTESIAN_POINT('Origin',(40.,22.0000003278255,-116.000001728535));
#1714=CARTESIAN_POINT('Ctrl Pts',(42.0000000000038,24.7979587320214,-117.082327358089));
#1715=CARTESIAN_POINT('Ctrl Pts',(42.0231296667819,24.7932374087868,-117.094532618375));
#1716=CARTESIAN_POINT('Ctrl Pts',(42.0462539223063,24.7884318684611,-117.10671825343));
#1717=CARTESIAN_POINT('Ctrl Pts',(42.7741532559251,24.6344699997663,-117.489742613399));
#1718=CARTESIAN_POINT('Ctrl Pts',(43.4715924215764,24.4032505632031,-117.839392169839));
#1719=CARTESIAN_POINT('Ctrl Pts',(44.61344625343,23.8901212143629,-118.352521537676));
#1720=CARTESIAN_POINT('Ctrl Pts',(45.1653927826883,23.5864318126405,-118.577157406737));
#1721=CARTESIAN_POINT('Ctrl Pts',(46.215993999461,22.8593585667696,-118.901724824969));
#1722=CARTESIAN_POINT('Ctrl Pts',(46.7147156133613,22.4353338718329,-119.000001720477));
#1723=CARTESIAN_POINT('Ctrl Pts',(47.4740371149743,21.6606711194834,-119.000001734816));
#1724=CARTESIAN_POINT('Ctrl Pts',(47.8073915191493,21.2668741194857,-118.938826568708));
#1725=CARTESIAN_POINT('Ctrl Pts',(48.3702185539535,20.4925868611956,-118.627143288268));
#1726=CARTESIAN_POINT('Ctrl Pts',(48.6006727016385,20.113576544916,-118.374736495692));
#1727=CARTESIAN_POINT('Ctrl Pts',(48.8969767826729,19.5734379651544,-117.797559201625));
#1728=CARTESIAN_POINT('Ctrl Pts',(49.0010915649004,19.3595147468289,-117.475120152405));
#1729=CARTESIAN_POINT('Ctrl Pts',(49.1344671078065,19.0726560048936,-116.76078807923));
#1730=CARTESIAN_POINT('Ctrl Pts',(49.1651511337368,19.0000003346567,-116.36904916053));
#1731=CARTESIAN_POINT('Ctrl Pts',(49.1651511337368,19.0000003209943,-115.630954407601));
#1732=CARTESIAN_POINT('Ctrl Pts',(49.1344671078065,19.0726559767288,-115.239215486212));
#1733=CARTESIAN_POINT('Ctrl Pts',(49.0010915649004,19.359514692219,-114.524883402417));
#1734=CARTESIAN_POINT('Ctrl Pts',(48.8969767826729,19.5734378986076,-114.202444345277));
#1735=CARTESIAN_POINT('Ctrl Pts',(48.6006727016385,20.1135764570018,-113.625267031214));
#1736=CARTESIAN_POINT('Ctrl Pts',(48.3702185539534,20.4925867639371,-113.372860224606));
#1737=CARTESIAN_POINT('Ctrl Pts',(47.8073915191492,21.2668740106885,-113.061176915502));
#1738=CARTESIAN_POINT('Ctrl Pts',(47.4740371149743,21.6606710084214,-113.000001734816));
#1739=CARTESIAN_POINT('Ctrl Pts',(46.6525011976435,22.4988051499168,-113.000001719302));
#1740=CARTESIAN_POINT('Ctrl Pts',(46.1212369170083,22.936764169794,-113.119221767607));
#1741=CARTESIAN_POINT('Ctrl Pts',(44.9912562347916,23.6919000998941,-113.487255235997));
#1742=CARTESIAN_POINT('Ctrl Pts',(44.3928306563378,24.0082377690009,-113.738678380002));
#1743=CARTESIAN_POINT('Ctrl Pts',(43.1945787648713,24.4967034283191,-114.298240460451));
#1744=CARTESIAN_POINT('Ctrl Pts',(42.5975557043483,24.6759831387386,-114.602352697718));
#1745=CARTESIAN_POINT('Ctrl Pts',(41.9999999999979,24.7979586919542,-114.917675995401));
#1746=CARTESIAN_POINT('Origin',(40.,-20.0000002980232,5.00000007450581));
#1747=CARTESIAN_POINT('',(42.,-20.0000002980232,3.4000000745058));
#1748=CARTESIAN_POINT('Origin',(42.,-20.0000002980232,5.00000007450581));
#1749=CARTESIAN_POINT('',(40.,-20.0000002980232,3.4000000745058));
#1750=CARTESIAN_POINT('',(40.,-20.0000002980232,3.4000000745058));
#1751=CARTESIAN_POINT('Origin',(40.,-20.0000002980232,5.00000007450581));
#1752=CARTESIAN_POINT('Origin',(42.,-20.0000002980232,5.00000007450581));
#1753=CARTESIAN_POINT('',(42.,-20.0000002980232,8.00000007450581));
#1754=CARTESIAN_POINT('Origin',(42.,-20.0000002980232,5.00000007450581));
#1755=CARTESIAN_POINT('Origin',(40.,-22.0000003278255,-116.000001728535));
#1756=CARTESIAN_POINT('',(40.,-25.0000003278256,-116.000001728535));
#1757=CARTESIAN_POINT('',(42.,-24.7979589711327,-114.917676717116));
#1758=CARTESIAN_POINT('Ctrl Pts',(40.,-25.0000003278256,-116.000001728535));
#1759=CARTESIAN_POINT('Ctrl Pts',(40.6497631313064,-25.0000003278256,-115.644111810316));
#1760=CARTESIAN_POINT('Ctrl Pts',(41.325251018795,-24.9356915301672,-115.273734278338));
#1761=CARTESIAN_POINT('Ctrl Pts',(41.9999999999979,-24.7979589711331,-114.917676717117));
#1762=CARTESIAN_POINT('',(42.,-24.7979589711327,-117.082326739954));
#1763=CARTESIAN_POINT('Ctrl Pts',(41.9999999999979,-24.7979589711331,-117.082326739952));
#1764=CARTESIAN_POINT('Ctrl Pts',(41.3252510187949,-24.9356915301672,-116.726269178731));
#1765=CARTESIAN_POINT('Ctrl Pts',(40.6497631313064,-25.0000003278256,-116.355891646753));
#1766=CARTESIAN_POINT('Ctrl Pts',(40.,-25.0000003278256,-116.000001728535));
#1767=CARTESIAN_POINT('Origin',(42.,-22.0000003278255,-116.000001728535));
#1768=CARTESIAN_POINT('Origin',(40.,-22.0000003278255,-116.000001728535));
#1769=CARTESIAN_POINT('',(42.,-22.0000003278255,-117.600001728535));
#1770=CARTESIAN_POINT('Origin',(42.,-22.0000003278255,-116.000001728535));
#1771=CARTESIAN_POINT('',(40.,-22.0000003278255,-117.600001728535));
#1772=CARTESIAN_POINT('',(40.,-22.0000003278255,-117.600001728535));
#1773=CARTESIAN_POINT('Origin',(40.,-22.0000003278255,-116.000001728535));
#1774=CARTESIAN_POINT('Origin',(42.,-22.0000003278255,-116.000001728535));
#1775=CARTESIAN_POINT('Origin',(42.,-22.0000003278255,-116.000001728535));
#1776=CARTESIAN_POINT('Origin',(40.,-22.0000003278255,-116.000001728535));
#1777=CARTESIAN_POINT('Ctrl Pts',(41.9999999999979,-24.7979589711331,-114.917676717117));
#1778=CARTESIAN_POINT('Ctrl Pts',(42.5975557585147,-24.6759834126976,-114.602353164213));
#1779=CARTESIAN_POINT('Ctrl Pts',(43.1945789367939,-24.496703669385,-114.298240786487));
#1780=CARTESIAN_POINT('Ctrl Pts',(44.392830925884,-24.0082379382883,-113.738678520859));
#1781=CARTESIAN_POINT('Ctrl Pts',(44.9912565006522,-23.6919002537156,-113.487255334087));
#1782=CARTESIAN_POINT('Ctrl Pts',(46.1212371767287,-22.9367642828661,-113.119221799594));
#1783=CARTESIAN_POINT('Ctrl Pts',(46.6525014551999,-22.4988052380405,-113.000001728535));
#1784=CARTESIAN_POINT('Ctrl Pts',(47.4740373480343,-21.6606710606965,-113.000001728535));
#1785=CARTESIAN_POINT('Ctrl Pts',(47.8073917295969,-21.2668740610186,-113.061176903211));
#1786=CARTESIAN_POINT('Ctrl Pts',(48.3702187234694,-20.4925868122045,-113.372860197208));
#1787=CARTESIAN_POINT('Ctrl Pts',(48.6006728528795,-20.1135765050325,-113.625266994573));
#1788=CARTESIAN_POINT('Ctrl Pts',(48.8969769133976,-19.5734379367025,-114.202444293166));
#1789=CARTESIAN_POINT('Ctrl Pts',(49.0010916890874,-19.3595147222316,-114.524883348198));
#1790=CARTESIAN_POINT('Ctrl Pts',(49.13446722319,-19.0726559911349,-115.239215429819));
#1791=CARTESIAN_POINT('Ctrl Pts',(49.1651512468369,-19.0000003278255,-115.630954351148));
#1792=CARTESIAN_POINT('Ctrl Pts',(49.1651512468369,-19.0000003278255,-116.369049105921));
#1793=CARTESIAN_POINT('Ctrl Pts',(49.13446722319,-19.0726559911349,-116.76078802725));
#1794=CARTESIAN_POINT('Ctrl Pts',(49.0010916890874,-19.3595147222316,-117.475120108871));
#1795=CARTESIAN_POINT('Ctrl Pts',(48.8969769133976,-19.5734379367025,-117.797559163903));
#1796=CARTESIAN_POINT('Ctrl Pts',(48.6006728528795,-20.1135765050325,-118.374736462497));
#1797=CARTESIAN_POINT('Ctrl Pts',(48.3702187234694,-20.4925868122045,-118.627143259862));
#1798=CARTESIAN_POINT('Ctrl Pts',(47.8073917295969,-21.2668740610186,-118.938826553858));
#1799=CARTESIAN_POINT('Ctrl Pts',(47.4740373480343,-21.6606710606965,-119.000001728535));
#1800=CARTESIAN_POINT('Ctrl Pts',(46.6525014551999,-22.4988052380405,-119.000001728535));
#1801=CARTESIAN_POINT('Ctrl Pts',(46.1212371767287,-22.9367642828661,-118.880781657476));
#1802=CARTESIAN_POINT('Ctrl Pts',(44.9912565006522,-23.6919002537156,-118.512748122983));
#1803=CARTESIAN_POINT('Ctrl Pts',(44.392830925884,-24.0082379382883,-118.261324936211));
#1804=CARTESIAN_POINT('Ctrl Pts',(43.1945789367939,-24.496703669385,-117.701762670583));
#1805=CARTESIAN_POINT('Ctrl Pts',(42.5975557585147,-24.6759834126976,-117.397650292856));
#1806=CARTESIAN_POINT('Ctrl Pts',(41.9999999999979,-24.7979589711331,-117.082326739952));
#1807=CARTESIAN_POINT('Origin',(50.,0.,-10.));
#1808=CARTESIAN_POINT('',(50.,-1.83697019872103E-16,-8.5));
#1809=CARTESIAN_POINT('Origin',(50.,0.,-10.));
#1810=CARTESIAN_POINT('',(40.,-1.83697019872103E-16,-8.5));
#1811=CARTESIAN_POINT('',(50.,1.83697019872103E-16,-8.5));
#1812=CARTESIAN_POINT('Origin',(40.,0.,-10.));
#1813=CARTESIAN_POINT('Origin',(50.,6.,-25.));
#1814=CARTESIAN_POINT('',(50.,6.,-23.5));
#1815=CARTESIAN_POINT('Origin',(50.,6.,-25.));
#1816=CARTESIAN_POINT('',(40.,6.,-23.5));
#1817=CARTESIAN_POINT('',(50.,6.,-23.5));
#1818=CARTESIAN_POINT('Origin',(40.,6.,-25.));
#1819=CARTESIAN_POINT('Origin',(50.,-12.,-40.));
#1820=CARTESIAN_POINT('',(50.,-12.,-38.5));
#1821=CARTESIAN_POINT('Origin',(50.,-12.,-40.));
#1822=CARTESIAN_POINT('',(40.,-12.,-38.5));
#1823=CARTESIAN_POINT('',(50.,-12.,-38.5));
#1824=CARTESIAN_POINT('Origin',(40.,-12.,-40.));
#1825=CARTESIAN_POINT('Origin',(50.,12.,-40.));
#1826=CARTESIAN_POINT('',(50.,12.,-38.5));
#1827=CARTESIAN_POINT('Origin',(50.,12.,-40.));
#1828=CARTESIAN_POINT('',(40.,12.,-38.5));
#1829=CARTESIAN_POINT('',(50.,12.,-38.5));
#1830=CARTESIAN_POINT('Origin',(40.,12.,-40.));
#1831=CARTESIAN_POINT('Origin',(50.,-6.,-55.));
#1832=CARTESIAN_POINT('',(50.,-6.,-53.5));
#1833=CARTESIAN_POINT('Origin',(50.,-6.,-55.));
#1834=CARTESIAN_POINT('',(40.,-6.,-53.5));
#1835=CARTESIAN_POINT('',(50.,-6.,-53.5));
#1836=CARTESIAN_POINT('Origin',(40.,-6.,-55.));
#1837=CARTESIAN_POINT('Origin',(50.,0.,-70.));
#1838=CARTESIAN_POINT('',(50.,-1.83697019872103E-16,-68.5));
#1839=CARTESIAN_POINT('Origin',(50.,0.,-70.));
#1840=CARTESIAN_POINT('',(40.,-1.83697019872103E-16,-68.5));
#1841=CARTESIAN_POINT('',(50.,1.83697019872103E-16,-68.5));
#1842=CARTESIAN_POINT('Origin',(40.,0.,-70.));
#1843=CARTESIAN_POINT('Origin',(50.,6.,-85.));
#1844=CARTESIAN_POINT('',(50.,6.,-83.5));
#1845=CARTESIAN_POINT('Origin',(50.,6.,-85.));
#1846=CARTESIAN_POINT('',(40.,6.,-83.5));
#1847=CARTESIAN_POINT('',(50.,6.,-83.5));
#1848=CARTESIAN_POINT('Origin',(40.,6.,-85.));
#1849=CARTESIAN_POINT('Origin',(50.,-12.,-100.));
#1850=CARTESIAN_POINT('',(50.,-12.,-98.5));
#1851=CARTESIAN_POINT('Origin',(50.,-12.,-100.));
#1852=CARTESIAN_POINT('',(40.,-12.,-98.5));
#1853=CARTESIAN_POINT('',(50.,-12.,-98.5));
#1854=CARTESIAN_POINT('Origin',(40.,-12.,-100.));
#1855=CARTESIAN_POINT('Origin',(50.,12.,-100.));
#1856=CARTESIAN_POINT('',(50.,12.,-98.5));
#1857=CARTESIAN_POINT('Origin',(50.,12.,-100.));
#1858=CARTESIAN_POINT('',(40.,12.,-98.5));
#1859=CARTESIAN_POINT('',(50.,12.,-98.5));
#1860=CARTESIAN_POINT('Origin',(40.,12.,-100.));
#1861=CARTESIAN_POINT('Origin',(50.,-6.,-100.));
#1862=CARTESIAN_POINT('',(50.,-6.,-98.5));
#1863=CARTESIAN_POINT('Origin',(50.,-6.,-100.));
#1864=CARTESIAN_POINT('',(40.,-6.,-98.5));
#1865=CARTESIAN_POINT('',(50.,-6.,-98.5));
#1866=CARTESIAN_POINT('Origin',(40.,-6.,-100.));
#1867=CARTESIAN_POINT('Origin',(50.,0.,-85.));
#1868=CARTESIAN_POINT('',(50.,-1.83697019872103E-16,-83.5));
#1869=CARTESIAN_POINT('Origin',(50.,0.,-85.));
#1870=CARTESIAN_POINT('',(40.,-1.83697019872103E-16,-83.5));
#1871=CARTESIAN_POINT('',(50.,1.83697019872103E-16,-83.5));
#1872=CARTESIAN_POINT('Origin',(40.,0.,-85.));
#1873=CARTESIAN_POINT('Origin',(50.,6.,-70.));
#1874=CARTESIAN_POINT('',(50.,6.,-68.5));
#1875=CARTESIAN_POINT('Origin',(50.,6.,-70.));
#1876=CARTESIAN_POINT('',(40.,6.,-68.5));
#1877=CARTESIAN_POINT('',(50.,6.,-68.5));
#1878=CARTESIAN_POINT('Origin',(40.,6.,-70.));
#1879=CARTESIAN_POINT('Origin',(50.,-12.,-55.));
#1880=CARTESIAN_POINT('',(50.,-12.,-53.5));
#1881=CARTESIAN_POINT('Origin',(50.,-12.,-55.));
#1882=CARTESIAN_POINT('',(40.,-12.,-53.5));
#1883=CARTESIAN_POINT('',(50.,-12.,-53.5));
#1884=CARTESIAN_POINT('Origin',(40.,-12.,-55.));
#1885=CARTESIAN_POINT('Origin',(50.,12.,-55.));
#1886=CARTESIAN_POINT('',(50.,12.,-53.5));
#1887=CARTESIAN_POINT('Origin',(50.,12.,-55.));
#1888=CARTESIAN_POINT('',(40.,12.,-53.5));
#1889=CARTESIAN_POINT('',(50.,12.,-53.5));
#1890=CARTESIAN_POINT('Origin',(40.,12.,-55.));
#1891=CARTESIAN_POINT('Origin',(50.,-6.,-40.));
#1892=CARTESIAN_POINT('',(50.,-6.,-38.5));
#1893=CARTESIAN_POINT('Origin',(50.,-6.,-40.));
#1894=CARTESIAN_POINT('',(40.,-6.,-38.5));
#1895=CARTESIAN_POINT('',(50.,-6.,-38.5));
#1896=CARTESIAN_POINT('Origin',(40.,-6.,-40.));
#1897=CARTESIAN_POINT('Origin',(50.,0.,-25.));
#1898=CARTESIAN_POINT('',(50.,-1.83697019872103E-16,-23.5));
#1899=CARTESIAN_POINT('Origin',(50.,0.,-25.));
#1900=CARTESIAN_POINT('',(40.,-1.83697019872103E-16,-23.5));
#1901=CARTESIAN_POINT('',(50.,1.83697019872103E-16,-23.5));
#1902=CARTESIAN_POINT('Origin',(40.,0.,-25.));
#1903=CARTESIAN_POINT('Origin',(50.,-6.,-10.));
#1904=CARTESIAN_POINT('',(50.,-6.,-8.5));
#1905=CARTESIAN_POINT('Origin',(50.,-6.,-10.));
#1906=CARTESIAN_POINT('',(40.,-6.,-8.5));
#1907=CARTESIAN_POINT('',(50.,-6.,-8.5));
#1908=CARTESIAN_POINT('Origin',(40.,-6.,-10.));
#1909=CARTESIAN_POINT('Origin',(50.,6.,-10.));
#1910=CARTESIAN_POINT('',(50.,6.,-8.5));
#1911=CARTESIAN_POINT('Origin',(50.,6.,-10.));
#1912=CARTESIAN_POINT('',(40.,6.,-8.5));
#1913=CARTESIAN_POINT('',(50.,6.,-8.5));
#1914=CARTESIAN_POINT('Origin',(40.,6.,-10.));
#1915=CARTESIAN_POINT('Origin',(50.,12.,-25.));
#1916=CARTESIAN_POINT('',(50.,12.,-23.5));
#1917=CARTESIAN_POINT('Origin',(50.,12.,-25.));
#1918=CARTESIAN_POINT('',(40.,12.,-23.5));
#1919=CARTESIAN_POINT('',(50.,12.,-23.5));
#1920=CARTESIAN_POINT('Origin',(40.,12.,-25.));
#1921=CARTESIAN_POINT('Origin',(50.,-12.,-25.));
#1922=CARTESIAN_POINT('',(50.,-12.,-23.5));
#1923=CARTESIAN_POINT('Origin',(50.,-12.,-25.));
#1924=CARTESIAN_POINT('',(40.,-12.,-23.5));
#1925=CARTESIAN_POINT('',(50.,-12.,-23.5));
#1926=CARTESIAN_POINT('Origin',(40.,-12.,-25.));
#1927=CARTESIAN_POINT('Origin',(50.,6.,-40.));
#1928=CARTESIAN_POINT('',(50.,6.,-38.5));
#1929=CARTESIAN_POINT('Origin',(50.,6.,-40.));
#1930=CARTESIAN_POINT('',(40.,6.,-38.5));
#1931=CARTESIAN_POINT('',(50.,6.,-38.5));
#1932=CARTESIAN_POINT('Origin',(40.,6.,-40.));
#1933=CARTESIAN_POINT('Origin',(50.,0.,-55.));
#1934=CARTESIAN_POINT('',(50.,-1.83697019872103E-16,-53.5));
#1935=CARTESIAN_POINT('Origin',(50.,0.,-55.));
#1936=CARTESIAN_POINT('',(40.,-1.83697019872103E-16,-53.5));
#1937=CARTESIAN_POINT('',(50.,1.83697019872103E-16,-53.5));
#1938=CARTESIAN_POINT('Origin',(40.,0.,-55.));
#1939=CARTESIAN_POINT('Origin',(50.,-6.,-70.));
#1940=CARTESIAN_POINT('',(50.,-6.,-68.5));
#1941=CARTESIAN_POINT('Origin',(50.,-6.,-70.));
#1942=CARTESIAN_POINT('',(40.,-6.,-68.5));
#1943=CARTESIAN_POINT('',(50.,-6.,-68.5));
#1944=CARTESIAN_POINT('Origin',(40.,-6.,-70.));
#1945=CARTESIAN_POINT('Origin',(50.,12.,-85.));
#1946=CARTESIAN_POINT('',(50.,12.,-83.5));
#1947=CARTESIAN_POINT('Origin',(50.,12.,-85.));
#1948=CARTESIAN_POINT('',(40.,12.,-83.5));
#1949=CARTESIAN_POINT('',(50.,12.,-83.5));
#1950=CARTESIAN_POINT('Origin',(40.,12.,-85.));
#1951=CARTESIAN_POINT('Origin',(50.,-12.,-85.));
#1952=CARTESIAN_POINT('',(50.,-12.,-83.5));
#1953=CARTESIAN_POINT('Origin',(50.,-12.,-85.));
#1954=CARTESIAN_POINT('',(40.,-12.,-83.5));
#1955=CARTESIAN_POINT('',(50.,-12.,-83.5));
#1956=CARTESIAN_POINT('Origin',(40.,-12.,-85.));
#1957=CARTESIAN_POINT('Origin',(50.,6.,-100.));
#1958=CARTESIAN_POINT('',(50.,6.,-98.5));
#1959=CARTESIAN_POINT('Origin',(50.,6.,-100.));
#1960=CARTESIAN_POINT('',(40.,6.,-98.5));
#1961=CARTESIAN_POINT('',(50.,6.,-98.5));
#1962=CARTESIAN_POINT('Origin',(40.,6.,-100.));
#1963=CARTESIAN_POINT('Origin',(50.,0.,-100.));
#1964=CARTESIAN_POINT('',(50.,-1.83697019872103E-16,-98.5));
#1965=CARTESIAN_POINT('Origin',(50.,0.,-100.));
#1966=CARTESIAN_POINT('',(40.,-1.83697019872103E-16,-98.5));
#1967=CARTESIAN_POINT('',(50.,1.83697019872103E-16,-98.5));
#1968=CARTESIAN_POINT('Origin',(40.,0.,-100.));
#1969=CARTESIAN_POINT('Origin',(50.,-6.,-85.));
#1970=CARTESIAN_POINT('',(50.,-6.,-83.5));
#1971=CARTESIAN_POINT('Origin',(50.,-6.,-85.));
#1972=CARTESIAN_POINT('',(40.,-6.,-83.5));
#1973=CARTESIAN_POINT('',(50.,-6.,-83.5));
#1974=CARTESIAN_POINT('Origin',(40.,-6.,-85.));
#1975=CARTESIAN_POINT('Origin',(50.,12.,-70.));
#1976=CARTESIAN_POINT('',(50.,12.,-68.5));
#1977=CARTESIAN_POINT('Origin',(50.,12.,-70.));
#1978=CARTESIAN_POINT('',(40.,12.,-68.5));
#1979=CARTESIAN_POINT('',(50.,12.,-68.5));
#1980=CARTESIAN_POINT('Origin',(40.,12.,-70.));
#1981=CARTESIAN_POINT('Origin',(50.,-12.,-70.));
#1982=CARTESIAN_POINT('',(50.,-12.,-68.5));
#1983=CARTESIAN_POINT('Origin',(50.,-12.,-70.));
#1984=CARTESIAN_POINT('',(40.,-12.,-68.5));
#1985=CARTESIAN_POINT('',(50.,-12.,-68.5));
#1986=CARTESIAN_POINT('Origin',(40.,-12.,-70.));
#1987=CARTESIAN_POINT('Origin',(50.,6.,-55.));
#1988=CARTESIAN_POINT('',(50.,6.,-53.5));
#1989=CARTESIAN_POINT('Origin',(50.,6.,-55.));
#1990=CARTESIAN_POINT('',(40.,6.,-53.5));
#1991=CARTESIAN_POINT('',(50.,6.,-53.5));
#1992=CARTESIAN_POINT('Origin',(40.,6.,-55.));
#1993=CARTESIAN_POINT('Origin',(50.,0.,-40.));
#1994=CARTESIAN_POINT('',(50.,-1.83697019872103E-16,-38.5));
#1995=CARTESIAN_POINT('Origin',(50.,0.,-40.));
#1996=CARTESIAN_POINT('',(40.,-1.83697019872103E-16,-38.5));
#1997=CARTESIAN_POINT('',(50.,1.83697019872103E-16,-38.5));
#1998=CARTESIAN_POINT('Origin',(40.,0.,-40.));
#1999=CARTESIAN_POINT('Origin',(50.,-6.,-25.));
#2000=CARTESIAN_POINT('',(50.,-6.,-23.5));
#2001=CARTESIAN_POINT('Origin',(50.,-6.,-25.));
#2002=CARTESIAN_POINT('',(40.,-6.,-23.5));
#2003=CARTESIAN_POINT('',(50.,-6.,-23.5));
#2004=CARTESIAN_POINT('Origin',(40.,-6.,-25.));
#2005=CARTESIAN_POINT('Origin',(50.,-12.,-10.));
#2006=CARTESIAN_POINT('',(50.,-12.,-8.5));
#2007=CARTESIAN_POINT('Origin',(50.,-12.,-10.));
#2008=CARTESIAN_POINT('',(40.,-12.,-8.5));
#2009=CARTESIAN_POINT('',(50.,-12.,-8.5));
#2010=CARTESIAN_POINT('Origin',(40.,-12.,-10.));
#2011=CARTESIAN_POINT('Origin',(50.,12.,-10.));
#2012=CARTESIAN_POINT('',(50.,12.,-8.5));
#2013=CARTESIAN_POINT('Origin',(50.,12.,-10.));
#2014=CARTESIAN_POINT('',(40.,12.,-8.5));
#2015=CARTESIAN_POINT('',(50.,12.,-8.5));
#2016=CARTESIAN_POINT('Origin',(40.,12.,-10.));
#2017=CARTESIAN_POINT('Origin',(40.,20.0000002980232,5.00000007450581));
#2018=CARTESIAN_POINT('',(47.5643751861165,20.0000003358199,8.00000007450581));
#2019=CARTESIAN_POINT('',(40.,20.0000002980232,8.00000007450581));
#2020=CARTESIAN_POINT('',(45.076679011009,22.9104277984592,5.7276069496148));
#2021=CARTESIAN_POINT('Ctrl Pts',(45.076679011009,22.9104277984592,5.7276069496148));
#2022=CARTESIAN_POINT('Ctrl Pts',(45.076679011009,22.9406959564896,5.60653431749344));
#2023=CARTESIAN_POINT('Ctrl Pts',(45.0882302631811,22.9630990384375,5.48489570055413));
#2024=CARTESIAN_POINT('Ctrl Pts',(45.1332356683764,22.9931385272476,5.23846348877583));
#2025=CARTESIAN_POINT('Ctrl Pts',(45.1668154035209,23.0002024125032,5.11553079687734));
#2026=CARTESIAN_POINT('Ctrl Pts',(45.3227664386394,22.9994409492836,4.67059897239972));
#2027=CARTESIAN_POINT('Ctrl Pts',(45.4978217089532,22.9461415528742,4.36566687367894));
#2028=CARTESIAN_POINT('Ctrl Pts',(46.0012793263023,22.7198419105621,3.65260494672674));
#2029=CARTESIAN_POINT('Ctrl Pts',(46.40434089956,22.4731823784641,3.22986043862047));
#2030=CARTESIAN_POINT('Ctrl Pts',(47.1820082730152,21.8243831721803,2.5823133391303));
#2031=CARTESIAN_POINT('Ctrl Pts',(47.539256609618,21.4640488083762,2.34529279800874));
#2032=CARTESIAN_POINT('Ctrl Pts',(48.0596031906247,20.8216850429525,2.10397390589197));
#2033=CARTESIAN_POINT('Ctrl Pts',(48.2411375254455,20.5716971388856,2.0431942243546));
#2034=CARTESIAN_POINT('Ctrl Pts',(48.5411627135792,20.1076744434413,1.99508110672939));
#2035=CARTESIAN_POINT('Ctrl Pts',(48.6641500325889,19.8992830188698,1.99412028305467));
#2036=CARTESIAN_POINT('Ctrl Pts',(48.8974062106271,19.4649448914602,2.03964996283374));
#2037=CARTESIAN_POINT('Ctrl Pts',(49.0057919301157,19.2404223603822,2.08825799123181));
#2038=CARTESIAN_POINT('Ctrl Pts',(49.2370560736118,18.7078419762117,2.27266782096153));
#2039=CARTESIAN_POINT('Ctrl Pts',(49.3453278529506,18.4092620268734,2.43309157837524));
#2040=CARTESIAN_POINT('Ctrl Pts',(49.517601699004,17.8519744813844,2.87414602733694));
#2041=CARTESIAN_POINT('Ctrl Pts',(49.5764903180279,17.6053711059305,3.15443240054295));
#2042=CARTESIAN_POINT('Ctrl Pts',(49.64723815468,17.2251692357244,3.7998033522869));
#2043=CARTESIAN_POINT('Ctrl Pts',(49.658741238075,17.0962008466847,4.15736141056312));
#2044=CARTESIAN_POINT('Ctrl Pts',(49.6386363672581,16.9830605526935,4.87007077195455));
#2045=CARTESIAN_POINT('Ctrl Pts',(49.6106021878224,16.9883342629024,5.21670196348474));
#2046=CARTESIAN_POINT('Ctrl Pts',(49.5038647284864,17.1220596745097,5.9296918014768));
#2047=CARTESIAN_POINT('Ctrl Pts',(49.420621771544,17.262939838364,6.28308962020702));
#2048=CARTESIAN_POINT('Ctrl Pts',(49.2126408697248,17.6155094664073,6.8435959090881));
#2049=CARTESIAN_POINT('Ctrl Pts',(49.1027901720695,17.8015292655617,7.06007606831133));
#2050=CARTESIAN_POINT('Ctrl Pts',(48.8736174454645,18.1718678585727,7.38853533374384));
#2051=CARTESIAN_POINT('Ctrl Pts',(48.7627634752036,18.3458636498524,7.51138761754857));
#2052=CARTESIAN_POINT('Ctrl Pts',(48.5155153939279,18.7187629309455,7.721558918941));
#2053=CARTESIAN_POINT('Ctrl Pts',(48.3787856637741,18.9173530231321,7.8057261152286));
#2054=CARTESIAN_POINT('Ctrl Pts',(48.0240305356585,19.4115684198298,7.95767568849002));
#2055=CARTESIAN_POINT('Ctrl Pts',(47.7980976222154,19.7088744243412,8.00000007961116));
#2056=CARTESIAN_POINT('Ctrl Pts',(47.5643752045683,20.000000350633,8.00000007450581));
#2057=CARTESIAN_POINT('Ctrl Pts',(47.5643752045683,20.000000350633,8.00000007450581));
#2058=CARTESIAN_POINT('Ctrl Pts',(47.5614736956487,20.0036144860692,8.00000007444243));
#2059=CARTESIAN_POINT('Ctrl Pts',(47.5585710176273,20.0072276942544,7.99999354339236));
#2060=CARTESIAN_POINT('Ctrl Pts',(47.1418715106014,20.5255873231276,7.99812058389258));
#2061=CARTESIAN_POINT('Ctrl Pts',(46.7123280231372,21.0081340632195,7.86451881208382));
#2062=CARTESIAN_POINT('Ctrl Pts',(46.0231442905537,21.7479681738581,7.4659803204964));
#2063=CARTESIAN_POINT('Ctrl Pts',(45.7468993873232,22.0324822296763,7.23539258624392));
#2064=CARTESIAN_POINT('Ctrl Pts',(45.3887386051477,22.4223339951923,6.78568745488691));
#2065=CARTESIAN_POINT('Ctrl Pts',(45.2633591593332,22.5658601028308,6.57690677342518));
#2066=CARTESIAN_POINT('Ctrl Pts',(45.1139462322439,22.7793868902927,6.14908825120718));
#2067=CARTESIAN_POINT('Ctrl Pts',(45.076679011009,22.8561170552095,5.94484992261351));
#2068=CARTESIAN_POINT('Ctrl Pts',(45.076679011009,22.9104277984592,5.72760694961481));
#2069=CARTESIAN_POINT('Origin',(40.,-20.0000002980232,5.00000007450581));
#2070=CARTESIAN_POINT('',(47.5643752469912,-20.000000297907,8.00000007450581));
#2071=CARTESIAN_POINT('',(40.,-20.0000002980232,8.00000007450581));
#2072=CARTESIAN_POINT('',(45.076679011009,-22.9104277984592,5.72760694961481));
#2073=CARTESIAN_POINT('Ctrl Pts',(45.076679011009,-22.9104277984592,5.72760694961481));
#2074=CARTESIAN_POINT('Ctrl Pts',(45.076679011009,-22.8801596404289,5.84867958173617));
#2075=CARTESIAN_POINT('Ctrl Pts',(45.0882302631811,-22.842685363588,5.96655039995225));
#2076=CARTESIAN_POINT('Ctrl Pts',(45.1332356683764,-22.7532226952306,6.19812681684373));
#2077=CARTESIAN_POINT('Ctrl Pts',(45.1668154035209,-22.7016048566215,6.30992102040387));
#2078=CARTESIAN_POINT('Ctrl Pts',(45.3227664386394,-22.491553295203,6.70214958872197));
#2079=CARTESIAN_POINT('Ctrl Pts',(45.4978217089532,-22.3010269577967,6.9461252539888));
#2080=CARTESIAN_POINT('Ctrl Pts',(46.0012793263023,-21.7657922489556,7.46880359315266));
#2081=CARTESIAN_POINT('Ctrl Pts',(46.40434089956,-21.3492128932897,7.72573837931797));
#2082=CARTESIAN_POINT('Ctrl Pts',(47.0753044247613,-20.592375408953,7.95528173603812));
#2083=CARTESIAN_POINT('Ctrl Pts',(47.3241477814242,-20.2992289494004,8.00000007452899));
#2084=CARTESIAN_POINT('Ctrl Pts',(47.5643752469912,-20.0000002977908,8.00000007450581));
#2085=CARTESIAN_POINT('Ctrl Pts',(47.5643752469912,-20.0000002977908,8.00000007450581));
#2086=CARTESIAN_POINT('Ctrl Pts',(47.668256009466,-19.870605849033,8.00000007449578));
#2087=CARTESIAN_POINT('Ctrl Pts',(47.7705613685223,-19.7401027181172,7.99163031832));
#2088=CARTESIAN_POINT('Ctrl Pts',(48.0596031906247,-19.3621804053779,7.94199245619063));
#2089=CARTESIAN_POINT('Ctrl Pts',(48.2411375254455,-19.1130006398895,7.87798022033917));
#2090=CARTESIAN_POINT('Ctrl Pts',(48.5411627135792,-18.6809273826739,7.70206934979942));
#2091=CARTESIAN_POINT('Ctrl Pts',(48.6641500325889,-18.4966004439697,7.60485058265519));
#2092=CARTESIAN_POINT('Ctrl Pts',(48.8974062106271,-18.1347866514454,7.36028292289266));
#2093=CARTESIAN_POINT('Ctrl Pts',(49.0057919301157,-17.9595529020933,7.21173582438704));
#2094=CARTESIAN_POINT('Ctrl Pts',(49.2370560736118,-17.576410130051,6.79839520560414));
#2095=CARTESIAN_POINT('Ctrl Pts',(49.3453278529506,-17.3884507664766,6.51633661996226));
#2096=CARTESIAN_POINT('Ctrl Pts',(49.517601699004,-17.1042814964389,5.8649179671189));
#2097=CARTESIAN_POINT('Ctrl Pts',(49.5764903180279,-17.0185897525471,5.50155781407643));
#2098=CARTESIAN_POINT('Ctrl Pts',(49.64723815468,-16.9868214914212,4.75319432949951));
#2099=CARTESIAN_POINT('Ctrl Pts',(49.658741238075,-17.0412884696927,4.37701091853124));
#2100=CARTESIAN_POINT('Ctrl Pts',(49.6386363672581,-17.2768514391788,3.6949072260135));
#2101=CARTESIAN_POINT('Ctrl Pts',(49.6106021878224,-17.4446252736126,3.39153792064399));
#2102=CARTESIAN_POINT('Ctrl Pts',(49.5038647284864,-17.8981429134977,2.82535884552505));
#2103=CARTESIAN_POINT('Ctrl Pts',(49.420621771544,-18.1887537963009,2.5798337884592));
#2104=CARTESIAN_POINT('Ctrl Pts',(49.2126408697248,-18.7636123099303,2.25118453499629));
#2105=CARTESIAN_POINT('Ctrl Pts',(49.1027901720694,-19.0296204429362,2.14771135881314));
#2106=CARTESIAN_POINT('Ctrl Pts',(48.8736174454646,-19.5109588557966,2.03217134484849));
#2107=CARTESIAN_POINT('Ctrl Pts',(48.7627634752036,-19.722297393422,2.00565264327003));
#2108=CARTESIAN_POINT('Ctrl Pts',(48.5155153939279,-20.1502303126889,1.99568939196761));
#2109=CARTESIAN_POINT('Ctrl Pts',(48.3787856637741,-20.3650649569888,2.01487837980163));
#2110=CARTESIAN_POINT('Ctrl Pts',(48.0214177101677,-20.8763814372328,2.11410263694762));
#2111=CARTESIAN_POINT('Ctrl Pts',(47.7924804089674,-21.1618910592959,2.21849100336586));
#2112=CARTESIAN_POINT('Ctrl Pts',(47.1418715106016,-21.8746337951795,2.60193469568416));
#2113=CARTESIAN_POINT('Ctrl Pts',(46.7123280231373,-22.2375389085272,2.94689943085276));
#2114=CARTESIAN_POINT('Ctrl Pts',(46.0231442905536,-22.702786186579,3.64670826961297));
#2115=CARTESIAN_POINT('Ctrl Pts',(45.7468993873232,-22.8453161255939,3.98405700257375));
#2116=CARTESIAN_POINT('Ctrl Pts',(45.3887386051477,-22.9776770333518,4.56431530224907));
#2117=CARTESIAN_POINT('Ctrl Pts',(45.2633591593332,-23.0060679841096,4.8160752483099));
#2118=CARTESIAN_POINT('Ctrl Pts',(45.1139462322439,-22.9931476096499,5.29404537377852));
#2119=CARTESIAN_POINT('Ctrl Pts',(45.076679011009,-22.9647385417089,5.51036397661612));
#2120=CARTESIAN_POINT('Ctrl Pts',(45.076679011009,-22.9104277984592,5.7276069496148));
#2121=CARTESIAN_POINT('Origin',(40.,14.999998796828,-64.999999722345));
#2122=CARTESIAN_POINT('',(40.,24.9999998148966,-119.99999944469));
#2123=CARTESIAN_POINT('',(50.,14.9999998148966,-119.999999629793));
#2124=CARTESIAN_POINT('Origin',(40.,14.9999998148966,-119.999999629793));
#2125=CARTESIAN_POINT('',(40.,24.999998796828,-64.9999995372416));
#2126=CARTESIAN_POINT('',(40.,24.999997593453,0.0109693821737477));
#2127=CARTESIAN_POINT('',(40.,24.999998796828,-64.9999995372416));
#2128=CARTESIAN_POINT('',(49.9999999999999,14.9999959892233,0.0109691970703421));
#2129=CARTESIAN_POINT('Origin',(40.,14.999997593453,0.0109691970703718));
#2130=CARTESIAN_POINT('',(50.,14.999998796828,-64.999999722345));
#2131=CARTESIAN_POINT('Origin',(40.,-15.,0.));
#2132=CARTESIAN_POINT('',(50.,-15.,-119.999999907448));
#2133=CARTESIAN_POINT('',(50.,-15.,-9.18319240095222E-16));
#2134=CARTESIAN_POINT('',(50.,-15.,0.));
#2135=CARTESIAN_POINT('',(40.,-25.,0.));
#2136=CARTESIAN_POINT('Origin',(40.,-15.,-9.18319240095222E-16));
#2137=CARTESIAN_POINT('',(40.,-25.,0.));
#2138=CARTESIAN_POINT('',(40.,-25.,-119.999999907448));
#2139=CARTESIAN_POINT('',(40.,-25.,0.));
#2140=CARTESIAN_POINT('Origin',(40.,-15.,-119.999999907448));
#2141=CARTESIAN_POINT('Origin',(40.,0.00344548797542421,-52.5));
#2142=CARTESIAN_POINT('',(40.,-14.9999999074483,-129.999999907448));
#2143=CARTESIAN_POINT('Origin',(40.,-15.,-119.999999907448));
#2144=CARTESIAN_POINT('Origin',(40.,0.,0.));
#2145=CARTESIAN_POINT('',(40.,14.9999999074483,-129.999999629793));
#2146=CARTESIAN_POINT('Origin',(40.,14.9999998148966,-119.999999629793));
#2147=CARTESIAN_POINT('',(40.,-12.499999398414,-129.99999988431));
#2148=CARTESIAN_POINT('Origin',(40.,14.9999998148966,-119.999999629793));
#2149=CARTESIAN_POINT('Origin',(40.,14.9999998148966,-119.999999629793));
#2150=CARTESIAN_POINT('Origin',(40.,-12.4999994909657,-119.99999988431));
#2151=CARTESIAN_POINT('',(50.,-12.4999994909657,-119.99999988431));
#2152=CARTESIAN_POINT('Origin',(40.,-15.,-119.999999907448));
#2153=CARTESIAN_POINT('Origin',(40.,-15.,-119.999999907448));
#2154=CARTESIAN_POINT('Origin',(50.,0.,0.));
#2155=CARTESIAN_POINT('Origin',(50.,0.,0.));
#2156=CARTESIAN_POINT('Origin',(40.,0.,0.));
#2157=UNCERTAINTY_MEASURE_WITH_UNIT(LENGTH_MEASURE(0.01),#2161,
'DISTANCE_ACCURACY_VALUE',
'Maximum model space distance between geometric entities at asserted c
onnectivities');
#2158=UNCERTAINTY_MEASURE_WITH_UNIT(LENGTH_MEASURE(0.01),#2161,
'DISTANCE_ACCURACY_VALUE',
'Maximum model space distance between geometric entities at asserted c
onnectivities');
#2159=(
GEOMETRIC_REPRESENTATION_CONTEXT(3)
GLOBAL_UNCERTAINTY_ASSIGNED_CONTEXT((#2157))
GLOBAL_UNIT_ASSIGNED_CONTEXT((#2161,#2163,#2164))
REPRESENTATION_CONTEXT('','3D')
);
#2160=(
GEOMETRIC_REPRESENTATION_CONTEXT(3)
GLOBAL_UNCERTAINTY_ASSIGNED_CONTEXT((#2158))
GLOBAL_UNIT_ASSIGNED_CONTEXT((#2161,#2163,#2164))
REPRESENTATION_CONTEXT('','3D')
);
#2161=(
LENGTH_UNIT()
NAMED_UNIT(*)
SI_UNIT(.MILLI.,.METRE.)
);
#2162=(
LENGTH_UNIT()
NAMED_UNIT(*)
SI_UNIT($,.METRE.)
);
#2163=(
NAMED_UNIT(*)
PLANE_ANGLE_UNIT()
SI_UNIT($,.RADIAN.)
);
#2164=(
NAMED_UNIT(*)
SI_UNIT($,.STERADIAN.)
SOLID_ANGLE_UNIT()
);
#2165=SHAPE_DEFINITION_REPRESENTATION(#2166,#2167);
#2166=PRODUCT_DEFINITION_SHAPE('',$,#2169);
#2167=SHAPE_REPRESENTATION('',(#1177),#2159);
#2168=PRODUCT_DEFINITION_CONTEXT('part definition',#2173,'design');
#2169=PRODUCT_DEFINITION('HILAL 73 - 3_Joint 2 Cover V2',
'HILAL 73 - 3_Joint 2 Cover V2 v4',#2170,#2168);
#2170=PRODUCT_DEFINITION_FORMATION('',$,#2175);
#2171=PRODUCT_RELATED_PRODUCT_CATEGORY(
'HILAL 73 - 3_Joint 2 Cover V2 v4','HILAL 73 - 3_Joint 2 Cover V2 v4',(#2175));
#2172=APPLICATION_PROTOCOL_DEFINITION('international standard',
'automotive_design',2009,#2173);
#2173=APPLICATION_CONTEXT(
'Core Data for Automotive Mechanical Design Process');
#2174=PRODUCT_CONTEXT('part definition',#2173,'mechanical');
#2175=PRODUCT('HILAL 73 - 3_Joint 2 Cover V2',
'HILAL 73 - 3_Joint 2 Cover V2 v4',$,(#2174));
#2176=PRESENTATION_STYLE_ASSIGNMENT((#2178));
#2177=PRESENTATION_STYLE_ASSIGNMENT((#2179));
#2178=SURFACE_STYLE_USAGE(.BOTH.,#2180);
#2179=SURFACE_STYLE_USAGE(.BOTH.,#2181);
#2180=SURFACE_SIDE_STYLE('',(#2182));
#2181=SURFACE_SIDE_STYLE('',(#2183));
#2182=SURFACE_STYLE_FILL_AREA(#2184);
#2183=SURFACE_STYLE_FILL_AREA(#2185);
#2184=FILL_AREA_STYLE('Steel - Satin',(#2186));
#2185=FILL_AREA_STYLE('Plastic - Translucent Matte (Blue)',(#2187));
#2186=FILL_AREA_STYLE_COLOUR('Steel - Satin',#2188);
#2187=FILL_AREA_STYLE_COLOUR('Plastic - Translucent Matte (Blue)',#2189);
#2188=COLOUR_RGB('Steel - Satin',0.627450980392157,0.627450980392157,0.627450980392157);
#2189=COLOUR_RGB('Plastic - Translucent Matte (Blue)',0.,0.,0.);
ENDSEC;
END-ISO-10303-21;
