ISO-10303-21;
HEADER;
/* Generated by software containing ST-Developer
 * from STEP Tools, Inc. (www.steptools.com) 
 */

FILE_DESCRIPTION(
/* description */ (''),
/* implementation_level */ '2;1');

FILE_NAME(
/* name */ 'Joint1 Body.step',
/* time_stamp */ '2026-04-06T22:47:45+02:00',
/* author */ (''),
/* organization */ (''),
/* preprocessor_version */ 'ST-DEVELOPER v20.1',
/* originating_system */ 'Autodesk Translation Framework v14.24.0.0',
/* authorisation */ '');

FILE_SCHEMA (('AUTOMOTIVE_DESIGN { 1 0 10303 214 3 1 1 }'));
ENDSEC;

DATA;
#10=MECHANICAL_DESIGN_GEOMETRIC_PRESENTATION_REPRESENTATION('',(#13),#2253);
#11=SHAPE_REPRESENTATION_RELATIONSHIP('SRR','None',#2260,#12);
#12=ADVANCED_BREP_SHAPE_REPRESENTATION('',(#14),#2252);
#13=STYLED_ITEM('',(#2270),#14);
#14=MANIFOLD_SOLID_BREP('Body',#1303);
#15=TOROIDAL_SURFACE('',#1438,10.,5.);
#16=TOROIDAL_SURFACE('',#1443,10.,5.00000000000001);
#17=TOROIDAL_SURFACE('',#1450,45.,5.);
#18=TOROIDAL_SURFACE('',#1458,45.,5.);
#19=FACE_BOUND('',#240,.T.);
#20=FACE_BOUND('',#243,.T.);
#21=FACE_BOUND('',#252,.T.);
#22=FACE_BOUND('',#253,.T.);
#23=FACE_BOUND('',#254,.T.);
#24=FACE_BOUND('',#257,.T.);
#25=FACE_BOUND('',#258,.T.);
#26=FACE_BOUND('',#259,.T.);
#27=FACE_BOUND('',#260,.T.);
#28=FACE_BOUND('',#261,.T.);
#29=FACE_BOUND('',#262,.T.);
#30=FACE_BOUND('',#277,.T.);
#31=FACE_BOUND('',#278,.T.);
#32=FACE_BOUND('',#279,.T.);
#33=FACE_BOUND('',#280,.T.);
#34=FACE_BOUND('',#281,.T.);
#35=FACE_BOUND('',#306,.T.);
#36=FACE_BOUND('',#321,.T.);
#37=FACE_BOUND('',#322,.T.);
#38=FACE_BOUND('',#324,.T.);
#39=FACE_BOUND('',#325,.T.);
#40=FACE_BOUND('',#326,.T.);
#41=FACE_BOUND('',#327,.T.);
#42=FACE_BOUND('',#328,.T.);
#43=FACE_BOUND('',#329,.T.);
#44=FACE_BOUND('',#330,.T.);
#45=CYLINDRICAL_SURFACE('',#1321,1.6);
#46=CYLINDRICAL_SURFACE('',#1326,1.6);
#47=CYLINDRICAL_SURFACE('',#1341,35.);
#48=CYLINDRICAL_SURFACE('',#1343,20.);
#49=CYLINDRICAL_SURFACE('',#1348,25.);
#50=CYLINDRICAL_SURFACE('',#1371,22.5);
#51=CYLINDRICAL_SURFACE('',#1374,27.5);
#52=CYLINDRICAL_SURFACE('',#1377,27.5);
#53=CYLINDRICAL_SURFACE('',#1380,22.5);
#54=CYLINDRICAL_SURFACE('',#1383,3.);
#55=CYLINDRICAL_SURFACE('',#1385,3.);
#56=CYLINDRICAL_SURFACE('',#1387,4.);
#57=CYLINDRICAL_SURFACE('',#1389,1.8);
#58=CYLINDRICAL_SURFACE('',#1402,4.);
#59=CYLINDRICAL_SURFACE('',#1403,1.8);
#60=CYLINDRICAL_SURFACE('',#1404,47.);
#61=CYLINDRICAL_SURFACE('',#1405,1.8);
#62=CYLINDRICAL_SURFACE('',#1406,4.);
#63=CYLINDRICAL_SURFACE('',#1407,1.8);
#64=CYLINDRICAL_SURFACE('',#1408,4.);
#65=CYLINDRICAL_SURFACE('',#1409,47.);
#66=CYLINDRICAL_SURFACE('',#1410,47.);
#67=CYLINDRICAL_SURFACE('',#1414,0.500000000000007);
#68=CYLINDRICAL_SURFACE('',#1417,0.500000000000026);
#69=CYLINDRICAL_SURFACE('',#1419,1.50000000000007);
#70=CYLINDRICAL_SURFACE('',#1421,1.50000000000007);
#71=CYLINDRICAL_SURFACE('',#1423,1.50000000000007);
#72=CYLINDRICAL_SURFACE('',#1425,1.50000000000007);
#73=CYLINDRICAL_SURFACE('',#1428,0.499999999999967);
#74=CYLINDRICAL_SURFACE('',#1431,0.500000000000025);
#75=CYLINDRICAL_SURFACE('',#1435,9.00000000000031);
#76=CYLINDRICAL_SURFACE('',#1448,5.);
#77=CYLINDRICAL_SURFACE('',#1454,5.);
#78=CYLINDRICAL_SURFACE('',#1455,5.);
#79=CYLINDRICAL_SURFACE('',#1456,5.);
#80=CYLINDRICAL_SURFACE('',#1462,5.);
#81=CYLINDRICAL_SURFACE('',#1463,50.);
#82=CYLINDRICAL_SURFACE('',#1467,50.);
#83=CIRCLE('',#1319,35.);
#84=CIRCLE('',#1322,1.6);
#85=CIRCLE('',#1323,1.6);
#86=CIRCLE('',#1325,3.);
#87=CIRCLE('',#1327,1.6);
#88=CIRCLE('',#1328,1.6);
#89=CIRCLE('',#1330,3.);
#90=CIRCLE('',#1332,1.8);
#91=CIRCLE('',#1334,1.8);
#92=CIRCLE('',#1336,1.8);
#93=CIRCLE('',#1338,1.8);
#94=CIRCLE('',#1340,20.);
#95=CIRCLE('',#1342,35.);
#96=CIRCLE('',#1344,20.);
#97=CIRCLE('',#1346,50.);
#98=CIRCLE('',#1347,25.);
#99=CIRCLE('',#1349,25.);
#100=CIRCLE('',#1351,4.);
#101=CIRCLE('',#1352,47.);
#102=CIRCLE('',#1353,4.);
#103=CIRCLE('',#1354,47.);
#104=CIRCLE('',#1355,4.);
#105=CIRCLE('',#1356,47.);
#106=CIRCLE('',#1357,4.);
#107=CIRCLE('',#1358,1.50000000000007);
#108=CIRCLE('',#1359,1.50000000000007);
#109=CIRCLE('',#1360,1.50000000000007);
#110=CIRCLE('',#1361,1.50000000000007);
#111=CIRCLE('',#1362,27.5);
#112=CIRCLE('',#1363,22.5);
#113=CIRCLE('',#1364,27.5);
#114=CIRCLE('',#1365,0.500000000000025);
#115=CIRCLE('',#1366,0.499999999999967);
#116=CIRCLE('',#1367,0.500000000000026);
#117=CIRCLE('',#1368,0.500000000000007);
#118=CIRCLE('',#1369,22.5);
#119=CIRCLE('',#1372,22.5);
#120=CIRCLE('',#1375,27.5);
#121=CIRCLE('',#1378,27.5);
#122=CIRCLE('',#1381,22.5);
#123=CIRCLE('',#1384,3.);
#124=CIRCLE('',#1386,3.);
#125=CIRCLE('',#1388,4.);
#126=CIRCLE('',#1390,1.8);
#127=CIRCLE('',#1392,50.);
#128=CIRCLE('',#1393,1.8);
#129=CIRCLE('',#1394,1.8);
#130=CIRCLE('',#1395,4.);
#131=CIRCLE('',#1396,47.);
#132=CIRCLE('',#1397,4.);
#133=CIRCLE('',#1398,47.);
#134=CIRCLE('',#1399,4.);
#135=CIRCLE('',#1400,47.);
#136=CIRCLE('',#1401,1.8);
#137=CIRCLE('',#1415,0.500000000000007);
#138=CIRCLE('',#1418,0.500000000000026);
#139=CIRCLE('',#1420,1.50000000000007);
#140=CIRCLE('',#1422,1.50000000000007);
#141=CIRCLE('',#1424,1.50000000000007);
#142=CIRCLE('',#1426,1.50000000000007);
#143=CIRCLE('',#1429,0.499999999999967);
#144=CIRCLE('',#1432,0.500000000000025);
#145=CIRCLE('',#1434,9.00000000000031);
#146=CIRCLE('',#1436,9.00000000000031);
#147=CIRCLE('',#1439,5.);
#148=CIRCLE('',#1440,5.);
#149=CIRCLE('',#1441,10.);
#150=CIRCLE('',#1442,5.);
#151=CIRCLE('',#1444,10.);
#152=CIRCLE('',#1445,5.);
#153=CIRCLE('',#1446,5.);
#154=CIRCLE('',#1447,5.00000000000001);
#155=CIRCLE('',#1449,5.);
#156=CIRCLE('',#1451,5.);
#157=CIRCLE('',#1452,45.);
#158=CIRCLE('',#1453,50.);
#159=CIRCLE('',#1457,5.);
#160=CIRCLE('',#1459,5.);
#161=CIRCLE('',#1460,50.);
#162=CIRCLE('',#1461,45.);
#163=FACE_OUTER_BOUND('',#235,.T.);
#164=FACE_OUTER_BOUND('',#236,.T.);
#165=FACE_OUTER_BOUND('',#237,.T.);
#166=FACE_OUTER_BOUND('',#238,.T.);
#167=FACE_OUTER_BOUND('',#239,.T.);
#168=FACE_OUTER_BOUND('',#241,.T.);
#169=FACE_OUTER_BOUND('',#242,.T.);
#170=FACE_OUTER_BOUND('',#244,.T.);
#171=FACE_OUTER_BOUND('',#245,.T.);
#172=FACE_OUTER_BOUND('',#246,.T.);
#173=FACE_OUTER_BOUND('',#247,.T.);
#174=FACE_OUTER_BOUND('',#248,.T.);
#175=FACE_OUTER_BOUND('',#249,.T.);
#176=FACE_OUTER_BOUND('',#250,.T.);
#177=FACE_OUTER_BOUND('',#251,.T.);
#178=FACE_OUTER_BOUND('',#255,.T.);
#179=FACE_OUTER_BOUND('',#256,.T.);
#180=FACE_OUTER_BOUND('',#263,.T.);
#181=FACE_OUTER_BOUND('',#264,.T.);
#182=FACE_OUTER_BOUND('',#265,.T.);
#183=FACE_OUTER_BOUND('',#266,.T.);
#184=FACE_OUTER_BOUND('',#267,.T.);
#185=FACE_OUTER_BOUND('',#268,.T.);
#186=FACE_OUTER_BOUND('',#269,.T.);
#187=FACE_OUTER_BOUND('',#270,.T.);
#188=FACE_OUTER_BOUND('',#271,.T.);
#189=FACE_OUTER_BOUND('',#272,.T.);
#190=FACE_OUTER_BOUND('',#273,.T.);
#191=FACE_OUTER_BOUND('',#274,.T.);
#192=FACE_OUTER_BOUND('',#275,.T.);
#193=FACE_OUTER_BOUND('',#276,.T.);
#194=FACE_OUTER_BOUND('',#282,.T.);
#195=FACE_OUTER_BOUND('',#283,.T.);
#196=FACE_OUTER_BOUND('',#284,.T.);
#197=FACE_OUTER_BOUND('',#285,.T.);
#198=FACE_OUTER_BOUND('',#286,.T.);
#199=FACE_OUTER_BOUND('',#287,.T.);
#200=FACE_OUTER_BOUND('',#288,.T.);
#201=FACE_OUTER_BOUND('',#289,.T.);
#202=FACE_OUTER_BOUND('',#290,.T.);
#203=FACE_OUTER_BOUND('',#291,.T.);
#204=FACE_OUTER_BOUND('',#292,.T.);
#205=FACE_OUTER_BOUND('',#293,.T.);
#206=FACE_OUTER_BOUND('',#294,.T.);
#207=FACE_OUTER_BOUND('',#295,.T.);
#208=FACE_OUTER_BOUND('',#296,.T.);
#209=FACE_OUTER_BOUND('',#297,.T.);
#210=FACE_OUTER_BOUND('',#298,.T.);
#211=FACE_OUTER_BOUND('',#299,.T.);
#212=FACE_OUTER_BOUND('',#300,.T.);
#213=FACE_OUTER_BOUND('',#301,.T.);
#214=FACE_OUTER_BOUND('',#302,.T.);
#215=FACE_OUTER_BOUND('',#303,.T.);
#216=FACE_OUTER_BOUND('',#304,.T.);
#217=FACE_OUTER_BOUND('',#305,.T.);
#218=FACE_OUTER_BOUND('',#307,.T.);
#219=FACE_OUTER_BOUND('',#308,.T.);
#220=FACE_OUTER_BOUND('',#309,.T.);
#221=FACE_OUTER_BOUND('',#310,.T.);
#222=FACE_OUTER_BOUND('',#311,.T.);
#223=FACE_OUTER_BOUND('',#312,.T.);
#224=FACE_OUTER_BOUND('',#313,.T.);
#225=FACE_OUTER_BOUND('',#314,.T.);
#226=FACE_OUTER_BOUND('',#315,.T.);
#227=FACE_OUTER_BOUND('',#316,.T.);
#228=FACE_OUTER_BOUND('',#317,.T.);
#229=FACE_OUTER_BOUND('',#318,.T.);
#230=FACE_OUTER_BOUND('',#319,.T.);
#231=FACE_OUTER_BOUND('',#320,.T.);
#232=FACE_OUTER_BOUND('',#323,.T.);
#233=FACE_OUTER_BOUND('',#331,.T.);
#234=FACE_OUTER_BOUND('',#332,.T.);
#235=EDGE_LOOP('',(#837,#838,#839,#840,#841,#842,#843,#844));
#236=EDGE_LOOP('',(#845,#846,#847,#848,#849,#850,#851,#852));
#237=EDGE_LOOP('',(#853,#854,#855,#856,#857,#858,#859,#860));
#238=EDGE_LOOP('',(#861,#862,#863,#864));
#239=EDGE_LOOP('',(#865));
#240=EDGE_LOOP('',(#866));
#241=EDGE_LOOP('',(#867,#868,#869,#870));
#242=EDGE_LOOP('',(#871));
#243=EDGE_LOOP('',(#872));
#244=EDGE_LOOP('',(#873));
#245=EDGE_LOOP('',(#874));
#246=EDGE_LOOP('',(#875));
#247=EDGE_LOOP('',(#876));
#248=EDGE_LOOP('',(#877,#878,#879,#880));
#249=EDGE_LOOP('',(#881,#882,#883,#884));
#250=EDGE_LOOP('',(#885,#886,#887,#888));
#251=EDGE_LOOP('',(#889,#890,#891,#892));
#252=EDGE_LOOP('',(#893));
#253=EDGE_LOOP('',(#894));
#254=EDGE_LOOP('',(#895,#896,#897,#898));
#255=EDGE_LOOP('',(#899,#900,#901,#902));
#256=EDGE_LOOP('',(#903,#904,#905,#906,#907,#908,#909,#910,#911,#912,#913,
#914,#915,#916));
#257=EDGE_LOOP('',(#917));
#258=EDGE_LOOP('',(#918));
#259=EDGE_LOOP('',(#919));
#260=EDGE_LOOP('',(#920));
#261=EDGE_LOOP('',(#921,#922,#923,#924));
#262=EDGE_LOOP('',(#925,#926,#927,#928,#929,#930,#931,#932,#933,#934,#935,
#936));
#263=EDGE_LOOP('',(#937,#938,#939,#940));
#264=EDGE_LOOP('',(#941,#942,#943,#944,#945));
#265=EDGE_LOOP('',(#946,#947,#948,#949));
#266=EDGE_LOOP('',(#950,#951,#952,#953,#954));
#267=EDGE_LOOP('',(#955,#956,#957,#958));
#268=EDGE_LOOP('',(#959,#960,#961,#962));
#269=EDGE_LOOP('',(#963,#964,#965,#966));
#270=EDGE_LOOP('',(#967,#968,#969,#970));
#271=EDGE_LOOP('',(#971,#972,#973,#974));
#272=EDGE_LOOP('',(#975,#976,#977,#978));
#273=EDGE_LOOP('',(#979,#980,#981,#982));
#274=EDGE_LOOP('',(#983,#984,#985,#986));
#275=EDGE_LOOP('',(#987,#988,#989,#990));
#276=EDGE_LOOP('',(#991,#992,#993,#994));
#277=EDGE_LOOP('',(#995));
#278=EDGE_LOOP('',(#996));
#279=EDGE_LOOP('',(#997));
#280=EDGE_LOOP('',(#998,#999,#1000,#1001,#1002,#1003,#1004,#1005,#1006,
#1007));
#281=EDGE_LOOP('',(#1008));
#282=EDGE_LOOP('',(#1009,#1010,#1011,#1012));
#283=EDGE_LOOP('',(#1013,#1014,#1015,#1016));
#284=EDGE_LOOP('',(#1017,#1018,#1019,#1020));
#285=EDGE_LOOP('',(#1021,#1022,#1023,#1024));
#286=EDGE_LOOP('',(#1025,#1026,#1027,#1028));
#287=EDGE_LOOP('',(#1029,#1030,#1031,#1032));
#288=EDGE_LOOP('',(#1033,#1034,#1035,#1036));
#289=EDGE_LOOP('',(#1037,#1038,#1039,#1040));
#290=EDGE_LOOP('',(#1041,#1042,#1043,#1044));
#291=EDGE_LOOP('',(#1045,#1046,#1047,#1048));
#292=EDGE_LOOP('',(#1049,#1050,#1051,#1052));
#293=EDGE_LOOP('',(#1053,#1054,#1055,#1056));
#294=EDGE_LOOP('',(#1057,#1058,#1059,#1060));
#295=EDGE_LOOP('',(#1061,#1062,#1063,#1064));
#296=EDGE_LOOP('',(#1065,#1066,#1067,#1068));
#297=EDGE_LOOP('',(#1069,#1070,#1071,#1072));
#298=EDGE_LOOP('',(#1073,#1074,#1075,#1076));
#299=EDGE_LOOP('',(#1077,#1078,#1079,#1080));
#300=EDGE_LOOP('',(#1081,#1082,#1083,#1084));
#301=EDGE_LOOP('',(#1085,#1086,#1087,#1088));
#302=EDGE_LOOP('',(#1089,#1090,#1091,#1092));
#303=EDGE_LOOP('',(#1093,#1094,#1095,#1096));
#304=EDGE_LOOP('',(#1097,#1098,#1099,#1100));
#305=EDGE_LOOP('',(#1101,#1102,#1103,#1104,#1105,#1106,#1107,#1108,#1109,
#1110));
#306=EDGE_LOOP('',(#1111));
#307=EDGE_LOOP('',(#1112,#1113,#1114,#1115));
#308=EDGE_LOOP('',(#1116,#1117,#1118,#1119));
#309=EDGE_LOOP('',(#1120,#1121,#1122,#1123));
#310=EDGE_LOOP('',(#1124,#1125,#1126,#1127));
#311=EDGE_LOOP('',(#1128,#1129,#1130,#1131));
#312=EDGE_LOOP('',(#1132,#1133,#1134,#1135));
#313=EDGE_LOOP('',(#1136,#1137,#1138,#1139));
#314=EDGE_LOOP('',(#1140,#1141,#1142,#1143));
#315=EDGE_LOOP('',(#1144,#1145,#1146,#1147));
#316=EDGE_LOOP('',(#1148,#1149,#1150,#1151));
#317=EDGE_LOOP('',(#1152,#1153,#1154,#1155));
#318=EDGE_LOOP('',(#1156,#1157,#1158,#1159));
#319=EDGE_LOOP('',(#1160,#1161,#1162,#1163,#1164,#1165,#1166));
#320=EDGE_LOOP('',(#1167,#1168,#1169,#1170));
#321=EDGE_LOOP('',(#1171));
#322=EDGE_LOOP('',(#1172));
#323=EDGE_LOOP('',(#1173,#1174,#1175,#1176));
#324=EDGE_LOOP('',(#1177,#1178,#1179,#1180));
#325=EDGE_LOOP('',(#1181,#1182,#1183,#1184));
#326=EDGE_LOOP('',(#1185));
#327=EDGE_LOOP('',(#1186));
#328=EDGE_LOOP('',(#1187));
#329=EDGE_LOOP('',(#1188));
#330=EDGE_LOOP('',(#1189));
#331=EDGE_LOOP('',(#1190,#1191,#1192,#1193));
#332=EDGE_LOOP('',(#1194,#1195,#1196,#1197,#1198,#1199,#1200));
#333=LINE('',#1881,#435);
#334=LINE('',#1883,#436);
#335=LINE('',#1885,#437);
#336=LINE('',#1887,#438);
#337=LINE('',#1889,#439);
#338=LINE('',#1891,#440);
#339=LINE('',#1893,#441);
#340=LINE('',#1894,#442);
#341=LINE('',#1897,#443);
#342=LINE('',#1899,#444);
#343=LINE('',#1901,#445);
#344=LINE('',#1903,#446);
#345=LINE('',#1905,#447);
#346=LINE('',#1907,#448);
#347=LINE('',#1911,#449);
#348=LINE('',#1913,#450);
#349=LINE('',#1915,#451);
#350=LINE('',#1917,#452);
#351=LINE('',#1919,#453);
#352=LINE('',#1921,#454);
#353=LINE('',#1922,#455);
#354=LINE('',#1927,#456);
#355=LINE('',#1936,#457);
#356=LINE('',#1954,#458);
#357=LINE('',#1963,#459);
#358=LINE('',#1965,#460);
#359=LINE('',#1968,#461);
#360=LINE('',#1976,#462);
#361=LINE('',#1988,#463);
#362=LINE('',#2000,#464);
#363=LINE('',#2004,#465);
#364=LINE('',#2010,#466);
#365=LINE('',#2014,#467);
#366=LINE('',#2018,#468);
#367=LINE('',#2022,#469);
#368=LINE('',#2026,#470);
#369=LINE('',#2029,#471);
#370=LINE('',#2033,#472);
#371=LINE('',#2035,#473);
#372=LINE('',#2037,#474);
#373=LINE('',#2038,#475);
#374=LINE('',#2040,#476);
#375=LINE('',#2043,#477);
#376=LINE('',#2046,#478);
#377=LINE('',#2047,#479);
#378=LINE('',#2050,#480);
#379=LINE('',#2053,#481);
#380=LINE('',#2055,#482);
#381=LINE('',#2056,#483);
#382=LINE('',#2060,#484);
#383=LINE('',#2063,#485);
#384=LINE('',#2064,#486);
#385=LINE('',#2069,#487);
#386=LINE('',#2070,#488);
#387=LINE('',#2073,#489);
#388=LINE('',#2077,#490);
#389=LINE('',#2081,#491);
#390=LINE('',#2086,#492);
#391=LINE('',#2089,#493);
#392=LINE('',#2092,#494);
#393=LINE('',#2100,#495);
#394=LINE('',#2111,#496);
#395=LINE('',#2115,#497);
#396=LINE('',#2116,#498);
#397=LINE('',#2118,#499);
#398=LINE('',#2120,#500);
#399=LINE('',#2122,#501);
#400=LINE('',#2124,#502);
#401=LINE('',#2126,#503);
#402=LINE('',#2128,#504);
#403=LINE('',#2129,#505);
#404=LINE('',#2131,#506);
#405=LINE('',#2137,#507);
#406=LINE('',#2138,#508);
#407=LINE('',#2141,#509);
#408=LINE('',#2145,#510);
#409=LINE('',#2146,#511);
#410=LINE('',#2149,#512);
#411=LINE('',#2153,#513);
#412=LINE('',#2157,#514);
#413=LINE('',#2161,#515);
#414=LINE('',#2165,#516);
#415=LINE('',#2169,#517);
#416=LINE('',#2170,#518);
#417=LINE('',#2173,#519);
#418=LINE('',#2177,#520);
#419=LINE('',#2178,#521);
#420=LINE('',#2186,#522);
#421=LINE('',#2211,#523);
#422=LINE('',#2212,#524);
#423=LINE('',#2220,#525);
#424=LINE('',#2221,#526);
#425=LINE('',#2223,#527);
#426=LINE('',#2224,#528);
#427=LINE('',#2229,#529);
#428=LINE('',#2230,#530);
#429=LINE('',#2238,#531);
#430=LINE('',#2239,#532);
#431=LINE('',#2241,#533);
#432=LINE('',#2242,#534);
#433=LINE('',#2244,#535);
#434=LINE('',#2248,#536);
#435=VECTOR('',#1473,10.);
#436=VECTOR('',#1474,10.);
#437=VECTOR('',#1475,10.);
#438=VECTOR('',#1476,10.);
#439=VECTOR('',#1477,10.);
#440=VECTOR('',#1478,10.);
#441=VECTOR('',#1479,10.);
#442=VECTOR('',#1480,10.);
#443=VECTOR('',#1483,10.);
#444=VECTOR('',#1484,10.);
#445=VECTOR('',#1485,10.);
#446=VECTOR('',#1486,10.);
#447=VECTOR('',#1487,10.);
#448=VECTOR('',#1488,10.);
#449=VECTOR('',#1493,10.);
#450=VECTOR('',#1494,10.);
#451=VECTOR('',#1495,10.);
#452=VECTOR('',#1496,10.);
#453=VECTOR('',#1497,10.);
#454=VECTOR('',#1498,10.);
#455=VECTOR('',#1499,10.);
#456=VECTOR('',#1504,1.6);
#457=VECTOR('',#1515,1.6);
#458=VECTOR('',#1540,10.);
#459=VECTOR('',#1553,10.);
#460=VECTOR('',#1554,10.);
#461=VECTOR('',#1557,10.);
#462=VECTOR('',#1568,10.);
#463=VECTOR('',#1579,10.);
#464=VECTOR('',#1590,10.);
#465=VECTOR('',#1593,10.);
#466=VECTOR('',#1598,10.);
#467=VECTOR('',#1601,10.);
#468=VECTOR('',#1604,10.);
#469=VECTOR('',#1607,10.);
#470=VECTOR('',#1610,10.);
#471=VECTOR('',#1613,10.);
#472=VECTOR('',#1616,10.);
#473=VECTOR('',#1617,10.);
#474=VECTOR('',#1618,10.);
#475=VECTOR('',#1619,10.);
#476=VECTOR('',#1622,10.);
#477=VECTOR('',#1625,10.);
#478=VECTOR('',#1628,10.);
#479=VECTOR('',#1629,10.);
#480=VECTOR('',#1634,10.);
#481=VECTOR('',#1637,10.);
#482=VECTOR('',#1638,10.);
#483=VECTOR('',#1639,10.);
#484=VECTOR('',#1644,10.);
#485=VECTOR('',#1647,10.);
#486=VECTOR('',#1648,10.);
#487=VECTOR('',#1655,10.);
#488=VECTOR('',#1656,10.);
#489=VECTOR('',#1659,3.);
#490=VECTOR('',#1664,3.);
#491=VECTOR('',#1669,10.);
#492=VECTOR('',#1676,1.8);
#493=VECTOR('',#1679,10.);
#494=VECTOR('',#1682,10.);
#495=VECTOR('',#1689,10.);
#496=VECTOR('',#1700,10.);
#497=VECTOR('',#1705,10.);
#498=VECTOR('',#1706,10.);
#499=VECTOR('',#1709,1.8);
#500=VECTOR('',#1712,10.);
#501=VECTOR('',#1715,1.8);
#502=VECTOR('',#1718,10.);
#503=VECTOR('',#1721,1.8);
#504=VECTOR('',#1724,10.);
#505=VECTOR('',#1725,10.);
#506=VECTOR('',#1728,10.);
#507=VECTOR('',#1737,10.);
#508=VECTOR('',#1738,10.);
#509=VECTOR('',#1741,10.);
#510=VECTOR('',#1746,10.);
#511=VECTOR('',#1747,10.);
#512=VECTOR('',#1750,10.);
#513=VECTOR('',#1755,1.50000000000007);
#514=VECTOR('',#1760,1.50000000000007);
#515=VECTOR('',#1765,1.50000000000007);
#516=VECTOR('',#1770,1.50000000000007);
#517=VECTOR('',#1775,10.);
#518=VECTOR('',#1776,10.);
#519=VECTOR('',#1779,10.);
#520=VECTOR('',#1784,10.);
#521=VECTOR('',#1785,10.);
#522=VECTOR('',#1796,6.50000000000031);
#523=VECTOR('',#1825,10.);
#524=VECTOR('',#1826,10.);
#525=VECTOR('',#1837,10.);
#526=VECTOR('',#1838,10.);
#527=VECTOR('',#1841,10.);
#528=VECTOR('',#1842,10.);
#529=VECTOR('',#1847,10.);
#530=VECTOR('',#1848,10.);
#531=VECTOR('',#1859,10.);
#532=VECTOR('',#1860,10.);
#533=VECTOR('',#1863,10.);
#534=VECTOR('',#1864,10.);
#535=VECTOR('',#1867,10.);
#536=VECTOR('',#1874,10.);
#537=VERTEX_POINT('',#1879);
#538=VERTEX_POINT('',#1880);
#539=VERTEX_POINT('',#1882);
#540=VERTEX_POINT('',#1884);
#541=VERTEX_POINT('',#1886);
#542=VERTEX_POINT('',#1888);
#543=VERTEX_POINT('',#1890);
#544=VERTEX_POINT('',#1892);
#545=VERTEX_POINT('',#1896);
#546=VERTEX_POINT('',#1898);
#547=VERTEX_POINT('',#1900);
#548=VERTEX_POINT('',#1902);
#549=VERTEX_POINT('',#1904);
#550=VERTEX_POINT('',#1906);
#551=VERTEX_POINT('',#1910);
#552=VERTEX_POINT('',#1912);
#553=VERTEX_POINT('',#1914);
#554=VERTEX_POINT('',#1916);
#555=VERTEX_POINT('',#1918);
#556=VERTEX_POINT('',#1920);
#557=VERTEX_POINT('',#1924);
#558=VERTEX_POINT('',#1926);
#559=VERTEX_POINT('',#1930);
#560=VERTEX_POINT('',#1933);
#561=VERTEX_POINT('',#1935);
#562=VERTEX_POINT('',#1939);
#563=VERTEX_POINT('',#1942);
#564=VERTEX_POINT('',#1945);
#565=VERTEX_POINT('',#1948);
#566=VERTEX_POINT('',#1951);
#567=VERTEX_POINT('',#1961);
#568=VERTEX_POINT('',#1962);
#569=VERTEX_POINT('',#1964);
#570=VERTEX_POINT('',#1966);
#571=VERTEX_POINT('',#1973);
#572=VERTEX_POINT('',#1975);
#573=VERTEX_POINT('',#1977);
#574=VERTEX_POINT('',#1979);
#575=VERTEX_POINT('',#1981);
#576=VERTEX_POINT('',#1983);
#577=VERTEX_POINT('',#1985);
#578=VERTEX_POINT('',#1987);
#579=VERTEX_POINT('',#1990);
#580=VERTEX_POINT('',#1992);
#581=VERTEX_POINT('',#1994);
#582=VERTEX_POINT('',#1996);
#583=VERTEX_POINT('',#1998);
#584=VERTEX_POINT('',#1999);
#585=VERTEX_POINT('',#2001);
#586=VERTEX_POINT('',#2003);
#587=VERTEX_POINT('',#2006);
#588=VERTEX_POINT('',#2007);
#589=VERTEX_POINT('',#2009);
#590=VERTEX_POINT('',#2011);
#591=VERTEX_POINT('',#2013);
#592=VERTEX_POINT('',#2015);
#593=VERTEX_POINT('',#2017);
#594=VERTEX_POINT('',#2019);
#595=VERTEX_POINT('',#2021);
#596=VERTEX_POINT('',#2023);
#597=VERTEX_POINT('',#2025);
#598=VERTEX_POINT('',#2027);
#599=VERTEX_POINT('',#2031);
#600=VERTEX_POINT('',#2032);
#601=VERTEX_POINT('',#2034);
#602=VERTEX_POINT('',#2036);
#603=VERTEX_POINT('',#2041);
#604=VERTEX_POINT('',#2045);
#605=VERTEX_POINT('',#2052);
#606=VERTEX_POINT('',#2054);
#607=VERTEX_POINT('',#2058);
#608=VERTEX_POINT('',#2062);
#609=VERTEX_POINT('',#2068);
#610=VERTEX_POINT('',#2072);
#611=VERTEX_POINT('',#2076);
#612=VERTEX_POINT('',#2080);
#613=VERTEX_POINT('',#2084);
#614=VERTEX_POINT('',#2088);
#615=VERTEX_POINT('',#2090);
#616=VERTEX_POINT('',#2093);
#617=VERTEX_POINT('',#2095);
#618=VERTEX_POINT('',#2097);
#619=VERTEX_POINT('',#2099);
#620=VERTEX_POINT('',#2101);
#621=VERTEX_POINT('',#2103);
#622=VERTEX_POINT('',#2105);
#623=VERTEX_POINT('',#2107);
#624=VERTEX_POINT('',#2109);
#625=VERTEX_POINT('',#2112);
#626=VERTEX_POINT('',#2136);
#627=VERTEX_POINT('',#2140);
#628=VERTEX_POINT('',#2144);
#629=VERTEX_POINT('',#2148);
#630=VERTEX_POINT('',#2152);
#631=VERTEX_POINT('',#2156);
#632=VERTEX_POINT('',#2160);
#633=VERTEX_POINT('',#2164);
#634=VERTEX_POINT('',#2168);
#635=VERTEX_POINT('',#2172);
#636=VERTEX_POINT('',#2176);
#637=VERTEX_POINT('',#2182);
#638=VERTEX_POINT('',#2185);
#639=VERTEX_POINT('',#2190);
#640=VERTEX_POINT('',#2191);
#641=VERTEX_POINT('',#2193);
#642=VERTEX_POINT('',#2195);
#643=VERTEX_POINT('',#2199);
#644=VERTEX_POINT('',#2200);
#645=VERTEX_POINT('',#2202);
#646=VERTEX_POINT('',#2204);
#647=VERTEX_POINT('',#2208);
#648=VERTEX_POINT('',#2209);
#649=VERTEX_POINT('',#2214);
#650=VERTEX_POINT('',#2215);
#651=VERTEX_POINT('',#2226);
#652=VERTEX_POINT('',#2227);
#653=VERTEX_POINT('',#2232);
#654=VERTEX_POINT('',#2233);
#655=EDGE_CURVE('',#537,#538,#333,.T.);
#656=EDGE_CURVE('',#539,#537,#334,.T.);
#657=EDGE_CURVE('',#540,#539,#335,.T.);
#658=EDGE_CURVE('',#541,#540,#336,.T.);
#659=EDGE_CURVE('',#542,#541,#337,.T.);
#660=EDGE_CURVE('',#543,#542,#338,.T.);
#661=EDGE_CURVE('',#543,#544,#339,.T.);
#662=EDGE_CURVE('',#544,#538,#340,.T.);
#663=EDGE_CURVE('',#537,#545,#341,.F.);
#664=EDGE_CURVE('',#545,#546,#342,.T.);
#665=EDGE_CURVE('',#547,#546,#343,.T.);
#666=EDGE_CURVE('',#547,#548,#344,.T.);
#667=EDGE_CURVE('',#548,#549,#345,.F.);
#668=EDGE_CURVE('',#550,#549,#346,.T.);
#669=EDGE_CURVE('',#550,#539,#83,.T.);
#670=EDGE_CURVE('',#549,#551,#347,.T.);
#671=EDGE_CURVE('',#551,#552,#348,.T.);
#672=EDGE_CURVE('',#553,#552,#349,.T.);
#673=EDGE_CURVE('',#554,#553,#350,.T.);
#674=EDGE_CURVE('',#555,#554,#351,.T.);
#675=EDGE_CURVE('',#556,#555,#352,.T.);
#676=EDGE_CURVE('',#556,#550,#353,.T.);
#677=EDGE_CURVE('',#557,#557,#84,.T.);
#678=EDGE_CURVE('',#557,#558,#354,.T.);
#679=EDGE_CURVE('',#558,#558,#85,.T.);
#680=EDGE_CURVE('',#559,#559,#86,.T.);
#681=EDGE_CURVE('',#560,#560,#87,.T.);
#682=EDGE_CURVE('',#560,#561,#355,.T.);
#683=EDGE_CURVE('',#561,#561,#88,.T.);
#684=EDGE_CURVE('',#562,#562,#89,.T.);
#685=EDGE_CURVE('',#563,#563,#90,.T.);
#686=EDGE_CURVE('',#564,#564,#91,.T.);
#687=EDGE_CURVE('',#565,#565,#92,.T.);
#688=EDGE_CURVE('',#566,#566,#93,.T.);
#689=EDGE_CURVE('',#538,#551,#356,.T.);
#690=EDGE_CURVE('',#552,#544,#94,.T.);
#691=EDGE_CURVE('',#540,#556,#95,.T.);
#692=EDGE_CURVE('',#553,#543,#96,.T.);
#693=EDGE_CURVE('',#567,#568,#357,.T.);
#694=EDGE_CURVE('',#569,#567,#358,.T.);
#695=EDGE_CURVE('',#570,#569,#97,.T.);
#696=EDGE_CURVE('',#570,#568,#359,.T.);
#697=EDGE_CURVE('',#555,#541,#98,.T.);
#698=EDGE_CURVE('',#554,#542,#99,.T.);
#699=EDGE_CURVE('',#548,#571,#100,.F.);
#700=EDGE_CURVE('',#572,#571,#360,.F.);
#701=EDGE_CURVE('',#573,#572,#101,.F.);
#702=EDGE_CURVE('',#573,#574,#102,.F.);
#703=EDGE_CURVE('',#575,#574,#103,.F.);
#704=EDGE_CURVE('',#575,#576,#104,.F.);
#705=EDGE_CURVE('',#577,#576,#105,.F.);
#706=EDGE_CURVE('',#578,#577,#361,.F.);
#707=EDGE_CURVE('',#578,#545,#106,.F.);
#708=EDGE_CURVE('',#579,#579,#107,.T.);
#709=EDGE_CURVE('',#580,#580,#108,.T.);
#710=EDGE_CURVE('',#581,#581,#109,.T.);
#711=EDGE_CURVE('',#582,#582,#110,.T.);
#712=EDGE_CURVE('',#583,#584,#362,.F.);
#713=EDGE_CURVE('',#584,#585,#111,.F.);
#714=EDGE_CURVE('',#585,#586,#363,.F.);
#715=EDGE_CURVE('',#586,#583,#112,.F.);
#716=EDGE_CURVE('',#587,#588,#113,.F.);
#717=EDGE_CURVE('',#589,#588,#364,.T.);
#718=EDGE_CURVE('',#590,#589,#114,.T.);
#719=EDGE_CURVE('',#591,#590,#365,.T.);
#720=EDGE_CURVE('',#592,#591,#115,.T.);
#721=EDGE_CURVE('',#593,#592,#366,.T.);
#722=EDGE_CURVE('',#594,#593,#116,.T.);
#723=EDGE_CURVE('',#595,#594,#367,.T.);
#724=EDGE_CURVE('',#596,#595,#117,.T.);
#725=EDGE_CURVE('',#597,#596,#368,.T.);
#726=EDGE_CURVE('',#597,#598,#118,.F.);
#727=EDGE_CURVE('',#598,#587,#369,.F.);
#728=EDGE_CURVE('',#599,#600,#370,.T.);
#729=EDGE_CURVE('',#601,#600,#371,.T.);
#730=EDGE_CURVE('',#602,#601,#372,.T.);
#731=EDGE_CURVE('',#599,#602,#373,.T.);
#732=EDGE_CURVE('',#599,#597,#374,.T.);
#733=EDGE_CURVE('',#603,#602,#119,.T.);
#734=EDGE_CURVE('',#603,#598,#375,.T.);
#735=EDGE_CURVE('',#604,#603,#376,.T.);
#736=EDGE_CURVE('',#604,#587,#377,.T.);
#737=EDGE_CURVE('',#601,#604,#120,.T.);
#738=EDGE_CURVE('',#588,#600,#378,.T.);
#739=EDGE_CURVE('',#583,#605,#379,.T.);
#740=EDGE_CURVE('',#606,#605,#380,.T.);
#741=EDGE_CURVE('',#606,#584,#381,.T.);
#742=EDGE_CURVE('',#607,#606,#121,.T.);
#743=EDGE_CURVE('',#607,#585,#382,.T.);
#744=EDGE_CURVE('',#608,#607,#383,.T.);
#745=EDGE_CURVE('',#608,#586,#384,.T.);
#746=EDGE_CURVE('',#605,#608,#122,.T.);
#747=EDGE_CURVE('',#596,#609,#385,.T.);
#748=EDGE_CURVE('',#609,#599,#386,.F.);
#749=EDGE_CURVE('',#559,#610,#387,.T.);
#750=EDGE_CURVE('',#610,#610,#123,.T.);
#751=EDGE_CURVE('',#562,#611,#388,.T.);
#752=EDGE_CURVE('',#611,#611,#124,.T.);
#753=EDGE_CURVE('',#571,#612,#389,.T.);
#754=EDGE_CURVE('',#612,#547,#125,.T.);
#755=EDGE_CURVE('',#613,#613,#126,.T.);
#756=EDGE_CURVE('',#613,#563,#390,.T.);
#757=EDGE_CURVE('',#568,#614,#391,.T.);
#758=EDGE_CURVE('',#614,#615,#127,.T.);
#759=EDGE_CURVE('',#615,#567,#392,.T.);
#760=EDGE_CURVE('',#616,#616,#128,.T.);
#761=EDGE_CURVE('',#617,#617,#129,.T.);
#762=EDGE_CURVE('',#546,#618,#130,.T.);
#763=EDGE_CURVE('',#618,#619,#393,.T.);
#764=EDGE_CURVE('',#619,#620,#131,.T.);
#765=EDGE_CURVE('',#620,#621,#132,.T.);
#766=EDGE_CURVE('',#621,#622,#133,.T.);
#767=EDGE_CURVE('',#622,#623,#134,.T.);
#768=EDGE_CURVE('',#623,#624,#135,.T.);
#769=EDGE_CURVE('',#624,#612,#394,.T.);
#770=EDGE_CURVE('',#625,#625,#136,.T.);
#771=EDGE_CURVE('',#621,#575,#395,.T.);
#772=EDGE_CURVE('',#576,#620,#396,.T.);
#773=EDGE_CURVE('',#625,#565,#397,.T.);
#774=EDGE_CURVE('',#619,#577,#398,.T.);
#775=EDGE_CURVE('',#617,#566,#399,.T.);
#776=EDGE_CURVE('',#618,#578,#400,.T.);
#777=EDGE_CURVE('',#616,#564,#401,.T.);
#778=EDGE_CURVE('',#574,#622,#402,.T.);
#779=EDGE_CURVE('',#623,#573,#403,.T.);
#780=EDGE_CURVE('',#624,#572,#404,.T.);
#781=EDGE_CURVE('',#600,#626,#405,.F.);
#782=EDGE_CURVE('',#589,#626,#406,.T.);
#783=EDGE_CURVE('',#595,#627,#407,.T.);
#784=EDGE_CURVE('',#627,#609,#137,.F.);
#785=EDGE_CURVE('',#594,#628,#408,.T.);
#786=EDGE_CURVE('',#628,#627,#409,.F.);
#787=EDGE_CURVE('',#593,#629,#410,.T.);
#788=EDGE_CURVE('',#629,#628,#138,.F.);
#789=EDGE_CURVE('',#581,#630,#411,.T.);
#790=EDGE_CURVE('',#630,#630,#139,.T.);
#791=EDGE_CURVE('',#582,#631,#412,.T.);
#792=EDGE_CURVE('',#631,#631,#140,.T.);
#793=EDGE_CURVE('',#579,#632,#413,.T.);
#794=EDGE_CURVE('',#632,#632,#141,.T.);
#795=EDGE_CURVE('',#580,#633,#414,.T.);
#796=EDGE_CURVE('',#633,#633,#142,.T.);
#797=EDGE_CURVE('',#592,#634,#415,.T.);
#798=EDGE_CURVE('',#634,#629,#416,.F.);
#799=EDGE_CURVE('',#591,#635,#417,.T.);
#800=EDGE_CURVE('',#635,#634,#143,.F.);
#801=EDGE_CURVE('',#590,#636,#418,.T.);
#802=EDGE_CURVE('',#636,#635,#419,.F.);
#803=EDGE_CURVE('',#626,#636,#144,.F.);
#804=EDGE_CURVE('',#637,#637,#145,.F.);
#805=EDGE_CURVE('',#637,#638,#420,.T.);
#806=EDGE_CURVE('',#638,#638,#146,.T.);
#807=EDGE_CURVE('',#639,#640,#147,.F.);
#808=EDGE_CURVE('',#641,#639,#148,.T.);
#809=EDGE_CURVE('',#641,#642,#149,.T.);
#810=EDGE_CURVE('',#640,#642,#150,.T.);
#811=EDGE_CURVE('',#643,#644,#151,.T.);
#812=EDGE_CURVE('',#645,#644,#152,.T.);
#813=EDGE_CURVE('',#646,#645,#153,.F.);
#814=EDGE_CURVE('',#643,#646,#154,.T.);
#815=EDGE_CURVE('',#647,#648,#155,.T.);
#816=EDGE_CURVE('',#648,#645,#421,.T.);
#817=EDGE_CURVE('',#644,#647,#422,.T.);
#818=EDGE_CURVE('',#649,#650,#156,.T.);
#819=EDGE_CURVE('',#650,#648,#157,.T.);
#820=EDGE_CURVE('',#647,#649,#158,.T.);
#821=EDGE_CURVE('',#639,#650,#423,.T.);
#822=EDGE_CURVE('',#649,#641,#424,.T.);
#823=EDGE_CURVE('',#645,#639,#425,.T.);
#824=EDGE_CURVE('',#640,#646,#426,.T.);
#825=EDGE_CURVE('',#651,#652,#159,.T.);
#826=EDGE_CURVE('',#652,#643,#427,.T.);
#827=EDGE_CURVE('',#646,#651,#428,.T.);
#828=EDGE_CURVE('',#653,#654,#160,.T.);
#829=EDGE_CURVE('',#654,#652,#161,.T.);
#830=EDGE_CURVE('',#651,#653,#162,.T.);
#831=EDGE_CURVE('',#653,#640,#429,.T.);
#832=EDGE_CURVE('',#642,#654,#430,.T.);
#833=EDGE_CURVE('',#570,#647,#431,.T.);
#834=EDGE_CURVE('',#569,#649,#432,.T.);
#835=EDGE_CURVE('',#614,#652,#433,.T.);
#836=EDGE_CURVE('',#654,#615,#434,.T.);
#837=ORIENTED_EDGE('',*,*,#655,.F.);
#838=ORIENTED_EDGE('',*,*,#656,.F.);
#839=ORIENTED_EDGE('',*,*,#657,.F.);
#840=ORIENTED_EDGE('',*,*,#658,.F.);
#841=ORIENTED_EDGE('',*,*,#659,.F.);
#842=ORIENTED_EDGE('',*,*,#660,.F.);
#843=ORIENTED_EDGE('',*,*,#661,.T.);
#844=ORIENTED_EDGE('',*,*,#662,.T.);
#845=ORIENTED_EDGE('',*,*,#656,.T.);
#846=ORIENTED_EDGE('',*,*,#663,.T.);
#847=ORIENTED_EDGE('',*,*,#664,.T.);
#848=ORIENTED_EDGE('',*,*,#665,.F.);
#849=ORIENTED_EDGE('',*,*,#666,.T.);
#850=ORIENTED_EDGE('',*,*,#667,.T.);
#851=ORIENTED_EDGE('',*,*,#668,.F.);
#852=ORIENTED_EDGE('',*,*,#669,.T.);
#853=ORIENTED_EDGE('',*,*,#670,.T.);
#854=ORIENTED_EDGE('',*,*,#671,.T.);
#855=ORIENTED_EDGE('',*,*,#672,.F.);
#856=ORIENTED_EDGE('',*,*,#673,.F.);
#857=ORIENTED_EDGE('',*,*,#674,.F.);
#858=ORIENTED_EDGE('',*,*,#675,.F.);
#859=ORIENTED_EDGE('',*,*,#676,.T.);
#860=ORIENTED_EDGE('',*,*,#668,.T.);
#861=ORIENTED_EDGE('',*,*,#677,.F.);
#862=ORIENTED_EDGE('',*,*,#678,.T.);
#863=ORIENTED_EDGE('',*,*,#679,.T.);
#864=ORIENTED_EDGE('',*,*,#678,.F.);
#865=ORIENTED_EDGE('',*,*,#680,.F.);
#866=ORIENTED_EDGE('',*,*,#677,.T.);
#867=ORIENTED_EDGE('',*,*,#681,.F.);
#868=ORIENTED_EDGE('',*,*,#682,.T.);
#869=ORIENTED_EDGE('',*,*,#683,.T.);
#870=ORIENTED_EDGE('',*,*,#682,.F.);
#871=ORIENTED_EDGE('',*,*,#684,.F.);
#872=ORIENTED_EDGE('',*,*,#681,.T.);
#873=ORIENTED_EDGE('',*,*,#685,.F.);
#874=ORIENTED_EDGE('',*,*,#686,.F.);
#875=ORIENTED_EDGE('',*,*,#687,.F.);
#876=ORIENTED_EDGE('',*,*,#688,.F.);
#877=ORIENTED_EDGE('',*,*,#671,.F.);
#878=ORIENTED_EDGE('',*,*,#689,.F.);
#879=ORIENTED_EDGE('',*,*,#662,.F.);
#880=ORIENTED_EDGE('',*,*,#690,.F.);
#881=ORIENTED_EDGE('',*,*,#669,.F.);
#882=ORIENTED_EDGE('',*,*,#676,.F.);
#883=ORIENTED_EDGE('',*,*,#691,.F.);
#884=ORIENTED_EDGE('',*,*,#657,.T.);
#885=ORIENTED_EDGE('',*,*,#692,.F.);
#886=ORIENTED_EDGE('',*,*,#672,.T.);
#887=ORIENTED_EDGE('',*,*,#690,.T.);
#888=ORIENTED_EDGE('',*,*,#661,.F.);
#889=ORIENTED_EDGE('',*,*,#693,.F.);
#890=ORIENTED_EDGE('',*,*,#694,.F.);
#891=ORIENTED_EDGE('',*,*,#695,.F.);
#892=ORIENTED_EDGE('',*,*,#696,.T.);
#893=ORIENTED_EDGE('',*,*,#679,.F.);
#894=ORIENTED_EDGE('',*,*,#683,.F.);
#895=ORIENTED_EDGE('',*,*,#658,.T.);
#896=ORIENTED_EDGE('',*,*,#691,.T.);
#897=ORIENTED_EDGE('',*,*,#675,.T.);
#898=ORIENTED_EDGE('',*,*,#697,.T.);
#899=ORIENTED_EDGE('',*,*,#659,.T.);
#900=ORIENTED_EDGE('',*,*,#697,.F.);
#901=ORIENTED_EDGE('',*,*,#674,.T.);
#902=ORIENTED_EDGE('',*,*,#698,.T.);
#903=ORIENTED_EDGE('',*,*,#689,.T.);
#904=ORIENTED_EDGE('',*,*,#670,.F.);
#905=ORIENTED_EDGE('',*,*,#667,.F.);
#906=ORIENTED_EDGE('',*,*,#699,.T.);
#907=ORIENTED_EDGE('',*,*,#700,.F.);
#908=ORIENTED_EDGE('',*,*,#701,.F.);
#909=ORIENTED_EDGE('',*,*,#702,.T.);
#910=ORIENTED_EDGE('',*,*,#703,.F.);
#911=ORIENTED_EDGE('',*,*,#704,.T.);
#912=ORIENTED_EDGE('',*,*,#705,.F.);
#913=ORIENTED_EDGE('',*,*,#706,.F.);
#914=ORIENTED_EDGE('',*,*,#707,.T.);
#915=ORIENTED_EDGE('',*,*,#663,.F.);
#916=ORIENTED_EDGE('',*,*,#655,.T.);
#917=ORIENTED_EDGE('',*,*,#708,.F.);
#918=ORIENTED_EDGE('',*,*,#709,.F.);
#919=ORIENTED_EDGE('',*,*,#710,.F.);
#920=ORIENTED_EDGE('',*,*,#711,.F.);
#921=ORIENTED_EDGE('',*,*,#712,.T.);
#922=ORIENTED_EDGE('',*,*,#713,.T.);
#923=ORIENTED_EDGE('',*,*,#714,.T.);
#924=ORIENTED_EDGE('',*,*,#715,.T.);
#925=ORIENTED_EDGE('',*,*,#716,.T.);
#926=ORIENTED_EDGE('',*,*,#717,.F.);
#927=ORIENTED_EDGE('',*,*,#718,.F.);
#928=ORIENTED_EDGE('',*,*,#719,.F.);
#929=ORIENTED_EDGE('',*,*,#720,.F.);
#930=ORIENTED_EDGE('',*,*,#721,.F.);
#931=ORIENTED_EDGE('',*,*,#722,.F.);
#932=ORIENTED_EDGE('',*,*,#723,.F.);
#933=ORIENTED_EDGE('',*,*,#724,.F.);
#934=ORIENTED_EDGE('',*,*,#725,.F.);
#935=ORIENTED_EDGE('',*,*,#726,.T.);
#936=ORIENTED_EDGE('',*,*,#727,.T.);
#937=ORIENTED_EDGE('',*,*,#728,.T.);
#938=ORIENTED_EDGE('',*,*,#729,.F.);
#939=ORIENTED_EDGE('',*,*,#730,.F.);
#940=ORIENTED_EDGE('',*,*,#731,.F.);
#941=ORIENTED_EDGE('',*,*,#732,.F.);
#942=ORIENTED_EDGE('',*,*,#731,.T.);
#943=ORIENTED_EDGE('',*,*,#733,.F.);
#944=ORIENTED_EDGE('',*,*,#734,.T.);
#945=ORIENTED_EDGE('',*,*,#726,.F.);
#946=ORIENTED_EDGE('',*,*,#734,.F.);
#947=ORIENTED_EDGE('',*,*,#735,.F.);
#948=ORIENTED_EDGE('',*,*,#736,.T.);
#949=ORIENTED_EDGE('',*,*,#727,.F.);
#950=ORIENTED_EDGE('',*,*,#736,.F.);
#951=ORIENTED_EDGE('',*,*,#737,.F.);
#952=ORIENTED_EDGE('',*,*,#729,.T.);
#953=ORIENTED_EDGE('',*,*,#738,.F.);
#954=ORIENTED_EDGE('',*,*,#716,.F.);
#955=ORIENTED_EDGE('',*,*,#739,.T.);
#956=ORIENTED_EDGE('',*,*,#740,.F.);
#957=ORIENTED_EDGE('',*,*,#741,.T.);
#958=ORIENTED_EDGE('',*,*,#712,.F.);
#959=ORIENTED_EDGE('',*,*,#741,.F.);
#960=ORIENTED_EDGE('',*,*,#742,.F.);
#961=ORIENTED_EDGE('',*,*,#743,.T.);
#962=ORIENTED_EDGE('',*,*,#713,.F.);
#963=ORIENTED_EDGE('',*,*,#743,.F.);
#964=ORIENTED_EDGE('',*,*,#744,.F.);
#965=ORIENTED_EDGE('',*,*,#745,.T.);
#966=ORIENTED_EDGE('',*,*,#714,.F.);
#967=ORIENTED_EDGE('',*,*,#745,.F.);
#968=ORIENTED_EDGE('',*,*,#746,.F.);
#969=ORIENTED_EDGE('',*,*,#739,.F.);
#970=ORIENTED_EDGE('',*,*,#715,.F.);
#971=ORIENTED_EDGE('',*,*,#732,.T.);
#972=ORIENTED_EDGE('',*,*,#725,.T.);
#973=ORIENTED_EDGE('',*,*,#747,.T.);
#974=ORIENTED_EDGE('',*,*,#748,.T.);
#975=ORIENTED_EDGE('',*,*,#680,.T.);
#976=ORIENTED_EDGE('',*,*,#749,.T.);
#977=ORIENTED_EDGE('',*,*,#750,.F.);
#978=ORIENTED_EDGE('',*,*,#749,.F.);
#979=ORIENTED_EDGE('',*,*,#684,.T.);
#980=ORIENTED_EDGE('',*,*,#751,.T.);
#981=ORIENTED_EDGE('',*,*,#752,.F.);
#982=ORIENTED_EDGE('',*,*,#751,.F.);
#983=ORIENTED_EDGE('',*,*,#753,.F.);
#984=ORIENTED_EDGE('',*,*,#699,.F.);
#985=ORIENTED_EDGE('',*,*,#666,.F.);
#986=ORIENTED_EDGE('',*,*,#754,.F.);
#987=ORIENTED_EDGE('',*,*,#755,.F.);
#988=ORIENTED_EDGE('',*,*,#756,.T.);
#989=ORIENTED_EDGE('',*,*,#685,.T.);
#990=ORIENTED_EDGE('',*,*,#756,.F.);
#991=ORIENTED_EDGE('',*,*,#693,.T.);
#992=ORIENTED_EDGE('',*,*,#757,.T.);
#993=ORIENTED_EDGE('',*,*,#758,.T.);
#994=ORIENTED_EDGE('',*,*,#759,.T.);
#995=ORIENTED_EDGE('',*,*,#755,.T.);
#996=ORIENTED_EDGE('',*,*,#760,.T.);
#997=ORIENTED_EDGE('',*,*,#761,.T.);
#998=ORIENTED_EDGE('',*,*,#665,.T.);
#999=ORIENTED_EDGE('',*,*,#762,.T.);
#1000=ORIENTED_EDGE('',*,*,#763,.T.);
#1001=ORIENTED_EDGE('',*,*,#764,.T.);
#1002=ORIENTED_EDGE('',*,*,#765,.T.);
#1003=ORIENTED_EDGE('',*,*,#766,.T.);
#1004=ORIENTED_EDGE('',*,*,#767,.T.);
#1005=ORIENTED_EDGE('',*,*,#768,.T.);
#1006=ORIENTED_EDGE('',*,*,#769,.T.);
#1007=ORIENTED_EDGE('',*,*,#754,.T.);
#1008=ORIENTED_EDGE('',*,*,#770,.T.);
#1009=ORIENTED_EDGE('',*,*,#771,.F.);
#1010=ORIENTED_EDGE('',*,*,#765,.F.);
#1011=ORIENTED_EDGE('',*,*,#772,.F.);
#1012=ORIENTED_EDGE('',*,*,#704,.F.);
#1013=ORIENTED_EDGE('',*,*,#770,.F.);
#1014=ORIENTED_EDGE('',*,*,#773,.T.);
#1015=ORIENTED_EDGE('',*,*,#687,.T.);
#1016=ORIENTED_EDGE('',*,*,#773,.F.);
#1017=ORIENTED_EDGE('',*,*,#772,.T.);
#1018=ORIENTED_EDGE('',*,*,#764,.F.);
#1019=ORIENTED_EDGE('',*,*,#774,.T.);
#1020=ORIENTED_EDGE('',*,*,#705,.T.);
#1021=ORIENTED_EDGE('',*,*,#761,.F.);
#1022=ORIENTED_EDGE('',*,*,#775,.T.);
#1023=ORIENTED_EDGE('',*,*,#688,.T.);
#1024=ORIENTED_EDGE('',*,*,#775,.F.);
#1025=ORIENTED_EDGE('',*,*,#664,.F.);
#1026=ORIENTED_EDGE('',*,*,#707,.F.);
#1027=ORIENTED_EDGE('',*,*,#776,.F.);
#1028=ORIENTED_EDGE('',*,*,#762,.F.);
#1029=ORIENTED_EDGE('',*,*,#760,.F.);
#1030=ORIENTED_EDGE('',*,*,#777,.T.);
#1031=ORIENTED_EDGE('',*,*,#686,.T.);
#1032=ORIENTED_EDGE('',*,*,#777,.F.);
#1033=ORIENTED_EDGE('',*,*,#778,.F.);
#1034=ORIENTED_EDGE('',*,*,#702,.F.);
#1035=ORIENTED_EDGE('',*,*,#779,.F.);
#1036=ORIENTED_EDGE('',*,*,#767,.F.);
#1037=ORIENTED_EDGE('',*,*,#779,.T.);
#1038=ORIENTED_EDGE('',*,*,#701,.T.);
#1039=ORIENTED_EDGE('',*,*,#780,.F.);
#1040=ORIENTED_EDGE('',*,*,#768,.F.);
#1041=ORIENTED_EDGE('',*,*,#771,.T.);
#1042=ORIENTED_EDGE('',*,*,#703,.T.);
#1043=ORIENTED_EDGE('',*,*,#778,.T.);
#1044=ORIENTED_EDGE('',*,*,#766,.F.);
#1045=ORIENTED_EDGE('',*,*,#776,.T.);
#1046=ORIENTED_EDGE('',*,*,#706,.T.);
#1047=ORIENTED_EDGE('',*,*,#774,.F.);
#1048=ORIENTED_EDGE('',*,*,#763,.F.);
#1049=ORIENTED_EDGE('',*,*,#753,.T.);
#1050=ORIENTED_EDGE('',*,*,#769,.F.);
#1051=ORIENTED_EDGE('',*,*,#780,.T.);
#1052=ORIENTED_EDGE('',*,*,#700,.T.);
#1053=ORIENTED_EDGE('',*,*,#738,.T.);
#1054=ORIENTED_EDGE('',*,*,#781,.T.);
#1055=ORIENTED_EDGE('',*,*,#782,.F.);
#1056=ORIENTED_EDGE('',*,*,#717,.T.);
#1057=ORIENTED_EDGE('',*,*,#724,.T.);
#1058=ORIENTED_EDGE('',*,*,#783,.T.);
#1059=ORIENTED_EDGE('',*,*,#784,.T.);
#1060=ORIENTED_EDGE('',*,*,#747,.F.);
#1061=ORIENTED_EDGE('',*,*,#723,.T.);
#1062=ORIENTED_EDGE('',*,*,#785,.T.);
#1063=ORIENTED_EDGE('',*,*,#786,.T.);
#1064=ORIENTED_EDGE('',*,*,#783,.F.);
#1065=ORIENTED_EDGE('',*,*,#722,.T.);
#1066=ORIENTED_EDGE('',*,*,#787,.T.);
#1067=ORIENTED_EDGE('',*,*,#788,.T.);
#1068=ORIENTED_EDGE('',*,*,#785,.F.);
#1069=ORIENTED_EDGE('',*,*,#710,.T.);
#1070=ORIENTED_EDGE('',*,*,#789,.T.);
#1071=ORIENTED_EDGE('',*,*,#790,.F.);
#1072=ORIENTED_EDGE('',*,*,#789,.F.);
#1073=ORIENTED_EDGE('',*,*,#711,.T.);
#1074=ORIENTED_EDGE('',*,*,#791,.T.);
#1075=ORIENTED_EDGE('',*,*,#792,.F.);
#1076=ORIENTED_EDGE('',*,*,#791,.F.);
#1077=ORIENTED_EDGE('',*,*,#708,.T.);
#1078=ORIENTED_EDGE('',*,*,#793,.T.);
#1079=ORIENTED_EDGE('',*,*,#794,.F.);
#1080=ORIENTED_EDGE('',*,*,#793,.F.);
#1081=ORIENTED_EDGE('',*,*,#709,.T.);
#1082=ORIENTED_EDGE('',*,*,#795,.T.);
#1083=ORIENTED_EDGE('',*,*,#796,.F.);
#1084=ORIENTED_EDGE('',*,*,#795,.F.);
#1085=ORIENTED_EDGE('',*,*,#721,.T.);
#1086=ORIENTED_EDGE('',*,*,#797,.T.);
#1087=ORIENTED_EDGE('',*,*,#798,.T.);
#1088=ORIENTED_EDGE('',*,*,#787,.F.);
#1089=ORIENTED_EDGE('',*,*,#720,.T.);
#1090=ORIENTED_EDGE('',*,*,#799,.T.);
#1091=ORIENTED_EDGE('',*,*,#800,.T.);
#1092=ORIENTED_EDGE('',*,*,#797,.F.);
#1093=ORIENTED_EDGE('',*,*,#719,.T.);
#1094=ORIENTED_EDGE('',*,*,#801,.T.);
#1095=ORIENTED_EDGE('',*,*,#802,.T.);
#1096=ORIENTED_EDGE('',*,*,#799,.F.);
#1097=ORIENTED_EDGE('',*,*,#718,.T.);
#1098=ORIENTED_EDGE('',*,*,#782,.T.);
#1099=ORIENTED_EDGE('',*,*,#803,.T.);
#1100=ORIENTED_EDGE('',*,*,#801,.F.);
#1101=ORIENTED_EDGE('',*,*,#788,.F.);
#1102=ORIENTED_EDGE('',*,*,#798,.F.);
#1103=ORIENTED_EDGE('',*,*,#800,.F.);
#1104=ORIENTED_EDGE('',*,*,#802,.F.);
#1105=ORIENTED_EDGE('',*,*,#803,.F.);
#1106=ORIENTED_EDGE('',*,*,#781,.F.);
#1107=ORIENTED_EDGE('',*,*,#728,.F.);
#1108=ORIENTED_EDGE('',*,*,#748,.F.);
#1109=ORIENTED_EDGE('',*,*,#784,.F.);
#1110=ORIENTED_EDGE('',*,*,#786,.F.);
#1111=ORIENTED_EDGE('',*,*,#804,.F.);
#1112=ORIENTED_EDGE('',*,*,#804,.T.);
#1113=ORIENTED_EDGE('',*,*,#805,.T.);
#1114=ORIENTED_EDGE('',*,*,#806,.F.);
#1115=ORIENTED_EDGE('',*,*,#805,.F.);
#1116=ORIENTED_EDGE('',*,*,#660,.T.);
#1117=ORIENTED_EDGE('',*,*,#698,.F.);
#1118=ORIENTED_EDGE('',*,*,#673,.T.);
#1119=ORIENTED_EDGE('',*,*,#692,.T.);
#1120=ORIENTED_EDGE('',*,*,#807,.F.);
#1121=ORIENTED_EDGE('',*,*,#808,.F.);
#1122=ORIENTED_EDGE('',*,*,#809,.T.);
#1123=ORIENTED_EDGE('',*,*,#810,.F.);
#1124=ORIENTED_EDGE('',*,*,#811,.T.);
#1125=ORIENTED_EDGE('',*,*,#812,.F.);
#1126=ORIENTED_EDGE('',*,*,#813,.F.);
#1127=ORIENTED_EDGE('',*,*,#814,.F.);
#1128=ORIENTED_EDGE('',*,*,#815,.T.);
#1129=ORIENTED_EDGE('',*,*,#816,.T.);
#1130=ORIENTED_EDGE('',*,*,#812,.T.);
#1131=ORIENTED_EDGE('',*,*,#817,.T.);
#1132=ORIENTED_EDGE('',*,*,#818,.T.);
#1133=ORIENTED_EDGE('',*,*,#819,.T.);
#1134=ORIENTED_EDGE('',*,*,#815,.F.);
#1135=ORIENTED_EDGE('',*,*,#820,.T.);
#1136=ORIENTED_EDGE('',*,*,#808,.T.);
#1137=ORIENTED_EDGE('',*,*,#821,.T.);
#1138=ORIENTED_EDGE('',*,*,#818,.F.);
#1139=ORIENTED_EDGE('',*,*,#822,.T.);
#1140=ORIENTED_EDGE('',*,*,#813,.T.);
#1141=ORIENTED_EDGE('',*,*,#823,.T.);
#1142=ORIENTED_EDGE('',*,*,#807,.T.);
#1143=ORIENTED_EDGE('',*,*,#824,.T.);
#1144=ORIENTED_EDGE('',*,*,#825,.T.);
#1145=ORIENTED_EDGE('',*,*,#826,.T.);
#1146=ORIENTED_EDGE('',*,*,#814,.T.);
#1147=ORIENTED_EDGE('',*,*,#827,.T.);
#1148=ORIENTED_EDGE('',*,*,#828,.T.);
#1149=ORIENTED_EDGE('',*,*,#829,.T.);
#1150=ORIENTED_EDGE('',*,*,#825,.F.);
#1151=ORIENTED_EDGE('',*,*,#830,.T.);
#1152=ORIENTED_EDGE('',*,*,#828,.F.);
#1153=ORIENTED_EDGE('',*,*,#831,.T.);
#1154=ORIENTED_EDGE('',*,*,#810,.T.);
#1155=ORIENTED_EDGE('',*,*,#832,.T.);
#1156=ORIENTED_EDGE('',*,*,#820,.F.);
#1157=ORIENTED_EDGE('',*,*,#833,.F.);
#1158=ORIENTED_EDGE('',*,*,#695,.T.);
#1159=ORIENTED_EDGE('',*,*,#834,.T.);
#1160=ORIENTED_EDGE('',*,*,#817,.F.);
#1161=ORIENTED_EDGE('',*,*,#811,.F.);
#1162=ORIENTED_EDGE('',*,*,#826,.F.);
#1163=ORIENTED_EDGE('',*,*,#835,.F.);
#1164=ORIENTED_EDGE('',*,*,#757,.F.);
#1165=ORIENTED_EDGE('',*,*,#696,.F.);
#1166=ORIENTED_EDGE('',*,*,#833,.T.);
#1167=ORIENTED_EDGE('',*,*,#816,.F.);
#1168=ORIENTED_EDGE('',*,*,#819,.F.);
#1169=ORIENTED_EDGE('',*,*,#821,.F.);
#1170=ORIENTED_EDGE('',*,*,#823,.F.);
#1171=ORIENTED_EDGE('',*,*,#750,.T.);
#1172=ORIENTED_EDGE('',*,*,#752,.T.);
#1173=ORIENTED_EDGE('',*,*,#824,.F.);
#1174=ORIENTED_EDGE('',*,*,#831,.F.);
#1175=ORIENTED_EDGE('',*,*,#830,.F.);
#1176=ORIENTED_EDGE('',*,*,#827,.F.);
#1177=ORIENTED_EDGE('',*,*,#733,.T.);
#1178=ORIENTED_EDGE('',*,*,#730,.T.);
#1179=ORIENTED_EDGE('',*,*,#737,.T.);
#1180=ORIENTED_EDGE('',*,*,#735,.T.);
#1181=ORIENTED_EDGE('',*,*,#740,.T.);
#1182=ORIENTED_EDGE('',*,*,#746,.T.);
#1183=ORIENTED_EDGE('',*,*,#744,.T.);
#1184=ORIENTED_EDGE('',*,*,#742,.T.);
#1185=ORIENTED_EDGE('',*,*,#790,.T.);
#1186=ORIENTED_EDGE('',*,*,#792,.T.);
#1187=ORIENTED_EDGE('',*,*,#794,.T.);
#1188=ORIENTED_EDGE('',*,*,#796,.T.);
#1189=ORIENTED_EDGE('',*,*,#806,.T.);
#1190=ORIENTED_EDGE('',*,*,#829,.F.);
#1191=ORIENTED_EDGE('',*,*,#836,.T.);
#1192=ORIENTED_EDGE('',*,*,#758,.F.);
#1193=ORIENTED_EDGE('',*,*,#835,.T.);
#1194=ORIENTED_EDGE('',*,*,#822,.F.);
#1195=ORIENTED_EDGE('',*,*,#834,.F.);
#1196=ORIENTED_EDGE('',*,*,#694,.T.);
#1197=ORIENTED_EDGE('',*,*,#759,.F.);
#1198=ORIENTED_EDGE('',*,*,#836,.F.);
#1199=ORIENTED_EDGE('',*,*,#832,.F.);
#1200=ORIENTED_EDGE('',*,*,#809,.F.);
#1201=PLANE('',#1317);
#1202=PLANE('',#1318);
#1203=PLANE('',#1320);
#1204=PLANE('',#1324);
#1205=PLANE('',#1329);
#1206=PLANE('',#1331);
#1207=PLANE('',#1333);
#1208=PLANE('',#1335);
#1209=PLANE('',#1337);
#1210=PLANE('',#1339);
#1211=PLANE('',#1345);
#1212=PLANE('',#1350);
#1213=PLANE('',#1370);
#1214=PLANE('',#1373);
#1215=PLANE('',#1376);
#1216=PLANE('',#1379);
#1217=PLANE('',#1382);
#1218=PLANE('',#1391);
#1219=PLANE('',#1411);
#1220=PLANE('',#1412);
#1221=PLANE('',#1413);
#1222=PLANE('',#1416);
#1223=PLANE('',#1427);
#1224=PLANE('',#1430);
#1225=PLANE('',#1433);
#1226=PLANE('',#1437);
#1227=PLANE('',#1464);
#1228=PLANE('',#1465);
#1229=PLANE('',#1466);
#1230=PLANE('',#1468);
#1231=ADVANCED_FACE('',(#163),#1201,.F.);
#1232=ADVANCED_FACE('',(#164),#1202,.F.);
#1233=ADVANCED_FACE('',(#165),#1203,.F.);
#1234=ADVANCED_FACE('',(#166),#45,.F.);
#1235=ADVANCED_FACE('',(#167,#19),#1204,.T.);
#1236=ADVANCED_FACE('',(#168),#46,.F.);
#1237=ADVANCED_FACE('',(#169,#20),#1205,.T.);
#1238=ADVANCED_FACE('',(#170),#1206,.T.);
#1239=ADVANCED_FACE('',(#171),#1207,.T.);
#1240=ADVANCED_FACE('',(#172),#1208,.T.);
#1241=ADVANCED_FACE('',(#173),#1209,.T.);
#1242=ADVANCED_FACE('',(#174),#1210,.T.);
#1243=ADVANCED_FACE('',(#175),#47,.F.);
#1244=ADVANCED_FACE('',(#176),#48,.T.);
#1245=ADVANCED_FACE('',(#177,#21,#22,#23),#1211,.F.);
#1246=ADVANCED_FACE('',(#178),#49,.F.);
#1247=ADVANCED_FACE('',(#179,#24,#25,#26,#27,#28,#29),#1212,.T.);
#1248=ADVANCED_FACE('',(#180),#1213,.F.);
#1249=ADVANCED_FACE('',(#181),#50,.T.);
#1250=ADVANCED_FACE('',(#182),#1214,.F.);
#1251=ADVANCED_FACE('',(#183),#51,.F.);
#1252=ADVANCED_FACE('',(#184),#1215,.F.);
#1253=ADVANCED_FACE('',(#185),#52,.F.);
#1254=ADVANCED_FACE('',(#186),#1216,.F.);
#1255=ADVANCED_FACE('',(#187),#53,.T.);
#1256=ADVANCED_FACE('',(#188),#1217,.F.);
#1257=ADVANCED_FACE('',(#189),#54,.F.);
#1258=ADVANCED_FACE('',(#190),#55,.F.);
#1259=ADVANCED_FACE('',(#191),#56,.T.);
#1260=ADVANCED_FACE('',(#192),#57,.F.);
#1261=ADVANCED_FACE('',(#193,#30,#31,#32,#33,#34),#1218,.F.);
#1262=ADVANCED_FACE('',(#194),#58,.T.);
#1263=ADVANCED_FACE('',(#195),#59,.F.);
#1264=ADVANCED_FACE('',(#196),#60,.F.);
#1265=ADVANCED_FACE('',(#197),#61,.F.);
#1266=ADVANCED_FACE('',(#198),#62,.T.);
#1267=ADVANCED_FACE('',(#199),#63,.F.);
#1268=ADVANCED_FACE('',(#200),#64,.T.);
#1269=ADVANCED_FACE('',(#201),#65,.F.);
#1270=ADVANCED_FACE('',(#202),#66,.F.);
#1271=ADVANCED_FACE('',(#203),#1219,.F.);
#1272=ADVANCED_FACE('',(#204),#1220,.F.);
#1273=ADVANCED_FACE('',(#205),#1221,.F.);
#1274=ADVANCED_FACE('',(#206),#67,.F.);
#1275=ADVANCED_FACE('',(#207),#1222,.F.);
#1276=ADVANCED_FACE('',(#208),#68,.F.);
#1277=ADVANCED_FACE('',(#209),#69,.F.);
#1278=ADVANCED_FACE('',(#210),#70,.F.);
#1279=ADVANCED_FACE('',(#211),#71,.F.);
#1280=ADVANCED_FACE('',(#212),#72,.F.);
#1281=ADVANCED_FACE('',(#213),#1223,.F.);
#1282=ADVANCED_FACE('',(#214),#73,.F.);
#1283=ADVANCED_FACE('',(#215),#1224,.F.);
#1284=ADVANCED_FACE('',(#216),#74,.F.);
#1285=ADVANCED_FACE('',(#217,#35),#1225,.T.);
#1286=ADVANCED_FACE('',(#218),#75,.F.);
#1287=ADVANCED_FACE('',(#219),#1226,.T.);
#1288=ADVANCED_FACE('',(#220),#15,.T.);
#1289=ADVANCED_FACE('',(#221),#16,.T.);
#1290=ADVANCED_FACE('',(#222),#76,.T.);
#1291=ADVANCED_FACE('',(#223),#17,.T.);
#1292=ADVANCED_FACE('',(#224),#77,.T.);
#1293=ADVANCED_FACE('',(#225),#78,.F.);
#1294=ADVANCED_FACE('',(#226),#79,.T.);
#1295=ADVANCED_FACE('',(#227),#18,.T.);
#1296=ADVANCED_FACE('',(#228),#80,.T.);
#1297=ADVANCED_FACE('',(#229),#81,.T.);
#1298=ADVANCED_FACE('',(#230),#1227,.T.);
#1299=ADVANCED_FACE('',(#231,#36,#37),#1228,.T.);
#1300=ADVANCED_FACE('',(#232,#38,#39,#40,#41,#42,#43,#44),#1229,.T.);
#1301=ADVANCED_FACE('',(#233),#82,.T.);
#1302=ADVANCED_FACE('',(#234),#1230,.T.);
#1303=CLOSED_SHELL('',(#1231,#1232,#1233,#1234,#1235,#1236,#1237,#1238,
#1239,#1240,#1241,#1242,#1243,#1244,#1245,#1246,#1247,#1248,#1249,#1250,
#1251,#1252,#1253,#1254,#1255,#1256,#1257,#1258,#1259,#1260,#1261,#1262,
#1263,#1264,#1265,#1266,#1267,#1268,#1269,#1270,#1271,#1272,#1273,#1274,
#1275,#1276,#1277,#1278,#1279,#1280,#1281,#1282,#1283,#1284,#1285,#1286,
#1287,#1288,#1289,#1290,#1291,#1292,#1293,#1294,#1295,#1296,#1297,#1298,
#1299,#1300,#1301,#1302));
#1304=DERIVED_UNIT_ELEMENT(#1306,1.);
#1305=DERIVED_UNIT_ELEMENT(#2255,-3.);
#1306=(
MASS_UNIT()
NAMED_UNIT(*)
SI_UNIT(.KILO.,.GRAM.)
);
#1307=DERIVED_UNIT((#1304,#1305));
#1308=MEASURE_REPRESENTATION_ITEM('density measure',
POSITIVE_RATIO_MEASURE(7850.),#1307);
#1309=PROPERTY_DEFINITION_REPRESENTATION(#1314,#1311);
#1310=PROPERTY_DEFINITION_REPRESENTATION(#1315,#1312);
#1311=REPRESENTATION('material name',(#1313),#2252);
#1312=REPRESENTATION('density',(#1308),#2252);
#1313=DESCRIPTIVE_REPRESENTATION_ITEM('Steel','Steel');
#1314=PROPERTY_DEFINITION('material property','material name',#2262);
#1315=PROPERTY_DEFINITION('material property','density of part',#2262);
#1316=AXIS2_PLACEMENT_3D('',#1877,#1469,#1470);
#1317=AXIS2_PLACEMENT_3D('',#1878,#1471,#1472);
#1318=AXIS2_PLACEMENT_3D('',#1895,#1481,#1482);
#1319=AXIS2_PLACEMENT_3D('',#1908,#1489,#1490);
#1320=AXIS2_PLACEMENT_3D('',#1909,#1491,#1492);
#1321=AXIS2_PLACEMENT_3D('',#1923,#1500,#1501);
#1322=AXIS2_PLACEMENT_3D('',#1925,#1502,#1503);
#1323=AXIS2_PLACEMENT_3D('',#1928,#1505,#1506);
#1324=AXIS2_PLACEMENT_3D('',#1929,#1507,#1508);
#1325=AXIS2_PLACEMENT_3D('',#1931,#1509,#1510);
#1326=AXIS2_PLACEMENT_3D('',#1932,#1511,#1512);
#1327=AXIS2_PLACEMENT_3D('',#1934,#1513,#1514);
#1328=AXIS2_PLACEMENT_3D('',#1937,#1516,#1517);
#1329=AXIS2_PLACEMENT_3D('',#1938,#1518,#1519);
#1330=AXIS2_PLACEMENT_3D('',#1940,#1520,#1521);
#1331=AXIS2_PLACEMENT_3D('',#1941,#1522,#1523);
#1332=AXIS2_PLACEMENT_3D('',#1943,#1524,#1525);
#1333=AXIS2_PLACEMENT_3D('',#1944,#1526,#1527);
#1334=AXIS2_PLACEMENT_3D('',#1946,#1528,#1529);
#1335=AXIS2_PLACEMENT_3D('',#1947,#1530,#1531);
#1336=AXIS2_PLACEMENT_3D('',#1949,#1532,#1533);
#1337=AXIS2_PLACEMENT_3D('',#1950,#1534,#1535);
#1338=AXIS2_PLACEMENT_3D('',#1952,#1536,#1537);
#1339=AXIS2_PLACEMENT_3D('',#1953,#1538,#1539);
#1340=AXIS2_PLACEMENT_3D('',#1955,#1541,#1542);
#1341=AXIS2_PLACEMENT_3D('',#1956,#1543,#1544);
#1342=AXIS2_PLACEMENT_3D('',#1957,#1545,#1546);
#1343=AXIS2_PLACEMENT_3D('',#1958,#1547,#1548);
#1344=AXIS2_PLACEMENT_3D('',#1959,#1549,#1550);
#1345=AXIS2_PLACEMENT_3D('',#1960,#1551,#1552);
#1346=AXIS2_PLACEMENT_3D('',#1967,#1555,#1556);
#1347=AXIS2_PLACEMENT_3D('',#1969,#1558,#1559);
#1348=AXIS2_PLACEMENT_3D('',#1970,#1560,#1561);
#1349=AXIS2_PLACEMENT_3D('',#1971,#1562,#1563);
#1350=AXIS2_PLACEMENT_3D('',#1972,#1564,#1565);
#1351=AXIS2_PLACEMENT_3D('',#1974,#1566,#1567);
#1352=AXIS2_PLACEMENT_3D('',#1978,#1569,#1570);
#1353=AXIS2_PLACEMENT_3D('',#1980,#1571,#1572);
#1354=AXIS2_PLACEMENT_3D('',#1982,#1573,#1574);
#1355=AXIS2_PLACEMENT_3D('',#1984,#1575,#1576);
#1356=AXIS2_PLACEMENT_3D('',#1986,#1577,#1578);
#1357=AXIS2_PLACEMENT_3D('',#1989,#1580,#1581);
#1358=AXIS2_PLACEMENT_3D('',#1991,#1582,#1583);
#1359=AXIS2_PLACEMENT_3D('',#1993,#1584,#1585);
#1360=AXIS2_PLACEMENT_3D('',#1995,#1586,#1587);
#1361=AXIS2_PLACEMENT_3D('',#1997,#1588,#1589);
#1362=AXIS2_PLACEMENT_3D('',#2002,#1591,#1592);
#1363=AXIS2_PLACEMENT_3D('',#2005,#1594,#1595);
#1364=AXIS2_PLACEMENT_3D('',#2008,#1596,#1597);
#1365=AXIS2_PLACEMENT_3D('',#2012,#1599,#1600);
#1366=AXIS2_PLACEMENT_3D('',#2016,#1602,#1603);
#1367=AXIS2_PLACEMENT_3D('',#2020,#1605,#1606);
#1368=AXIS2_PLACEMENT_3D('',#2024,#1608,#1609);
#1369=AXIS2_PLACEMENT_3D('',#2028,#1611,#1612);
#1370=AXIS2_PLACEMENT_3D('',#2030,#1614,#1615);
#1371=AXIS2_PLACEMENT_3D('',#2039,#1620,#1621);
#1372=AXIS2_PLACEMENT_3D('',#2042,#1623,#1624);
#1373=AXIS2_PLACEMENT_3D('',#2044,#1626,#1627);
#1374=AXIS2_PLACEMENT_3D('',#2048,#1630,#1631);
#1375=AXIS2_PLACEMENT_3D('',#2049,#1632,#1633);
#1376=AXIS2_PLACEMENT_3D('',#2051,#1635,#1636);
#1377=AXIS2_PLACEMENT_3D('',#2057,#1640,#1641);
#1378=AXIS2_PLACEMENT_3D('',#2059,#1642,#1643);
#1379=AXIS2_PLACEMENT_3D('',#2061,#1645,#1646);
#1380=AXIS2_PLACEMENT_3D('',#2065,#1649,#1650);
#1381=AXIS2_PLACEMENT_3D('',#2066,#1651,#1652);
#1382=AXIS2_PLACEMENT_3D('',#2067,#1653,#1654);
#1383=AXIS2_PLACEMENT_3D('',#2071,#1657,#1658);
#1384=AXIS2_PLACEMENT_3D('',#2074,#1660,#1661);
#1385=AXIS2_PLACEMENT_3D('',#2075,#1662,#1663);
#1386=AXIS2_PLACEMENT_3D('',#2078,#1665,#1666);
#1387=AXIS2_PLACEMENT_3D('',#2079,#1667,#1668);
#1388=AXIS2_PLACEMENT_3D('',#2082,#1670,#1671);
#1389=AXIS2_PLACEMENT_3D('',#2083,#1672,#1673);
#1390=AXIS2_PLACEMENT_3D('',#2085,#1674,#1675);
#1391=AXIS2_PLACEMENT_3D('',#2087,#1677,#1678);
#1392=AXIS2_PLACEMENT_3D('',#2091,#1680,#1681);
#1393=AXIS2_PLACEMENT_3D('',#2094,#1683,#1684);
#1394=AXIS2_PLACEMENT_3D('',#2096,#1685,#1686);
#1395=AXIS2_PLACEMENT_3D('',#2098,#1687,#1688);
#1396=AXIS2_PLACEMENT_3D('',#2102,#1690,#1691);
#1397=AXIS2_PLACEMENT_3D('',#2104,#1692,#1693);
#1398=AXIS2_PLACEMENT_3D('',#2106,#1694,#1695);
#1399=AXIS2_PLACEMENT_3D('',#2108,#1696,#1697);
#1400=AXIS2_PLACEMENT_3D('',#2110,#1698,#1699);
#1401=AXIS2_PLACEMENT_3D('',#2113,#1701,#1702);
#1402=AXIS2_PLACEMENT_3D('',#2114,#1703,#1704);
#1403=AXIS2_PLACEMENT_3D('',#2117,#1707,#1708);
#1404=AXIS2_PLACEMENT_3D('',#2119,#1710,#1711);
#1405=AXIS2_PLACEMENT_3D('',#2121,#1713,#1714);
#1406=AXIS2_PLACEMENT_3D('',#2123,#1716,#1717);
#1407=AXIS2_PLACEMENT_3D('',#2125,#1719,#1720);
#1408=AXIS2_PLACEMENT_3D('',#2127,#1722,#1723);
#1409=AXIS2_PLACEMENT_3D('',#2130,#1726,#1727);
#1410=AXIS2_PLACEMENT_3D('',#2132,#1729,#1730);
#1411=AXIS2_PLACEMENT_3D('',#2133,#1731,#1732);
#1412=AXIS2_PLACEMENT_3D('',#2134,#1733,#1734);
#1413=AXIS2_PLACEMENT_3D('',#2135,#1735,#1736);
#1414=AXIS2_PLACEMENT_3D('',#2139,#1739,#1740);
#1415=AXIS2_PLACEMENT_3D('',#2142,#1742,#1743);
#1416=AXIS2_PLACEMENT_3D('',#2143,#1744,#1745);
#1417=AXIS2_PLACEMENT_3D('',#2147,#1748,#1749);
#1418=AXIS2_PLACEMENT_3D('',#2150,#1751,#1752);
#1419=AXIS2_PLACEMENT_3D('',#2151,#1753,#1754);
#1420=AXIS2_PLACEMENT_3D('',#2154,#1756,#1757);
#1421=AXIS2_PLACEMENT_3D('',#2155,#1758,#1759);
#1422=AXIS2_PLACEMENT_3D('',#2158,#1761,#1762);
#1423=AXIS2_PLACEMENT_3D('',#2159,#1763,#1764);
#1424=AXIS2_PLACEMENT_3D('',#2162,#1766,#1767);
#1425=AXIS2_PLACEMENT_3D('',#2163,#1768,#1769);
#1426=AXIS2_PLACEMENT_3D('',#2166,#1771,#1772);
#1427=AXIS2_PLACEMENT_3D('',#2167,#1773,#1774);
#1428=AXIS2_PLACEMENT_3D('',#2171,#1777,#1778);
#1429=AXIS2_PLACEMENT_3D('',#2174,#1780,#1781);
#1430=AXIS2_PLACEMENT_3D('',#2175,#1782,#1783);
#1431=AXIS2_PLACEMENT_3D('',#2179,#1786,#1787);
#1432=AXIS2_PLACEMENT_3D('',#2180,#1788,#1789);
#1433=AXIS2_PLACEMENT_3D('',#2181,#1790,#1791);
#1434=AXIS2_PLACEMENT_3D('',#2183,#1792,#1793);
#1435=AXIS2_PLACEMENT_3D('',#2184,#1794,#1795);
#1436=AXIS2_PLACEMENT_3D('',#2187,#1797,#1798);
#1437=AXIS2_PLACEMENT_3D('',#2188,#1799,#1800);
#1438=AXIS2_PLACEMENT_3D('',#2189,#1801,#1802);
#1439=AXIS2_PLACEMENT_3D('',#2192,#1803,#1804);
#1440=AXIS2_PLACEMENT_3D('',#2194,#1805,#1806);
#1441=AXIS2_PLACEMENT_3D('',#2196,#1807,#1808);
#1442=AXIS2_PLACEMENT_3D('',#2197,#1809,#1810);
#1443=AXIS2_PLACEMENT_3D('',#2198,#1811,#1812);
#1444=AXIS2_PLACEMENT_3D('',#2201,#1813,#1814);
#1445=AXIS2_PLACEMENT_3D('',#2203,#1815,#1816);
#1446=AXIS2_PLACEMENT_3D('',#2205,#1817,#1818);
#1447=AXIS2_PLACEMENT_3D('',#2206,#1819,#1820);
#1448=AXIS2_PLACEMENT_3D('',#2207,#1821,#1822);
#1449=AXIS2_PLACEMENT_3D('',#2210,#1823,#1824);
#1450=AXIS2_PLACEMENT_3D('',#2213,#1827,#1828);
#1451=AXIS2_PLACEMENT_3D('',#2216,#1829,#1830);
#1452=AXIS2_PLACEMENT_3D('',#2217,#1831,#1832);
#1453=AXIS2_PLACEMENT_3D('',#2218,#1833,#1834);
#1454=AXIS2_PLACEMENT_3D('',#2219,#1835,#1836);
#1455=AXIS2_PLACEMENT_3D('',#2222,#1839,#1840);
#1456=AXIS2_PLACEMENT_3D('',#2225,#1843,#1844);
#1457=AXIS2_PLACEMENT_3D('',#2228,#1845,#1846);
#1458=AXIS2_PLACEMENT_3D('',#2231,#1849,#1850);
#1459=AXIS2_PLACEMENT_3D('',#2234,#1851,#1852);
#1460=AXIS2_PLACEMENT_3D('',#2235,#1853,#1854);
#1461=AXIS2_PLACEMENT_3D('',#2236,#1855,#1856);
#1462=AXIS2_PLACEMENT_3D('',#2237,#1857,#1858);
#1463=AXIS2_PLACEMENT_3D('',#2240,#1861,#1862);
#1464=AXIS2_PLACEMENT_3D('',#2243,#1865,#1866);
#1465=AXIS2_PLACEMENT_3D('',#2245,#1868,#1869);
#1466=AXIS2_PLACEMENT_3D('',#2246,#1870,#1871);
#1467=AXIS2_PLACEMENT_3D('',#2247,#1872,#1873);
#1468=AXIS2_PLACEMENT_3D('',#2249,#1875,#1876);
#1469=DIRECTION('axis',(0.,0.,1.));
#1470=DIRECTION('refdir',(1.,0.,0.));
#1471=DIRECTION('center_axis',(-0.707106781186548,0.,0.707106781186548));
#1472=DIRECTION('ref_axis',(0.707106781186548,0.,0.707106781186548));
#1473=DIRECTION('',(-9.64077206394489E-16,1.,-9.64077206394489E-16));
#1474=DIRECTION('',(-0.707106781186548,1.65665533938387E-15,-0.707106781186548));
#1475=DIRECTION('',(0.,1.,0.));
#1476=DIRECTION('',(0.707106781186547,-1.66083111719952E-15,0.707106781186547));
#1477=DIRECTION('',(9.64077206394492E-16,-1.,-3.31284709714931E-15));
#1478=DIRECTION('',(0.707106781186548,-1.66083111719952E-15,0.707106781186548));
#1479=DIRECTION('',(0.,1.,0.));
#1480=DIRECTION('',(0.707106781186548,0.,0.707106781186548));
#1481=DIRECTION('center_axis',(9.64077206394492E-16,-1.,-3.30694165552896E-15));
#1482=DIRECTION('ref_axis',(-5.55111512312525E-16,-3.30694165552896E-15,
1.));
#1483=DIRECTION('',(5.55111512312525E-16,3.30694165552896E-15,-1.));
#1484=DIRECTION('',(1.,0.,0.));
#1485=DIRECTION('',(-5.55111512312525E-16,-3.30694165552896E-15,1.));
#1486=DIRECTION('',(-1.,0.,0.));
#1487=DIRECTION('',(5.55111512312525E-16,3.30694165552896E-15,-1.));
#1488=DIRECTION('',(-0.707106781186547,-3.02006639984172E-15,0.707106781186548));
#1489=DIRECTION('center_axis',(9.64077206394492E-16,-1.,-3.30694165552896E-15));
#1490=DIRECTION('ref_axis',(1.,0.,0.));
#1491=DIRECTION('center_axis',(-0.707106781186548,0.,-0.707106781186547));
#1492=DIRECTION('ref_axis',(-0.707106781186547,0.,0.707106781186548));
#1493=DIRECTION('',(-9.64077206394491E-16,1.,9.64077206394491E-16));
#1494=DIRECTION('',(-0.707106781186547,0.,0.707106781186548));
#1495=DIRECTION('',(0.,1.,0.));
#1496=DIRECTION('',(-0.707106781186547,-3.02424217765737E-15,0.707106781186548));
#1497=DIRECTION('',(-9.64077206394492E-16,1.,3.31284709714931E-15));
#1498=DIRECTION('',(-0.707106781186547,-3.02424217765737E-15,0.707106781186548));
#1499=DIRECTION('',(0.,1.,0.));
#1500=DIRECTION('center_axis',(0.,1.,0.));
#1501=DIRECTION('ref_axis',(-1.,0.,0.));
#1502=DIRECTION('center_axis',(0.,-1.,0.));
#1503=DIRECTION('ref_axis',(-1.,0.,0.));
#1504=DIRECTION('',(0.,-1.,0.));
#1505=DIRECTION('center_axis',(0.,-1.,0.));
#1506=DIRECTION('ref_axis',(-1.,0.,0.));
#1507=DIRECTION('center_axis',(0.,1.,0.));
#1508=DIRECTION('ref_axis',(-1.,0.,0.));
#1509=DIRECTION('center_axis',(0.,-1.,0.));
#1510=DIRECTION('ref_axis',(-1.,0.,0.));
#1511=DIRECTION('center_axis',(0.,1.,0.));
#1512=DIRECTION('ref_axis',(-1.,0.,0.));
#1513=DIRECTION('center_axis',(0.,-1.,0.));
#1514=DIRECTION('ref_axis',(-1.,0.,0.));
#1515=DIRECTION('',(0.,-1.,0.));
#1516=DIRECTION('center_axis',(0.,-1.,0.));
#1517=DIRECTION('ref_axis',(-1.,0.,0.));
#1518=DIRECTION('center_axis',(0.,1.,0.));
#1519=DIRECTION('ref_axis',(-1.,0.,0.));
#1520=DIRECTION('center_axis',(0.,-1.,0.));
#1521=DIRECTION('ref_axis',(-1.,0.,0.));
#1522=DIRECTION('center_axis',(1.,9.6407720639449E-16,5.55111512312528E-16));
#1523=DIRECTION('ref_axis',(5.55111512312525E-16,3.31284709714931E-15,-1.));
#1524=DIRECTION('center_axis',(-1.,-9.6407720639449E-16,-5.55111512312528E-16));
#1525=DIRECTION('ref_axis',(0.,0.,-1.));
#1526=DIRECTION('center_axis',(1.,9.6407720639449E-16,5.55111512312528E-16));
#1527=DIRECTION('ref_axis',(5.55111512312525E-16,3.31284709714931E-15,-1.));
#1528=DIRECTION('center_axis',(-1.,-9.6407720639449E-16,-5.55111512312528E-16));
#1529=DIRECTION('ref_axis',(0.,0.,-1.));
#1530=DIRECTION('center_axis',(1.,9.6407720639449E-16,5.55111512312528E-16));
#1531=DIRECTION('ref_axis',(5.55111512312525E-16,3.31284709714931E-15,-1.));
#1532=DIRECTION('center_axis',(-1.,-9.6407720639449E-16,-5.55111512312528E-16));
#1533=DIRECTION('ref_axis',(0.,0.,-1.));
#1534=DIRECTION('center_axis',(1.,9.6407720639449E-16,5.55111512312528E-16));
#1535=DIRECTION('ref_axis',(5.55111512312525E-16,3.31284709714931E-15,-1.));
#1536=DIRECTION('center_axis',(-1.,-9.6407720639449E-16,-5.55111512312528E-16));
#1537=DIRECTION('ref_axis',(0.,0.,-1.));
#1538=DIRECTION('center_axis',(0.,-1.,0.));
#1539=DIRECTION('ref_axis',(1.,0.,0.));
#1540=DIRECTION('',(5.55111512312528E-16,0.,-1.));
#1541=DIRECTION('center_axis',(0.,-1.,0.));
#1542=DIRECTION('ref_axis',(1.,0.,0.));
#1543=DIRECTION('center_axis',(0.,1.,0.));
#1544=DIRECTION('ref_axis',(1.,0.,0.));
#1545=DIRECTION('center_axis',(-9.64077206394492E-16,1.,3.31284709714931E-15));
#1546=DIRECTION('ref_axis',(1.,0.,0.));
#1547=DIRECTION('center_axis',(0.,1.,0.));
#1548=DIRECTION('ref_axis',(1.,0.,0.));
#1549=DIRECTION('center_axis',(9.64077206394492E-16,-1.,-3.31284709714931E-15));
#1550=DIRECTION('ref_axis',(1.,0.,0.));
#1551=DIRECTION('center_axis',(-9.64077206394492E-16,1.,3.31284709714931E-15));
#1552=DIRECTION('ref_axis',(-5.55111512312525E-16,-3.31284709714931E-15,
1.));
#1553=DIRECTION('',(5.55111512312525E-16,3.31284709714931E-15,-1.));
#1554=DIRECTION('',(1.,9.6407720639449E-16,5.55111512312528E-16));
#1555=DIRECTION('center_axis',(-9.64077206394492E-16,1.,3.31284709714931E-15));
#1556=DIRECTION('ref_axis',(-5.55111512312525E-16,-3.31284709714931E-15,
1.));
#1557=DIRECTION('',(1.,9.64077206394491E-16,1.99840144432478E-16));
#1558=DIRECTION('center_axis',(-9.64077206394492E-16,1.,3.31284709714931E-15));
#1559=DIRECTION('ref_axis',(-5.55111512312525E-16,-3.31284709714931E-15,
1.));
#1560=DIRECTION('center_axis',(-9.64077206394492E-16,1.,3.31284709714931E-15));
#1561=DIRECTION('ref_axis',(-1.,-9.64077206394502E-16,3.05883450644534E-15));
#1562=DIRECTION('center_axis',(-9.64077206394492E-16,1.,3.31284709714931E-15));
#1563=DIRECTION('ref_axis',(-5.55111512312525E-16,-3.31284709714931E-15,
1.));
#1564=DIRECTION('center_axis',(1.,9.6407720639449E-16,5.55111512312528E-16));
#1565=DIRECTION('ref_axis',(5.55111512312525E-16,3.31284709714931E-15,-1.));
#1566=DIRECTION('center_axis',(1.,9.6407720639449E-16,5.55111512312528E-16));
#1567=DIRECTION('ref_axis',(0.,0.,-1.));
#1568=DIRECTION('',(-9.64077206394492E-16,1.,3.31284709714931E-15));
#1569=DIRECTION('center_axis',(1.,9.6407720639449E-16,5.55111512312528E-16));
#1570=DIRECTION('ref_axis',(5.55111512312525E-16,3.31284709714931E-15,-1.));
#1571=DIRECTION('center_axis',(1.,9.6407720639449E-16,5.55111512312528E-16));
#1572=DIRECTION('ref_axis',(0.,0.,-1.));
#1573=DIRECTION('center_axis',(1.,9.6407720639449E-16,5.55111512312528E-16));
#1574=DIRECTION('ref_axis',(5.55111512312525E-16,3.31284709714931E-15,-1.));
#1575=DIRECTION('center_axis',(1.,9.6407720639449E-16,5.55111512312528E-16));
#1576=DIRECTION('ref_axis',(0.,0.,-1.));
#1577=DIRECTION('center_axis',(1.,9.6407720639449E-16,5.55111512312528E-16));
#1578=DIRECTION('ref_axis',(5.55111512312525E-16,3.31284709714931E-15,-1.));
#1579=DIRECTION('',(9.64077206394492E-16,-1.,-3.97075703766792E-15));
#1580=DIRECTION('center_axis',(1.,9.6407720639449E-16,5.55111512312528E-16));
#1581=DIRECTION('ref_axis',(0.,0.,-1.));
#1582=DIRECTION('center_axis',(1.,9.6407720639449E-16,5.55111512312528E-16));
#1583=DIRECTION('ref_axis',(5.55111512312525E-16,3.31284709714931E-15,-1.));
#1584=DIRECTION('center_axis',(1.,9.6407720639449E-16,5.55111512312528E-16));
#1585=DIRECTION('ref_axis',(5.55111512312525E-16,3.31284709714931E-15,-1.));
#1586=DIRECTION('center_axis',(1.,9.6407720639449E-16,5.55111512312528E-16));
#1587=DIRECTION('ref_axis',(5.55111512312525E-16,3.31284709714931E-15,-1.));
#1588=DIRECTION('center_axis',(1.,9.6407720639449E-16,5.55111512312528E-16));
#1589=DIRECTION('ref_axis',(5.55111512312525E-16,3.31284709714931E-15,-1.));
#1590=DIRECTION('',(-4.12725335385818E-17,0.530796765843596,-0.84749914063082));
#1591=DIRECTION('center_axis',(1.,9.6407720639449E-16,5.55111512312528E-16));
#1592=DIRECTION('ref_axis',(0.,0.,-1.));
#1593=DIRECTION('',(-1.11235837614264E-15,0.859392418117497,0.51131660610835));
#1594=DIRECTION('center_axis',(-1.,-9.6407720639449E-16,-5.55111512312528E-16));
#1595=DIRECTION('ref_axis',(0.,0.,-1.));
#1596=DIRECTION('center_axis',(1.,9.6407720639449E-16,5.55111512312528E-16));
#1597=DIRECTION('ref_axis',(0.,0.,-1.));
#1598=DIRECTION('',(-5.55111512312528E-16,-5.79990421149053E-16,1.));
#1599=DIRECTION('center_axis',(1.,9.6407720639449E-16,5.55111512312528E-16));
#1600=DIRECTION('ref_axis',(5.55111512312525E-16,3.31284709714931E-15,-1.));
#1601=DIRECTION('',(-9.64077206394491E-16,1.,1.44299779251747E-15));
#1602=DIRECTION('center_axis',(1.,9.6407720639449E-16,5.55111512312528E-16));
#1603=DIRECTION('ref_axis',(9.64077206394462E-16,-1.,4.99778580848617E-14));
#1604=DIRECTION('',(5.55111512312528E-16,9.21597505649085E-16,-1.));
#1605=DIRECTION('center_axis',(1.,9.6407720639449E-16,5.55111512312528E-16));
#1606=DIRECTION('ref_axis',(-5.55111512312525E-16,-3.31284709714931E-15,
1.));
#1607=DIRECTION('',(9.64077206394491E-16,-1.,-2.14419128175441E-15));
#1608=DIRECTION('center_axis',(1.,9.6407720639449E-16,5.55111512312528E-16));
#1609=DIRECTION('ref_axis',(-9.6407720639449E-16,1.,-1.12804500135126E-15));
#1610=DIRECTION('',(-5.55111512312528E-16,-5.79990421149053E-16,1.));
#1611=DIRECTION('center_axis',(-1.,-9.6407720639449E-16,-5.55111512312528E-16));
#1612=DIRECTION('ref_axis',(0.,0.,-1.));
#1613=DIRECTION('',(1.11025567010291E-15,-0.896362822811923,-0.44332120396011));
#1614=DIRECTION('center_axis',(0.,-1.,-9.10952225333418E-16));
#1615=DIRECTION('ref_axis',(2.84672570416693E-17,9.10952225333418E-16,-1.));
#1616=DIRECTION('',(5.55111512312528E-16,9.10952225333418E-16,-1.));
#1617=DIRECTION('',(1.,0.,0.));
#1618=DIRECTION('',(5.55111512312528E-16,9.10952225333418E-16,-1.));
#1619=DIRECTION('',(-1.,0.,0.));
#1620=DIRECTION('center_axis',(1.,0.,0.));
#1621=DIRECTION('ref_axis',(0.,0.,-1.));
#1622=DIRECTION('',(1.,0.,0.));
#1623=DIRECTION('center_axis',(-1.,-9.6407720639449E-16,-5.55111512312528E-16));
#1624=DIRECTION('ref_axis',(0.,0.,-1.));
#1625=DIRECTION('',(1.,0.,0.));
#1626=DIRECTION('center_axis',(0.,-0.44332120396011,0.896362822811923));
#1627=DIRECTION('ref_axis',(0.,-0.896362822811923,-0.44332120396011));
#1628=DIRECTION('',(1.11025567010291E-15,-0.896362822811923,-0.44332120396011));
#1629=DIRECTION('',(1.,0.,0.));
#1630=DIRECTION('center_axis',(1.,0.,0.));
#1631=DIRECTION('ref_axis',(0.,0.,-1.));
#1632=DIRECTION('center_axis',(1.,9.6407720639449E-16,5.55111512312528E-16));
#1633=DIRECTION('ref_axis',(0.,0.,-1.));
#1634=DIRECTION('',(-1.,0.,0.));
#1635=DIRECTION('center_axis',(0.,-0.84749914063082,-0.530796765843596));
#1636=DIRECTION('ref_axis',(0.,0.530796765843596,-0.84749914063082));
#1637=DIRECTION('',(-1.,0.,0.));
#1638=DIRECTION('',(-4.12725335385818E-17,0.530796765843596,-0.84749914063082));
#1639=DIRECTION('',(1.,0.,0.));
#1640=DIRECTION('center_axis',(1.,0.,0.));
#1641=DIRECTION('ref_axis',(0.,0.218129737912396,0.975919780226976));
#1642=DIRECTION('center_axis',(1.,9.6407720639449E-16,5.55111512312528E-16));
#1643=DIRECTION('ref_axis',(0.,0.,-1.));
#1644=DIRECTION('',(1.,0.,0.));
#1645=DIRECTION('center_axis',(0.,0.51131660610835,-0.859392418117497));
#1646=DIRECTION('ref_axis',(0.,0.859392418117497,0.51131660610835));
#1647=DIRECTION('',(-1.11235837614264E-15,0.859392418117497,0.51131660610835));
#1648=DIRECTION('',(1.,0.,0.));
#1649=DIRECTION('center_axis',(1.,0.,0.));
#1650=DIRECTION('ref_axis',(0.,0.214358522569816,0.976755048004199));
#1651=DIRECTION('center_axis',(-1.,-9.6407720639449E-16,-5.55111512312528E-16));
#1652=DIRECTION('ref_axis',(0.,0.,-1.));
#1653=DIRECTION('center_axis',(-9.6407720639449E-16,1.,5.79990421149052E-16));
#1654=DIRECTION('ref_axis',(5.55111512312528E-16,5.79990421149053E-16,-1.));
#1655=DIRECTION('',(-1.,-9.6407720639449E-16,-5.55111512312528E-16));
#1656=DIRECTION('',(-5.55111512312528E-16,-5.79990421149053E-16,1.));
#1657=DIRECTION('center_axis',(0.,1.,0.));
#1658=DIRECTION('ref_axis',(-1.,0.,0.));
#1659=DIRECTION('',(0.,1.,0.));
#1660=DIRECTION('center_axis',(9.64077206394492E-16,-1.,-3.31284709714931E-15));
#1661=DIRECTION('ref_axis',(-1.,0.,0.));
#1662=DIRECTION('center_axis',(0.,1.,0.));
#1663=DIRECTION('ref_axis',(-1.,0.,0.));
#1664=DIRECTION('',(0.,1.,0.));
#1665=DIRECTION('center_axis',(9.64077206394492E-16,-1.,-3.31284709714931E-15));
#1666=DIRECTION('ref_axis',(-1.,0.,0.));
#1667=DIRECTION('center_axis',(1.,0.,0.));
#1668=DIRECTION('ref_axis',(0.,0.707106662560716,0.707106899812359));
#1669=DIRECTION('',(1.,0.,0.));
#1670=DIRECTION('center_axis',(1.,0.,0.));
#1671=DIRECTION('ref_axis',(0.,0.,-1.));
#1672=DIRECTION('center_axis',(1.,0.,0.));
#1673=DIRECTION('ref_axis',(0.,0.,-1.));
#1674=DIRECTION('center_axis',(-1.,0.,0.));
#1675=DIRECTION('ref_axis',(0.,0.,-1.));
#1676=DIRECTION('',(-1.,0.,0.));
#1677=DIRECTION('center_axis',(-1.,-8.16047469777803E-16,-5.55111512312528E-16));
#1678=DIRECTION('ref_axis',(-5.55111512312525E-16,-3.31284709714931E-15,
1.));
#1679=DIRECTION('',(-9.64077206394492E-16,1.,3.31284709714931E-15));
#1680=DIRECTION('center_axis',(1.,9.6407720639449E-16,5.55111512312528E-16));
#1681=DIRECTION('ref_axis',(-9.64077206394492E-16,1.,4.02338983290941E-15));
#1682=DIRECTION('',(9.64077206394492E-16,-1.,-3.31284709714931E-15));
#1683=DIRECTION('center_axis',(-1.,0.,0.));
#1684=DIRECTION('ref_axis',(0.,0.,-1.));
#1685=DIRECTION('center_axis',(-1.,0.,0.));
#1686=DIRECTION('ref_axis',(0.,0.,-1.));
#1687=DIRECTION('center_axis',(1.,0.,0.));
#1688=DIRECTION('ref_axis',(0.,0.,-1.));
#1689=DIRECTION('',(-8.16047469777804E-16,1.,3.97075703766792E-15));
#1690=DIRECTION('center_axis',(-1.,-8.16047469777803E-16,-5.55111512312528E-16));
#1691=DIRECTION('ref_axis',(5.55111512312525E-16,3.31284709714931E-15,-1.));
#1692=DIRECTION('center_axis',(1.,0.,0.));
#1693=DIRECTION('ref_axis',(0.,0.,-1.));
#1694=DIRECTION('center_axis',(-1.,-8.16047469777803E-16,-5.55111512312528E-16));
#1695=DIRECTION('ref_axis',(5.55111512312525E-16,3.31284709714931E-15,-1.));
#1696=DIRECTION('center_axis',(1.,0.,0.));
#1697=DIRECTION('ref_axis',(0.,0.,-1.));
#1698=DIRECTION('center_axis',(-1.,-8.16047469777803E-16,-5.55111512312528E-16));
#1699=DIRECTION('ref_axis',(5.55111512312525E-16,3.31284709714931E-15,-1.));
#1700=DIRECTION('',(8.16047469777804E-16,-1.,-3.31284709714931E-15));
#1701=DIRECTION('center_axis',(-1.,0.,0.));
#1702=DIRECTION('ref_axis',(0.,0.,-1.));
#1703=DIRECTION('center_axis',(1.,0.,0.));
#1704=DIRECTION('ref_axis',(0.,-0.72953720414009,-0.683941128881324));
#1705=DIRECTION('',(-1.,0.,0.));
#1706=DIRECTION('',(1.,0.,0.));
#1707=DIRECTION('center_axis',(1.,0.,0.));
#1708=DIRECTION('ref_axis',(0.,0.,-1.));
#1709=DIRECTION('',(-1.,0.,0.));
#1710=DIRECTION('center_axis',(-1.,-9.6407720639449E-16,-5.55111512312528E-16));
#1711=DIRECTION('ref_axis',(5.55111512312525E-16,3.31284709714931E-15,-1.));
#1712=DIRECTION('',(-1.,-9.6407720639449E-16,-5.55111512312528E-16));
#1713=DIRECTION('center_axis',(1.,0.,0.));
#1714=DIRECTION('ref_axis',(0.,0.,-1.));
#1715=DIRECTION('',(-1.,0.,0.));
#1716=DIRECTION('center_axis',(1.,0.,0.));
#1717=DIRECTION('ref_axis',(0.,0.,-1.));
#1718=DIRECTION('',(-1.,0.,0.));
#1719=DIRECTION('center_axis',(1.,0.,0.));
#1720=DIRECTION('ref_axis',(0.,0.,-1.));
#1721=DIRECTION('',(-1.,0.,0.));
#1722=DIRECTION('center_axis',(1.,0.,0.));
#1723=DIRECTION('ref_axis',(0.,-0.729537204140081,0.683941128881334));
#1724=DIRECTION('',(1.,0.,0.));
#1725=DIRECTION('',(-1.,0.,0.));
#1726=DIRECTION('center_axis',(-1.,-9.6407720639449E-16,-5.55111512312528E-16));
#1727=DIRECTION('ref_axis',(5.55111512312525E-16,3.31284709714931E-15,-1.));
#1728=DIRECTION('',(-1.,-9.6407720639449E-16,-5.55111512312528E-16));
#1729=DIRECTION('center_axis',(-1.,-9.6407720639449E-16,-5.55111512312528E-16));
#1730=DIRECTION('ref_axis',(5.55111512312525E-16,3.31284709714931E-15,-1.));
#1731=DIRECTION('center_axis',(-5.55111512312525E-16,-3.97075703766792E-15,
1.));
#1732=DIRECTION('ref_axis',(-9.64077206394492E-16,1.,3.97075703766792E-15));
#1733=DIRECTION('center_axis',(5.55111512312525E-16,3.31284709714931E-15,
-1.));
#1734=DIRECTION('ref_axis',(9.64077206394492E-16,-1.,-3.31284709714931E-15));
#1735=DIRECTION('center_axis',(-9.6407720639449E-16,1.,5.79990421149052E-16));
#1736=DIRECTION('ref_axis',(5.55111512312528E-16,5.79990421149053E-16,-1.));
#1737=DIRECTION('',(-5.55111512312528E-16,-5.79990421149053E-16,1.));
#1738=DIRECTION('',(-1.,-9.6407720639449E-16,-5.55111512312528E-16));
#1739=DIRECTION('center_axis',(-1.,-9.6407720639449E-16,-5.55111512312528E-16));
#1740=DIRECTION('ref_axis',(-9.6407720639449E-16,1.,-1.12804500135126E-15));
#1741=DIRECTION('',(-1.,-9.6407720639449E-16,-5.55111512312528E-16));
#1742=DIRECTION('center_axis',(1.,9.6407720639449E-16,5.55111512312528E-16));
#1743=DIRECTION('ref_axis',(-9.6407720639449E-16,1.,-1.12804500135126E-15));
#1744=DIRECTION('center_axis',(-5.55111512312526E-16,-2.14419128175441E-15,
1.));
#1745=DIRECTION('ref_axis',(-9.64077206394491E-16,1.,2.14419128175441E-15));
#1746=DIRECTION('',(-1.,-9.6407720639449E-16,-5.55111512312528E-16));
#1747=DIRECTION('',(9.64077206394491E-16,-1.,-2.14419128175441E-15));
#1748=DIRECTION('center_axis',(-1.,-9.6407720639449E-16,-5.55111512312528E-16));
#1749=DIRECTION('ref_axis',(-5.55111512312525E-16,-3.31284709714931E-15,
1.));
#1750=DIRECTION('',(-1.,-9.6407720639449E-16,-5.55111512312528E-16));
#1751=DIRECTION('center_axis',(1.,9.6407720639449E-16,5.55111512312528E-16));
#1752=DIRECTION('ref_axis',(-5.55111512312525E-16,-3.31284709714931E-15,
1.));
#1753=DIRECTION('center_axis',(-1.,-9.6407720639449E-16,-5.55111512312528E-16));
#1754=DIRECTION('ref_axis',(5.55111512312525E-16,3.31284709714931E-15,-1.));
#1755=DIRECTION('',(-1.,-9.6407720639449E-16,-5.55111512312528E-16));
#1756=DIRECTION('center_axis',(1.,9.6407720639449E-16,5.55111512312528E-16));
#1757=DIRECTION('ref_axis',(5.55111512312525E-16,3.31284709714931E-15,-1.));
#1758=DIRECTION('center_axis',(-1.,-9.6407720639449E-16,-5.55111512312528E-16));
#1759=DIRECTION('ref_axis',(5.55111512312525E-16,3.31284709714931E-15,-1.));
#1760=DIRECTION('',(-1.,-9.6407720639449E-16,-5.55111512312528E-16));
#1761=DIRECTION('center_axis',(1.,9.6407720639449E-16,5.55111512312528E-16));
#1762=DIRECTION('ref_axis',(5.55111512312525E-16,3.31284709714931E-15,-1.));
#1763=DIRECTION('center_axis',(-1.,-9.6407720639449E-16,-5.55111512312528E-16));
#1764=DIRECTION('ref_axis',(5.55111512312525E-16,3.31284709714931E-15,-1.));
#1765=DIRECTION('',(-1.,-9.6407720639449E-16,-5.55111512312528E-16));
#1766=DIRECTION('center_axis',(1.,9.6407720639449E-16,5.55111512312528E-16));
#1767=DIRECTION('ref_axis',(5.55111512312525E-16,3.31284709714931E-15,-1.));
#1768=DIRECTION('center_axis',(-1.,-9.6407720639449E-16,-5.55111512312528E-16));
#1769=DIRECTION('ref_axis',(5.55111512312525E-16,3.31284709714931E-15,-1.));
#1770=DIRECTION('',(-1.,-9.6407720639449E-16,-5.55111512312528E-16));
#1771=DIRECTION('center_axis',(1.,9.6407720639449E-16,5.55111512312528E-16));
#1772=DIRECTION('ref_axis',(5.55111512312525E-16,3.31284709714931E-15,-1.));
#1773=DIRECTION('center_axis',(9.64077206394491E-16,-1.,-9.21597505649084E-16));
#1774=DIRECTION('ref_axis',(-5.55111512312528E-16,-9.21597505649084E-16,
1.));
#1775=DIRECTION('',(-1.,-9.6407720639449E-16,-5.55111512312528E-16));
#1776=DIRECTION('',(5.55111512312528E-16,9.21597505649085E-16,-1.));
#1777=DIRECTION('center_axis',(-1.,-9.6407720639449E-16,-5.55111512312528E-16));
#1778=DIRECTION('ref_axis',(9.64077206394462E-16,-1.,4.99778580848617E-14));
#1779=DIRECTION('',(-1.,-9.6407720639449E-16,-5.55111512312528E-16));
#1780=DIRECTION('center_axis',(1.,9.6407720639449E-16,5.55111512312528E-16));
#1781=DIRECTION('ref_axis',(9.64077206394462E-16,-1.,4.99778580848617E-14));
#1782=DIRECTION('center_axis',(5.55111512312527E-16,1.44299779251747E-15,
-1.));
#1783=DIRECTION('ref_axis',(9.64077206394491E-16,-1.,-1.44299779251747E-15));
#1784=DIRECTION('',(-1.,-9.6407720639449E-16,-5.55111512312528E-16));
#1785=DIRECTION('',(-9.6407720639449E-16,1.,1.44299779251747E-15));
#1786=DIRECTION('center_axis',(-1.,-9.6407720639449E-16,-5.55111512312528E-16));
#1787=DIRECTION('ref_axis',(5.55111512312525E-16,3.31284709714931E-15,-1.));
#1788=DIRECTION('center_axis',(1.,9.6407720639449E-16,5.55111512312528E-16));
#1789=DIRECTION('ref_axis',(5.55111512312525E-16,3.31284709714931E-15,-1.));
#1790=DIRECTION('center_axis',(1.,9.6407720639449E-16,5.55111512312528E-16));
#1791=DIRECTION('ref_axis',(5.55111512312525E-16,3.31284709714931E-15,-1.));
#1792=DIRECTION('center_axis',(-1.,-9.6407720639449E-16,-5.55111512312528E-16));
#1793=DIRECTION('ref_axis',(5.55111512312525E-16,3.31284709714931E-15,-1.));
#1794=DIRECTION('center_axis',(-1.,-9.6407720639449E-16,-5.55111512312528E-16));
#1795=DIRECTION('ref_axis',(5.55111512312525E-16,3.31284709714931E-15,-1.));
#1796=DIRECTION('',(-1.,-9.6407720639449E-16,-5.55111512312528E-16));
#1797=DIRECTION('center_axis',(1.,9.6407720639449E-16,5.55111512312528E-16));
#1798=DIRECTION('ref_axis',(5.55111512312525E-16,3.31284709714931E-15,-1.));
#1799=DIRECTION('center_axis',(9.64077206394492E-16,-1.,-3.31284709714931E-15));
#1800=DIRECTION('ref_axis',(-5.55111512312525E-16,-3.31284709714931E-15,
1.));
#1801=DIRECTION('center_axis',(5.55111512312525E-16,3.31284709714931E-15,
-1.));
#1802=DIRECTION('ref_axis',(-1.,-9.473903143468E-16,-4.736951571734E-16));
#1803=DIRECTION('center_axis',(5.55111512312525E-16,3.31284709714931E-15,
-1.));
#1804=DIRECTION('ref_axis',(9.64077206394492E-16,-1.,-3.31284709714931E-15));
#1805=DIRECTION('center_axis',(-1.,-9.6407720639449E-16,-5.55111512312528E-16));
#1806=DIRECTION('ref_axis',(-5.55111512312525E-16,-3.31284709714931E-15,
1.));
#1807=DIRECTION('center_axis',(-5.55111512312525E-16,-3.31284709714931E-15,
1.));
#1808=DIRECTION('ref_axis',(0.707106781186548,-0.707106781186547,-1.95001353275754E-15));
#1809=DIRECTION('center_axis',(-9.64077206394492E-16,1.,3.31284709714931E-15));
#1810=DIRECTION('ref_axis',(-1.,-9.6407720639449E-16,-5.55111512312528E-16));
#1811=DIRECTION('center_axis',(5.55111512312525E-16,3.31284709714931E-15,
-1.));
#1812=DIRECTION('ref_axis',(-1.,-9.473903143468E-16,-4.736951571734E-16));
#1813=DIRECTION('center_axis',(1.99840144432475E-16,3.31284709714931E-15,
-1.));
#1814=DIRECTION('ref_axis',(0.707106781186548,-0.707106781186547,-1.95001353275754E-15));
#1815=DIRECTION('center_axis',(-1.,-9.6407720639449E-16,-5.55111512312528E-16));
#1816=DIRECTION('ref_axis',(-9.64077206394492E-16,1.,3.31284709714931E-15));
#1817=DIRECTION('center_axis',(-5.55111512312525E-16,-3.31284709714931E-15,
1.));
#1818=DIRECTION('ref_axis',(1.,9.6407720639449E-16,5.55111512312528E-16));
#1819=DIRECTION('center_axis',(-9.64077206394492E-16,1.,3.31284709714931E-15));
#1820=DIRECTION('ref_axis',(1.11022302462463E-16,3.31284709714931E-15,-1.));
#1821=DIRECTION('center_axis',(-1.,-9.64077206394491E-16,-1.99840144432478E-16));
#1822=DIRECTION('ref_axis',(-2.89182415558022E-16,0.70710678118655,-0.707106781186545));
#1823=DIRECTION('center_axis',(1.,9.6407720639449E-16,5.55111512312528E-16));
#1824=DIRECTION('ref_axis',(5.55111512312525E-16,3.31284709714931E-15,-1.));
#1825=DIRECTION('',(1.,9.64077206394491E-16,1.99840144432478E-16));
#1826=DIRECTION('',(-1.,-9.64077206394491E-16,-1.99840144432478E-16));
#1827=DIRECTION('center_axis',(-9.64077206394492E-16,1.,3.31284709714931E-15));
#1828=DIRECTION('ref_axis',(-1.,-9.9475983006414E-16,-5.55111512312529E-16));
#1829=DIRECTION('center_axis',(-1.,-9.64077206394488E-16,-1.16743491188621E-15));
#1830=DIRECTION('ref_axis',(-1.1674349118862E-15,-3.31284709714931E-15,
1.));
#1831=DIRECTION('center_axis',(9.64077206394492E-16,-1.,-3.31284709714931E-15));
#1832=DIRECTION('ref_axis',(-1.,-9.6407720639449E-16,-4.93879172355161E-16));
#1833=DIRECTION('center_axis',(-9.64077206394492E-16,1.,3.31284709714931E-15));
#1834=DIRECTION('ref_axis',(-1.,-9.6407720639449E-16,-4.93879172355161E-16));
#1835=DIRECTION('center_axis',(1.,9.6407720639449E-16,5.55111512312528E-16));
#1836=DIRECTION('ref_axis',(-1.07422864489983E-15,0.707106781186545,0.70710678118655));
#1837=DIRECTION('',(-1.,-9.6407720639449E-16,-5.55111512312528E-16));
#1838=DIRECTION('',(1.,9.6407720639449E-16,5.55111512312528E-16));
#1839=DIRECTION('center_axis',(5.55111512312525E-16,3.31284709714931E-15,
-1.));
#1840=DIRECTION('ref_axis',(0.707106781186548,-0.707106781186547,-1.95001353275754E-15));
#1841=DIRECTION('',(-5.55111512312525E-16,-3.31284709714931E-15,1.));
#1842=DIRECTION('',(5.55111512312525E-16,3.31284709714931E-15,-1.));
#1843=DIRECTION('center_axis',(-9.64077206394492E-16,1.,3.31284709714931E-15));
#1844=DIRECTION('ref_axis',(-0.707106781186547,1.66083111719952E-15,-0.707106781186548));
#1845=DIRECTION('center_axis',(9.64077206394492E-16,-1.,-3.31284709714931E-15));
#1846=DIRECTION('ref_axis',(-1.,-9.6407720639449E-16,-5.55111512312528E-16));
#1847=DIRECTION('',(9.64077206394492E-16,-1.,-3.31284709714931E-15));
#1848=DIRECTION('',(-9.64077206394492E-16,1.,3.31284709714931E-15));
#1849=DIRECTION('center_axis',(1.,9.6407720639449E-16,5.55111512312528E-16));
#1850=DIRECTION('ref_axis',(5.6843418860808E-16,3.26849658449646E-15,-1.));
#1851=DIRECTION('center_axis',(-9.64077206394492E-16,1.,4.20102551684943E-15));
#1852=DIRECTION('ref_axis',(-1.,-9.6407720639449E-16,-5.55111512312528E-16));
#1853=DIRECTION('center_axis',(-1.,-9.6407720639449E-16,-5.55111512312528E-16));
#1854=DIRECTION('ref_axis',(-9.64077206394492E-16,1.,3.04639357123927E-15));
#1855=DIRECTION('center_axis',(1.,9.6407720639449E-16,5.55111512312528E-16));
#1856=DIRECTION('ref_axis',(-9.64077206394492E-16,1.,3.04639357123927E-15));
#1857=DIRECTION('center_axis',(-9.64077206394492E-16,1.,3.31284709714931E-15));
#1858=DIRECTION('ref_axis',(-0.707106781186548,-3.02424217765737E-15,0.707106781186547));
#1859=DIRECTION('',(9.64077206394492E-16,-1.,-3.31284709714931E-15));
#1860=DIRECTION('',(-9.64077206394492E-16,1.,3.31284709714931E-15));
#1861=DIRECTION('center_axis',(-9.64077206394492E-16,1.,3.31284709714931E-15));
#1862=DIRECTION('ref_axis',(-5.55111512312525E-16,-3.31284709714931E-15,
1.));
#1863=DIRECTION('',(-9.64077206394492E-16,1.,3.31284709714931E-15));
#1864=DIRECTION('',(-9.64077206394492E-16,1.,3.31284709714931E-15));
#1865=DIRECTION('center_axis',(1.99840144432475E-16,3.31284709714931E-15,
-1.));
#1866=DIRECTION('ref_axis',(-1.,-9.64077206394491E-16,-1.99840144432478E-16));
#1867=DIRECTION('',(-1.,-9.64077206394491E-16,-1.99840144432478E-16));
#1868=DIRECTION('center_axis',(-9.64077206394492E-16,1.,3.31284709714931E-15));
#1869=DIRECTION('ref_axis',(-5.55111512312525E-16,-3.31284709714931E-15,
1.));
#1870=DIRECTION('center_axis',(-1.,-9.6407720639449E-16,-5.55111512312528E-16));
#1871=DIRECTION('ref_axis',(-5.55111512312525E-16,-3.31284709714931E-15,
1.));
#1872=DIRECTION('center_axis',(1.,9.6407720639449E-16,5.55111512312528E-16));
#1873=DIRECTION('ref_axis',(-1.07422864489983E-15,0.707106781186545,0.70710678118655));
#1874=DIRECTION('',(1.,9.6407720639449E-16,5.55111512312528E-16));
#1875=DIRECTION('center_axis',(-5.55111512312525E-16,-3.31284709714931E-15,
1.));
#1876=DIRECTION('ref_axis',(1.,9.6407720639449E-16,5.55111512312528E-16));
#1877=CARTESIAN_POINT('',(0.,0.,0.));
#1878=CARTESIAN_POINT('Origin',(9.14213562373071,17.9999999999998,14.1421356237312));
#1879=CARTESIAN_POINT('',(17.9999999999997,30.9999999999998,23.0000000000002));
#1880=CARTESIAN_POINT('',(17.9999999999997,47.9999999999998,23.0000000000002));
#1881=CARTESIAN_POINT('',(17.9999999999997,42.9999999999998,23.0000000000002));
#1882=CARTESIAN_POINT('',(19.7487373415289,31.,24.7487373415294));
#1883=CARTESIAN_POINT('',(0.321067811865268,30.9999999999998,5.32106781186576));
#1884=CARTESIAN_POINT('',(19.7487373415289,27.9999999999998,24.7487373415294));
#1885=CARTESIAN_POINT('',(19.7487373415289,17.9999999999998,24.7487373415294));
#1886=CARTESIAN_POINT('',(12.6776695296635,27.9999999999998,17.677669529664));
#1887=CARTESIAN_POINT('',(2.07106781186525,27.9999999999998,7.07106781186574));
#1888=CARTESIAN_POINT('',(12.6776695296635,32.9999999999998,17.677669529664));
#1889=CARTESIAN_POINT('',(12.6776695296635,27.9999999999998,17.677669529664));
#1890=CARTESIAN_POINT('',(9.14213562373071,32.9999999999998,14.1421356237312));
#1891=CARTESIAN_POINT('',(2.07106781186526,32.9999999999998,7.07106781186575));
#1892=CARTESIAN_POINT('',(9.14213562373071,47.9999999999998,14.1421356237312));
#1893=CARTESIAN_POINT('',(9.14213562373071,17.9999999999998,14.1421356237312));
#1894=CARTESIAN_POINT('',(-5.00000000000025,47.9999999999998,2.46344026363768E-13));
#1895=CARTESIAN_POINT('Origin',(34.9999999999998,31.,-46.9999999999996));
#1896=CARTESIAN_POINT('',(17.9999999999997,30.9999999999997,41.5358993393199));
#1897=CARTESIAN_POINT('',(17.9999999999997,30.9999999999999,-23.4999999999996));
#1898=CARTESIAN_POINT('',(34.9999999999997,30.9999999999997,41.53589933932));
#1899=CARTESIAN_POINT('',(24.9999999999997,30.9999999999997,41.5358993393199));
#1900=CARTESIAN_POINT('',(34.9999999999997,31.,-41.5358993393198));
#1901=CARTESIAN_POINT('',(34.9999999999997,31.,-23.4999999999996));
#1902=CARTESIAN_POINT('',(17.9999999999997,31.,-41.5358993393198));
#1903=CARTESIAN_POINT('',(24.9999999999997,31.,-41.5358993393198));
#1904=CARTESIAN_POINT('',(17.9999999999997,30.9999999999999,-22.9999999999997));
#1905=CARTESIAN_POINT('',(17.9999999999997,30.9999999999999,-23.4999999999996));
#1906=CARTESIAN_POINT('',(19.7487373415289,31.0000000000001,-24.7487373415289));
#1907=CARTESIAN_POINT('',(29.1243686707643,31.,-34.1243686707643));
#1908=CARTESIAN_POINT('Origin',(-5.00000000000025,31.,2.46344026363768E-13));
#1909=CARTESIAN_POINT('Origin',(19.7487373415289,17.9999999999998,-24.7487373415289));
#1910=CARTESIAN_POINT('',(17.9999999999997,47.9999999999998,-22.9999999999997));
#1911=CARTESIAN_POINT('',(17.9999999999997,42.9999999999998,-22.9999999999997));
#1912=CARTESIAN_POINT('',(9.14213562373071,47.9999999999998,-14.1421356237307));
#1913=CARTESIAN_POINT('',(23.2842712474617,47.9999999999998,-28.2842712474617));
#1914=CARTESIAN_POINT('',(9.14213562373071,32.9999999999999,-14.1421356237307));
#1915=CARTESIAN_POINT('',(9.14213562373071,17.9999999999998,-14.1421356237307));
#1916=CARTESIAN_POINT('',(12.6776695296634,32.9999999999999,-17.6776695296634));
#1917=CARTESIAN_POINT('',(7.37436867076429,32.9999999999999,-12.3743686707643));
#1918=CARTESIAN_POINT('',(12.6776695296634,27.9999999999999,-17.6776695296634));
#1919=CARTESIAN_POINT('',(12.6776695296634,27.9999999999999,-17.6776695296634));
#1920=CARTESIAN_POINT('',(19.7487373415289,27.9999999999999,-24.7487373415289));
#1921=CARTESIAN_POINT('',(7.3743686707643,27.9999999999999,-12.3743686707643));
#1922=CARTESIAN_POINT('',(19.7487373415289,17.9999999999998,-24.7487373415289));
#1923=CARTESIAN_POINT('Origin',(-5.,27.9999999999999,40.));
#1924=CARTESIAN_POINT('',(-3.4,29.9999999999999,40.));
#1925=CARTESIAN_POINT('Origin',(-5.,29.9999999999999,40.));
#1926=CARTESIAN_POINT('',(-3.4,27.9999999999999,40.));
#1927=CARTESIAN_POINT('',(-3.4,27.9999999999999,40.));
#1928=CARTESIAN_POINT('Origin',(-5.,27.9999999999999,40.));
#1929=CARTESIAN_POINT('Origin',(-5.,29.9999999999999,40.));
#1930=CARTESIAN_POINT('',(-2.,29.9999999999999,40.));
#1931=CARTESIAN_POINT('Origin',(-5.,29.9999999999999,40.));
#1932=CARTESIAN_POINT('Origin',(-5.,27.9999999999999,-40.));
#1933=CARTESIAN_POINT('',(-3.4,29.9999999999999,-40.));
#1934=CARTESIAN_POINT('Origin',(-5.,29.9999999999999,-40.));
#1935=CARTESIAN_POINT('',(-3.4,27.9999999999999,-40.));
#1936=CARTESIAN_POINT('',(-3.4,27.9999999999999,-40.));
#1937=CARTESIAN_POINT('Origin',(-5.,27.9999999999999,-40.));
#1938=CARTESIAN_POINT('Origin',(-5.,29.9999999999999,-40.));
#1939=CARTESIAN_POINT('',(-2.,29.9999999999999,-40.));
#1940=CARTESIAN_POINT('Origin',(-5.,29.9999999999999,-40.));
#1941=CARTESIAN_POINT('Origin',(30.9999999999997,67.9999999999999,4.88270974339297E-13));
#1942=CARTESIAN_POINT('',(30.9999999999997,33.0000004917383,-43.2000006705523));
#1943=CARTESIAN_POINT('Origin',(30.9999999999997,33.0000004917383,-45.0000006705523));
#1944=CARTESIAN_POINT('Origin',(30.9999999999997,67.9999999999999,4.92711866437797E-13));
#1945=CARTESIAN_POINT('',(30.9999999999997,90.,-28.2));
#1946=CARTESIAN_POINT('Origin',(30.9999999999997,90.,-30.));
#1947=CARTESIAN_POINT('Origin',(30.9999999999997,67.9999999999999,4.92711866437797E-13));
#1948=CARTESIAN_POINT('',(30.9999999999997,90.,31.8));
#1949=CARTESIAN_POINT('Origin',(30.9999999999997,90.,30.));
#1950=CARTESIAN_POINT('Origin',(30.9999999999997,67.9999999999999,4.88270974339297E-13));
#1951=CARTESIAN_POINT('',(30.9999999999997,33.0000004917383,46.8000006705523));
#1952=CARTESIAN_POINT('Origin',(30.9999999999997,33.0000004917383,45.0000006705523));
#1953=CARTESIAN_POINT('Origin',(19.5710678118652,47.9999999999998,2.48689957516035E-13));
#1954=CARTESIAN_POINT('',(17.9999999999997,47.9999999999998,3.66101516720077E-13));
#1955=CARTESIAN_POINT('Origin',(-5.00000000000025,47.9999999999998,2.46344026363768E-13));
#1956=CARTESIAN_POINT('Origin',(-5.00000000000025,17.9999999999998,2.46344026363768E-13));
#1957=CARTESIAN_POINT('Origin',(-5.00000000000025,27.9999999999998,2.46344026363768E-13));
#1958=CARTESIAN_POINT('Origin',(-5.00000000000025,17.9999999999998,2.46344026363768E-13));
#1959=CARTESIAN_POINT('Origin',(-5.00000000000025,32.9999999999998,2.46344026363768E-13));
#1960=CARTESIAN_POINT('Origin',(-5.00000000000027,27.9999999999998,3.30221960886947E-13));
#1961=CARTESIAN_POINT('',(34.9999999999997,27.9999999999997,50.0000000000004));
#1962=CARTESIAN_POINT('',(34.9999999999998,28.,-49.9999999999997));
#1963=CARTESIAN_POINT('',(34.9999999999997,27.9999999999998,25.0000000000004));
#1964=CARTESIAN_POINT('',(-5.0000000000003,27.9999999999997,50.0000000000003));
#1965=CARTESIAN_POINT('',(-5.0000000000003,27.9999999999997,50.0000000000003));
#1966=CARTESIAN_POINT('',(-5.00000000000024,28.,-49.9999999999997));
#1967=CARTESIAN_POINT('Origin',(-5.00000000000027,27.9999999999998,3.39103745083948E-13));
#1968=CARTESIAN_POINT('',(-5.00000000000024,28.,-49.9999999999997));
#1969=CARTESIAN_POINT('Origin',(-5.00000000000027,27.9999999999998,3.39103745083948E-13));
#1970=CARTESIAN_POINT('Origin',(-5.00000000000027,27.9999999999998,3.39103745083948E-13));
#1971=CARTESIAN_POINT('Origin',(-5.00000000000028,32.9999999999998,3.55667980569695E-13));
#1972=CARTESIAN_POINT('Origin',(17.9999999999997,67.9999999999999,4.84385193753109E-13));
#1973=CARTESIAN_POINT('',(17.9999999999997,36.4641024940197,-46.9999999999996));
#1974=CARTESIAN_POINT('Origin',(17.9999999999997,33.0000004917383,-45.0000006705523));
#1975=CARTESIAN_POINT('',(17.9999999999997,58.,-46.9999999999996));
#1976=CARTESIAN_POINT('',(17.9999999999997,63.,-46.9999999999995));
#1977=CARTESIAN_POINT('',(17.9999999999997,90.4802514024041,-33.9710651707683));
#1978=CARTESIAN_POINT('Origin',(17.9999999999997,57.9999999999999,4.51256722781616E-13));
#1979=CARTESIAN_POINT('',(17.9999999999997,93.9937610716077,-30.2233215236179));
#1980=CARTESIAN_POINT('Origin',(17.9999999999997,90.,-30.));
#1981=CARTESIAN_POINT('',(17.9999999999996,93.9937610716076,30.2233215236188));
#1982=CARTESIAN_POINT('Origin',(17.9999999999997,57.9999999999999,4.51256722781616E-13));
#1983=CARTESIAN_POINT('',(17.9999999999996,90.4802514024052,33.9710651707681));
#1984=CARTESIAN_POINT('Origin',(17.9999999999997,90.,30.));
#1985=CARTESIAN_POINT('',(17.9999999999997,57.9999999999997,47.0000000000005));
#1986=CARTESIAN_POINT('Origin',(17.9999999999997,57.9999999999999,4.51256722781616E-13));
#1987=CARTESIAN_POINT('',(17.9999999999997,36.4641024940193,47.0000000000004));
#1988=CARTESIAN_POINT('',(17.9999999999997,49.4999999999997,47.0000000000004));
#1989=CARTESIAN_POINT('Origin',(17.9999999999997,33.0000004917383,45.0000006705523));
#1990=CARTESIAN_POINT('',(17.9999999999997,73.0999999999998,16.2500000000013));
#1991=CARTESIAN_POINT('Origin',(17.9999999999997,73.0999999999999,14.7500000000012));
#1992=CARTESIAN_POINT('',(17.9999999999997,62.8999999999998,-33.2500000000011));
#1993=CARTESIAN_POINT('Origin',(17.9999999999997,62.8999999999998,-34.7500000000012));
#1994=CARTESIAN_POINT('',(17.9999999999997,62.8999999999998,16.2500000000013));
#1995=CARTESIAN_POINT('Origin',(17.9999999999997,62.8999999999998,14.7500000000012));
#1996=CARTESIAN_POINT('',(17.9999999999997,73.0999999999999,-33.2500000000011));
#1997=CARTESIAN_POINT('Origin',(17.9999999999997,73.0999999999999,-34.7500000000012));
#1998=CARTESIAN_POINT('',(17.9999999999997,56.0570727685189,19.0687306641939));
#1999=CARTESIAN_POINT('',(17.9999999999997,53.403088939301,23.306226367348));
#2000=CARTESIAN_POINT('',(17.9999999999997,60.7015444696504,11.6531131836742));
#2001=CARTESIAN_POINT('',(17.9999999999997,91.1305769655449,14.8736817648156));
#2002=CARTESIAN_POINT('Origin',(17.9999999999997,67.9999999999998,4.65511402334482E-13));
#2003=CARTESIAN_POINT('',(17.9999999999997,86.8304426352182,12.3152113324036));
#2004=CARTESIAN_POINT('',(17.9999999999997,77.1709957402197,6.56808638795333));
#2005=CARTESIAN_POINT('Origin',(17.9999999999997,67.9999999999998,4.65511402334482E-13));
#2006=CARTESIAN_POINT('',(17.9999999999997,93.6877716006185,9.81775891914546));
#2007=CARTESIAN_POINT('',(17.9999999999997,77.9999999999999,-25.6173769148985));
#2008=CARTESIAN_POINT('Origin',(17.9999999999997,67.9999999999998,4.65511402334482E-13));
#2009=CARTESIAN_POINT('',(17.9999999999997,77.9999999999999,-29.5000000000009));
#2010=CARTESIAN_POINT('',(17.9999999999997,77.9999999999998,4.75000000000073));
#2011=CARTESIAN_POINT('',(17.9999999999997,77.4999999999999,-30.0000000000009));
#2012=CARTESIAN_POINT('Origin',(17.9999999999997,77.4999999999999,-29.5000000000009));
#2013=CARTESIAN_POINT('',(17.9999999999997,58.4999999999999,-30.0000000000009));
#2014=CARTESIAN_POINT('',(17.9999999999997,72.7499999999999,-30.0000000000009));
#2015=CARTESIAN_POINT('',(17.9999999999997,57.9999999999999,-29.5000000000009));
#2016=CARTESIAN_POINT('Origin',(17.9999999999997,58.4999999999998,-29.500000000001));
#2017=CARTESIAN_POINT('',(17.9999999999997,57.9999999999998,9.50000000000093));
#2018=CARTESIAN_POINT('',(17.9999999999997,57.9999999999998,-14.7500000000002));
#2019=CARTESIAN_POINT('',(17.9999999999997,58.4999999999998,10.000000000001));
#2020=CARTESIAN_POINT('Origin',(17.9999999999997,58.4999999999998,9.50000000000093));
#2021=CARTESIAN_POINT('',(17.9999999999997,77.4999999999999,10.000000000001));
#2022=CARTESIAN_POINT('',(17.9999999999997,63.2499999999998,10.000000000001));
#2023=CARTESIAN_POINT('',(17.9999999999997,77.9999999999998,9.50000000000097));
#2024=CARTESIAN_POINT('Origin',(17.9999999999997,77.4999999999998,9.50000000000097));
#2025=CARTESIAN_POINT('',(17.9999999999997,77.9999999999998,-20.1556443707459));
#2026=CARTESIAN_POINT('',(17.9999999999997,77.9999999999998,4.75000000000073));
#2027=CARTESIAN_POINT('',(17.9999999999997,89.181505516794,7.58905949654026));
#2028=CARTESIAN_POINT('Origin',(17.9999999999997,67.9999999999998,4.65511402334482E-13));
#2029=CARTESIAN_POINT('',(17.9999999999997,81.4174680147972,3.74913846748746));
#2030=CARTESIAN_POINT('Origin',(9.99999999999969,77.9999999999998,-20.1556443707459));
#2031=CARTESIAN_POINT('',(6.99999999999968,77.9999999999998,-20.1556443707459));
#2032=CARTESIAN_POINT('',(6.99999999999969,77.9999999999999,-25.6173769148985));
#2033=CARTESIAN_POINT('',(6.99999999999968,77.9999999999998,-15.0778221853729));
#2034=CARTESIAN_POINT('',(4.99999999999969,77.9999999999999,-25.6173769148985));
#2035=CARTESIAN_POINT('',(9.99999999999969,77.9999999999999,-25.6173769148985));
#2036=CARTESIAN_POINT('',(4.99999999999969,77.9999999999998,-20.1556443707459));
#2037=CARTESIAN_POINT('',(4.9999999999997,77.9999999999999,-35.0778221853728));
#2038=CARTESIAN_POINT('',(9.99999999999969,77.9999999999998,-20.1556443707459));
#2039=CARTESIAN_POINT('Origin',(9.99999999999969,67.9999999999998,4.65511402334482E-13));
#2040=CARTESIAN_POINT('',(9.99999999999969,77.9999999999998,-20.1556443707459));
#2041=CARTESIAN_POINT('',(4.99999999999969,89.1815055167939,7.58905949654026));
#2042=CARTESIAN_POINT('Origin',(4.99999999999974,67.9999999999998,4.65511402334482E-13));
#2043=CARTESIAN_POINT('',(9.99999999999969,89.1815055167939,7.58905949654026));
#2044=CARTESIAN_POINT('Origin',(9.99999999999969,93.6877716006185,9.81775891914546));
#2045=CARTESIAN_POINT('',(4.99999999999969,93.6877716006185,9.81775891914546));
#2046=CARTESIAN_POINT('',(4.9999999999997,59.4310572181553,-7.12485346643954));
#2047=CARTESIAN_POINT('',(9.99999999999969,93.6877716006185,9.81775891914546));
#2048=CARTESIAN_POINT('Origin',(9.99999999999969,67.9999999999998,4.65511402334482E-13));
#2049=CARTESIAN_POINT('Origin',(4.99999999999974,67.9999999999998,4.65511402334482E-13));
#2050=CARTESIAN_POINT('',(9.99999999999969,77.9999999999999,-25.6173769148985));
#2051=CARTESIAN_POINT('Origin',(9.99999999999969,53.403088939301,23.306226367348));
#2052=CARTESIAN_POINT('',(4.99999999999969,56.0570727685189,19.0687306641939));
#2053=CARTESIAN_POINT('',(9.99999999999969,56.0570727685189,19.0687306641939));
#2054=CARTESIAN_POINT('',(4.99999999999969,53.403088939301,23.306226367348));
#2055=CARTESIAN_POINT('',(4.99999999999969,67.7216114427518,0.444490392955699));
#2056=CARTESIAN_POINT('',(9.99999999999969,53.403088939301,23.306226367348));
#2057=CARTESIAN_POINT('Origin',(9.99999999999969,67.9999999999998,4.65511402334482E-13));
#2058=CARTESIAN_POINT('',(4.99999999999969,91.1305769655449,14.8736817648156));
#2059=CARTESIAN_POINT('Origin',(4.99999999999974,67.9999999999998,4.65511402334482E-13));
#2060=CARTESIAN_POINT('',(9.99999999999969,91.1305769655449,14.8736817648156));
#2061=CARTESIAN_POINT('Origin',(9.99999999999969,86.8304426352182,12.3152113324036));
#2062=CARTESIAN_POINT('',(4.99999999999969,86.8304426352182,12.3152113324036));
#2063=CARTESIAN_POINT('',(4.9999999999997,55.107125451775,-6.55935462230697));
#2064=CARTESIAN_POINT('',(9.99999999999969,86.8304426352182,12.3152113324036));
#2065=CARTESIAN_POINT('Origin',(9.99999999999969,67.9999999999998,4.65511402334482E-13));
#2066=CARTESIAN_POINT('Origin',(4.99999999999974,67.9999999999998,4.65511402334482E-13));
#2067=CARTESIAN_POINT('Origin',(34.9999999999997,77.9999999999999,9.50000000000097));
#2068=CARTESIAN_POINT('',(6.99999999999967,77.9999999999998,9.50000000000096));
#2069=CARTESIAN_POINT('',(34.9999999999997,77.9999999999999,9.50000000000097));
#2070=CARTESIAN_POINT('',(6.99999999999967,77.9999999999998,-0.249999999999514));
#2071=CARTESIAN_POINT('Origin',(-5.,27.9999999999999,40.));
#2072=CARTESIAN_POINT('',(-2.,37.9999999999998,40.));
#2073=CARTESIAN_POINT('',(-2.,27.9999999999999,40.));
#2074=CARTESIAN_POINT('Origin',(-5.,37.9999999999998,40.));
#2075=CARTESIAN_POINT('Origin',(-5.,27.9999999999999,-40.));
#2076=CARTESIAN_POINT('',(-2.,37.9999999999998,-40.));
#2077=CARTESIAN_POINT('',(-2.,27.9999999999999,-40.));
#2078=CARTESIAN_POINT('Origin',(-5.,37.9999999999998,-40.));
#2079=CARTESIAN_POINT('Origin',(24.9999999999997,33.0000004917383,-45.0000006705523));
#2080=CARTESIAN_POINT('',(34.9999999999997,36.4641024940197,-46.9999999999996));
#2081=CARTESIAN_POINT('',(24.9999999999997,36.4641024940197,-46.9999999999996));
#2082=CARTESIAN_POINT('Origin',(34.9999999999997,33.0000004917383,-45.0000006705523));
#2083=CARTESIAN_POINT('Origin',(24.9999999999997,33.0000004917383,-45.0000006705523));
#2084=CARTESIAN_POINT('',(34.9999999999997,33.0000004917383,-43.2000006705523));
#2085=CARTESIAN_POINT('Origin',(34.9999999999997,33.0000004917383,-45.0000006705523));
#2086=CARTESIAN_POINT('',(24.9999999999997,33.0000004917383,-43.2000006705523));
#2087=CARTESIAN_POINT('Origin',(34.9999999999997,67.9999999999999,4.8494030526542E-13));
#2088=CARTESIAN_POINT('',(34.9999999999997,58.,-49.9999999999996));
#2089=CARTESIAN_POINT('',(34.9999999999998,28.,-49.9999999999997));
#2090=CARTESIAN_POINT('',(34.9999999999997,57.9999999999997,50.0000000000005));
#2091=CARTESIAN_POINT('Origin',(34.9999999999997,57.9999999999999,4.60693618490929E-13));
#2092=CARTESIAN_POINT('',(34.9999999999997,27.9999999999997,50.0000000000004));
#2093=CARTESIAN_POINT('',(34.9999999999997,90.,-28.2));
#2094=CARTESIAN_POINT('Origin',(34.9999999999997,90.,-30.));
#2095=CARTESIAN_POINT('',(34.9999999999997,33.0000004917383,46.8000006705523));
#2096=CARTESIAN_POINT('Origin',(34.9999999999997,33.0000004917383,45.0000006705523));
#2097=CARTESIAN_POINT('',(34.9999999999997,36.4641024940193,47.0000000000004));
#2098=CARTESIAN_POINT('Origin',(34.9999999999997,33.0000004917383,45.0000006705523));
#2099=CARTESIAN_POINT('',(34.9999999999997,57.9999999999997,47.0000000000005));
#2100=CARTESIAN_POINT('',(34.9999999999997,49.4999999999997,47.0000000000004));
#2101=CARTESIAN_POINT('',(34.9999999999997,90.4802514024053,33.9710651707681));
#2102=CARTESIAN_POINT('Origin',(34.9999999999997,57.9999999999999,4.60693618490929E-13));
#2103=CARTESIAN_POINT('',(34.9999999999997,93.9937610716076,30.2233215236189));
#2104=CARTESIAN_POINT('Origin',(34.9999999999997,90.,30.));
#2105=CARTESIAN_POINT('',(34.9999999999997,93.9937610716077,-30.2233215236179));
#2106=CARTESIAN_POINT('Origin',(34.9999999999997,57.9999999999999,4.60693618490929E-13));
#2107=CARTESIAN_POINT('',(34.9999999999997,90.4802514024041,-33.9710651707683));
#2108=CARTESIAN_POINT('Origin',(34.9999999999997,90.,-30.));
#2109=CARTESIAN_POINT('',(34.9999999999997,58.,-46.9999999999996));
#2110=CARTESIAN_POINT('Origin',(34.9999999999997,57.9999999999999,4.60693618490929E-13));
#2111=CARTESIAN_POINT('',(34.9999999999997,63.,-46.9999999999995));
#2112=CARTESIAN_POINT('',(34.9999999999997,90.,31.8));
#2113=CARTESIAN_POINT('Origin',(34.9999999999997,90.,30.));
#2114=CARTESIAN_POINT('Origin',(24.9999999999997,90.,30.));
#2115=CARTESIAN_POINT('',(24.9999999999997,93.9937610716076,30.2233215236188));
#2116=CARTESIAN_POINT('',(24.9999999999997,90.4802514024052,33.9710651707681));
#2117=CARTESIAN_POINT('Origin',(24.9999999999997,90.,30.));
#2118=CARTESIAN_POINT('',(24.9999999999997,90.,31.8));
#2119=CARTESIAN_POINT('Origin',(34.9999999999997,57.9999999999999,4.60693618490929E-13));
#2120=CARTESIAN_POINT('',(34.9999999999997,57.9999999999997,47.0000000000005));
#2121=CARTESIAN_POINT('Origin',(24.9999999999997,33.0000004917383,45.0000006705523));
#2122=CARTESIAN_POINT('',(24.9999999999997,33.0000004917383,46.8000006705523));
#2123=CARTESIAN_POINT('Origin',(24.9999999999997,33.0000004917383,45.0000006705523));
#2124=CARTESIAN_POINT('',(24.9999999999997,36.4641024940193,47.0000000000004));
#2125=CARTESIAN_POINT('Origin',(24.9999999999997,90.,-30.));
#2126=CARTESIAN_POINT('',(24.9999999999997,90.,-28.2));
#2127=CARTESIAN_POINT('Origin',(24.9999999999997,90.,-30.));
#2128=CARTESIAN_POINT('',(24.9999999999997,93.9937610716077,-30.2233215236179));
#2129=CARTESIAN_POINT('',(24.9999999999997,90.4802514024041,-33.9710651707683));
#2130=CARTESIAN_POINT('Origin',(34.9999999999997,57.9999999999999,4.60693618490929E-13));
#2131=CARTESIAN_POINT('',(34.9999999999997,58.,-46.9999999999996));
#2132=CARTESIAN_POINT('Origin',(34.9999999999997,57.9999999999999,4.60693618490929E-13));
#2133=CARTESIAN_POINT('Origin',(34.9999999999997,30.9999999999997,47.0000000000004));
#2134=CARTESIAN_POINT('Origin',(34.9999999999997,58.,-46.9999999999996));
#2135=CARTESIAN_POINT('Origin',(34.9999999999997,77.9999999999999,9.50000000000097));
#2136=CARTESIAN_POINT('',(6.99999999999969,77.9999999999999,-29.5000000000009));
#2137=CARTESIAN_POINT('',(6.99999999999967,77.9999999999998,-0.249999999999514));
#2138=CARTESIAN_POINT('',(34.9999999999997,77.9999999999999,-29.5000000000009));
#2139=CARTESIAN_POINT('Origin',(34.9999999999997,77.4999999999998,9.50000000000097));
#2140=CARTESIAN_POINT('',(6.99999999999967,77.4999999999999,10.000000000001));
#2141=CARTESIAN_POINT('',(34.9999999999997,77.4999999999999,10.000000000001));
#2142=CARTESIAN_POINT('Origin',(6.99999999999967,77.4999999999998,9.50000000000096));
#2143=CARTESIAN_POINT('Origin',(34.9999999999997,58.4999999999998,10.000000000001));
#2144=CARTESIAN_POINT('',(6.99999999999969,58.4999999999998,10.000000000001));
#2145=CARTESIAN_POINT('',(34.9999999999997,58.4999999999998,10.000000000001));
#2146=CARTESIAN_POINT('',(6.99999999999968,63.2499999999998,10.000000000001));
#2147=CARTESIAN_POINT('Origin',(34.9999999999997,58.4999999999998,9.50000000000094));
#2148=CARTESIAN_POINT('',(6.99999999999969,57.9999999999998,9.50000000000092));
#2149=CARTESIAN_POINT('',(34.9999999999997,57.9999999999998,9.50000000000094));
#2150=CARTESIAN_POINT('Origin',(6.99999999999969,58.4999999999998,9.50000000000092));
#2151=CARTESIAN_POINT('Origin',(34.9999999999997,62.8999999999998,14.7500000000012));
#2152=CARTESIAN_POINT('',(4.99999999999969,62.8999999999998,16.2500000000013));
#2153=CARTESIAN_POINT('',(34.9999999999997,62.8999999999998,16.2500000000013));
#2154=CARTESIAN_POINT('Origin',(4.99999999999969,62.8999999999998,14.7500000000012));
#2155=CARTESIAN_POINT('Origin',(34.9999999999997,73.0999999999999,-34.7500000000011));
#2156=CARTESIAN_POINT('',(4.99999999999971,73.0999999999999,-33.2500000000011));
#2157=CARTESIAN_POINT('',(34.9999999999997,73.0999999999999,-33.2500000000011));
#2158=CARTESIAN_POINT('Origin',(4.99999999999971,73.0999999999999,-34.7500000000012));
#2159=CARTESIAN_POINT('Origin',(34.9999999999997,73.0999999999999,14.7500000000012));
#2160=CARTESIAN_POINT('',(4.99999999999968,73.0999999999998,16.2500000000013));
#2161=CARTESIAN_POINT('',(34.9999999999997,73.0999999999999,16.2500000000013));
#2162=CARTESIAN_POINT('Origin',(4.99999999999968,73.0999999999998,14.7500000000012));
#2163=CARTESIAN_POINT('Origin',(34.9999999999997,62.8999999999999,-34.7500000000012));
#2164=CARTESIAN_POINT('',(4.99999999999972,62.8999999999998,-33.2500000000011));
#2165=CARTESIAN_POINT('',(34.9999999999997,62.8999999999999,-33.2500000000011));
#2166=CARTESIAN_POINT('Origin',(4.99999999999972,62.8999999999998,-34.7500000000012));
#2167=CARTESIAN_POINT('Origin',(34.9999999999997,57.9999999999999,-29.5000000000009));
#2168=CARTESIAN_POINT('',(6.99999999999971,57.9999999999999,-29.5000000000009));
#2169=CARTESIAN_POINT('',(34.9999999999997,57.9999999999999,-29.5000000000009));
#2170=CARTESIAN_POINT('',(6.9999999999997,57.9999999999998,-19.7500000000005));
#2171=CARTESIAN_POINT('Origin',(34.9999999999997,58.4999999999999,-29.500000000001));
#2172=CARTESIAN_POINT('',(6.99999999999971,58.4999999999998,-30.0000000000009));
#2173=CARTESIAN_POINT('',(34.9999999999997,58.4999999999999,-30.0000000000009));
#2174=CARTESIAN_POINT('Origin',(6.99999999999971,58.4999999999998,-29.500000000001));
#2175=CARTESIAN_POINT('Origin',(34.9999999999997,77.4999999999999,-30.0000000000009));
#2176=CARTESIAN_POINT('',(6.99999999999969,77.4999999999999,-30.0000000000009));
#2177=CARTESIAN_POINT('',(34.9999999999997,77.4999999999999,-30.0000000000009));
#2178=CARTESIAN_POINT('',(6.9999999999997,72.7499999999999,-30.0000000000009));
#2179=CARTESIAN_POINT('Origin',(34.9999999999997,77.4999999999999,-29.5000000000009));
#2180=CARTESIAN_POINT('Origin',(6.99999999999969,77.4999999999999,-29.5000000000009));
#2181=CARTESIAN_POINT('Origin',(6.99999999999969,67.9999999999998,-9.99999999999999));
#2182=CARTESIAN_POINT('',(6.99999999999968,67.9999999999998,9.00000000000078));
#2183=CARTESIAN_POINT('Origin',(6.99999999999969,67.9999999999998,4.6939718292067E-13));
#2184=CARTESIAN_POINT('Origin',(34.9999999999997,67.9999999999999,4.8494030526542E-13));
#2185=CARTESIAN_POINT('',(4.99999999999968,67.9999999999998,9.00000000000078));
#2186=CARTESIAN_POINT('',(34.9999999999997,67.9999999999998,9.0000000000008));
#2187=CARTESIAN_POINT('Origin',(4.99999999999968,67.9999999999998,4.68286959896045E-13));
#2188=CARTESIAN_POINT('Origin',(-5.00000000000028,32.9999999999998,3.55667980569695E-13));
#2189=CARTESIAN_POINT('Origin',(-3.15858450505857E-13,42.9999999999997,
45.0000000000004));
#2190=CARTESIAN_POINT('',(-3.10307335382731E-13,37.9999999999997,45.0000000000004));
#2191=CARTESIAN_POINT('',(4.99999999999969,42.9999999999997,45.0000000000004));
#2192=CARTESIAN_POINT('Origin',(-3.15858450505857E-13,42.9999999999997,
45.0000000000004));
#2193=CARTESIAN_POINT('',(-3.06421554796543E-13,32.9999999999997,50.0000000000004));
#2194=CARTESIAN_POINT('Origin',(-3.05866443284231E-13,32.9999999999997,
45.0000000000004));
#2195=CARTESIAN_POINT('',(9.99999999999968,42.9999999999997,50.0000000000004));
#2196=CARTESIAN_POINT('Origin',(-3.1641356201817E-13,42.9999999999997,50.0000000000004));
#2197=CARTESIAN_POINT('Origin',(9.99999999999968,42.9999999999997,45.0000000000004));
#2198=CARTESIAN_POINT('Origin',(-2.60902410786912E-13,43.,-44.9999999999996));
#2199=CARTESIAN_POINT('',(9.99999999999974,43.,-49.9999999999996));
#2200=CARTESIAN_POINT('',(-2.48689957516035E-13,33.,-49.9999999999996));
#2201=CARTESIAN_POINT('Origin',(-2.58681964737661E-13,43.,-49.9999999999996));
#2202=CARTESIAN_POINT('',(-2.55351295663786E-13,38.,-44.9999999999996));
#2203=CARTESIAN_POINT('Origin',(-2.50910403565285E-13,33.,-44.9999999999996));
#2204=CARTESIAN_POINT('',(4.99999999999974,43.,-44.9999999999996));
#2205=CARTESIAN_POINT('Origin',(-2.60902410786912E-13,43.,-44.9999999999996));
#2206=CARTESIAN_POINT('Origin',(9.99999999999974,43.,-44.9999999999996));
#2207=CARTESIAN_POINT('Origin',(19.9999999999997,33.,-44.9999999999996));
#2208=CARTESIAN_POINT('',(-5.00000000000025,33.,-49.9999999999996));
#2209=CARTESIAN_POINT('',(-5.00000000000026,38.,-44.9999999999996));
#2210=CARTESIAN_POINT('Origin',(-5.00000000000025,33.,-44.9999999999996));
#2211=CARTESIAN_POINT('',(19.9999999999997,38.,-44.9999999999996));
#2212=CARTESIAN_POINT('',(19.9999999999997,33.,-49.9999999999996));
#2213=CARTESIAN_POINT('Origin',(-5.00000000000028,32.9999999999998,3.55667980569695E-13));
#2214=CARTESIAN_POINT('',(-5.00000000000031,32.9999999999997,50.0000000000004));
#2215=CARTESIAN_POINT('',(-5.00000000000031,37.9999999999997,45.0000000000004));
#2216=CARTESIAN_POINT('Origin',(-5.0000000000003,32.9999999999997,45.0000000000004));
#2217=CARTESIAN_POINT('Origin',(-5.00000000000028,37.9999999999998,3.72232216055441E-13));
#2218=CARTESIAN_POINT('Origin',(-5.00000000000028,32.9999999999998,3.55667980569695E-13));
#2219=CARTESIAN_POINT('Origin',(-5.0000000000003,32.9999999999997,45.0000000000004));
#2220=CARTESIAN_POINT('',(-5.00000000000031,37.9999999999997,45.0000000000004));
#2221=CARTESIAN_POINT('',(-5.00000000000031,32.9999999999997,50.0000000000004));
#2222=CARTESIAN_POINT('Origin',(-2.83106871279415E-13,42.9999999999999,
-24.9999999999996));
#2223=CARTESIAN_POINT('',(-2.77555756156289E-13,37.9999999999999,-24.9999999999996));
#2224=CARTESIAN_POINT('',(4.99999999999972,42.9999999999999,-24.9999999999996));
#2225=CARTESIAN_POINT('Origin',(9.99999999999975,33.,-44.9999999999996));
#2226=CARTESIAN_POINT('',(4.99999999999973,58.,-44.9999999999996));
#2227=CARTESIAN_POINT('',(9.99999999999973,58.,-49.9999999999995));
#2228=CARTESIAN_POINT('Origin',(9.99999999999973,58.,-44.9999999999995));
#2229=CARTESIAN_POINT('',(9.99999999999975,33.,-49.9999999999996));
#2230=CARTESIAN_POINT('',(4.99999999999975,33.,-44.9999999999996));
#2231=CARTESIAN_POINT('Origin',(9.9999999999997,57.9999999999998,4.46815830683115E-13));
#2232=CARTESIAN_POINT('',(4.99999999999967,57.9999999999997,45.0000000000004));
#2233=CARTESIAN_POINT('',(9.99999999999967,57.9999999999997,50.0000000000005));
#2234=CARTESIAN_POINT('Origin',(9.99999999999967,57.9999999999997,45.0000000000005));
#2235=CARTESIAN_POINT('Origin',(9.9999999999997,57.9999999999998,4.46815830683115E-13));
#2236=CARTESIAN_POINT('Origin',(4.9999999999997,57.9999999999998,4.44040273121553E-13));
#2237=CARTESIAN_POINT('Origin',(9.9999999999997,32.9999999999997,45.0000000000004));
#2238=CARTESIAN_POINT('',(4.99999999999969,32.9999999999997,45.0000000000004));
#2239=CARTESIAN_POINT('',(9.9999999999997,32.9999999999997,50.0000000000004));
#2240=CARTESIAN_POINT('Origin',(-5.00000000000027,27.9999999999998,3.39103745083948E-13));
#2241=CARTESIAN_POINT('',(-5.00000000000024,28.,-49.9999999999997));
#2242=CARTESIAN_POINT('',(-5.0000000000003,27.9999999999997,50.0000000000003));
#2243=CARTESIAN_POINT('Origin',(44.9999999999998,28.,-49.9999999999997));
#2244=CARTESIAN_POINT('',(34.9999999999997,58.,-49.9999999999996));
#2245=CARTESIAN_POINT('Origin',(-5.00000000000028,37.9999999999998,3.6335043185844E-13));
#2246=CARTESIAN_POINT('Origin',(4.99999999999974,38.,-49.9999999999996));
#2247=CARTESIAN_POINT('Origin',(9.9999999999997,57.9999999999998,4.46815830683115E-13));
#2248=CARTESIAN_POINT('',(9.99999999999967,57.9999999999997,50.0000000000005));
#2249=CARTESIAN_POINT('Origin',(-5.0000000000003,27.9999999999997,50.0000000000003));
#2250=UNCERTAINTY_MEASURE_WITH_UNIT(LENGTH_MEASURE(0.01),#2254,
'DISTANCE_ACCURACY_VALUE',
'Maximum model space distance between geometric entities at asserted c
onnectivities');
#2251=UNCERTAINTY_MEASURE_WITH_UNIT(LENGTH_MEASURE(0.01),#2254,
'DISTANCE_ACCURACY_VALUE',
'Maximum model space distance between geometric entities at asserted c
onnectivities');
#2252=(
GEOMETRIC_REPRESENTATION_CONTEXT(3)
GLOBAL_UNCERTAINTY_ASSIGNED_CONTEXT((#2250))
GLOBAL_UNIT_ASSIGNED_CONTEXT((#2254,#2256,#2257))
REPRESENTATION_CONTEXT('','3D')
);
#2253=(
GEOMETRIC_REPRESENTATION_CONTEXT(3)
GLOBAL_UNCERTAINTY_ASSIGNED_CONTEXT((#2251))
GLOBAL_UNIT_ASSIGNED_CONTEXT((#2254,#2256,#2257))
REPRESENTATION_CONTEXT('','3D')
);
#2254=(
LENGTH_UNIT()
NAMED_UNIT(*)
SI_UNIT(.MILLI.,.METRE.)
);
#2255=(
LENGTH_UNIT()
NAMED_UNIT(*)
SI_UNIT($,.METRE.)
);
#2256=(
NAMED_UNIT(*)
PLANE_ANGLE_UNIT()
SI_UNIT($,.RADIAN.)
);
#2257=(
NAMED_UNIT(*)
SI_UNIT($,.STERADIAN.)
SOLID_ANGLE_UNIT()
);
#2258=SHAPE_DEFINITION_REPRESENTATION(#2259,#2260);
#2259=PRODUCT_DEFINITION_SHAPE('',$,#2262);
#2260=SHAPE_REPRESENTATION('',(#1316),#2252);
#2261=PRODUCT_DEFINITION_CONTEXT('part definition',#2266,'design');
#2262=PRODUCT_DEFINITION('Body','Body',#2263,#2261);
#2263=PRODUCT_DEFINITION_FORMATION('',$,#2268);
#2264=PRODUCT_RELATED_PRODUCT_CATEGORY('Body','Body',(#2268));
#2265=APPLICATION_PROTOCOL_DEFINITION('international standard',
'automotive_design',2009,#2266);
#2266=APPLICATION_CONTEXT(
'Core Data for Automotive Mechanical Design Process');
#2267=PRODUCT_CONTEXT('part definition',#2266,'mechanical');
#2268=PRODUCT('Body','Body',$,(#2267));
#2269=PRESENTATION_STYLE_ASSIGNMENT((#2271));
#2270=PRESENTATION_STYLE_ASSIGNMENT((#2272));
#2271=SURFACE_STYLE_USAGE(.BOTH.,#2273);
#2272=SURFACE_STYLE_USAGE(.BOTH.,#2274);
#2273=SURFACE_SIDE_STYLE('',(#2275));
#2274=SURFACE_SIDE_STYLE('',(#2276));
#2275=SURFACE_STYLE_FILL_AREA(#2277);
#2276=SURFACE_STYLE_FILL_AREA(#2278);
#2277=FILL_AREA_STYLE('Steel - Satin',(#2279));
#2278=FILL_AREA_STYLE('Plastic - Translucent Matte (Blue)',(#2280));
#2279=FILL_AREA_STYLE_COLOUR('Steel - Satin',#2281);
#2280=FILL_AREA_STYLE_COLOUR('Plastic - Translucent Matte (Blue)',#2282);
#2281=COLOUR_RGB('Steel - Satin',0.627450980392157,0.627450980392157,0.627450980392157);
#2282=COLOUR_RGB('Plastic - Translucent Matte (Blue)',0.215686274509804,
0.811764705882353,0.823529411764706);
ENDSEC;
END-ISO-10303-21;
