ISO-10303-21;
HEADER;
/* Generated by software containing ST-Developer
 * from STEP Tools, Inc. (www.steptools.com) 
 */

FILE_DESCRIPTION(
/* description */ (''),
/* implementation_level */ '2;1');

FILE_NAME(
/* name */ 'Joint 3 Body.step',
/* time_stamp */ '2026-04-06T22:47:23+02:00',
/* author */ (''),
/* organization */ (''),
/* preprocessor_version */ 'ST-DEVELOPER v20.1',
/* originating_system */ 'Autodesk Translation Framework v14.24.0.0',
/* authorisation */ '');

FILE_SCHEMA (('AUTOMOTIVE_DESIGN { 1 0 10303 214 3 1 1 }'));
ENDSEC;

DATA;
#10=MECHANICAL_DESIGN_GEOMETRIC_PRESENTATION_REPRESENTATION('',(#15,#16),
#3038);
#11=SHAPE_REPRESENTATION_RELATIONSHIP('SRR','None',#3045,#12);
#12=ADVANCED_BREP_SHAPE_REPRESENTATION('',(#13),#3037);
#13=MANIFOLD_SOLID_BREP('Body1',#1785);
#14=TOROIDAL_SURFACE('',#1913,34.9999980564145,10.);
#15=STYLED_ITEM('',(#3055),#1726);
#16=STYLED_ITEM('',(#3054),#13);
#17=B_SPLINE_CURVE_WITH_KNOTS('',3,(#2729,#2730,#2731,#2732,#2733,#2734,
#2735,#2736,#2737,#2738),.UNSPECIFIED.,.F.,.F.,(4,2,2,2,4),(0.,0.789098989387343,
1.57819797877469,2.05050678343152,2.52281558808835),.UNSPECIFIED.);
#18=B_SPLINE_CURVE_WITH_KNOTS('',3,(#2874,#2875,#2876,#2877,#2878,#2879,
#2880,#2881,#2882,#2883),.UNSPECIFIED.,.F.,.F.,(4,2,2,2,4),(7.34305609360986,
7.42922533077821,8.64792822582077,11.6317455535026,11.6873758983359),
 .UNSPECIFIED.);
#19=B_SPLINE_CURVE_WITH_KNOTS('',3,(#2993,#2994,#2995,#2996,#2997,#2998,
#2999,#3000,#3001,#3002,#3003,#3004,#3005,#3006,#3007),.UNSPECIFIED.,.F.,
 .F.,(4,2,2,3,2,2,4),(-0.0853363108868744,-0.082875447944411,-0.0414377239722056,
0.,0.0414517451992737,0.0829034903985475,0.0853366323890482),
 .UNSPECIFIED.);
#20=CONICAL_SURFACE('',#1846,9.,0.785398163397448);
#21=CONICAL_SURFACE('',#1850,9.,0.785398163397448);
#22=FACE_BOUND('',#274,.T.);
#23=FACE_BOUND('',#275,.T.);
#24=FACE_BOUND('',#276,.T.);
#25=FACE_BOUND('',#277,.T.);
#26=FACE_BOUND('',#295,.T.);
#27=FACE_BOUND('',#296,.T.);
#28=FACE_BOUND('',#297,.T.);
#29=FACE_BOUND('',#298,.T.);
#30=FACE_BOUND('',#299,.T.);
#31=FACE_BOUND('',#300,.T.);
#32=FACE_BOUND('',#301,.T.);
#33=FACE_BOUND('',#303,.T.);
#34=FACE_BOUND('',#304,.T.);
#35=FACE_BOUND('',#307,.T.);
#36=FACE_BOUND('',#330,.T.);
#37=FACE_BOUND('',#331,.T.);
#38=FACE_BOUND('',#332,.T.);
#39=FACE_BOUND('',#333,.T.);
#40=FACE_BOUND('',#334,.T.);
#41=FACE_BOUND('',#339,.T.);
#42=FACE_BOUND('',#340,.T.);
#43=FACE_BOUND('',#341,.T.);
#44=FACE_BOUND('',#350,.T.);
#45=CYLINDRICAL_SURFACE('',#1808,23.);
#46=CYLINDRICAL_SURFACE('',#1814,17.5);
#47=CYLINDRICAL_SURFACE('',#1819,23.);
#48=CYLINDRICAL_SURFACE('',#1822,17.5);
#49=CYLINDRICAL_SURFACE('',#1854,10.);
#50=CYLINDRICAL_SURFACE('',#1860,10.);
#51=CYLINDRICAL_SURFACE('',#1863,25.);
#52=CYLINDRICAL_SURFACE('',#1866,24.9999980564145);
#53=CYLINDRICAL_SURFACE('',#1883,9.);
#54=CYLINDRICAL_SURFACE('',#1890,0.500000000000003);
#55=CYLINDRICAL_SURFACE('',#1892,0.500000000000007);
#56=CYLINDRICAL_SURFACE('',#1894,0.500000000000002);
#57=CYLINDRICAL_SURFACE('',#1896,0.500000000000007);
#58=CYLINDRICAL_SURFACE('',#1897,4.00000000000002);
#59=CYLINDRICAL_SURFACE('',#1900,4.00000000000002);
#60=CYLINDRICAL_SURFACE('',#1902,4.00000000000001);
#61=CYLINDRICAL_SURFACE('',#1904,4.00000000000004);
#62=CYLINDRICAL_SURFACE('',#1905,1.5);
#63=CYLINDRICAL_SURFACE('',#1906,1.5);
#64=CYLINDRICAL_SURFACE('',#1907,1.49999999999999);
#65=CYLINDRICAL_SURFACE('',#1908,1.5);
#66=CYLINDRICAL_SURFACE('',#1909,10.);
#67=CYLINDRICAL_SURFACE('',#1932,6.00000000000208);
#68=CYLINDRICAL_SURFACE('',#1934,0.200000000000007);
#69=CYLINDRICAL_SURFACE('',#1937,2.70000000000081);
#70=CYLINDRICAL_SURFACE('',#1940,0.200000000000018);
#71=CYLINDRICAL_SURFACE('',#1947,0.850000000000231);
#72=CYLINDRICAL_SURFACE('',#1949,0.850000000000226);
#73=CYLINDRICAL_SURFACE('',#1951,0.850000000000226);
#74=CYLINDRICAL_SURFACE('',#1953,0.850000000000222);
#75=CYLINDRICAL_SURFACE('',#1955,10.);
#76=CYLINDRICAL_SURFACE('',#1956,1.1000000000004);
#77=CYLINDRICAL_SURFACE('',#1957,1.10000000000038);
#78=CYLINDRICAL_SURFACE('',#1960,1.8);
#79=CYLINDRICAL_SURFACE('',#1963,1.8);
#80=CYLINDRICAL_SURFACE('',#1966,1.8);
#81=CYLINDRICAL_SURFACE('',#1969,1.8);
#82=CYLINDRICAL_SURFACE('',#1970,10.);
#83=CIRCLE('',#1801,4.00000000000001);
#84=CIRCLE('',#1802,4.00000000000004);
#85=CIRCLE('',#1809,23.);
#86=CIRCLE('',#1810,23.);
#87=CIRCLE('',#1811,23.);
#88=CIRCLE('',#1815,17.5);
#89=CIRCLE('',#1816,17.5);
#90=CIRCLE('',#1817,17.5);
#91=CIRCLE('',#1820,23.);
#92=CIRCLE('',#1821,23.);
#93=CIRCLE('',#1823,17.5);
#94=CIRCLE('',#1824,17.5);
#95=CIRCLE('',#1829,0.500000000000003);
#96=CIRCLE('',#1830,0.500000000000007);
#97=CIRCLE('',#1831,0.500000000000002);
#98=CIRCLE('',#1832,0.500000000000007);
#99=CIRCLE('',#1833,4.00000000000002);
#100=CIRCLE('',#1834,4.00000000000002);
#101=CIRCLE('',#1835,4.00000000000004);
#102=CIRCLE('',#1836,4.00000000000001);
#103=CIRCLE('',#1837,1.5);
#104=CIRCLE('',#1838,1.49999999999999);
#105=CIRCLE('',#1839,1.5);
#106=CIRCLE('',#1840,1.5);
#107=CIRCLE('',#1847,8.);
#108=CIRCLE('',#1848,10.);
#109=CIRCLE('',#1851,8.);
#110=CIRCLE('',#1852,10.);
#111=CIRCLE('',#1855,10.);
#112=CIRCLE('',#1857,10.);
#113=CIRCLE('',#1861,10.);
#114=CIRCLE('',#1862,10.);
#115=CIRCLE('',#1864,25.);
#116=CIRCLE('',#1865,25.);
#117=CIRCLE('',#1867,24.9999980564145);
#118=CIRCLE('',#1868,24.9999980564145);
#119=CIRCLE('',#1870,1.5);
#120=CIRCLE('',#1871,1.49999999999999);
#121=CIRCLE('',#1872,1.5);
#122=CIRCLE('',#1873,1.5);
#123=CIRCLE('',#1874,9.);
#124=CIRCLE('',#1876,1.10000000000038);
#125=CIRCLE('',#1877,1.10000000000038);
#126=CIRCLE('',#1878,1.1000000000004);
#127=CIRCLE('',#1879,0.200000000000007);
#128=CIRCLE('',#1880,6.00000000000208);
#129=CIRCLE('',#1881,0.200000000000018);
#130=CIRCLE('',#1882,2.70000000000081);
#131=CIRCLE('',#1884,9.);
#132=CIRCLE('',#1886,0.500000000000007);
#133=CIRCLE('',#1887,0.500000000000003);
#134=CIRCLE('',#1888,0.500000000000007);
#135=CIRCLE('',#1889,0.500000000000002);
#136=CIRCLE('',#1898,4.00000000000002);
#137=CIRCLE('',#1901,4.00000000000002);
#138=CIRCLE('',#1910,10.);
#139=CIRCLE('',#1912,34.9999980564145);
#140=CIRCLE('',#1916,10.);
#141=CIRCLE('',#1917,1.8);
#142=CIRCLE('',#1918,1.8);
#143=CIRCLE('',#1919,1.8);
#144=CIRCLE('',#1920,1.8);
#145=CIRCLE('',#1925,1.10000000000038);
#146=CIRCLE('',#1926,1.1000000000004);
#147=CIRCLE('',#1927,0.850000000000231);
#148=CIRCLE('',#1928,0.850000000000226);
#149=CIRCLE('',#1929,0.850000000000226);
#150=CIRCLE('',#1930,0.850000000000222);
#151=CIRCLE('',#1933,6.00000000000208);
#152=CIRCLE('',#1935,0.200000000000007);
#153=CIRCLE('',#1938,2.70000000000081);
#154=CIRCLE('',#1941,0.200000000000018);
#155=CIRCLE('',#1943,0.850000000000231);
#156=CIRCLE('',#1944,0.850000000000222);
#157=CIRCLE('',#1945,0.850000000000226);
#158=CIRCLE('',#1946,0.850000000000226);
#159=CIRCLE('',#1959,1.8);
#160=CIRCLE('',#1962,1.8);
#161=CIRCLE('',#1965,1.8);
#162=CIRCLE('',#1968,1.8);
#163=FACE_OUTER_BOUND('',#256,.T.);
#164=FACE_OUTER_BOUND('',#257,.T.);
#165=FACE_OUTER_BOUND('',#258,.T.);
#166=FACE_OUTER_BOUND('',#259,.T.);
#167=FACE_OUTER_BOUND('',#260,.T.);
#168=FACE_OUTER_BOUND('',#261,.T.);
#169=FACE_OUTER_BOUND('',#262,.T.);
#170=FACE_OUTER_BOUND('',#263,.T.);
#171=FACE_OUTER_BOUND('',#264,.T.);
#172=FACE_OUTER_BOUND('',#265,.T.);
#173=FACE_OUTER_BOUND('',#266,.T.);
#174=FACE_OUTER_BOUND('',#267,.T.);
#175=FACE_OUTER_BOUND('',#268,.T.);
#176=FACE_OUTER_BOUND('',#269,.T.);
#177=FACE_OUTER_BOUND('',#270,.T.);
#178=FACE_OUTER_BOUND('',#271,.T.);
#179=FACE_OUTER_BOUND('',#272,.T.);
#180=FACE_OUTER_BOUND('',#273,.T.);
#181=FACE_OUTER_BOUND('',#278,.T.);
#182=FACE_OUTER_BOUND('',#279,.T.);
#183=FACE_OUTER_BOUND('',#280,.T.);
#184=FACE_OUTER_BOUND('',#281,.T.);
#185=FACE_OUTER_BOUND('',#282,.T.);
#186=FACE_OUTER_BOUND('',#283,.T.);
#187=FACE_OUTER_BOUND('',#284,.T.);
#188=FACE_OUTER_BOUND('',#285,.T.);
#189=FACE_OUTER_BOUND('',#286,.T.);
#190=FACE_OUTER_BOUND('',#287,.T.);
#191=FACE_OUTER_BOUND('',#288,.T.);
#192=FACE_OUTER_BOUND('',#289,.T.);
#193=FACE_OUTER_BOUND('',#290,.T.);
#194=FACE_OUTER_BOUND('',#291,.T.);
#195=FACE_OUTER_BOUND('',#292,.T.);
#196=FACE_OUTER_BOUND('',#293,.T.);
#197=FACE_OUTER_BOUND('',#294,.T.);
#198=FACE_OUTER_BOUND('',#302,.T.);
#199=FACE_OUTER_BOUND('',#305,.T.);
#200=FACE_OUTER_BOUND('',#306,.T.);
#201=FACE_OUTER_BOUND('',#308,.T.);
#202=FACE_OUTER_BOUND('',#309,.T.);
#203=FACE_OUTER_BOUND('',#310,.T.);
#204=FACE_OUTER_BOUND('',#311,.T.);
#205=FACE_OUTER_BOUND('',#312,.T.);
#206=FACE_OUTER_BOUND('',#313,.T.);
#207=FACE_OUTER_BOUND('',#314,.T.);
#208=FACE_OUTER_BOUND('',#315,.T.);
#209=FACE_OUTER_BOUND('',#316,.T.);
#210=FACE_OUTER_BOUND('',#317,.T.);
#211=FACE_OUTER_BOUND('',#318,.T.);
#212=FACE_OUTER_BOUND('',#319,.T.);
#213=FACE_OUTER_BOUND('',#320,.T.);
#214=FACE_OUTER_BOUND('',#321,.T.);
#215=FACE_OUTER_BOUND('',#322,.T.);
#216=FACE_OUTER_BOUND('',#323,.T.);
#217=FACE_OUTER_BOUND('',#324,.T.);
#218=FACE_OUTER_BOUND('',#325,.T.);
#219=FACE_OUTER_BOUND('',#326,.T.);
#220=FACE_OUTER_BOUND('',#327,.T.);
#221=FACE_OUTER_BOUND('',#328,.T.);
#222=FACE_OUTER_BOUND('',#329,.T.);
#223=FACE_OUTER_BOUND('',#335,.T.);
#224=FACE_OUTER_BOUND('',#336,.T.);
#225=FACE_OUTER_BOUND('',#337,.T.);
#226=FACE_OUTER_BOUND('',#338,.T.);
#227=FACE_OUTER_BOUND('',#342,.T.);
#228=FACE_OUTER_BOUND('',#343,.T.);
#229=FACE_OUTER_BOUND('',#344,.T.);
#230=FACE_OUTER_BOUND('',#345,.T.);
#231=FACE_OUTER_BOUND('',#346,.T.);
#232=FACE_OUTER_BOUND('',#347,.T.);
#233=FACE_OUTER_BOUND('',#348,.T.);
#234=FACE_OUTER_BOUND('',#349,.T.);
#235=FACE_OUTER_BOUND('',#351,.T.);
#236=FACE_OUTER_BOUND('',#352,.T.);
#237=FACE_OUTER_BOUND('',#353,.T.);
#238=FACE_OUTER_BOUND('',#354,.T.);
#239=FACE_OUTER_BOUND('',#355,.T.);
#240=FACE_OUTER_BOUND('',#356,.T.);
#241=FACE_OUTER_BOUND('',#357,.T.);
#242=FACE_OUTER_BOUND('',#358,.T.);
#243=FACE_OUTER_BOUND('',#359,.T.);
#244=FACE_OUTER_BOUND('',#360,.T.);
#245=FACE_OUTER_BOUND('',#361,.T.);
#246=FACE_OUTER_BOUND('',#362,.T.);
#247=FACE_OUTER_BOUND('',#363,.T.);
#248=FACE_OUTER_BOUND('',#364,.T.);
#249=FACE_OUTER_BOUND('',#365,.T.);
#250=FACE_OUTER_BOUND('',#366,.T.);
#251=FACE_OUTER_BOUND('',#367,.T.);
#252=FACE_OUTER_BOUND('',#368,.T.);
#253=FACE_OUTER_BOUND('',#369,.T.);
#254=FACE_OUTER_BOUND('',#370,.T.);
#255=FACE_OUTER_BOUND('',#371,.T.);
#256=EDGE_LOOP('',(#1132,#1133,#1134,#1135));
#257=EDGE_LOOP('',(#1136,#1137,#1138,#1139,#1140,#1141,#1142,#1143,#1144,
#1145,#1146,#1147,#1148,#1149));
#258=EDGE_LOOP('',(#1150,#1151,#1152,#1153,#1154,#1155));
#259=EDGE_LOOP('',(#1156,#1157,#1158,#1159));
#260=EDGE_LOOP('',(#1160,#1161,#1162,#1163,#1164,#1165));
#261=EDGE_LOOP('',(#1166,#1167,#1168,#1169));
#262=EDGE_LOOP('',(#1170,#1171,#1172,#1173));
#263=EDGE_LOOP('',(#1174,#1175,#1176,#1177,#1178,#1179,#1180));
#264=EDGE_LOOP('',(#1181,#1182,#1183,#1184));
#265=EDGE_LOOP('',(#1185,#1186,#1187,#1188));
#266=EDGE_LOOP('',(#1189,#1190,#1191,#1192,#1193,#1194,#1195));
#267=EDGE_LOOP('',(#1196,#1197,#1198,#1199));
#268=EDGE_LOOP('',(#1200,#1201,#1202,#1203,#1204));
#269=EDGE_LOOP('',(#1205,#1206,#1207,#1208,#1209));
#270=EDGE_LOOP('',(#1210,#1211,#1212,#1213));
#271=EDGE_LOOP('',(#1214,#1215,#1216,#1217));
#272=EDGE_LOOP('',(#1218,#1219,#1220,#1221,#1222,#1223));
#273=EDGE_LOOP('',(#1224,#1225,#1226,#1227,#1228,#1229,#1230,#1231,#1232,
#1233,#1234,#1235,#1236,#1237,#1238,#1239,#1240,#1241,#1242,#1243,#1244,
#1245));
#274=EDGE_LOOP('',(#1246));
#275=EDGE_LOOP('',(#1247));
#276=EDGE_LOOP('',(#1248));
#277=EDGE_LOOP('',(#1249));
#278=EDGE_LOOP('',(#1250,#1251,#1252,#1253));
#279=EDGE_LOOP('',(#1254,#1255,#1256,#1257));
#280=EDGE_LOOP('',(#1258,#1259,#1260,#1261,#1262,#1263));
#281=EDGE_LOOP('',(#1264,#1265,#1266,#1267));
#282=EDGE_LOOP('',(#1268,#1269,#1270,#1271));
#283=EDGE_LOOP('',(#1272,#1273,#1274,#1275));
#284=EDGE_LOOP('',(#1276,#1277,#1278,#1279));
#285=EDGE_LOOP('',(#1280,#1281,#1282,#1283));
#286=EDGE_LOOP('',(#1284,#1285,#1286,#1287));
#287=EDGE_LOOP('',(#1288,#1289,#1290,#1291,#1292));
#288=EDGE_LOOP('',(#1293,#1294,#1295,#1296,#1297,#1298,#1299,#1300,#1301,
#1302,#1303));
#289=EDGE_LOOP('',(#1304,#1305,#1306,#1307));
#290=EDGE_LOOP('',(#1308,#1309,#1310,#1311,#1312,#1313));
#291=EDGE_LOOP('',(#1314,#1315,#1316,#1317));
#292=EDGE_LOOP('',(#1318,#1319,#1320,#1321));
#293=EDGE_LOOP('',(#1322,#1323,#1324,#1325));
#294=EDGE_LOOP('',(#1326,#1327,#1328,#1329));
#295=EDGE_LOOP('',(#1330,#1331,#1332,#1333));
#296=EDGE_LOOP('',(#1334,#1335,#1336,#1337));
#297=EDGE_LOOP('',(#1338));
#298=EDGE_LOOP('',(#1339));
#299=EDGE_LOOP('',(#1340));
#300=EDGE_LOOP('',(#1341));
#301=EDGE_LOOP('',(#1342));
#302=EDGE_LOOP('',(#1343,#1344,#1345,#1346,#1347,#1348,#1349));
#303=EDGE_LOOP('',(#1350));
#304=EDGE_LOOP('',(#1351,#1352,#1353,#1354,#1355,#1356));
#305=EDGE_LOOP('',(#1357,#1358,#1359,#1360));
#306=EDGE_LOOP('',(#1361,#1362,#1363,#1364,#1365,#1366,#1367,#1368,#1369,
#1370));
#307=EDGE_LOOP('',(#1371));
#308=EDGE_LOOP('',(#1372,#1373,#1374,#1375));
#309=EDGE_LOOP('',(#1376,#1377,#1378,#1379));
#310=EDGE_LOOP('',(#1380,#1381,#1382,#1383));
#311=EDGE_LOOP('',(#1384,#1385,#1386,#1387));
#312=EDGE_LOOP('',(#1388,#1389,#1390,#1391));
#313=EDGE_LOOP('',(#1392,#1393,#1394,#1395));
#314=EDGE_LOOP('',(#1396,#1397,#1398,#1399));
#315=EDGE_LOOP('',(#1400,#1401,#1402,#1403));
#316=EDGE_LOOP('',(#1404,#1405,#1406,#1407));
#317=EDGE_LOOP('',(#1408,#1409,#1410,#1411));
#318=EDGE_LOOP('',(#1412,#1413,#1414,#1415));
#319=EDGE_LOOP('',(#1416,#1417,#1418,#1419));
#320=EDGE_LOOP('',(#1420,#1421,#1422,#1423));
#321=EDGE_LOOP('',(#1424,#1425,#1426,#1427));
#322=EDGE_LOOP('',(#1428,#1429,#1430,#1431));
#323=EDGE_LOOP('',(#1432,#1433,#1434,#1435));
#324=EDGE_LOOP('',(#1436,#1437,#1438,#1439));
#325=EDGE_LOOP('',(#1440,#1441,#1442,#1443));
#326=EDGE_LOOP('',(#1444,#1445,#1446,#1447));
#327=EDGE_LOOP('',(#1448,#1449,#1450,#1451));
#328=EDGE_LOOP('',(#1452,#1453,#1454,#1455));
#329=EDGE_LOOP('',(#1456,#1457,#1458,#1459,#1460,#1461));
#330=EDGE_LOOP('',(#1462,#1463,#1464,#1465,#1466,#1467,#1468,#1469,#1470,
#1471,#1472,#1473,#1474,#1475,#1476,#1477,#1478,#1479));
#331=EDGE_LOOP('',(#1480));
#332=EDGE_LOOP('',(#1481));
#333=EDGE_LOOP('',(#1482));
#334=EDGE_LOOP('',(#1483));
#335=EDGE_LOOP('',(#1484,#1485,#1486,#1487));
#336=EDGE_LOOP('',(#1488,#1489,#1490,#1491));
#337=EDGE_LOOP('',(#1492,#1493,#1494,#1495));
#338=EDGE_LOOP('',(#1496,#1497,#1498,#1499,#1500,#1501,#1502,#1503));
#339=EDGE_LOOP('',(#1504));
#340=EDGE_LOOP('',(#1505));
#341=EDGE_LOOP('',(#1506,#1507,#1508,#1509,#1510,#1511,#1512,#1513));
#342=EDGE_LOOP('',(#1514,#1515,#1516,#1517));
#343=EDGE_LOOP('',(#1518,#1519,#1520,#1521));
#344=EDGE_LOOP('',(#1522,#1523,#1524,#1525));
#345=EDGE_LOOP('',(#1526,#1527,#1528,#1529));
#346=EDGE_LOOP('',(#1530,#1531,#1532,#1533));
#347=EDGE_LOOP('',(#1534,#1535,#1536,#1537));
#348=EDGE_LOOP('',(#1538,#1539,#1540,#1541));
#349=EDGE_LOOP('',(#1542,#1543,#1544,#1545,#1546,#1547,#1548,#1549));
#350=EDGE_LOOP('',(#1550,#1551,#1552,#1553,#1554,#1555));
#351=EDGE_LOOP('',(#1556,#1557,#1558,#1559));
#352=EDGE_LOOP('',(#1560,#1561,#1562,#1563));
#353=EDGE_LOOP('',(#1564,#1565,#1566,#1567));
#354=EDGE_LOOP('',(#1568,#1569,#1570,#1571));
#355=EDGE_LOOP('',(#1572,#1573,#1574,#1575));
#356=EDGE_LOOP('',(#1576,#1577,#1578,#1579));
#357=EDGE_LOOP('',(#1580,#1581,#1582,#1583));
#358=EDGE_LOOP('',(#1584,#1585,#1586,#1587));
#359=EDGE_LOOP('',(#1588,#1589,#1590,#1591,#1592,#1593));
#360=EDGE_LOOP('',(#1594,#1595,#1596,#1597));
#361=EDGE_LOOP('',(#1598,#1599,#1600,#1601,#1602,#1603));
#362=EDGE_LOOP('',(#1604));
#363=EDGE_LOOP('',(#1605,#1606,#1607,#1608));
#364=EDGE_LOOP('',(#1609));
#365=EDGE_LOOP('',(#1610,#1611,#1612,#1613));
#366=EDGE_LOOP('',(#1614));
#367=EDGE_LOOP('',(#1615,#1616,#1617,#1618));
#368=EDGE_LOOP('',(#1619));
#369=EDGE_LOOP('',(#1620,#1621,#1622,#1623));
#370=EDGE_LOOP('',(#1624,#1625,#1626,#1627,#1628));
#371=EDGE_LOOP('',(#1629,#1630,#1631,#1632,#1633,#1634,#1635,#1636,#1637,
#1638,#1639));
#372=LINE('',#2495,#543);
#373=LINE('',#2497,#544);
#374=LINE('',#2499,#545);
#375=LINE('',#2500,#546);
#376=LINE('',#2504,#547);
#377=LINE('',#2506,#548);
#378=LINE('',#2508,#549);
#379=LINE('',#2510,#550);
#380=LINE('',#2512,#551);
#381=LINE('',#2514,#552);
#382=LINE('',#2516,#553);
#383=LINE('',#2520,#554);
#384=LINE('',#2524,#555);
#385=LINE('',#2526,#556);
#386=LINE('',#2528,#557);
#387=LINE('',#2529,#558);
#388=LINE('',#2532,#559);
#389=LINE('',#2534,#560);
#390=LINE('',#2535,#561);
#391=LINE('',#2536,#562);
#392=LINE('',#2539,#563);
#393=LINE('',#2541,#564);
#394=LINE('',#2542,#565);
#395=LINE('',#2544,#566);
#396=LINE('',#2545,#567);
#397=LINE('',#2546,#568);
#398=LINE('',#2550,#569);
#399=LINE('',#2552,#570);
#400=LINE('',#2553,#571);
#401=LINE('',#2557,#572);
#402=LINE('',#2561,#573);
#403=LINE('',#2565,#574);
#404=LINE('',#2567,#575);
#405=LINE('',#2571,#576);
#406=LINE('',#2573,#577);
#407=LINE('',#2574,#578);
#408=LINE('',#2577,#579);
#409=LINE('',#2579,#580);
#410=LINE('',#2580,#581);
#411=LINE('',#2584,#582);
#412=LINE('',#2587,#583);
#413=LINE('',#2593,#584);
#414=LINE('',#2595,#585);
#415=LINE('',#2597,#586);
#416=LINE('',#2598,#587);
#417=LINE('',#2602,#588);
#418=LINE('',#2605,#589);
#419=LINE('',#2609,#590);
#420=LINE('',#2613,#591);
#421=LINE('',#2616,#592);
#422=LINE('',#2617,#593);
#423=LINE('',#2620,#594);
#424=LINE('',#2622,#595);
#425=LINE('',#2623,#596);
#426=LINE('',#2626,#597);
#427=LINE('',#2627,#598);
#428=LINE('',#2629,#599);
#429=LINE('',#2630,#600);
#430=LINE('',#2633,#601);
#431=LINE('',#2637,#602);
#432=LINE('',#2641,#603);
#433=LINE('',#2645,#604);
#434=LINE('',#2648,#605);
#435=LINE('',#2652,#606);
#436=LINE('',#2655,#607);
#437=LINE('',#2657,#608);
#438=LINE('',#2661,#609);
#439=LINE('',#2673,#610);
#440=LINE('',#2674,#611);
#441=LINE('',#2677,#612);
#442=LINE('',#2678,#613);
#443=LINE('',#2681,#614);
#444=LINE('',#2682,#615);
#445=LINE('',#2683,#616);
#446=LINE('',#2687,#617);
#447=LINE('',#2689,#618);
#448=LINE('',#2691,#619);
#449=LINE('',#2692,#620);
#450=LINE('',#2695,#621);
#451=LINE('',#2697,#622);
#452=LINE('',#2698,#623);
#453=LINE('',#2701,#624);
#454=LINE('',#2706,#625);
#455=LINE('',#2707,#626);
#456=LINE('',#2711,#627);
#457=LINE('',#2715,#628);
#458=LINE('',#2716,#629);
#459=LINE('',#2719,#630);
#460=LINE('',#2723,#631);
#461=LINE('',#2727,#632);
#462=LINE('',#2740,#633);
#463=LINE('',#2742,#634);
#464=LINE('',#2744,#635);
#465=LINE('',#2746,#636);
#466=LINE('',#2747,#637);
#467=LINE('',#2750,#638);
#468=LINE('',#2751,#639);
#469=LINE('',#2757,#640);
#470=LINE('',#2760,#641);
#471=LINE('',#2766,#642);
#472=LINE('',#2771,#643);
#473=LINE('',#2774,#644);
#474=LINE('',#2792,#645);
#475=LINE('',#2793,#646);
#476=LINE('',#2794,#647);
#477=LINE('',#2799,#648);
#478=LINE('',#2807,#649);
#479=LINE('',#2812,#650);
#480=LINE('',#2816,#651);
#481=LINE('',#2820,#652);
#482=LINE('',#2825,#653);
#483=LINE('',#2828,#654);
#484=LINE('',#2830,#655);
#485=LINE('',#2832,#656);
#486=LINE('',#2834,#657);
#487=LINE('',#2836,#658);
#488=LINE('',#2838,#659);
#489=LINE('',#2844,#660);
#490=LINE('',#2845,#661);
#491=LINE('',#2848,#662);
#492=LINE('',#2849,#663);
#493=LINE('',#2853,#664);
#494=LINE('',#2855,#665);
#495=LINE('',#2858,#666);
#496=LINE('',#2860,#667);
#497=LINE('',#2862,#668);
#498=LINE('',#2864,#669);
#499=LINE('',#2868,#670);
#500=LINE('',#2872,#671);
#501=LINE('',#2885,#672);
#502=LINE('',#2888,#673);
#503=LINE('',#2890,#674);
#504=LINE('',#2892,#675);
#505=LINE('',#2894,#676);
#506=LINE('',#2896,#677);
#507=LINE('',#2897,#678);
#508=LINE('',#2907,#679);
#509=LINE('',#2909,#680);
#510=LINE('',#2911,#681);
#511=LINE('',#2913,#682);
#512=LINE('',#2920,#683);
#513=LINE('',#2924,#684);
#514=LINE('',#2928,#685);
#515=LINE('',#2932,#686);
#516=LINE('',#2939,#687);
#517=LINE('',#2940,#688);
#518=LINE('',#2944,#689);
#519=LINE('',#2947,#690);
#520=LINE('',#2948,#691);
#521=LINE('',#2952,#692);
#522=LINE('',#2955,#693);
#523=LINE('',#2956,#694);
#524=LINE('',#2964,#695);
#525=LINE('',#2968,#696);
#526=LINE('',#2972,#697);
#527=LINE('',#2975,#698);
#528=LINE('',#2977,#699);
#529=LINE('',#2978,#700);
#530=LINE('',#2980,#701);
#531=LINE('',#2982,#702);
#532=LINE('',#2984,#703);
#533=LINE('',#2986,#704);
#534=LINE('',#2988,#705);
#535=LINE('',#2990,#706);
#536=LINE('',#3009,#707);
#537=LINE('',#3011,#708);
#538=LINE('',#3016,#709);
#539=LINE('',#3021,#710);
#540=LINE('',#3026,#711);
#541=LINE('',#3031,#712);
#542=LINE('',#3033,#713);
#543=VECTOR('',#1976,10.);
#544=VECTOR('',#1977,10.);
#545=VECTOR('',#1978,10.);
#546=VECTOR('',#1979,10.);
#547=VECTOR('',#1982,10.);
#548=VECTOR('',#1983,10.);
#549=VECTOR('',#1984,10.);
#550=VECTOR('',#1985,10.);
#551=VECTOR('',#1986,10.);
#552=VECTOR('',#1987,10.);
#553=VECTOR('',#1988,10.);
#554=VECTOR('',#1991,10.);
#555=VECTOR('',#1994,10.);
#556=VECTOR('',#1995,10.);
#557=VECTOR('',#1996,10.);
#558=VECTOR('',#1997,10.);
#559=VECTOR('',#2000,10.);
#560=VECTOR('',#2001,10.);
#561=VECTOR('',#2002,10.);
#562=VECTOR('',#2003,10.);
#563=VECTOR('',#2006,10.);
#564=VECTOR('',#2007,10.);
#565=VECTOR('',#2008,10.);
#566=VECTOR('',#2011,10.);
#567=VECTOR('',#2012,10.);
#568=VECTOR('',#2013,10.);
#569=VECTOR('',#2018,10.);
#570=VECTOR('',#2019,10.);
#571=VECTOR('',#2020,10.);
#572=VECTOR('',#2023,10.);
#573=VECTOR('',#2026,10.);
#574=VECTOR('',#2029,10.);
#575=VECTOR('',#2030,10.);
#576=VECTOR('',#2035,10.);
#577=VECTOR('',#2036,10.);
#578=VECTOR('',#2037,10.);
#579=VECTOR('',#2040,10.);
#580=VECTOR('',#2041,10.);
#581=VECTOR('',#2042,10.);
#582=VECTOR('',#2045,10.);
#583=VECTOR('',#2048,10.);
#584=VECTOR('',#2055,10.);
#585=VECTOR('',#2056,10.);
#586=VECTOR('',#2057,10.);
#587=VECTOR('',#2058,10.);
#588=VECTOR('',#2061,10.);
#589=VECTOR('',#2064,10.);
#590=VECTOR('',#2069,10.);
#591=VECTOR('',#2072,10.);
#592=VECTOR('',#2077,10.);
#593=VECTOR('',#2078,10.);
#594=VECTOR('',#2081,10.);
#595=VECTOR('',#2082,10.);
#596=VECTOR('',#2083,10.);
#597=VECTOR('',#2086,10.);
#598=VECTOR('',#2087,10.);
#599=VECTOR('',#2088,10.);
#600=VECTOR('',#2089,10.);
#601=VECTOR('',#2092,10.);
#602=VECTOR('',#2095,10.);
#603=VECTOR('',#2098,10.);
#604=VECTOR('',#2101,10.);
#605=VECTOR('',#2104,10.);
#606=VECTOR('',#2107,10.);
#607=VECTOR('',#2110,10.);
#608=VECTOR('',#2111,10.);
#609=VECTOR('',#2114,10.);
#610=VECTOR('',#2127,10.);
#611=VECTOR('',#2128,10.);
#612=VECTOR('',#2131,10.);
#613=VECTOR('',#2132,10.);
#614=VECTOR('',#2135,10.);
#615=VECTOR('',#2136,10.);
#616=VECTOR('',#2137,10.);
#617=VECTOR('',#2140,10.);
#618=VECTOR('',#2141,10.);
#619=VECTOR('',#2142,10.);
#620=VECTOR('',#2143,10.);
#621=VECTOR('',#2146,10.);
#622=VECTOR('',#2147,10.);
#623=VECTOR('',#2148,10.);
#624=VECTOR('',#2151,10.);
#625=VECTOR('',#2158,10.);
#626=VECTOR('',#2159,10.);
#627=VECTOR('',#2162,10.);
#628=VECTOR('',#2169,10.);
#629=VECTOR('',#2170,10.);
#630=VECTOR('',#2173,10.);
#631=VECTOR('',#2178,10.);
#632=VECTOR('',#2181,10.);
#633=VECTOR('',#2182,10.);
#634=VECTOR('',#2183,10.);
#635=VECTOR('',#2184,10.);
#636=VECTOR('',#2185,10.);
#637=VECTOR('',#2186,10.);
#638=VECTOR('',#2189,10.);
#639=VECTOR('',#2190,10.);
#640=VECTOR('',#2197,10.);
#641=VECTOR('',#2200,10.);
#642=VECTOR('',#2207,10.);
#643=VECTOR('',#2212,10.);
#644=VECTOR('',#2217,10.);
#645=VECTOR('',#2234,10.);
#646=VECTOR('',#2235,10.);
#647=VECTOR('',#2236,10.);
#648=VECTOR('',#2239,10.);
#649=VECTOR('',#2246,10.);
#650=VECTOR('',#2253,6.5);
#651=VECTOR('',#2256,10.);
#652=VECTOR('',#2259,10.);
#653=VECTOR('',#2264,10.);
#654=VECTOR('',#2269,10.);
#655=VECTOR('',#2272,10.);
#656=VECTOR('',#2275,10.);
#657=VECTOR('',#2278,10.);
#658=VECTOR('',#2281,10.);
#659=VECTOR('',#2284,10.);
#660=VECTOR('',#2291,10.);
#661=VECTOR('',#2292,10.);
#662=VECTOR('',#2295,10.);
#663=VECTOR('',#2296,10.);
#664=VECTOR('',#2303,10.);
#665=VECTOR('',#2306,10.);
#666=VECTOR('',#2311,1.5);
#667=VECTOR('',#2314,1.5);
#668=VECTOR('',#2317,1.49999999999999);
#669=VECTOR('',#2320,1.5);
#670=VECTOR('',#2325,10.);
#671=VECTOR('',#2330,10.);
#672=VECTOR('',#2335,10.);
#673=VECTOR('',#2340,10.);
#674=VECTOR('',#2341,10.);
#675=VECTOR('',#2342,10.);
#676=VECTOR('',#2343,10.);
#677=VECTOR('',#2344,10.);
#678=VECTOR('',#2345,10.);
#679=VECTOR('',#2356,10.);
#680=VECTOR('',#2359,10.);
#681=VECTOR('',#2362,10.);
#682=VECTOR('',#2365,10.);
#683=VECTOR('',#2370,10.);
#684=VECTOR('',#2373,10.);
#685=VECTOR('',#2376,10.);
#686=VECTOR('',#2379,10.);
#687=VECTOR('',#2388,10.);
#688=VECTOR('',#2389,10.);
#689=VECTOR('',#2394,10.);
#690=VECTOR('',#2397,10.);
#691=VECTOR('',#2398,10.);
#692=VECTOR('',#2403,10.);
#693=VECTOR('',#2406,10.);
#694=VECTOR('',#2407,10.);
#695=VECTOR('',#2416,10.);
#696=VECTOR('',#2419,10.);
#697=VECTOR('',#2422,10.);
#698=VECTOR('',#2425,10.);
#699=VECTOR('',#2428,10.);
#700=VECTOR('',#2429,10.);
#701=VECTOR('',#2432,10.);
#702=VECTOR('',#2435,10.);
#703=VECTOR('',#2438,10.);
#704=VECTOR('',#2441,10.);
#705=VECTOR('',#2444,10.);
#706=VECTOR('',#2447,10.);
#707=VECTOR('',#2454,1.1000000000004);
#708=VECTOR('',#2457,1.10000000000038);
#709=VECTOR('',#2464,1.8);
#710=VECTOR('',#2471,1.8);
#711=VECTOR('',#2478,1.8);
#712=VECTOR('',#2485,1.8);
#713=VECTOR('',#2488,10.);
#714=VERTEX_POINT('',#2493);
#715=VERTEX_POINT('',#2494);
#716=VERTEX_POINT('',#2496);
#717=VERTEX_POINT('',#2498);
#718=VERTEX_POINT('',#2502);
#719=VERTEX_POINT('',#2503);
#720=VERTEX_POINT('',#2505);
#721=VERTEX_POINT('',#2507);
#722=VERTEX_POINT('',#2509);
#723=VERTEX_POINT('',#2511);
#724=VERTEX_POINT('',#2513);
#725=VERTEX_POINT('',#2515);
#726=VERTEX_POINT('',#2517);
#727=VERTEX_POINT('',#2519);
#728=VERTEX_POINT('',#2521);
#729=VERTEX_POINT('',#2523);
#730=VERTEX_POINT('',#2525);
#731=VERTEX_POINT('',#2527);
#732=VERTEX_POINT('',#2531);
#733=VERTEX_POINT('',#2533);
#734=VERTEX_POINT('',#2538);
#735=VERTEX_POINT('',#2540);
#736=VERTEX_POINT('',#2549);
#737=VERTEX_POINT('',#2551);
#738=VERTEX_POINT('',#2555);
#739=VERTEX_POINT('',#2556);
#740=VERTEX_POINT('',#2558);
#741=VERTEX_POINT('',#2560);
#742=VERTEX_POINT('',#2562);
#743=VERTEX_POINT('',#2564);
#744=VERTEX_POINT('',#2566);
#745=VERTEX_POINT('',#2570);
#746=VERTEX_POINT('',#2572);
#747=VERTEX_POINT('',#2576);
#748=VERTEX_POINT('',#2578);
#749=VERTEX_POINT('',#2582);
#750=VERTEX_POINT('',#2583);
#751=VERTEX_POINT('',#2585);
#752=VERTEX_POINT('',#2591);
#753=VERTEX_POINT('',#2592);
#754=VERTEX_POINT('',#2594);
#755=VERTEX_POINT('',#2596);
#756=VERTEX_POINT('',#2600);
#757=VERTEX_POINT('',#2601);
#758=VERTEX_POINT('',#2603);
#759=VERTEX_POINT('',#2608);
#760=VERTEX_POINT('',#2610);
#761=VERTEX_POINT('',#2612);
#762=VERTEX_POINT('',#2619);
#763=VERTEX_POINT('',#2621);
#764=VERTEX_POINT('',#2625);
#765=VERTEX_POINT('',#2628);
#766=VERTEX_POINT('',#2632);
#767=VERTEX_POINT('',#2634);
#768=VERTEX_POINT('',#2636);
#769=VERTEX_POINT('',#2638);
#770=VERTEX_POINT('',#2640);
#771=VERTEX_POINT('',#2642);
#772=VERTEX_POINT('',#2644);
#773=VERTEX_POINT('',#2646);
#774=VERTEX_POINT('',#2649);
#775=VERTEX_POINT('',#2651);
#776=VERTEX_POINT('',#2653);
#777=VERTEX_POINT('',#2656);
#778=VERTEX_POINT('',#2658);
#779=VERTEX_POINT('',#2660);
#780=VERTEX_POINT('',#2663);
#781=VERTEX_POINT('',#2665);
#782=VERTEX_POINT('',#2667);
#783=VERTEX_POINT('',#2669);
#784=VERTEX_POINT('',#2672);
#785=VERTEX_POINT('',#2676);
#786=VERTEX_POINT('',#2680);
#787=VERTEX_POINT('',#2685);
#788=VERTEX_POINT('',#2686);
#789=VERTEX_POINT('',#2688);
#790=VERTEX_POINT('',#2690);
#791=VERTEX_POINT('',#2694);
#792=VERTEX_POINT('',#2696);
#793=VERTEX_POINT('',#2700);
#794=VERTEX_POINT('',#2705);
#795=VERTEX_POINT('',#2709);
#796=VERTEX_POINT('',#2710);
#797=VERTEX_POINT('',#2718);
#798=VERTEX_POINT('',#2722);
#799=VERTEX_POINT('',#2724);
#800=VERTEX_POINT('',#2726);
#801=VERTEX_POINT('',#2728);
#802=VERTEX_POINT('',#2739);
#803=VERTEX_POINT('',#2741);
#804=VERTEX_POINT('',#2743);
#805=VERTEX_POINT('',#2745);
#806=VERTEX_POINT('',#2749);
#807=VERTEX_POINT('',#2754);
#808=VERTEX_POINT('',#2756);
#809=VERTEX_POINT('',#2758);
#810=VERTEX_POINT('',#2762);
#811=VERTEX_POINT('',#2764);
#812=VERTEX_POINT('',#2768);
#813=VERTEX_POINT('',#2770);
#814=VERTEX_POINT('',#2775);
#815=VERTEX_POINT('',#2777);
#816=VERTEX_POINT('',#2779);
#817=VERTEX_POINT('',#2781);
#818=VERTEX_POINT('',#2783);
#819=VERTEX_POINT('',#2786);
#820=VERTEX_POINT('',#2787);
#821=VERTEX_POINT('',#2789);
#822=VERTEX_POINT('',#2791);
#823=VERTEX_POINT('',#2795);
#824=VERTEX_POINT('',#2797);
#825=VERTEX_POINT('',#2798);
#826=VERTEX_POINT('',#2800);
#827=VERTEX_POINT('',#2802);
#828=VERTEX_POINT('',#2804);
#829=VERTEX_POINT('',#2806);
#830=VERTEX_POINT('',#2810);
#831=VERTEX_POINT('',#2814);
#832=VERTEX_POINT('',#2815);
#833=VERTEX_POINT('',#2817);
#834=VERTEX_POINT('',#2819);
#835=VERTEX_POINT('',#2822);
#836=VERTEX_POINT('',#2824);
#837=VERTEX_POINT('',#2841);
#838=VERTEX_POINT('',#2842);
#839=VERTEX_POINT('',#2847);
#840=VERTEX_POINT('',#2866);
#841=VERTEX_POINT('',#2870);
#842=VERTEX_POINT('',#2889);
#843=VERTEX_POINT('',#2891);
#844=VERTEX_POINT('',#2893);
#845=VERTEX_POINT('',#2895);
#846=VERTEX_POINT('',#2898);
#847=VERTEX_POINT('',#2900);
#848=VERTEX_POINT('',#2902);
#849=VERTEX_POINT('',#2904);
#850=VERTEX_POINT('',#2914);
#851=VERTEX_POINT('',#2916);
#852=VERTEX_POINT('',#2918);
#853=VERTEX_POINT('',#2919);
#854=VERTEX_POINT('',#2921);
#855=VERTEX_POINT('',#2923);
#856=VERTEX_POINT('',#2925);
#857=VERTEX_POINT('',#2927);
#858=VERTEX_POINT('',#2929);
#859=VERTEX_POINT('',#2931);
#860=VERTEX_POINT('',#2936);
#861=VERTEX_POINT('',#2937);
#862=VERTEX_POINT('',#2942);
#863=VERTEX_POINT('',#2946);
#864=VERTEX_POINT('',#2950);
#865=VERTEX_POINT('',#2954);
#866=VERTEX_POINT('',#2960);
#867=VERTEX_POINT('',#2961);
#868=VERTEX_POINT('',#2963);
#869=VERTEX_POINT('',#2965);
#870=VERTEX_POINT('',#2967);
#871=VERTEX_POINT('',#2969);
#872=VERTEX_POINT('',#2971);
#873=VERTEX_POINT('',#2973);
#874=VERTEX_POINT('',#3013);
#875=VERTEX_POINT('',#3018);
#876=VERTEX_POINT('',#3023);
#877=VERTEX_POINT('',#3028);
#878=EDGE_CURVE('',#714,#715,#372,.F.);
#879=EDGE_CURVE('',#716,#715,#373,.T.);
#880=EDGE_CURVE('',#717,#716,#374,.T.);
#881=EDGE_CURVE('',#717,#714,#375,.T.);
#882=EDGE_CURVE('',#718,#719,#376,.T.);
#883=EDGE_CURVE('',#719,#720,#377,.T.);
#884=EDGE_CURVE('',#720,#721,#378,.T.);
#885=EDGE_CURVE('',#722,#721,#379,.T.);
#886=EDGE_CURVE('',#723,#722,#380,.T.);
#887=EDGE_CURVE('',#724,#723,#381,.T.);
#888=EDGE_CURVE('',#725,#724,#382,.T.);
#889=EDGE_CURVE('',#726,#725,#83,.T.);
#890=EDGE_CURVE('',#727,#726,#383,.T.);
#891=EDGE_CURVE('',#728,#727,#84,.T.);
#892=EDGE_CURVE('',#729,#728,#384,.T.);
#893=EDGE_CURVE('',#730,#729,#385,.T.);
#894=EDGE_CURVE('',#731,#730,#386,.T.);
#895=EDGE_CURVE('',#718,#731,#387,.T.);
#896=EDGE_CURVE('',#732,#717,#388,.T.);
#897=EDGE_CURVE('',#732,#733,#389,.T.);
#898=EDGE_CURVE('',#719,#733,#390,.T.);
#899=EDGE_CURVE('',#718,#714,#391,.T.);
#900=EDGE_CURVE('',#734,#732,#392,.T.);
#901=EDGE_CURVE('',#734,#735,#393,.T.);
#902=EDGE_CURVE('',#735,#733,#394,.T.);
#903=EDGE_CURVE('',#716,#734,#395,.T.);
#904=EDGE_CURVE('',#721,#715,#396,.F.);
#905=EDGE_CURVE('',#720,#735,#397,.T.);
#906=EDGE_CURVE('',#736,#732,#398,.T.);
#907=EDGE_CURVE('',#737,#736,#399,.T.);
#908=EDGE_CURVE('',#734,#737,#400,.T.);
#909=EDGE_CURVE('',#738,#739,#401,.T.);
#910=EDGE_CURVE('',#740,#738,#85,.T.);
#911=EDGE_CURVE('',#741,#740,#402,.T.);
#912=EDGE_CURVE('',#742,#741,#86,.T.);
#913=EDGE_CURVE('',#742,#743,#403,.T.);
#914=EDGE_CURVE('',#744,#743,#404,.T.);
#915=EDGE_CURVE('',#739,#744,#87,.F.);
#916=EDGE_CURVE('',#745,#743,#405,.T.);
#917=EDGE_CURVE('',#746,#742,#406,.T.);
#918=EDGE_CURVE('',#745,#746,#407,.T.);
#919=EDGE_CURVE('',#747,#740,#408,.T.);
#920=EDGE_CURVE('',#748,#747,#409,.T.);
#921=EDGE_CURVE('',#741,#748,#410,.T.);
#922=EDGE_CURVE('',#749,#750,#411,.T.);
#923=EDGE_CURVE('',#751,#749,#88,.F.);
#924=EDGE_CURVE('',#745,#751,#412,.T.);
#925=EDGE_CURVE('',#748,#746,#89,.T.);
#926=EDGE_CURVE('',#750,#747,#90,.T.);
#927=EDGE_CURVE('',#752,#753,#413,.T.);
#928=EDGE_CURVE('',#754,#753,#414,.T.);
#929=EDGE_CURVE('',#755,#754,#415,.T.);
#930=EDGE_CURVE('',#755,#752,#416,.T.);
#931=EDGE_CURVE('',#756,#757,#417,.T.);
#932=EDGE_CURVE('',#758,#757,#91,.T.);
#933=EDGE_CURVE('',#752,#758,#418,.T.);
#934=EDGE_CURVE('',#756,#755,#92,.T.);
#935=EDGE_CURVE('',#759,#753,#419,.T.);
#936=EDGE_CURVE('',#760,#759,#93,.T.);
#937=EDGE_CURVE('',#760,#761,#420,.T.);
#938=EDGE_CURVE('',#754,#761,#94,.T.);
#939=EDGE_CURVE('',#757,#760,#421,.T.);
#940=EDGE_CURVE('',#761,#756,#422,.T.);
#941=EDGE_CURVE('',#762,#750,#423,.T.);
#942=EDGE_CURVE('',#762,#763,#424,.T.);
#943=EDGE_CURVE('',#763,#749,#425,.F.);
#944=EDGE_CURVE('',#739,#764,#426,.F.);
#945=EDGE_CURVE('',#725,#764,#427,.T.);
#946=EDGE_CURVE('',#724,#765,#428,.T.);
#947=EDGE_CURVE('',#738,#765,#429,.T.);
#948=EDGE_CURVE('',#766,#744,#430,.T.);
#949=EDGE_CURVE('',#767,#766,#95,.T.);
#950=EDGE_CURVE('',#768,#767,#431,.T.);
#951=EDGE_CURVE('',#769,#768,#96,.T.);
#952=EDGE_CURVE('',#770,#769,#432,.T.);
#953=EDGE_CURVE('',#771,#770,#97,.T.);
#954=EDGE_CURVE('',#772,#771,#433,.T.);
#955=EDGE_CURVE('',#773,#772,#98,.T.);
#956=EDGE_CURVE('',#751,#773,#434,.T.);
#957=EDGE_CURVE('',#774,#763,#99,.F.);
#958=EDGE_CURVE('',#775,#774,#435,.F.);
#959=EDGE_CURVE('',#776,#775,#100,.F.);
#960=EDGE_CURVE('',#753,#776,#436,.F.);
#961=EDGE_CURVE('',#777,#752,#437,.F.);
#962=EDGE_CURVE('',#778,#777,#101,.F.);
#963=EDGE_CURVE('',#779,#778,#438,.F.);
#964=EDGE_CURVE('',#764,#779,#102,.F.);
#965=EDGE_CURVE('',#780,#780,#103,.T.);
#966=EDGE_CURVE('',#781,#781,#104,.T.);
#967=EDGE_CURVE('',#782,#782,#105,.T.);
#968=EDGE_CURVE('',#783,#783,#106,.T.);
#969=EDGE_CURVE('',#773,#784,#439,.T.);
#970=EDGE_CURVE('',#784,#745,#440,.T.);
#971=EDGE_CURVE('',#743,#785,#441,.T.);
#972=EDGE_CURVE('',#766,#785,#442,.T.);
#973=EDGE_CURVE('',#786,#758,#443,.T.);
#974=EDGE_CURVE('',#786,#729,#444,.T.);
#975=EDGE_CURVE('',#728,#777,#445,.T.);
#976=EDGE_CURVE('',#787,#788,#446,.T.);
#977=EDGE_CURVE('',#788,#789,#447,.T.);
#978=EDGE_CURVE('',#789,#790,#448,.T.);
#979=EDGE_CURVE('',#790,#787,#449,.T.);
#980=EDGE_CURVE('',#790,#791,#450,.T.);
#981=EDGE_CURVE('',#791,#792,#451,.T.);
#982=EDGE_CURVE('',#792,#787,#452,.T.);
#983=EDGE_CURVE('',#737,#793,#453,.T.);
#984=EDGE_CURVE('',#793,#792,#107,.T.);
#985=EDGE_CURVE('',#791,#737,#108,.T.);
#986=EDGE_CURVE('',#736,#794,#454,.T.);
#987=EDGE_CURVE('',#794,#793,#455,.T.);
#988=EDGE_CURVE('',#795,#796,#456,.T.);
#989=EDGE_CURVE('',#796,#794,#109,.T.);
#990=EDGE_CURVE('',#736,#795,#110,.T.);
#991=EDGE_CURVE('',#788,#796,#457,.T.);
#992=EDGE_CURVE('',#795,#789,#458,.T.);
#993=EDGE_CURVE('',#791,#797,#459,.T.);
#994=EDGE_CURVE('',#797,#716,#111,.T.);
#995=EDGE_CURVE('',#798,#790,#460,.T.);
#996=EDGE_CURVE('',#799,#798,#112,.T.);
#997=EDGE_CURVE('',#799,#800,#461,.T.);
#998=EDGE_CURVE('',#801,#800,#17,.T.);
#999=EDGE_CURVE('',#801,#802,#462,.T.);
#1000=EDGE_CURVE('',#803,#802,#463,.T.);
#1001=EDGE_CURVE('',#803,#804,#464,.T.);
#1002=EDGE_CURVE('',#805,#804,#465,.T.);
#1003=EDGE_CURVE('',#797,#805,#466,.T.);
#1004=EDGE_CURVE('',#806,#789,#467,.F.);
#1005=EDGE_CURVE('',#798,#806,#468,.T.);
#1006=EDGE_CURVE('',#807,#717,#113,.T.);
#1007=EDGE_CURVE('',#717,#808,#469,.T.);
#1008=EDGE_CURVE('',#808,#809,#114,.T.);
#1009=EDGE_CURVE('',#809,#807,#470,.T.);
#1010=EDGE_CURVE('',#804,#810,#115,.T.);
#1011=EDGE_CURVE('',#803,#811,#116,.T.);
#1012=EDGE_CURVE('',#811,#810,#471,.T.);
#1013=EDGE_CURVE('',#812,#801,#117,.T.);
#1014=EDGE_CURVE('',#812,#813,#472,.T.);
#1015=EDGE_CURVE('',#802,#813,#118,.T.);
#1016=EDGE_CURVE('',#813,#811,#473,.T.);
#1017=EDGE_CURVE('',#814,#814,#119,.T.);
#1018=EDGE_CURVE('',#815,#815,#120,.T.);
#1019=EDGE_CURVE('',#816,#816,#121,.T.);
#1020=EDGE_CURVE('',#817,#817,#122,.T.);
#1021=EDGE_CURVE('',#818,#818,#123,.F.);
#1022=EDGE_CURVE('',#819,#820,#124,.T.);
#1023=EDGE_CURVE('',#820,#821,#125,.T.);
#1024=EDGE_CURVE('',#822,#821,#474,.T.);
#1025=EDGE_CURVE('',#808,#822,#475,.T.);
#1026=EDGE_CURVE('',#819,#716,#476,.T.);
#1027=EDGE_CURVE('',#823,#823,#126,.T.);
#1028=EDGE_CURVE('',#824,#825,#477,.T.);
#1029=EDGE_CURVE('',#825,#826,#127,.T.);
#1030=EDGE_CURVE('',#826,#827,#128,.T.);
#1031=EDGE_CURVE('',#827,#828,#129,.T.);
#1032=EDGE_CURVE('',#828,#829,#478,.T.);
#1033=EDGE_CURVE('',#829,#824,#130,.T.);
#1034=EDGE_CURVE('',#830,#830,#131,.F.);
#1035=EDGE_CURVE('',#830,#818,#479,.T.);
#1036=EDGE_CURVE('',#831,#832,#480,.T.);
#1037=EDGE_CURVE('',#833,#831,#132,.T.);
#1038=EDGE_CURVE('',#834,#833,#481,.T.);
#1039=EDGE_CURVE('',#785,#834,#133,.T.);
#1040=EDGE_CURVE('',#835,#784,#134,.T.);
#1041=EDGE_CURVE('',#836,#835,#482,.T.);
#1042=EDGE_CURVE('',#832,#836,#135,.T.);
#1043=EDGE_CURVE('',#767,#834,#483,.T.);
#1044=EDGE_CURVE('',#768,#833,#484,.T.);
#1045=EDGE_CURVE('',#769,#831,#485,.T.);
#1046=EDGE_CURVE('',#770,#832,#486,.T.);
#1047=EDGE_CURVE('',#771,#836,#487,.T.);
#1048=EDGE_CURVE('',#772,#835,#488,.T.);
#1049=EDGE_CURVE('',#837,#838,#136,.T.);
#1050=EDGE_CURVE('',#837,#776,#489,.T.);
#1051=EDGE_CURVE('',#838,#775,#490,.T.);
#1052=EDGE_CURVE('',#838,#839,#491,.T.);
#1053=EDGE_CURVE('',#839,#774,#492,.T.);
#1054=EDGE_CURVE('',#839,#762,#137,.T.);
#1055=EDGE_CURVE('',#726,#779,#493,.T.);
#1056=EDGE_CURVE('',#727,#778,#494,.T.);
#1057=EDGE_CURVE('',#780,#817,#495,.T.);
#1058=EDGE_CURVE('',#782,#816,#496,.T.);
#1059=EDGE_CURVE('',#781,#815,#497,.T.);
#1060=EDGE_CURVE('',#783,#814,#498,.T.);
#1061=EDGE_CURVE('',#806,#840,#138,.T.);
#1062=EDGE_CURVE('',#840,#799,#499,.T.);
#1063=EDGE_CURVE('',#800,#841,#139,.T.);
#1064=EDGE_CURVE('',#841,#840,#500,.T.);
#1065=EDGE_CURVE('',#841,#812,#18,.T.);
#1066=EDGE_CURVE('',#759,#837,#501,.T.);
#1067=EDGE_CURVE('',#805,#822,#140,.T.);
#1068=EDGE_CURVE('',#810,#809,#502,.T.);
#1069=EDGE_CURVE('',#765,#842,#503,.T.);
#1070=EDGE_CURVE('',#842,#843,#504,.T.);
#1071=EDGE_CURVE('',#843,#844,#505,.T.);
#1072=EDGE_CURVE('',#844,#845,#506,.T.);
#1073=EDGE_CURVE('',#845,#786,#507,.T.);
#1074=EDGE_CURVE('',#846,#846,#141,.T.);
#1075=EDGE_CURVE('',#847,#847,#142,.T.);
#1076=EDGE_CURVE('',#848,#848,#143,.T.);
#1077=EDGE_CURVE('',#849,#849,#144,.T.);
#1078=EDGE_CURVE('',#845,#730,#508,.T.);
#1079=EDGE_CURVE('',#842,#723,#509,.T.);
#1080=EDGE_CURVE('',#843,#722,#510,.F.);
#1081=EDGE_CURVE('',#844,#731,#511,.T.);
#1082=EDGE_CURVE('',#850,#850,#145,.T.);
#1083=EDGE_CURVE('',#851,#851,#146,.T.);
#1084=EDGE_CURVE('',#852,#853,#512,.T.);
#1085=EDGE_CURVE('',#853,#854,#147,.T.);
#1086=EDGE_CURVE('',#854,#855,#513,.T.);
#1087=EDGE_CURVE('',#855,#856,#148,.T.);
#1088=EDGE_CURVE('',#856,#857,#514,.T.);
#1089=EDGE_CURVE('',#857,#858,#149,.T.);
#1090=EDGE_CURVE('',#858,#859,#515,.T.);
#1091=EDGE_CURVE('',#859,#852,#150,.T.);
#1092=EDGE_CURVE('',#860,#861,#151,.T.);
#1093=EDGE_CURVE('',#861,#827,#516,.T.);
#1094=EDGE_CURVE('',#860,#826,#517,.T.);
#1095=EDGE_CURVE('',#862,#860,#152,.T.);
#1096=EDGE_CURVE('',#862,#825,#518,.T.);
#1097=EDGE_CURVE('',#863,#862,#519,.T.);
#1098=EDGE_CURVE('',#863,#824,#520,.T.);
#1099=EDGE_CURVE('',#864,#863,#153,.T.);
#1100=EDGE_CURVE('',#864,#829,#521,.T.);
#1101=EDGE_CURVE('',#865,#864,#522,.T.);
#1102=EDGE_CURVE('',#865,#828,#523,.T.);
#1103=EDGE_CURVE('',#861,#865,#154,.T.);
#1104=EDGE_CURVE('',#866,#867,#155,.T.);
#1105=EDGE_CURVE('',#868,#866,#524,.T.);
#1106=EDGE_CURVE('',#869,#868,#156,.T.);
#1107=EDGE_CURVE('',#870,#869,#525,.T.);
#1108=EDGE_CURVE('',#871,#870,#157,.T.);
#1109=EDGE_CURVE('',#872,#871,#526,.T.);
#1110=EDGE_CURVE('',#873,#872,#158,.T.);
#1111=EDGE_CURVE('',#867,#873,#527,.T.);
#1112=EDGE_CURVE('',#853,#866,#528,.T.);
#1113=EDGE_CURVE('',#854,#867,#529,.T.);
#1114=EDGE_CURVE('',#855,#873,#530,.T.);
#1115=EDGE_CURVE('',#856,#872,#531,.T.);
#1116=EDGE_CURVE('',#857,#871,#532,.T.);
#1117=EDGE_CURVE('',#858,#870,#533,.T.);
#1118=EDGE_CURVE('',#859,#869,#534,.T.);
#1119=EDGE_CURVE('',#852,#868,#535,.T.);
#1120=EDGE_CURVE('',#821,#819,#19,.T.);
#1121=EDGE_CURVE('',#851,#823,#536,.T.);
#1122=EDGE_CURVE('',#850,#820,#537,.T.);
#1123=EDGE_CURVE('',#874,#874,#159,.T.);
#1124=EDGE_CURVE('',#849,#874,#538,.T.);
#1125=EDGE_CURVE('',#875,#875,#160,.T.);
#1126=EDGE_CURVE('',#848,#875,#539,.T.);
#1127=EDGE_CURVE('',#876,#876,#161,.T.);
#1128=EDGE_CURVE('',#847,#876,#540,.T.);
#1129=EDGE_CURVE('',#877,#877,#162,.T.);
#1130=EDGE_CURVE('',#846,#877,#541,.T.);
#1131=EDGE_CURVE('',#807,#795,#542,.T.);
#1132=ORIENTED_EDGE('',*,*,#878,.T.);
#1133=ORIENTED_EDGE('',*,*,#879,.F.);
#1134=ORIENTED_EDGE('',*,*,#880,.F.);
#1135=ORIENTED_EDGE('',*,*,#881,.T.);
#1136=ORIENTED_EDGE('',*,*,#882,.T.);
#1137=ORIENTED_EDGE('',*,*,#883,.T.);
#1138=ORIENTED_EDGE('',*,*,#884,.T.);
#1139=ORIENTED_EDGE('',*,*,#885,.F.);
#1140=ORIENTED_EDGE('',*,*,#886,.F.);
#1141=ORIENTED_EDGE('',*,*,#887,.F.);
#1142=ORIENTED_EDGE('',*,*,#888,.F.);
#1143=ORIENTED_EDGE('',*,*,#889,.F.);
#1144=ORIENTED_EDGE('',*,*,#890,.F.);
#1145=ORIENTED_EDGE('',*,*,#891,.F.);
#1146=ORIENTED_EDGE('',*,*,#892,.F.);
#1147=ORIENTED_EDGE('',*,*,#893,.F.);
#1148=ORIENTED_EDGE('',*,*,#894,.F.);
#1149=ORIENTED_EDGE('',*,*,#895,.F.);
#1150=ORIENTED_EDGE('',*,*,#896,.F.);
#1151=ORIENTED_EDGE('',*,*,#897,.T.);
#1152=ORIENTED_EDGE('',*,*,#898,.F.);
#1153=ORIENTED_EDGE('',*,*,#882,.F.);
#1154=ORIENTED_EDGE('',*,*,#899,.T.);
#1155=ORIENTED_EDGE('',*,*,#881,.F.);
#1156=ORIENTED_EDGE('',*,*,#900,.F.);
#1157=ORIENTED_EDGE('',*,*,#901,.T.);
#1158=ORIENTED_EDGE('',*,*,#902,.T.);
#1159=ORIENTED_EDGE('',*,*,#897,.F.);
#1160=ORIENTED_EDGE('',*,*,#903,.F.);
#1161=ORIENTED_EDGE('',*,*,#879,.T.);
#1162=ORIENTED_EDGE('',*,*,#904,.F.);
#1163=ORIENTED_EDGE('',*,*,#884,.F.);
#1164=ORIENTED_EDGE('',*,*,#905,.T.);
#1165=ORIENTED_EDGE('',*,*,#901,.F.);
#1166=ORIENTED_EDGE('',*,*,#905,.F.);
#1167=ORIENTED_EDGE('',*,*,#883,.F.);
#1168=ORIENTED_EDGE('',*,*,#898,.T.);
#1169=ORIENTED_EDGE('',*,*,#902,.F.);
#1170=ORIENTED_EDGE('',*,*,#900,.T.);
#1171=ORIENTED_EDGE('',*,*,#906,.F.);
#1172=ORIENTED_EDGE('',*,*,#907,.F.);
#1173=ORIENTED_EDGE('',*,*,#908,.F.);
#1174=ORIENTED_EDGE('',*,*,#909,.F.);
#1175=ORIENTED_EDGE('',*,*,#910,.F.);
#1176=ORIENTED_EDGE('',*,*,#911,.F.);
#1177=ORIENTED_EDGE('',*,*,#912,.F.);
#1178=ORIENTED_EDGE('',*,*,#913,.T.);
#1179=ORIENTED_EDGE('',*,*,#914,.F.);
#1180=ORIENTED_EDGE('',*,*,#915,.F.);
#1181=ORIENTED_EDGE('',*,*,#916,.T.);
#1182=ORIENTED_EDGE('',*,*,#913,.F.);
#1183=ORIENTED_EDGE('',*,*,#917,.F.);
#1184=ORIENTED_EDGE('',*,*,#918,.F.);
#1185=ORIENTED_EDGE('',*,*,#911,.T.);
#1186=ORIENTED_EDGE('',*,*,#919,.F.);
#1187=ORIENTED_EDGE('',*,*,#920,.F.);
#1188=ORIENTED_EDGE('',*,*,#921,.F.);
#1189=ORIENTED_EDGE('',*,*,#922,.F.);
#1190=ORIENTED_EDGE('',*,*,#923,.F.);
#1191=ORIENTED_EDGE('',*,*,#924,.F.);
#1192=ORIENTED_EDGE('',*,*,#918,.T.);
#1193=ORIENTED_EDGE('',*,*,#925,.F.);
#1194=ORIENTED_EDGE('',*,*,#920,.T.);
#1195=ORIENTED_EDGE('',*,*,#926,.F.);
#1196=ORIENTED_EDGE('',*,*,#927,.T.);
#1197=ORIENTED_EDGE('',*,*,#928,.F.);
#1198=ORIENTED_EDGE('',*,*,#929,.F.);
#1199=ORIENTED_EDGE('',*,*,#930,.T.);
#1200=ORIENTED_EDGE('',*,*,#931,.T.);
#1201=ORIENTED_EDGE('',*,*,#932,.F.);
#1202=ORIENTED_EDGE('',*,*,#933,.F.);
#1203=ORIENTED_EDGE('',*,*,#930,.F.);
#1204=ORIENTED_EDGE('',*,*,#934,.F.);
#1205=ORIENTED_EDGE('',*,*,#928,.T.);
#1206=ORIENTED_EDGE('',*,*,#935,.F.);
#1207=ORIENTED_EDGE('',*,*,#936,.F.);
#1208=ORIENTED_EDGE('',*,*,#937,.T.);
#1209=ORIENTED_EDGE('',*,*,#938,.F.);
#1210=ORIENTED_EDGE('',*,*,#937,.F.);
#1211=ORIENTED_EDGE('',*,*,#939,.F.);
#1212=ORIENTED_EDGE('',*,*,#931,.F.);
#1213=ORIENTED_EDGE('',*,*,#940,.F.);
#1214=ORIENTED_EDGE('',*,*,#922,.T.);
#1215=ORIENTED_EDGE('',*,*,#941,.F.);
#1216=ORIENTED_EDGE('',*,*,#942,.T.);
#1217=ORIENTED_EDGE('',*,*,#943,.T.);
#1218=ORIENTED_EDGE('',*,*,#909,.T.);
#1219=ORIENTED_EDGE('',*,*,#944,.T.);
#1220=ORIENTED_EDGE('',*,*,#945,.F.);
#1221=ORIENTED_EDGE('',*,*,#888,.T.);
#1222=ORIENTED_EDGE('',*,*,#946,.T.);
#1223=ORIENTED_EDGE('',*,*,#947,.F.);
#1224=ORIENTED_EDGE('',*,*,#915,.T.);
#1225=ORIENTED_EDGE('',*,*,#948,.F.);
#1226=ORIENTED_EDGE('',*,*,#949,.F.);
#1227=ORIENTED_EDGE('',*,*,#950,.F.);
#1228=ORIENTED_EDGE('',*,*,#951,.F.);
#1229=ORIENTED_EDGE('',*,*,#952,.F.);
#1230=ORIENTED_EDGE('',*,*,#953,.F.);
#1231=ORIENTED_EDGE('',*,*,#954,.F.);
#1232=ORIENTED_EDGE('',*,*,#955,.F.);
#1233=ORIENTED_EDGE('',*,*,#956,.F.);
#1234=ORIENTED_EDGE('',*,*,#923,.T.);
#1235=ORIENTED_EDGE('',*,*,#943,.F.);
#1236=ORIENTED_EDGE('',*,*,#957,.F.);
#1237=ORIENTED_EDGE('',*,*,#958,.F.);
#1238=ORIENTED_EDGE('',*,*,#959,.F.);
#1239=ORIENTED_EDGE('',*,*,#960,.F.);
#1240=ORIENTED_EDGE('',*,*,#927,.F.);
#1241=ORIENTED_EDGE('',*,*,#961,.F.);
#1242=ORIENTED_EDGE('',*,*,#962,.F.);
#1243=ORIENTED_EDGE('',*,*,#963,.F.);
#1244=ORIENTED_EDGE('',*,*,#964,.F.);
#1245=ORIENTED_EDGE('',*,*,#944,.F.);
#1246=ORIENTED_EDGE('',*,*,#965,.F.);
#1247=ORIENTED_EDGE('',*,*,#966,.F.);
#1248=ORIENTED_EDGE('',*,*,#967,.F.);
#1249=ORIENTED_EDGE('',*,*,#968,.F.);
#1250=ORIENTED_EDGE('',*,*,#924,.T.);
#1251=ORIENTED_EDGE('',*,*,#956,.T.);
#1252=ORIENTED_EDGE('',*,*,#969,.T.);
#1253=ORIENTED_EDGE('',*,*,#970,.T.);
#1254=ORIENTED_EDGE('',*,*,#914,.T.);
#1255=ORIENTED_EDGE('',*,*,#971,.T.);
#1256=ORIENTED_EDGE('',*,*,#972,.F.);
#1257=ORIENTED_EDGE('',*,*,#948,.T.);
#1258=ORIENTED_EDGE('',*,*,#933,.T.);
#1259=ORIENTED_EDGE('',*,*,#973,.F.);
#1260=ORIENTED_EDGE('',*,*,#974,.T.);
#1261=ORIENTED_EDGE('',*,*,#892,.T.);
#1262=ORIENTED_EDGE('',*,*,#975,.T.);
#1263=ORIENTED_EDGE('',*,*,#961,.T.);
#1264=ORIENTED_EDGE('',*,*,#976,.T.);
#1265=ORIENTED_EDGE('',*,*,#977,.T.);
#1266=ORIENTED_EDGE('',*,*,#978,.T.);
#1267=ORIENTED_EDGE('',*,*,#979,.T.);
#1268=ORIENTED_EDGE('',*,*,#980,.T.);
#1269=ORIENTED_EDGE('',*,*,#981,.T.);
#1270=ORIENTED_EDGE('',*,*,#982,.T.);
#1271=ORIENTED_EDGE('',*,*,#979,.F.);
#1272=ORIENTED_EDGE('',*,*,#983,.T.);
#1273=ORIENTED_EDGE('',*,*,#984,.T.);
#1274=ORIENTED_EDGE('',*,*,#981,.F.);
#1275=ORIENTED_EDGE('',*,*,#985,.T.);
#1276=ORIENTED_EDGE('',*,*,#986,.T.);
#1277=ORIENTED_EDGE('',*,*,#987,.T.);
#1278=ORIENTED_EDGE('',*,*,#983,.F.);
#1279=ORIENTED_EDGE('',*,*,#907,.T.);
#1280=ORIENTED_EDGE('',*,*,#988,.T.);
#1281=ORIENTED_EDGE('',*,*,#989,.T.);
#1282=ORIENTED_EDGE('',*,*,#986,.F.);
#1283=ORIENTED_EDGE('',*,*,#990,.T.);
#1284=ORIENTED_EDGE('',*,*,#991,.T.);
#1285=ORIENTED_EDGE('',*,*,#988,.F.);
#1286=ORIENTED_EDGE('',*,*,#992,.T.);
#1287=ORIENTED_EDGE('',*,*,#977,.F.);
#1288=ORIENTED_EDGE('',*,*,#985,.F.);
#1289=ORIENTED_EDGE('',*,*,#993,.T.);
#1290=ORIENTED_EDGE('',*,*,#994,.T.);
#1291=ORIENTED_EDGE('',*,*,#903,.T.);
#1292=ORIENTED_EDGE('',*,*,#908,.T.);
#1293=ORIENTED_EDGE('',*,*,#980,.F.);
#1294=ORIENTED_EDGE('',*,*,#995,.F.);
#1295=ORIENTED_EDGE('',*,*,#996,.F.);
#1296=ORIENTED_EDGE('',*,*,#997,.T.);
#1297=ORIENTED_EDGE('',*,*,#998,.F.);
#1298=ORIENTED_EDGE('',*,*,#999,.T.);
#1299=ORIENTED_EDGE('',*,*,#1000,.F.);
#1300=ORIENTED_EDGE('',*,*,#1001,.T.);
#1301=ORIENTED_EDGE('',*,*,#1002,.F.);
#1302=ORIENTED_EDGE('',*,*,#1003,.F.);
#1303=ORIENTED_EDGE('',*,*,#993,.F.);
#1304=ORIENTED_EDGE('',*,*,#978,.F.);
#1305=ORIENTED_EDGE('',*,*,#1004,.F.);
#1306=ORIENTED_EDGE('',*,*,#1005,.F.);
#1307=ORIENTED_EDGE('',*,*,#995,.T.);
#1308=ORIENTED_EDGE('',*,*,#976,.F.);
#1309=ORIENTED_EDGE('',*,*,#982,.F.);
#1310=ORIENTED_EDGE('',*,*,#984,.F.);
#1311=ORIENTED_EDGE('',*,*,#987,.F.);
#1312=ORIENTED_EDGE('',*,*,#989,.F.);
#1313=ORIENTED_EDGE('',*,*,#991,.F.);
#1314=ORIENTED_EDGE('',*,*,#1006,.T.);
#1315=ORIENTED_EDGE('',*,*,#1007,.T.);
#1316=ORIENTED_EDGE('',*,*,#1008,.T.);
#1317=ORIENTED_EDGE('',*,*,#1009,.T.);
#1318=ORIENTED_EDGE('',*,*,#1010,.F.);
#1319=ORIENTED_EDGE('',*,*,#1001,.F.);
#1320=ORIENTED_EDGE('',*,*,#1011,.T.);
#1321=ORIENTED_EDGE('',*,*,#1012,.T.);
#1322=ORIENTED_EDGE('',*,*,#1013,.F.);
#1323=ORIENTED_EDGE('',*,*,#1014,.T.);
#1324=ORIENTED_EDGE('',*,*,#1015,.F.);
#1325=ORIENTED_EDGE('',*,*,#999,.F.);
#1326=ORIENTED_EDGE('',*,*,#1015,.T.);
#1327=ORIENTED_EDGE('',*,*,#1016,.T.);
#1328=ORIENTED_EDGE('',*,*,#1011,.F.);
#1329=ORIENTED_EDGE('',*,*,#1000,.T.);
#1330=ORIENTED_EDGE('',*,*,#912,.T.);
#1331=ORIENTED_EDGE('',*,*,#921,.T.);
#1332=ORIENTED_EDGE('',*,*,#925,.T.);
#1333=ORIENTED_EDGE('',*,*,#917,.T.);
#1334=ORIENTED_EDGE('',*,*,#934,.T.);
#1335=ORIENTED_EDGE('',*,*,#929,.T.);
#1336=ORIENTED_EDGE('',*,*,#938,.T.);
#1337=ORIENTED_EDGE('',*,*,#940,.T.);
#1338=ORIENTED_EDGE('',*,*,#1017,.T.);
#1339=ORIENTED_EDGE('',*,*,#1018,.T.);
#1340=ORIENTED_EDGE('',*,*,#1019,.T.);
#1341=ORIENTED_EDGE('',*,*,#1020,.T.);
#1342=ORIENTED_EDGE('',*,*,#1021,.T.);
#1343=ORIENTED_EDGE('',*,*,#1022,.T.);
#1344=ORIENTED_EDGE('',*,*,#1023,.T.);
#1345=ORIENTED_EDGE('',*,*,#1024,.F.);
#1346=ORIENTED_EDGE('',*,*,#1025,.F.);
#1347=ORIENTED_EDGE('',*,*,#1007,.F.);
#1348=ORIENTED_EDGE('',*,*,#880,.T.);
#1349=ORIENTED_EDGE('',*,*,#1026,.F.);
#1350=ORIENTED_EDGE('',*,*,#1027,.T.);
#1351=ORIENTED_EDGE('',*,*,#1028,.T.);
#1352=ORIENTED_EDGE('',*,*,#1029,.T.);
#1353=ORIENTED_EDGE('',*,*,#1030,.T.);
#1354=ORIENTED_EDGE('',*,*,#1031,.T.);
#1355=ORIENTED_EDGE('',*,*,#1032,.T.);
#1356=ORIENTED_EDGE('',*,*,#1033,.T.);
#1357=ORIENTED_EDGE('',*,*,#1034,.T.);
#1358=ORIENTED_EDGE('',*,*,#1035,.T.);
#1359=ORIENTED_EDGE('',*,*,#1021,.F.);
#1360=ORIENTED_EDGE('',*,*,#1035,.F.);
#1361=ORIENTED_EDGE('',*,*,#1036,.F.);
#1362=ORIENTED_EDGE('',*,*,#1037,.F.);
#1363=ORIENTED_EDGE('',*,*,#1038,.F.);
#1364=ORIENTED_EDGE('',*,*,#1039,.F.);
#1365=ORIENTED_EDGE('',*,*,#971,.F.);
#1366=ORIENTED_EDGE('',*,*,#916,.F.);
#1367=ORIENTED_EDGE('',*,*,#970,.F.);
#1368=ORIENTED_EDGE('',*,*,#1040,.F.);
#1369=ORIENTED_EDGE('',*,*,#1041,.F.);
#1370=ORIENTED_EDGE('',*,*,#1042,.F.);
#1371=ORIENTED_EDGE('',*,*,#1034,.F.);
#1372=ORIENTED_EDGE('',*,*,#949,.T.);
#1373=ORIENTED_EDGE('',*,*,#972,.T.);
#1374=ORIENTED_EDGE('',*,*,#1039,.T.);
#1375=ORIENTED_EDGE('',*,*,#1043,.F.);
#1376=ORIENTED_EDGE('',*,*,#950,.T.);
#1377=ORIENTED_EDGE('',*,*,#1043,.T.);
#1378=ORIENTED_EDGE('',*,*,#1038,.T.);
#1379=ORIENTED_EDGE('',*,*,#1044,.F.);
#1380=ORIENTED_EDGE('',*,*,#951,.T.);
#1381=ORIENTED_EDGE('',*,*,#1044,.T.);
#1382=ORIENTED_EDGE('',*,*,#1037,.T.);
#1383=ORIENTED_EDGE('',*,*,#1045,.F.);
#1384=ORIENTED_EDGE('',*,*,#952,.T.);
#1385=ORIENTED_EDGE('',*,*,#1045,.T.);
#1386=ORIENTED_EDGE('',*,*,#1036,.T.);
#1387=ORIENTED_EDGE('',*,*,#1046,.F.);
#1388=ORIENTED_EDGE('',*,*,#953,.T.);
#1389=ORIENTED_EDGE('',*,*,#1046,.T.);
#1390=ORIENTED_EDGE('',*,*,#1042,.T.);
#1391=ORIENTED_EDGE('',*,*,#1047,.F.);
#1392=ORIENTED_EDGE('',*,*,#954,.T.);
#1393=ORIENTED_EDGE('',*,*,#1047,.T.);
#1394=ORIENTED_EDGE('',*,*,#1041,.T.);
#1395=ORIENTED_EDGE('',*,*,#1048,.F.);
#1396=ORIENTED_EDGE('',*,*,#955,.T.);
#1397=ORIENTED_EDGE('',*,*,#1048,.T.);
#1398=ORIENTED_EDGE('',*,*,#1040,.T.);
#1399=ORIENTED_EDGE('',*,*,#969,.F.);
#1400=ORIENTED_EDGE('',*,*,#1049,.F.);
#1401=ORIENTED_EDGE('',*,*,#1050,.T.);
#1402=ORIENTED_EDGE('',*,*,#959,.T.);
#1403=ORIENTED_EDGE('',*,*,#1051,.F.);
#1404=ORIENTED_EDGE('',*,*,#1052,.F.);
#1405=ORIENTED_EDGE('',*,*,#1051,.T.);
#1406=ORIENTED_EDGE('',*,*,#958,.T.);
#1407=ORIENTED_EDGE('',*,*,#1053,.F.);
#1408=ORIENTED_EDGE('',*,*,#1054,.F.);
#1409=ORIENTED_EDGE('',*,*,#1053,.T.);
#1410=ORIENTED_EDGE('',*,*,#957,.T.);
#1411=ORIENTED_EDGE('',*,*,#942,.F.);
#1412=ORIENTED_EDGE('',*,*,#889,.T.);
#1413=ORIENTED_EDGE('',*,*,#945,.T.);
#1414=ORIENTED_EDGE('',*,*,#964,.T.);
#1415=ORIENTED_EDGE('',*,*,#1055,.F.);
#1416=ORIENTED_EDGE('',*,*,#890,.T.);
#1417=ORIENTED_EDGE('',*,*,#1055,.T.);
#1418=ORIENTED_EDGE('',*,*,#963,.T.);
#1419=ORIENTED_EDGE('',*,*,#1056,.F.);
#1420=ORIENTED_EDGE('',*,*,#891,.T.);
#1421=ORIENTED_EDGE('',*,*,#1056,.T.);
#1422=ORIENTED_EDGE('',*,*,#962,.T.);
#1423=ORIENTED_EDGE('',*,*,#975,.F.);
#1424=ORIENTED_EDGE('',*,*,#965,.T.);
#1425=ORIENTED_EDGE('',*,*,#1057,.T.);
#1426=ORIENTED_EDGE('',*,*,#1020,.F.);
#1427=ORIENTED_EDGE('',*,*,#1057,.F.);
#1428=ORIENTED_EDGE('',*,*,#967,.T.);
#1429=ORIENTED_EDGE('',*,*,#1058,.T.);
#1430=ORIENTED_EDGE('',*,*,#1019,.F.);
#1431=ORIENTED_EDGE('',*,*,#1058,.F.);
#1432=ORIENTED_EDGE('',*,*,#966,.T.);
#1433=ORIENTED_EDGE('',*,*,#1059,.T.);
#1434=ORIENTED_EDGE('',*,*,#1018,.F.);
#1435=ORIENTED_EDGE('',*,*,#1059,.F.);
#1436=ORIENTED_EDGE('',*,*,#968,.T.);
#1437=ORIENTED_EDGE('',*,*,#1060,.T.);
#1438=ORIENTED_EDGE('',*,*,#1017,.F.);
#1439=ORIENTED_EDGE('',*,*,#1060,.F.);
#1440=ORIENTED_EDGE('',*,*,#996,.T.);
#1441=ORIENTED_EDGE('',*,*,#1005,.T.);
#1442=ORIENTED_EDGE('',*,*,#1061,.T.);
#1443=ORIENTED_EDGE('',*,*,#1062,.T.);
#1444=ORIENTED_EDGE('',*,*,#1063,.F.);
#1445=ORIENTED_EDGE('',*,*,#997,.F.);
#1446=ORIENTED_EDGE('',*,*,#1062,.F.);
#1447=ORIENTED_EDGE('',*,*,#1064,.F.);
#1448=ORIENTED_EDGE('',*,*,#998,.T.);
#1449=ORIENTED_EDGE('',*,*,#1063,.T.);
#1450=ORIENTED_EDGE('',*,*,#1065,.T.);
#1451=ORIENTED_EDGE('',*,*,#1013,.T.);
#1452=ORIENTED_EDGE('',*,*,#935,.T.);
#1453=ORIENTED_EDGE('',*,*,#960,.T.);
#1454=ORIENTED_EDGE('',*,*,#1050,.F.);
#1455=ORIENTED_EDGE('',*,*,#1066,.F.);
#1456=ORIENTED_EDGE('',*,*,#1008,.F.);
#1457=ORIENTED_EDGE('',*,*,#1025,.T.);
#1458=ORIENTED_EDGE('',*,*,#1067,.F.);
#1459=ORIENTED_EDGE('',*,*,#1002,.T.);
#1460=ORIENTED_EDGE('',*,*,#1010,.T.);
#1461=ORIENTED_EDGE('',*,*,#1068,.T.);
#1462=ORIENTED_EDGE('',*,*,#910,.T.);
#1463=ORIENTED_EDGE('',*,*,#947,.T.);
#1464=ORIENTED_EDGE('',*,*,#1069,.T.);
#1465=ORIENTED_EDGE('',*,*,#1070,.T.);
#1466=ORIENTED_EDGE('',*,*,#1071,.T.);
#1467=ORIENTED_EDGE('',*,*,#1072,.T.);
#1468=ORIENTED_EDGE('',*,*,#1073,.T.);
#1469=ORIENTED_EDGE('',*,*,#973,.T.);
#1470=ORIENTED_EDGE('',*,*,#932,.T.);
#1471=ORIENTED_EDGE('',*,*,#939,.T.);
#1472=ORIENTED_EDGE('',*,*,#936,.T.);
#1473=ORIENTED_EDGE('',*,*,#1066,.T.);
#1474=ORIENTED_EDGE('',*,*,#1049,.T.);
#1475=ORIENTED_EDGE('',*,*,#1052,.T.);
#1476=ORIENTED_EDGE('',*,*,#1054,.T.);
#1477=ORIENTED_EDGE('',*,*,#941,.T.);
#1478=ORIENTED_EDGE('',*,*,#926,.T.);
#1479=ORIENTED_EDGE('',*,*,#919,.T.);
#1480=ORIENTED_EDGE('',*,*,#1074,.T.);
#1481=ORIENTED_EDGE('',*,*,#1075,.T.);
#1482=ORIENTED_EDGE('',*,*,#1076,.T.);
#1483=ORIENTED_EDGE('',*,*,#1077,.T.);
#1484=ORIENTED_EDGE('',*,*,#1073,.F.);
#1485=ORIENTED_EDGE('',*,*,#1078,.T.);
#1486=ORIENTED_EDGE('',*,*,#893,.T.);
#1487=ORIENTED_EDGE('',*,*,#974,.F.);
#1488=ORIENTED_EDGE('',*,*,#1069,.F.);
#1489=ORIENTED_EDGE('',*,*,#946,.F.);
#1490=ORIENTED_EDGE('',*,*,#887,.T.);
#1491=ORIENTED_EDGE('',*,*,#1079,.F.);
#1492=ORIENTED_EDGE('',*,*,#1070,.F.);
#1493=ORIENTED_EDGE('',*,*,#1079,.T.);
#1494=ORIENTED_EDGE('',*,*,#886,.T.);
#1495=ORIENTED_EDGE('',*,*,#1080,.F.);
#1496=ORIENTED_EDGE('',*,*,#1071,.F.);
#1497=ORIENTED_EDGE('',*,*,#1080,.T.);
#1498=ORIENTED_EDGE('',*,*,#885,.T.);
#1499=ORIENTED_EDGE('',*,*,#904,.T.);
#1500=ORIENTED_EDGE('',*,*,#878,.F.);
#1501=ORIENTED_EDGE('',*,*,#899,.F.);
#1502=ORIENTED_EDGE('',*,*,#895,.T.);
#1503=ORIENTED_EDGE('',*,*,#1081,.F.);
#1504=ORIENTED_EDGE('',*,*,#1082,.T.);
#1505=ORIENTED_EDGE('',*,*,#1083,.T.);
#1506=ORIENTED_EDGE('',*,*,#1084,.T.);
#1507=ORIENTED_EDGE('',*,*,#1085,.T.);
#1508=ORIENTED_EDGE('',*,*,#1086,.T.);
#1509=ORIENTED_EDGE('',*,*,#1087,.T.);
#1510=ORIENTED_EDGE('',*,*,#1088,.T.);
#1511=ORIENTED_EDGE('',*,*,#1089,.T.);
#1512=ORIENTED_EDGE('',*,*,#1090,.T.);
#1513=ORIENTED_EDGE('',*,*,#1091,.T.);
#1514=ORIENTED_EDGE('',*,*,#1072,.F.);
#1515=ORIENTED_EDGE('',*,*,#1081,.T.);
#1516=ORIENTED_EDGE('',*,*,#894,.T.);
#1517=ORIENTED_EDGE('',*,*,#1078,.F.);
#1518=ORIENTED_EDGE('',*,*,#1092,.T.);
#1519=ORIENTED_EDGE('',*,*,#1093,.T.);
#1520=ORIENTED_EDGE('',*,*,#1030,.F.);
#1521=ORIENTED_EDGE('',*,*,#1094,.F.);
#1522=ORIENTED_EDGE('',*,*,#1095,.T.);
#1523=ORIENTED_EDGE('',*,*,#1094,.T.);
#1524=ORIENTED_EDGE('',*,*,#1029,.F.);
#1525=ORIENTED_EDGE('',*,*,#1096,.F.);
#1526=ORIENTED_EDGE('',*,*,#1097,.T.);
#1527=ORIENTED_EDGE('',*,*,#1096,.T.);
#1528=ORIENTED_EDGE('',*,*,#1028,.F.);
#1529=ORIENTED_EDGE('',*,*,#1098,.F.);
#1530=ORIENTED_EDGE('',*,*,#1099,.T.);
#1531=ORIENTED_EDGE('',*,*,#1098,.T.);
#1532=ORIENTED_EDGE('',*,*,#1033,.F.);
#1533=ORIENTED_EDGE('',*,*,#1100,.F.);
#1534=ORIENTED_EDGE('',*,*,#1101,.T.);
#1535=ORIENTED_EDGE('',*,*,#1100,.T.);
#1536=ORIENTED_EDGE('',*,*,#1032,.F.);
#1537=ORIENTED_EDGE('',*,*,#1102,.F.);
#1538=ORIENTED_EDGE('',*,*,#1103,.T.);
#1539=ORIENTED_EDGE('',*,*,#1102,.T.);
#1540=ORIENTED_EDGE('',*,*,#1031,.F.);
#1541=ORIENTED_EDGE('',*,*,#1093,.F.);
#1542=ORIENTED_EDGE('',*,*,#1104,.F.);
#1543=ORIENTED_EDGE('',*,*,#1105,.F.);
#1544=ORIENTED_EDGE('',*,*,#1106,.F.);
#1545=ORIENTED_EDGE('',*,*,#1107,.F.);
#1546=ORIENTED_EDGE('',*,*,#1108,.F.);
#1547=ORIENTED_EDGE('',*,*,#1109,.F.);
#1548=ORIENTED_EDGE('',*,*,#1110,.F.);
#1549=ORIENTED_EDGE('',*,*,#1111,.F.);
#1550=ORIENTED_EDGE('',*,*,#1099,.F.);
#1551=ORIENTED_EDGE('',*,*,#1101,.F.);
#1552=ORIENTED_EDGE('',*,*,#1103,.F.);
#1553=ORIENTED_EDGE('',*,*,#1092,.F.);
#1554=ORIENTED_EDGE('',*,*,#1095,.F.);
#1555=ORIENTED_EDGE('',*,*,#1097,.F.);
#1556=ORIENTED_EDGE('',*,*,#1085,.F.);
#1557=ORIENTED_EDGE('',*,*,#1112,.T.);
#1558=ORIENTED_EDGE('',*,*,#1104,.T.);
#1559=ORIENTED_EDGE('',*,*,#1113,.F.);
#1560=ORIENTED_EDGE('',*,*,#1086,.F.);
#1561=ORIENTED_EDGE('',*,*,#1113,.T.);
#1562=ORIENTED_EDGE('',*,*,#1111,.T.);
#1563=ORIENTED_EDGE('',*,*,#1114,.F.);
#1564=ORIENTED_EDGE('',*,*,#1087,.F.);
#1565=ORIENTED_EDGE('',*,*,#1114,.T.);
#1566=ORIENTED_EDGE('',*,*,#1110,.T.);
#1567=ORIENTED_EDGE('',*,*,#1115,.F.);
#1568=ORIENTED_EDGE('',*,*,#1088,.F.);
#1569=ORIENTED_EDGE('',*,*,#1115,.T.);
#1570=ORIENTED_EDGE('',*,*,#1109,.T.);
#1571=ORIENTED_EDGE('',*,*,#1116,.F.);
#1572=ORIENTED_EDGE('',*,*,#1089,.F.);
#1573=ORIENTED_EDGE('',*,*,#1116,.T.);
#1574=ORIENTED_EDGE('',*,*,#1108,.T.);
#1575=ORIENTED_EDGE('',*,*,#1117,.F.);
#1576=ORIENTED_EDGE('',*,*,#1090,.F.);
#1577=ORIENTED_EDGE('',*,*,#1117,.T.);
#1578=ORIENTED_EDGE('',*,*,#1107,.T.);
#1579=ORIENTED_EDGE('',*,*,#1118,.F.);
#1580=ORIENTED_EDGE('',*,*,#1091,.F.);
#1581=ORIENTED_EDGE('',*,*,#1118,.T.);
#1582=ORIENTED_EDGE('',*,*,#1106,.T.);
#1583=ORIENTED_EDGE('',*,*,#1119,.F.);
#1584=ORIENTED_EDGE('',*,*,#1084,.F.);
#1585=ORIENTED_EDGE('',*,*,#1119,.T.);
#1586=ORIENTED_EDGE('',*,*,#1105,.T.);
#1587=ORIENTED_EDGE('',*,*,#1112,.F.);
#1588=ORIENTED_EDGE('',*,*,#1120,.T.);
#1589=ORIENTED_EDGE('',*,*,#1026,.T.);
#1590=ORIENTED_EDGE('',*,*,#994,.F.);
#1591=ORIENTED_EDGE('',*,*,#1003,.T.);
#1592=ORIENTED_EDGE('',*,*,#1067,.T.);
#1593=ORIENTED_EDGE('',*,*,#1024,.T.);
#1594=ORIENTED_EDGE('',*,*,#1083,.F.);
#1595=ORIENTED_EDGE('',*,*,#1121,.T.);
#1596=ORIENTED_EDGE('',*,*,#1027,.F.);
#1597=ORIENTED_EDGE('',*,*,#1121,.F.);
#1598=ORIENTED_EDGE('',*,*,#1082,.F.);
#1599=ORIENTED_EDGE('',*,*,#1122,.T.);
#1600=ORIENTED_EDGE('',*,*,#1022,.F.);
#1601=ORIENTED_EDGE('',*,*,#1120,.F.);
#1602=ORIENTED_EDGE('',*,*,#1023,.F.);
#1603=ORIENTED_EDGE('',*,*,#1122,.F.);
#1604=ORIENTED_EDGE('',*,*,#1123,.F.);
#1605=ORIENTED_EDGE('',*,*,#1077,.F.);
#1606=ORIENTED_EDGE('',*,*,#1124,.T.);
#1607=ORIENTED_EDGE('',*,*,#1123,.T.);
#1608=ORIENTED_EDGE('',*,*,#1124,.F.);
#1609=ORIENTED_EDGE('',*,*,#1125,.F.);
#1610=ORIENTED_EDGE('',*,*,#1076,.F.);
#1611=ORIENTED_EDGE('',*,*,#1126,.T.);
#1612=ORIENTED_EDGE('',*,*,#1125,.T.);
#1613=ORIENTED_EDGE('',*,*,#1126,.F.);
#1614=ORIENTED_EDGE('',*,*,#1127,.F.);
#1615=ORIENTED_EDGE('',*,*,#1075,.F.);
#1616=ORIENTED_EDGE('',*,*,#1128,.T.);
#1617=ORIENTED_EDGE('',*,*,#1127,.T.);
#1618=ORIENTED_EDGE('',*,*,#1128,.F.);
#1619=ORIENTED_EDGE('',*,*,#1129,.F.);
#1620=ORIENTED_EDGE('',*,*,#1074,.F.);
#1621=ORIENTED_EDGE('',*,*,#1130,.T.);
#1622=ORIENTED_EDGE('',*,*,#1129,.T.);
#1623=ORIENTED_EDGE('',*,*,#1130,.F.);
#1624=ORIENTED_EDGE('',*,*,#990,.F.);
#1625=ORIENTED_EDGE('',*,*,#906,.T.);
#1626=ORIENTED_EDGE('',*,*,#896,.T.);
#1627=ORIENTED_EDGE('',*,*,#1006,.F.);
#1628=ORIENTED_EDGE('',*,*,#1131,.T.);
#1629=ORIENTED_EDGE('',*,*,#992,.F.);
#1630=ORIENTED_EDGE('',*,*,#1131,.F.);
#1631=ORIENTED_EDGE('',*,*,#1009,.F.);
#1632=ORIENTED_EDGE('',*,*,#1068,.F.);
#1633=ORIENTED_EDGE('',*,*,#1012,.F.);
#1634=ORIENTED_EDGE('',*,*,#1016,.F.);
#1635=ORIENTED_EDGE('',*,*,#1014,.F.);
#1636=ORIENTED_EDGE('',*,*,#1065,.F.);
#1637=ORIENTED_EDGE('',*,*,#1064,.T.);
#1638=ORIENTED_EDGE('',*,*,#1061,.F.);
#1639=ORIENTED_EDGE('',*,*,#1004,.T.);
#1640=PLANE('',#1799);
#1641=PLANE('',#1800);
#1642=PLANE('',#1803);
#1643=PLANE('',#1804);
#1644=PLANE('',#1805);
#1645=PLANE('',#1806);
#1646=PLANE('',#1807);
#1647=PLANE('',#1812);
#1648=PLANE('',#1813);
#1649=PLANE('',#1818);
#1650=PLANE('',#1825);
#1651=PLANE('',#1826);
#1652=PLANE('',#1827);
#1653=PLANE('',#1828);
#1654=PLANE('',#1841);
#1655=PLANE('',#1842);
#1656=PLANE('',#1843);
#1657=PLANE('',#1844);
#1658=PLANE('',#1845);
#1659=PLANE('',#1849);
#1660=PLANE('',#1853);
#1661=PLANE('',#1856);
#1662=PLANE('',#1858);
#1663=PLANE('',#1859);
#1664=PLANE('',#1869);
#1665=PLANE('',#1875);
#1666=PLANE('',#1885);
#1667=PLANE('',#1891);
#1668=PLANE('',#1893);
#1669=PLANE('',#1895);
#1670=PLANE('',#1899);
#1671=PLANE('',#1903);
#1672=PLANE('',#1911);
#1673=PLANE('',#1914);
#1674=PLANE('',#1915);
#1675=PLANE('',#1921);
#1676=PLANE('',#1922);
#1677=PLANE('',#1923);
#1678=PLANE('',#1924);
#1679=PLANE('',#1931);
#1680=PLANE('',#1936);
#1681=PLANE('',#1939);
#1682=PLANE('',#1942);
#1683=PLANE('',#1948);
#1684=PLANE('',#1950);
#1685=PLANE('',#1952);
#1686=PLANE('',#1954);
#1687=PLANE('',#1958);
#1688=PLANE('',#1961);
#1689=PLANE('',#1964);
#1690=PLANE('',#1967);
#1691=PLANE('',#1971);
#1692=ADVANCED_FACE('',(#163),#1640,.F.);
#1693=ADVANCED_FACE('',(#164),#1641,.T.);
#1694=ADVANCED_FACE('',(#165),#1642,.F.);
#1695=ADVANCED_FACE('',(#166),#1643,.F.);
#1696=ADVANCED_FACE('',(#167),#1644,.F.);
#1697=ADVANCED_FACE('',(#168),#1645,.F.);
#1698=ADVANCED_FACE('',(#169),#1646,.T.);
#1699=ADVANCED_FACE('',(#170),#45,.F.);
#1700=ADVANCED_FACE('',(#171),#1647,.F.);
#1701=ADVANCED_FACE('',(#172),#1648,.F.);
#1702=ADVANCED_FACE('',(#173),#46,.T.);
#1703=ADVANCED_FACE('',(#174),#1649,.F.);
#1704=ADVANCED_FACE('',(#175),#47,.F.);
#1705=ADVANCED_FACE('',(#176),#48,.T.);
#1706=ADVANCED_FACE('',(#177),#1650,.F.);
#1707=ADVANCED_FACE('',(#178),#1651,.F.);
#1708=ADVANCED_FACE('',(#179),#1652,.F.);
#1709=ADVANCED_FACE('',(#180,#22,#23,#24,#25),#1653,.T.);
#1710=ADVANCED_FACE('',(#181),#1654,.F.);
#1711=ADVANCED_FACE('',(#182),#1655,.F.);
#1712=ADVANCED_FACE('',(#183),#1656,.F.);
#1713=ADVANCED_FACE('',(#184),#1657,.T.);
#1714=ADVANCED_FACE('',(#185),#1658,.T.);
#1715=ADVANCED_FACE('',(#186),#20,.T.);
#1716=ADVANCED_FACE('',(#187),#1659,.T.);
#1717=ADVANCED_FACE('',(#188),#21,.T.);
#1718=ADVANCED_FACE('',(#189),#1660,.T.);
#1719=ADVANCED_FACE('',(#190),#49,.T.);
#1720=ADVANCED_FACE('',(#191),#1661,.T.);
#1721=ADVANCED_FACE('',(#192),#1662,.T.);
#1722=ADVANCED_FACE('',(#193),#1663,.T.);
#1723=ADVANCED_FACE('',(#194),#50,.T.);
#1724=ADVANCED_FACE('',(#195),#51,.T.);
#1725=ADVANCED_FACE('',(#196),#52,.T.);
#1726=ADVANCED_FACE('',(#197,#26,#27,#28,#29,#30,#31,#32),#1664,.F.);
#1727=ADVANCED_FACE('',(#198,#33,#34),#1665,.T.);
#1728=ADVANCED_FACE('',(#199),#53,.F.);
#1729=ADVANCED_FACE('',(#200,#35),#1666,.T.);
#1730=ADVANCED_FACE('',(#201),#54,.F.);
#1731=ADVANCED_FACE('',(#202),#1667,.F.);
#1732=ADVANCED_FACE('',(#203),#55,.F.);
#1733=ADVANCED_FACE('',(#204),#1668,.F.);
#1734=ADVANCED_FACE('',(#205),#56,.F.);
#1735=ADVANCED_FACE('',(#206),#1669,.F.);
#1736=ADVANCED_FACE('',(#207),#57,.F.);
#1737=ADVANCED_FACE('',(#208),#58,.F.);
#1738=ADVANCED_FACE('',(#209),#1670,.F.);
#1739=ADVANCED_FACE('',(#210),#59,.F.);
#1740=ADVANCED_FACE('',(#211),#60,.F.);
#1741=ADVANCED_FACE('',(#212),#1671,.F.);
#1742=ADVANCED_FACE('',(#213),#61,.F.);
#1743=ADVANCED_FACE('',(#214),#62,.F.);
#1744=ADVANCED_FACE('',(#215),#63,.F.);
#1745=ADVANCED_FACE('',(#216),#64,.F.);
#1746=ADVANCED_FACE('',(#217),#65,.F.);
#1747=ADVANCED_FACE('',(#218),#66,.F.);
#1748=ADVANCED_FACE('',(#219),#1672,.F.);
#1749=ADVANCED_FACE('',(#220),#14,.F.);
#1750=ADVANCED_FACE('',(#221),#1673,.F.);
#1751=ADVANCED_FACE('',(#222,#36,#37,#38,#39,#40),#1674,.T.);
#1752=ADVANCED_FACE('',(#223),#1675,.F.);
#1753=ADVANCED_FACE('',(#224),#1676,.F.);
#1754=ADVANCED_FACE('',(#225),#1677,.F.);
#1755=ADVANCED_FACE('',(#226,#41,#42,#43),#1678,.F.);
#1756=ADVANCED_FACE('',(#227),#1679,.F.);
#1757=ADVANCED_FACE('',(#228),#67,.F.);
#1758=ADVANCED_FACE('',(#229),#68,.T.);
#1759=ADVANCED_FACE('',(#230),#1680,.F.);
#1760=ADVANCED_FACE('',(#231),#69,.F.);
#1761=ADVANCED_FACE('',(#232),#1681,.F.);
#1762=ADVANCED_FACE('',(#233),#70,.T.);
#1763=ADVANCED_FACE('',(#234,#44),#1682,.T.);
#1764=ADVANCED_FACE('',(#235),#71,.F.);
#1765=ADVANCED_FACE('',(#236),#1683,.F.);
#1766=ADVANCED_FACE('',(#237),#72,.F.);
#1767=ADVANCED_FACE('',(#238),#1684,.F.);
#1768=ADVANCED_FACE('',(#239),#73,.F.);
#1769=ADVANCED_FACE('',(#240),#1685,.F.);
#1770=ADVANCED_FACE('',(#241),#74,.F.);
#1771=ADVANCED_FACE('',(#242),#1686,.F.);
#1772=ADVANCED_FACE('',(#243),#75,.T.);
#1773=ADVANCED_FACE('',(#244),#76,.F.);
#1774=ADVANCED_FACE('',(#245),#77,.F.);
#1775=ADVANCED_FACE('',(#246),#1687,.T.);
#1776=ADVANCED_FACE('',(#247),#78,.F.);
#1777=ADVANCED_FACE('',(#248),#1688,.T.);
#1778=ADVANCED_FACE('',(#249),#79,.F.);
#1779=ADVANCED_FACE('',(#250),#1689,.T.);
#1780=ADVANCED_FACE('',(#251),#80,.F.);
#1781=ADVANCED_FACE('',(#252),#1690,.T.);
#1782=ADVANCED_FACE('',(#253),#81,.F.);
#1783=ADVANCED_FACE('',(#254),#82,.T.);
#1784=ADVANCED_FACE('',(#255),#1691,.T.);
#1785=CLOSED_SHELL('',(#1692,#1693,#1694,#1695,#1696,#1697,#1698,#1699,
#1700,#1701,#1702,#1703,#1704,#1705,#1706,#1707,#1708,#1709,#1710,#1711,
#1712,#1713,#1714,#1715,#1716,#1717,#1718,#1719,#1720,#1721,#1722,#1723,
#1724,#1725,#1726,#1727,#1728,#1729,#1730,#1731,#1732,#1733,#1734,#1735,
#1736,#1737,#1738,#1739,#1740,#1741,#1742,#1743,#1744,#1745,#1746,#1747,
#1748,#1749,#1750,#1751,#1752,#1753,#1754,#1755,#1756,#1757,#1758,#1759,
#1760,#1761,#1762,#1763,#1764,#1765,#1766,#1767,#1768,#1769,#1770,#1771,
#1772,#1773,#1774,#1775,#1776,#1777,#1778,#1779,#1780,#1781,#1782,#1783,
#1784));
#1786=DERIVED_UNIT_ELEMENT(#1788,1.);
#1787=DERIVED_UNIT_ELEMENT(#3040,-3.);
#1788=(
MASS_UNIT()
NAMED_UNIT(*)
SI_UNIT(.KILO.,.GRAM.)
);
#1789=DERIVED_UNIT((#1786,#1787));
#1790=MEASURE_REPRESENTATION_ITEM('density measure',
POSITIVE_RATIO_MEASURE(7850.),#1789);
#1791=PROPERTY_DEFINITION_REPRESENTATION(#1796,#1793);
#1792=PROPERTY_DEFINITION_REPRESENTATION(#1797,#1794);
#1793=REPRESENTATION('material name',(#1795),#3037);
#1794=REPRESENTATION('density',(#1790),#3037);
#1795=DESCRIPTIVE_REPRESENTATION_ITEM('Steel','Steel');
#1796=PROPERTY_DEFINITION('material property','material name',#3047);
#1797=PROPERTY_DEFINITION('material property','density of part',#3047);
#1798=AXIS2_PLACEMENT_3D('',#2491,#1972,#1973);
#1799=AXIS2_PLACEMENT_3D('',#2492,#1974,#1975);
#1800=AXIS2_PLACEMENT_3D('',#2501,#1980,#1981);
#1801=AXIS2_PLACEMENT_3D('',#2518,#1989,#1990);
#1802=AXIS2_PLACEMENT_3D('',#2522,#1992,#1993);
#1803=AXIS2_PLACEMENT_3D('',#2530,#1998,#1999);
#1804=AXIS2_PLACEMENT_3D('',#2537,#2004,#2005);
#1805=AXIS2_PLACEMENT_3D('',#2543,#2009,#2010);
#1806=AXIS2_PLACEMENT_3D('',#2547,#2014,#2015);
#1807=AXIS2_PLACEMENT_3D('',#2548,#2016,#2017);
#1808=AXIS2_PLACEMENT_3D('',#2554,#2021,#2022);
#1809=AXIS2_PLACEMENT_3D('',#2559,#2024,#2025);
#1810=AXIS2_PLACEMENT_3D('',#2563,#2027,#2028);
#1811=AXIS2_PLACEMENT_3D('',#2568,#2031,#2032);
#1812=AXIS2_PLACEMENT_3D('',#2569,#2033,#2034);
#1813=AXIS2_PLACEMENT_3D('',#2575,#2038,#2039);
#1814=AXIS2_PLACEMENT_3D('',#2581,#2043,#2044);
#1815=AXIS2_PLACEMENT_3D('',#2586,#2046,#2047);
#1816=AXIS2_PLACEMENT_3D('',#2588,#2049,#2050);
#1817=AXIS2_PLACEMENT_3D('',#2589,#2051,#2052);
#1818=AXIS2_PLACEMENT_3D('',#2590,#2053,#2054);
#1819=AXIS2_PLACEMENT_3D('',#2599,#2059,#2060);
#1820=AXIS2_PLACEMENT_3D('',#2604,#2062,#2063);
#1821=AXIS2_PLACEMENT_3D('',#2606,#2065,#2066);
#1822=AXIS2_PLACEMENT_3D('',#2607,#2067,#2068);
#1823=AXIS2_PLACEMENT_3D('',#2611,#2070,#2071);
#1824=AXIS2_PLACEMENT_3D('',#2614,#2073,#2074);
#1825=AXIS2_PLACEMENT_3D('',#2615,#2075,#2076);
#1826=AXIS2_PLACEMENT_3D('',#2618,#2079,#2080);
#1827=AXIS2_PLACEMENT_3D('',#2624,#2084,#2085);
#1828=AXIS2_PLACEMENT_3D('',#2631,#2090,#2091);
#1829=AXIS2_PLACEMENT_3D('',#2635,#2093,#2094);
#1830=AXIS2_PLACEMENT_3D('',#2639,#2096,#2097);
#1831=AXIS2_PLACEMENT_3D('',#2643,#2099,#2100);
#1832=AXIS2_PLACEMENT_3D('',#2647,#2102,#2103);
#1833=AXIS2_PLACEMENT_3D('',#2650,#2105,#2106);
#1834=AXIS2_PLACEMENT_3D('',#2654,#2108,#2109);
#1835=AXIS2_PLACEMENT_3D('',#2659,#2112,#2113);
#1836=AXIS2_PLACEMENT_3D('',#2662,#2115,#2116);
#1837=AXIS2_PLACEMENT_3D('',#2664,#2117,#2118);
#1838=AXIS2_PLACEMENT_3D('',#2666,#2119,#2120);
#1839=AXIS2_PLACEMENT_3D('',#2668,#2121,#2122);
#1840=AXIS2_PLACEMENT_3D('',#2670,#2123,#2124);
#1841=AXIS2_PLACEMENT_3D('',#2671,#2125,#2126);
#1842=AXIS2_PLACEMENT_3D('',#2675,#2129,#2130);
#1843=AXIS2_PLACEMENT_3D('',#2679,#2133,#2134);
#1844=AXIS2_PLACEMENT_3D('',#2684,#2138,#2139);
#1845=AXIS2_PLACEMENT_3D('',#2693,#2144,#2145);
#1846=AXIS2_PLACEMENT_3D('',#2699,#2149,#2150);
#1847=AXIS2_PLACEMENT_3D('',#2702,#2152,#2153);
#1848=AXIS2_PLACEMENT_3D('',#2703,#2154,#2155);
#1849=AXIS2_PLACEMENT_3D('',#2704,#2156,#2157);
#1850=AXIS2_PLACEMENT_3D('',#2708,#2160,#2161);
#1851=AXIS2_PLACEMENT_3D('',#2712,#2163,#2164);
#1852=AXIS2_PLACEMENT_3D('',#2713,#2165,#2166);
#1853=AXIS2_PLACEMENT_3D('',#2714,#2167,#2168);
#1854=AXIS2_PLACEMENT_3D('',#2717,#2171,#2172);
#1855=AXIS2_PLACEMENT_3D('',#2720,#2174,#2175);
#1856=AXIS2_PLACEMENT_3D('',#2721,#2176,#2177);
#1857=AXIS2_PLACEMENT_3D('',#2725,#2179,#2180);
#1858=AXIS2_PLACEMENT_3D('',#2748,#2187,#2188);
#1859=AXIS2_PLACEMENT_3D('',#2752,#2191,#2192);
#1860=AXIS2_PLACEMENT_3D('',#2753,#2193,#2194);
#1861=AXIS2_PLACEMENT_3D('',#2755,#2195,#2196);
#1862=AXIS2_PLACEMENT_3D('',#2759,#2198,#2199);
#1863=AXIS2_PLACEMENT_3D('',#2761,#2201,#2202);
#1864=AXIS2_PLACEMENT_3D('',#2763,#2203,#2204);
#1865=AXIS2_PLACEMENT_3D('',#2765,#2205,#2206);
#1866=AXIS2_PLACEMENT_3D('',#2767,#2208,#2209);
#1867=AXIS2_PLACEMENT_3D('',#2769,#2210,#2211);
#1868=AXIS2_PLACEMENT_3D('',#2772,#2213,#2214);
#1869=AXIS2_PLACEMENT_3D('',#2773,#2215,#2216);
#1870=AXIS2_PLACEMENT_3D('',#2776,#2218,#2219);
#1871=AXIS2_PLACEMENT_3D('',#2778,#2220,#2221);
#1872=AXIS2_PLACEMENT_3D('',#2780,#2222,#2223);
#1873=AXIS2_PLACEMENT_3D('',#2782,#2224,#2225);
#1874=AXIS2_PLACEMENT_3D('',#2784,#2226,#2227);
#1875=AXIS2_PLACEMENT_3D('',#2785,#2228,#2229);
#1876=AXIS2_PLACEMENT_3D('',#2788,#2230,#2231);
#1877=AXIS2_PLACEMENT_3D('',#2790,#2232,#2233);
#1878=AXIS2_PLACEMENT_3D('',#2796,#2237,#2238);
#1879=AXIS2_PLACEMENT_3D('',#2801,#2240,#2241);
#1880=AXIS2_PLACEMENT_3D('',#2803,#2242,#2243);
#1881=AXIS2_PLACEMENT_3D('',#2805,#2244,#2245);
#1882=AXIS2_PLACEMENT_3D('',#2808,#2247,#2248);
#1883=AXIS2_PLACEMENT_3D('',#2809,#2249,#2250);
#1884=AXIS2_PLACEMENT_3D('',#2811,#2251,#2252);
#1885=AXIS2_PLACEMENT_3D('',#2813,#2254,#2255);
#1886=AXIS2_PLACEMENT_3D('',#2818,#2257,#2258);
#1887=AXIS2_PLACEMENT_3D('',#2821,#2260,#2261);
#1888=AXIS2_PLACEMENT_3D('',#2823,#2262,#2263);
#1889=AXIS2_PLACEMENT_3D('',#2826,#2265,#2266);
#1890=AXIS2_PLACEMENT_3D('',#2827,#2267,#2268);
#1891=AXIS2_PLACEMENT_3D('',#2829,#2270,#2271);
#1892=AXIS2_PLACEMENT_3D('',#2831,#2273,#2274);
#1893=AXIS2_PLACEMENT_3D('',#2833,#2276,#2277);
#1894=AXIS2_PLACEMENT_3D('',#2835,#2279,#2280);
#1895=AXIS2_PLACEMENT_3D('',#2837,#2282,#2283);
#1896=AXIS2_PLACEMENT_3D('',#2839,#2285,#2286);
#1897=AXIS2_PLACEMENT_3D('',#2840,#2287,#2288);
#1898=AXIS2_PLACEMENT_3D('',#2843,#2289,#2290);
#1899=AXIS2_PLACEMENT_3D('',#2846,#2293,#2294);
#1900=AXIS2_PLACEMENT_3D('',#2850,#2297,#2298);
#1901=AXIS2_PLACEMENT_3D('',#2851,#2299,#2300);
#1902=AXIS2_PLACEMENT_3D('',#2852,#2301,#2302);
#1903=AXIS2_PLACEMENT_3D('',#2854,#2304,#2305);
#1904=AXIS2_PLACEMENT_3D('',#2856,#2307,#2308);
#1905=AXIS2_PLACEMENT_3D('',#2857,#2309,#2310);
#1906=AXIS2_PLACEMENT_3D('',#2859,#2312,#2313);
#1907=AXIS2_PLACEMENT_3D('',#2861,#2315,#2316);
#1908=AXIS2_PLACEMENT_3D('',#2863,#2318,#2319);
#1909=AXIS2_PLACEMENT_3D('',#2865,#2321,#2322);
#1910=AXIS2_PLACEMENT_3D('',#2867,#2323,#2324);
#1911=AXIS2_PLACEMENT_3D('',#2869,#2326,#2327);
#1912=AXIS2_PLACEMENT_3D('',#2871,#2328,#2329);
#1913=AXIS2_PLACEMENT_3D('',#2873,#2331,#2332);
#1914=AXIS2_PLACEMENT_3D('',#2884,#2333,#2334);
#1915=AXIS2_PLACEMENT_3D('',#2886,#2336,#2337);
#1916=AXIS2_PLACEMENT_3D('',#2887,#2338,#2339);
#1917=AXIS2_PLACEMENT_3D('',#2899,#2346,#2347);
#1918=AXIS2_PLACEMENT_3D('',#2901,#2348,#2349);
#1919=AXIS2_PLACEMENT_3D('',#2903,#2350,#2351);
#1920=AXIS2_PLACEMENT_3D('',#2905,#2352,#2353);
#1921=AXIS2_PLACEMENT_3D('',#2906,#2354,#2355);
#1922=AXIS2_PLACEMENT_3D('',#2908,#2357,#2358);
#1923=AXIS2_PLACEMENT_3D('',#2910,#2360,#2361);
#1924=AXIS2_PLACEMENT_3D('',#2912,#2363,#2364);
#1925=AXIS2_PLACEMENT_3D('',#2915,#2366,#2367);
#1926=AXIS2_PLACEMENT_3D('',#2917,#2368,#2369);
#1927=AXIS2_PLACEMENT_3D('',#2922,#2371,#2372);
#1928=AXIS2_PLACEMENT_3D('',#2926,#2374,#2375);
#1929=AXIS2_PLACEMENT_3D('',#2930,#2377,#2378);
#1930=AXIS2_PLACEMENT_3D('',#2933,#2380,#2381);
#1931=AXIS2_PLACEMENT_3D('',#2934,#2382,#2383);
#1932=AXIS2_PLACEMENT_3D('',#2935,#2384,#2385);
#1933=AXIS2_PLACEMENT_3D('',#2938,#2386,#2387);
#1934=AXIS2_PLACEMENT_3D('',#2941,#2390,#2391);
#1935=AXIS2_PLACEMENT_3D('',#2943,#2392,#2393);
#1936=AXIS2_PLACEMENT_3D('',#2945,#2395,#2396);
#1937=AXIS2_PLACEMENT_3D('',#2949,#2399,#2400);
#1938=AXIS2_PLACEMENT_3D('',#2951,#2401,#2402);
#1939=AXIS2_PLACEMENT_3D('',#2953,#2404,#2405);
#1940=AXIS2_PLACEMENT_3D('',#2957,#2408,#2409);
#1941=AXIS2_PLACEMENT_3D('',#2958,#2410,#2411);
#1942=AXIS2_PLACEMENT_3D('',#2959,#2412,#2413);
#1943=AXIS2_PLACEMENT_3D('',#2962,#2414,#2415);
#1944=AXIS2_PLACEMENT_3D('',#2966,#2417,#2418);
#1945=AXIS2_PLACEMENT_3D('',#2970,#2420,#2421);
#1946=AXIS2_PLACEMENT_3D('',#2974,#2423,#2424);
#1947=AXIS2_PLACEMENT_3D('',#2976,#2426,#2427);
#1948=AXIS2_PLACEMENT_3D('',#2979,#2430,#2431);
#1949=AXIS2_PLACEMENT_3D('',#2981,#2433,#2434);
#1950=AXIS2_PLACEMENT_3D('',#2983,#2436,#2437);
#1951=AXIS2_PLACEMENT_3D('',#2985,#2439,#2440);
#1952=AXIS2_PLACEMENT_3D('',#2987,#2442,#2443);
#1953=AXIS2_PLACEMENT_3D('',#2989,#2445,#2446);
#1954=AXIS2_PLACEMENT_3D('',#2991,#2448,#2449);
#1955=AXIS2_PLACEMENT_3D('',#2992,#2450,#2451);
#1956=AXIS2_PLACEMENT_3D('',#3008,#2452,#2453);
#1957=AXIS2_PLACEMENT_3D('',#3010,#2455,#2456);
#1958=AXIS2_PLACEMENT_3D('',#3012,#2458,#2459);
#1959=AXIS2_PLACEMENT_3D('',#3014,#2460,#2461);
#1960=AXIS2_PLACEMENT_3D('',#3015,#2462,#2463);
#1961=AXIS2_PLACEMENT_3D('',#3017,#2465,#2466);
#1962=AXIS2_PLACEMENT_3D('',#3019,#2467,#2468);
#1963=AXIS2_PLACEMENT_3D('',#3020,#2469,#2470);
#1964=AXIS2_PLACEMENT_3D('',#3022,#2472,#2473);
#1965=AXIS2_PLACEMENT_3D('',#3024,#2474,#2475);
#1966=AXIS2_PLACEMENT_3D('',#3025,#2476,#2477);
#1967=AXIS2_PLACEMENT_3D('',#3027,#2479,#2480);
#1968=AXIS2_PLACEMENT_3D('',#3029,#2481,#2482);
#1969=AXIS2_PLACEMENT_3D('',#3030,#2483,#2484);
#1970=AXIS2_PLACEMENT_3D('',#3032,#2486,#2487);
#1971=AXIS2_PLACEMENT_3D('',#3034,#2489,#2490);
#1972=DIRECTION('axis',(0.,0.,1.));
#1973=DIRECTION('refdir',(1.,0.,0.));
#1974=DIRECTION('center_axis',(1.,0.,0.));
#1975=DIRECTION('ref_axis',(0.,1.,0.));
#1976=DIRECTION('',(0.,-1.,3.05197167166436E-16));
#1977=DIRECTION('',(0.,0.,1.));
#1978=DIRECTION('',(0.,1.,9.2551687203013E-9));
#1979=DIRECTION('',(0.,0.,1.));
#1980=DIRECTION('center_axis',(1.,0.,0.));
#1981=DIRECTION('ref_axis',(0.,1.66533453693774E-16,-1.));
#1982=DIRECTION('',(0.,0.,1.));
#1983=DIRECTION('',(0.,1.,0.));
#1984=DIRECTION('',(0.,0.,-1.));
#1985=DIRECTION('',(0.,-1.,3.05197167166436E-16));
#1986=DIRECTION('',(0.,-1.86059529811064E-16,-1.));
#1987=DIRECTION('',(0.,1.,1.08633767045909E-15));
#1988=DIRECTION('',(0.,0.,1.));
#1989=DIRECTION('center_axis',(1.,0.,0.));
#1990=DIRECTION('ref_axis',(0.,4.44089209850061E-15,-1.));
#1991=DIRECTION('',(0.,1.,-7.74126747537715E-48));
#1992=DIRECTION('center_axis',(1.,0.,0.));
#1993=DIRECTION('ref_axis',(0.,-1.,-8.88178419700117E-15));
#1994=DIRECTION('',(0.,-2.82602219013891E-16,-1.));
#1995=DIRECTION('',(0.,1.,1.66533453693774E-16));
#1996=DIRECTION('',(0.,9.76303805864504E-18,1.));
#1997=DIRECTION('',(0.,-1.,3.05197167166436E-16));
#1998=DIRECTION('center_axis',(0.,-1.,0.));
#1999=DIRECTION('ref_axis',(1.,0.,0.));
#2000=DIRECTION('',(1.,0.,0.));
#2001=DIRECTION('',(0.,0.,1.));
#2002=DIRECTION('',(-1.,0.,0.));
#2003=DIRECTION('',(-1.,0.,0.));
#2004=DIRECTION('center_axis',(-1.,0.,0.));
#2005=DIRECTION('ref_axis',(0.,-1.,0.));
#2006=DIRECTION('',(0.,-1.,0.));
#2007=DIRECTION('',(0.,0.,1.));
#2008=DIRECTION('',(0.,-1.,0.));
#2009=DIRECTION('center_axis',(2.22044608233754E-16,1.,0.));
#2010=DIRECTION('ref_axis',(-1.,2.22044608233754E-16,0.));
#2011=DIRECTION('',(-1.,0.,0.));
#2012=DIRECTION('',(1.,-2.22044608233754E-16,6.77673854175227E-32));
#2013=DIRECTION('',(-1.,2.22044608233754E-16,0.));
#2014=DIRECTION('center_axis',(0.,0.,1.));
#2015=DIRECTION('ref_axis',(1.,0.,0.));
#2016=DIRECTION('center_axis',(0.,0.,-1.));
#2017=DIRECTION('ref_axis',(0.,-1.,0.));
#2018=DIRECTION('',(1.,0.,0.));
#2019=DIRECTION('',(0.,-1.,0.));
#2020=DIRECTION('',(-1.,0.,0.));
#2021=DIRECTION('center_axis',(-1.,0.,0.));
#2022=DIRECTION('ref_axis',(0.,0.,-1.));
#2023=DIRECTION('',(-1.,0.,0.));
#2024=DIRECTION('center_axis',(-1.,0.,0.));
#2025=DIRECTION('ref_axis',(0.,0.,-1.));
#2026=DIRECTION('',(1.,0.,0.));
#2027=DIRECTION('center_axis',(1.,0.,0.));
#2028=DIRECTION('ref_axis',(0.,0.,-1.));
#2029=DIRECTION('',(1.,0.,0.));
#2030=DIRECTION('',(-1.,0.,0.));
#2031=DIRECTION('center_axis',(1.,3.38963670212153E-32,-1.27299705205834E-32));
#2032=DIRECTION('ref_axis',(0.,0.,-1.));
#2033=DIRECTION('center_axis',(0.,-1.,-8.54017711250119E-16));
#2034=DIRECTION('ref_axis',(0.,-8.54017711250119E-16,1.));
#2035=DIRECTION('',(-1.74317850223973E-32,1.87883896475026E-15,-1.));
#2036=DIRECTION('',(0.,8.54017711250119E-16,-1.));
#2037=DIRECTION('',(-1.,0.,0.));
#2038=DIRECTION('center_axis',(0.,0.,1.));
#2039=DIRECTION('ref_axis',(0.,1.,0.));
#2040=DIRECTION('',(0.,1.,0.));
#2041=DIRECTION('',(1.,0.,0.));
#2042=DIRECTION('',(0.,-1.,0.));
#2043=DIRECTION('center_axis',(-1.,0.,0.));
#2044=DIRECTION('ref_axis',(0.,0.,-1.));
#2045=DIRECTION('',(1.,0.,0.));
#2046=DIRECTION('center_axis',(-1.,-3.38963670212153E-32,1.27299705205834E-32));
#2047=DIRECTION('ref_axis',(0.,0.,-1.));
#2048=DIRECTION('',(1.,0.,0.));
#2049=DIRECTION('center_axis',(-1.,0.,0.));
#2050=DIRECTION('ref_axis',(0.,0.,-1.));
#2051=DIRECTION('center_axis',(1.,0.,0.));
#2052=DIRECTION('ref_axis',(0.,0.,-1.));
#2053=DIRECTION('center_axis',(0.,1.,-2.42230473440478E-16));
#2054=DIRECTION('ref_axis',(0.,-2.42230473440478E-16,-1.));
#2055=DIRECTION('',(1.27299705205834E-32,2.42230473440478E-16,1.));
#2056=DIRECTION('',(1.,0.,0.));
#2057=DIRECTION('',(0.,2.42230473440478E-16,1.));
#2058=DIRECTION('',(1.,0.,0.));
#2059=DIRECTION('center_axis',(-1.,0.,0.));
#2060=DIRECTION('ref_axis',(0.,0.,-1.));
#2061=DIRECTION('',(1.,0.,0.));
#2062=DIRECTION('center_axis',(-1.,0.,0.));
#2063=DIRECTION('ref_axis',(0.,0.,-1.));
#2064=DIRECTION('',(1.,0.,0.));
#2065=DIRECTION('center_axis',(1.,0.,0.));
#2066=DIRECTION('ref_axis',(0.,0.,-1.));
#2067=DIRECTION('center_axis',(-1.,0.,0.));
#2068=DIRECTION('ref_axis',(0.,0.,-1.));
#2069=DIRECTION('',(-1.,0.,0.));
#2070=DIRECTION('center_axis',(1.,0.,0.));
#2071=DIRECTION('ref_axis',(0.,0.,-1.));
#2072=DIRECTION('',(-1.,0.,0.));
#2073=DIRECTION('center_axis',(-1.,0.,0.));
#2074=DIRECTION('ref_axis',(0.,0.,-1.));
#2075=DIRECTION('center_axis',(0.,0.,1.));
#2076=DIRECTION('ref_axis',(0.,1.,0.));
#2077=DIRECTION('',(0.,1.,0.));
#2078=DIRECTION('',(0.,-1.,0.));
#2079=DIRECTION('center_axis',(0.,1.,0.));
#2080=DIRECTION('ref_axis',(-1.74317850223973E-32,0.,-1.));
#2081=DIRECTION('',(0.,0.,-1.));
#2082=DIRECTION('',(-1.,0.,0.));
#2083=DIRECTION('',(1.27299705205834E-32,0.,1.));
#2084=DIRECTION('center_axis',(0.,1.,0.));
#2085=DIRECTION('ref_axis',(-1.74317850223973E-32,0.,-1.));
#2086=DIRECTION('',(1.27299705205834E-32,0.,1.));
#2087=DIRECTION('',(-1.,0.,0.));
#2088=DIRECTION('',(1.,0.,0.));
#2089=DIRECTION('',(0.,0.,-1.));
#2090=DIRECTION('center_axis',(1.,3.38963670212153E-32,-1.27299705205834E-32));
#2091=DIRECTION('ref_axis',(-1.27299705205834E-32,2.89771690943922E-65,
-1.));
#2092=DIRECTION('',(1.27299705205835E-32,-1.87883896475026E-15,1.));
#2093=DIRECTION('center_axis',(1.,3.38963670212153E-32,-1.27299705205834E-32));
#2094=DIRECTION('ref_axis',(0.,-3.55271367880048E-14,-1.));
#2095=DIRECTION('',(-3.38963670212153E-32,1.,-8.14870277565535E-48));
#2096=DIRECTION('center_axis',(1.,3.38963670212153E-32,-1.27299705205834E-32));
#2097=DIRECTION('ref_axis',(0.,-1.,-1.72583102839007E-64));
#2098=DIRECTION('',(-1.27299705205834E-32,9.67886739416802E-16,-1.));
#2099=DIRECTION('center_axis',(1.,3.38963670212153E-32,-1.27299705205834E-32));
#2100=DIRECTION('ref_axis',(0.,3.55271367880048E-14,1.));
#2101=DIRECTION('',(3.38963670212153E-32,-1.,8.14870277565535E-48));
#2102=DIRECTION('center_axis',(1.,3.38963670212153E-32,-1.27299705205834E-32));
#2103=DIRECTION('ref_axis',(0.,1.,6.44590017768113E-64));
#2104=DIRECTION('',(1.27299705205835E-32,-1.87883896475026E-15,1.));
#2105=DIRECTION('center_axis',(1.,3.38963670212153E-32,-1.27299705205834E-32));
#2106=DIRECTION('ref_axis',(0.,1.,1.07431669628019E-64));
#2107=DIRECTION('',(3.38963670212153E-32,-1.,7.74126747537715E-48));
#2108=DIRECTION('center_axis',(1.,3.38963670212153E-32,-1.27299705205834E-32));
#2109=DIRECTION('ref_axis',(0.,-8.8817841970012E-15,1.));
#2110=DIRECTION('',(-1.27299705205834E-32,-2.82602219013891E-16,-1.));
#2111=DIRECTION('',(-1.27299705205834E-32,-2.82602219013891E-16,-1.));
#2112=DIRECTION('center_axis',(1.,3.38963670212153E-32,-1.27299705205834E-32));
#2113=DIRECTION('ref_axis',(0.,-1.,-8.88178419700117E-15));
#2114=DIRECTION('',(-3.38963670212153E-32,1.,-7.74126747537715E-48));
#2115=DIRECTION('center_axis',(1.,3.38963670212153E-32,-1.27299705205834E-32));
#2116=DIRECTION('ref_axis',(0.,4.44089209850061E-15,-1.));
#2117=DIRECTION('center_axis',(1.,3.38963670212153E-32,-1.27299705205834E-32));
#2118=DIRECTION('ref_axis',(0.,1.,1.07431669628019E-64));
#2119=DIRECTION('center_axis',(1.,3.38963670212153E-32,-1.27299705205834E-32));
#2120=DIRECTION('ref_axis',(0.,1.,7.52021687396132E-64));
#2121=DIRECTION('center_axis',(1.,3.38963670212153E-32,-1.27299705205834E-32));
#2122=DIRECTION('ref_axis',(0.,1.,1.07431669628019E-64));
#2123=DIRECTION('center_axis',(1.,3.38963670212153E-32,-1.27299705205834E-32));
#2124=DIRECTION('ref_axis',(0.,1.,7.52021687396132E-64));
#2125=DIRECTION('center_axis',(0.,1.,1.87883896475026E-15));
#2126=DIRECTION('ref_axis',(-1.74317850223973E-32,1.87883896475026E-15,
-1.));
#2127=DIRECTION('',(-1.,0.,0.));
#2128=DIRECTION('',(-1.74317850223973E-32,1.87883896475026E-15,-1.));
#2129=DIRECTION('center_axis',(0.,1.,1.87883896475026E-15));
#2130=DIRECTION('ref_axis',(-1.74317850223973E-32,1.87883896475026E-15,
-1.));
#2131=DIRECTION('',(-1.74317850223973E-32,1.87883896475026E-15,-1.));
#2132=DIRECTION('',(-1.,0.,0.));
#2133=DIRECTION('center_axis',(0.,-1.,2.82602219013891E-16));
#2134=DIRECTION('ref_axis',(1.74317850223973E-32,2.82602219013891E-16,1.));
#2135=DIRECTION('',(0.,2.82602219013891E-16,1.));
#2136=DIRECTION('',(-1.,0.,0.));
#2137=DIRECTION('',(-1.,0.,0.));
#2138=DIRECTION('center_axis',(-0.707106781186546,0.,0.707106781186549));
#2139=DIRECTION('ref_axis',(0.707106781186549,0.,0.707106781186546));
#2140=DIRECTION('',(0.,-1.,0.));
#2141=DIRECTION('',(0.577350269189626,-0.577350269189627,0.577350269189624));
#2142=DIRECTION('',(0.,1.,0.));
#2143=DIRECTION('',(-0.577350272751942,-0.577350262064994,-0.57735027275194));
#2144=DIRECTION('center_axis',(-0.707106781186549,0.707106781186546,1.30887856967265E-8));
#2145=DIRECTION('ref_axis',(1.85103382473055E-8,0.,1.));
#2146=DIRECTION('',(0.,1.85103382473056E-8,-1.));
#2147=DIRECTION('',(-0.707106781186546,-0.707106781186549,-1.30887868848049E-8));
#2148=DIRECTION('',(0.,-1.85103382473056E-8,1.));
#2149=DIRECTION('center_axis',(1.,0.,0.));
#2150=DIRECTION('ref_axis',(0.,0.70710678773094,-0.707106774642155));
#2151=DIRECTION('',(-0.707106781186549,0.,0.707106781186546));
#2152=DIRECTION('center_axis',(1.,0.,0.));
#2153=DIRECTION('ref_axis',(0.,0.70710678773094,-0.707106774642155));
#2154=DIRECTION('center_axis',(-1.,0.,0.));
#2155=DIRECTION('ref_axis',(0.,0.70710678773094,-0.707106774642155));
#2156=DIRECTION('center_axis',(-0.707106781186546,0.,-0.707106781186549));
#2157=DIRECTION('ref_axis',(-0.707106781186549,0.,0.707106781186546));
#2158=DIRECTION('',(-0.707106781186549,0.,0.707106781186546));
#2159=DIRECTION('',(0.,1.,0.));
#2160=DIRECTION('center_axis',(1.,0.,0.));
#2161=DIRECTION('ref_axis',(0.,-0.707106781186548,-0.707106781186548));
#2162=DIRECTION('',(-0.707106781186548,0.707106781186547,0.));
#2163=DIRECTION('center_axis',(1.,0.,0.));
#2164=DIRECTION('ref_axis',(0.,-0.707106781186548,-0.707106781186548));
#2165=DIRECTION('center_axis',(-1.,0.,0.));
#2166=DIRECTION('ref_axis',(0.,-0.707106781186547,-0.707106781186547));
#2167=DIRECTION('center_axis',(-0.707106781186548,-0.707106781186547,0.));
#2168=DIRECTION('ref_axis',(0.,0.,1.));
#2169=DIRECTION('',(0.,0.,-1.));
#2170=DIRECTION('',(0.,0.,1.));
#2171=DIRECTION('center_axis',(-1.,0.,0.));
#2172=DIRECTION('ref_axis',(0.,0.70710678773094,-0.707106774642155));
#2173=DIRECTION('',(1.,0.,0.));
#2174=DIRECTION('center_axis',(-1.,0.,0.));
#2175=DIRECTION('ref_axis',(0.,1.,1.85103381511453E-8));
#2176=DIRECTION('center_axis',(0.,1.,1.85103382473056E-8));
#2177=DIRECTION('ref_axis',(0.,-1.85103382473056E-8,1.));
#2178=DIRECTION('',(-1.,0.,0.));
#2179=DIRECTION('center_axis',(0.,1.,1.85103382473056E-8));
#2180=DIRECTION('ref_axis',(0.707106781186547,1.30887856967265E-8,-0.707106781186547));
#2181=DIRECTION('',(0.,-1.85103382473056E-8,1.));
#2182=DIRECTION('',(-1.,0.,0.));
#2183=DIRECTION('',(0.,1.85103382473056E-8,-1.));
#2184=DIRECTION('',(1.,0.,0.));
#2185=DIRECTION('',(0.,-1.85103382473056E-8,1.));
#2186=DIRECTION('',(1.,0.,0.));
#2187=DIRECTION('center_axis',(0.,0.,1.));
#2188=DIRECTION('ref_axis',(0.,1.,0.));
#2189=DIRECTION('',(1.,0.,0.));
#2190=DIRECTION('',(0.,-1.,0.));
#2191=DIRECTION('center_axis',(-1.,0.,0.));
#2192=DIRECTION('ref_axis',(0.,0.,1.));
#2193=DIRECTION('center_axis',(1.,0.,0.));
#2194=DIRECTION('ref_axis',(0.,-0.707106777914351,-0.707106784458744));
#2195=DIRECTION('center_axis',(1.,0.,0.));
#2196=DIRECTION('ref_axis',(0.,-1.,0.));
#2197=DIRECTION('',(1.,0.,0.));
#2198=DIRECTION('center_axis',(-1.,0.,0.));
#2199=DIRECTION('ref_axis',(0.,9.25516863148346E-9,-1.));
#2200=DIRECTION('',(-1.,0.,0.));
#2201=DIRECTION('center_axis',(1.,0.,0.));
#2202=DIRECTION('ref_axis',(0.,-0.000219387648754757,0.99999997593453));
#2203=DIRECTION('center_axis',(1.,0.,0.));
#2204=DIRECTION('ref_axis',(0.,-0.000219387648755002,0.99999997593453));
#2205=DIRECTION('center_axis',(1.,0.,0.));
#2206=DIRECTION('ref_axis',(0.,0.,-1.));
#2207=DIRECTION('',(1.,0.,0.));
#2208=DIRECTION('center_axis',(1.,0.,0.));
#2209=DIRECTION('ref_axis',(0.,0.,-1.));
#2210=DIRECTION('center_axis',(1.,0.,0.));
#2211=DIRECTION('ref_axis',(0.,0.,-1.));
#2212=DIRECTION('',(-1.,0.,0.));
#2213=DIRECTION('center_axis',(-1.,0.,0.));
#2214=DIRECTION('ref_axis',(0.,0.,-1.));
#2215=DIRECTION('center_axis',(1.,0.,0.));
#2216=DIRECTION('ref_axis',(0.,0.,-1.));
#2217=DIRECTION('',(0.,0.,1.));
#2218=DIRECTION('center_axis',(1.,0.,0.));
#2219=DIRECTION('ref_axis',(0.,1.,7.52021687396132E-64));
#2220=DIRECTION('center_axis',(1.,0.,0.));
#2221=DIRECTION('ref_axis',(0.,1.,7.52021687396132E-64));
#2222=DIRECTION('center_axis',(1.,0.,0.));
#2223=DIRECTION('ref_axis',(0.,1.,1.07431669628019E-64));
#2224=DIRECTION('center_axis',(1.,0.,0.));
#2225=DIRECTION('ref_axis',(0.,1.,1.07431669628019E-64));
#2226=DIRECTION('center_axis',(-1.,0.,0.));
#2227=DIRECTION('ref_axis',(0.,6.61422844237901E-65,-1.));
#2228=DIRECTION('center_axis',(0.,9.2551687203013E-9,-1.));
#2229=DIRECTION('ref_axis',(0.,1.,9.2551687203013E-9));
#2230=DIRECTION('center_axis',(0.,-9.2551687203013E-9,1.));
#2231=DIRECTION('ref_axis',(-5.55111512312574E-16,-1.,-9.2551687203013E-9));
#2232=DIRECTION('center_axis',(0.,-9.2551687203013E-9,1.));
#2233=DIRECTION('ref_axis',(-5.55111512312574E-16,-1.,-9.2551687203013E-9));
#2234=DIRECTION('',(-1.,0.,0.));
#2235=DIRECTION('',(0.,1.,9.2551687203013E-9));
#2236=DIRECTION('',(-1.,0.,0.));
#2237=DIRECTION('center_axis',(0.,-9.2551687203013E-9,1.));
#2238=DIRECTION('ref_axis',(-5.55111512312574E-16,-1.,-9.2551687203013E-9));
#2239=DIRECTION('',(-5.55111512312575E-16,-1.,-9.2551687203013E-9));
#2240=DIRECTION('center_axis',(0.,9.2551687203013E-9,-1.));
#2241=DIRECTION('ref_axis',(0.467741935483607,-0.88386508121435,-8.18032045262162E-9));
#2242=DIRECTION('center_axis',(0.,-9.2551687203013E-9,1.));
#2243=DIRECTION('ref_axis',(-0.467741935483904,0.883865081214193,8.18032045262016E-9));
#2244=DIRECTION('center_axis',(0.,9.2551687203013E-9,-1.));
#2245=DIRECTION('ref_axis',(1.48353551665523E-13,1.,9.2551687203013E-9));
#2246=DIRECTION('',(5.55111512312575E-16,1.,9.2551687203013E-9));
#2247=DIRECTION('center_axis',(0.,-9.2551687203013E-9,1.));
#2248=DIRECTION('ref_axis',(1.,6.79600408869879E-14,6.28981644647648E-22));
#2249=DIRECTION('center_axis',(-1.,-5.86950078289443E-33,0.));
#2250=DIRECTION('ref_axis',(0.,6.61422844237901E-65,-1.));
#2251=DIRECTION('center_axis',(-1.,-5.23852944873328E-32,6.56699469854912E-33));
#2252=DIRECTION('ref_axis',(0.,6.61422844237901E-65,-1.));
#2253=DIRECTION('',(-1.,-5.86950078289443E-33,0.));
#2254=DIRECTION('center_axis',(1.,5.23852944873328E-32,-6.56699469854912E-33));
#2255=DIRECTION('ref_axis',(-6.56699469854912E-33,6.69594400774013E-65,
-1.));
#2256=DIRECTION('',(1.74317850223973E-32,-9.67886739416802E-16,1.));
#2257=DIRECTION('center_axis',(-1.,-3.69778549322349E-32,2.11428488744033E-33));
#2258=DIRECTION('ref_axis',(3.69778549322349E-32,-1.,-1.72583102839007E-64));
#2259=DIRECTION('',(-4.67462326157961E-16,-1.,8.14870277565535E-48));
#2260=DIRECTION('center_axis',(-1.,-3.6977854932233E-32,7.1263195373277E-32));
#2261=DIRECTION('ref_axis',(-7.12631953732757E-32,-3.55271367880048E-14,
-1.));
#2262=DIRECTION('center_axis',(-1.,-3.69778549322349E-32,2.11428488744033E-33));
#2263=DIRECTION('ref_axis',(-3.69778549322349E-32,1.,6.44590017768113E-64));
#2264=DIRECTION('',(4.67462326157961E-16,1.,-8.14870277565535E-48));
#2265=DIRECTION('center_axis',(-1.,-3.6977854932233E-32,7.12631953732755E-32));
#2266=DIRECTION('ref_axis',(7.12631953732742E-32,3.55271367880048E-14,1.));
#2267=DIRECTION('center_axis',(-1.,0.,0.));
#2268=DIRECTION('ref_axis',(0.,-3.55271367880048E-14,-1.));
#2269=DIRECTION('',(-1.,0.,0.));
#2270=DIRECTION('center_axis',(0.,-8.14870277565535E-48,-1.));
#2271=DIRECTION('ref_axis',(-4.67462326157961E-16,-1.,8.14870277565535E-48));
#2272=DIRECTION('',(-1.,0.,0.));
#2273=DIRECTION('center_axis',(-1.,0.,0.));
#2274=DIRECTION('ref_axis',(0.,-1.,-1.72583102839007E-64));
#2275=DIRECTION('',(-1.,0.,0.));
#2276=DIRECTION('center_axis',(0.,-1.,-9.67886739416802E-16));
#2277=DIRECTION('ref_axis',(1.74317850223973E-32,-9.67886739416802E-16,
1.));
#2278=DIRECTION('',(-1.,0.,0.));
#2279=DIRECTION('center_axis',(-1.,0.,0.));
#2280=DIRECTION('ref_axis',(0.,3.55271367880048E-14,1.));
#2281=DIRECTION('',(-1.,0.,0.));
#2282=DIRECTION('center_axis',(0.,8.14870277565535E-48,1.));
#2283=DIRECTION('ref_axis',(4.67462326157961E-16,1.,-8.14870277565535E-48));
#2284=DIRECTION('',(-1.,0.,0.));
#2285=DIRECTION('center_axis',(-1.,0.,0.));
#2286=DIRECTION('ref_axis',(0.,1.,6.44590017768113E-64));
#2287=DIRECTION('center_axis',(-1.,0.,0.));
#2288=DIRECTION('ref_axis',(0.,-8.8817841970012E-15,1.));
#2289=DIRECTION('center_axis',(-1.,0.,0.));
#2290=DIRECTION('ref_axis',(0.,-8.8817841970012E-15,1.));
#2291=DIRECTION('',(-1.,0.,0.));
#2292=DIRECTION('',(-1.,0.,0.));
#2293=DIRECTION('center_axis',(0.,7.74126747537715E-48,1.));
#2294=DIRECTION('ref_axis',(4.4408920058564E-16,1.,-7.74126747537715E-48));
#2295=DIRECTION('',(0.,1.,-7.74126747537715E-48));
#2296=DIRECTION('',(-1.,0.,0.));
#2297=DIRECTION('center_axis',(-1.,0.,0.));
#2298=DIRECTION('ref_axis',(0.,1.,1.07431669628019E-64));
#2299=DIRECTION('center_axis',(-1.,0.,0.));
#2300=DIRECTION('ref_axis',(0.,1.,1.07431669628019E-64));
#2301=DIRECTION('center_axis',(-1.,0.,0.));
#2302=DIRECTION('ref_axis',(0.,4.44089209850061E-15,-1.));
#2303=DIRECTION('',(-1.,0.,0.));
#2304=DIRECTION('center_axis',(0.,-7.74126747537715E-48,-1.));
#2305=DIRECTION('ref_axis',(-4.4408920058564E-16,-1.,7.74126747537715E-48));
#2306=DIRECTION('',(-1.,0.,0.));
#2307=DIRECTION('center_axis',(-1.,0.,0.));
#2308=DIRECTION('ref_axis',(0.,-1.,-8.88178419700117E-15));
#2309=DIRECTION('center_axis',(-1.,0.,0.));
#2310=DIRECTION('ref_axis',(0.,1.,1.07431669628019E-64));
#2311=DIRECTION('',(-1.,0.,0.));
#2312=DIRECTION('center_axis',(-1.,0.,0.));
#2313=DIRECTION('ref_axis',(0.,1.,1.07431669628019E-64));
#2314=DIRECTION('',(-1.,0.,0.));
#2315=DIRECTION('center_axis',(-1.,0.,0.));
#2316=DIRECTION('ref_axis',(0.,1.,7.52021687396132E-64));
#2317=DIRECTION('',(-1.,0.,0.));
#2318=DIRECTION('center_axis',(-1.,0.,0.));
#2319=DIRECTION('ref_axis',(0.,1.,7.52021687396132E-64));
#2320=DIRECTION('',(-1.,0.,0.));
#2321=DIRECTION('center_axis',(0.,-1.,0.));
#2322=DIRECTION('ref_axis',(0.707106781186547,0.,-0.707106781186547));
#2323=DIRECTION('center_axis',(0.,-1.,0.));
#2324=DIRECTION('ref_axis',(0.707106781186547,0.,-0.707106781186547));
#2325=DIRECTION('',(0.,1.,0.));
#2326=DIRECTION('center_axis',(1.,0.,0.));
#2327=DIRECTION('ref_axis',(0.,0.,-1.));
#2328=DIRECTION('center_axis',(-1.,0.,0.));
#2329=DIRECTION('ref_axis',(0.,0.,-1.));
#2330=DIRECTION('',(0.,0.,-1.));
#2331=DIRECTION('center_axis',(-1.,0.,0.));
#2332=DIRECTION('ref_axis',(0.,0.00288748624244589,-0.99999583120291));
#2333=DIRECTION('center_axis',(0.,-1.,2.82602219013891E-16));
#2334=DIRECTION('ref_axis',(1.74317850223973E-32,2.82602219013891E-16,1.));
#2335=DIRECTION('',(0.,2.82602219013891E-16,1.));
#2336=DIRECTION('center_axis',(1.,0.,0.));
#2337=DIRECTION('ref_axis',(0.,0.,-1.));
#2338=DIRECTION('center_axis',(-1.,0.,0.));
#2339=DIRECTION('ref_axis',(0.,1.,1.85103381511453E-8));
#2340=DIRECTION('',(0.,0.,-1.));
#2341=DIRECTION('',(0.,1.,1.08633767045909E-15));
#2342=DIRECTION('',(0.,-1.86059529811064E-16,-1.));
#2343=DIRECTION('',(0.,-1.,3.05197167166436E-16));
#2344=DIRECTION('',(0.,9.76303805864504E-18,1.));
#2345=DIRECTION('',(0.,1.,1.66533453693774E-16));
#2346=DIRECTION('center_axis',(-1.,0.,0.));
#2347=DIRECTION('ref_axis',(0.,0.,-1.));
#2348=DIRECTION('center_axis',(-1.,0.,0.));
#2349=DIRECTION('ref_axis',(0.,0.,-1.));
#2350=DIRECTION('center_axis',(-1.,0.,0.));
#2351=DIRECTION('ref_axis',(0.,0.,-1.));
#2352=DIRECTION('center_axis',(-1.,0.,0.));
#2353=DIRECTION('ref_axis',(0.,0.,-1.));
#2354=DIRECTION('center_axis',(0.,-1.66533453693774E-16,1.));
#2355=DIRECTION('ref_axis',(0.,1.,1.66533453693774E-16));
#2356=DIRECTION('',(-1.,0.,0.));
#2357=DIRECTION('center_axis',(0.,-1.08633767045909E-15,1.));
#2358=DIRECTION('ref_axis',(0.,1.,1.08633767045909E-15));
#2359=DIRECTION('',(-1.,0.,0.));
#2360=DIRECTION('center_axis',(0.,1.,-1.86059529811064E-16));
#2361=DIRECTION('ref_axis',(0.,-1.86059529811064E-16,-1.));
#2362=DIRECTION('',(1.,0.,0.));
#2363=DIRECTION('center_axis',(0.,-3.05197167166436E-16,-1.));
#2364=DIRECTION('ref_axis',(0.,-1.,3.05197167166436E-16));
#2365=DIRECTION('',(-1.,0.,0.));
#2366=DIRECTION('center_axis',(0.,-3.05197167166436E-16,-1.));
#2367=DIRECTION('ref_axis',(1.,-5.55111512312574E-16,3.92189370493265E-31));
#2368=DIRECTION('center_axis',(0.,-3.05197167166436E-16,-1.));
#2369=DIRECTION('ref_axis',(1.,-5.55111512312574E-16,3.92189370493259E-31));
#2370=DIRECTION('',(-1.,-5.6753543663559E-14,1.73210207527748E-29));
#2371=DIRECTION('center_axis',(0.,-3.05197167166436E-16,-1.));
#2372=DIRECTION('ref_axis',(-1.,2.14534272699569E-14,-1.4138591591733E-29));
#2373=DIRECTION('',(7.28583859910196E-16,1.,-3.05197167166436E-16));
#2374=DIRECTION('center_axis',(0.,-3.05197167166436E-16,-1.));
#2375=DIRECTION('ref_axis',(3.19025851487792E-14,1.,-6.59194920871186E-16));
#2376=DIRECTION('',(1.,5.6753543663559E-14,-1.73210207527748E-29));
#2377=DIRECTION('center_axis',(0.,-3.05197167166436E-16,-1.));
#2378=DIRECTION('ref_axis',(1.,-2.1453427269957E-14,1.41385915917331E-29));
#2379=DIRECTION('',(-5.95490051278737E-15,-1.,3.05197167166436E-16));
#2380=DIRECTION('center_axis',(0.,-3.05197167166436E-16,-1.));
#2381=DIRECTION('ref_axis',(-3.19025851487794E-14,-1.,6.59194920871186E-16));
#2382=DIRECTION('center_axis',(0.,-1.,9.76303805864504E-18));
#2383=DIRECTION('ref_axis',(0.,9.76303805864504E-18,1.));
#2384=DIRECTION('center_axis',(0.,-6.47630097698008E-16,-1.));
#2385=DIRECTION('ref_axis',(5.88880795978056E-14,-1.,6.47630097698008E-16));
#2386=DIRECTION('center_axis',(9.97562953556683E-17,6.51589390506418E-16,
1.));
#2387=DIRECTION('ref_axis',(-0.467741935483904,0.883865081214193,-5.72417628898605E-16));
#2388=DIRECTION('',(0.,-6.47630097698008E-16,-1.));
#2389=DIRECTION('',(0.,-6.47630097698008E-16,-1.));
#2390=DIRECTION('center_axis',(0.,-6.47630097698008E-16,-1.));
#2391=DIRECTION('ref_axis',(0.467741935483607,-0.88386508121435,5.72417628898707E-16));
#2392=DIRECTION('center_axis',(-9.97562953556683E-17,-6.51589390506418E-16,
-1.));
#2393=DIRECTION('ref_axis',(0.467741935483607,-0.88386508121435,5.72417628898707E-16));
#2394=DIRECTION('',(0.,-6.47630097698008E-16,-1.));
#2395=DIRECTION('center_axis',(-1.,5.55111512312575E-16,-3.59506922952281E-31));
#2396=DIRECTION('ref_axis',(5.55111512312575E-16,1.,-6.51589390506418E-16));
#2397=DIRECTION('',(-5.55111512312575E-16,-1.,6.51589390506418E-16));
#2398=DIRECTION('',(0.,-6.47630097698008E-16,-1.));
#2399=DIRECTION('center_axis',(0.,-6.47630097698008E-16,-1.));
#2400=DIRECTION('ref_axis',(1.,6.79600408869879E-14,-4.4008212536622E-29));
#2401=DIRECTION('center_axis',(9.97562953556683E-17,6.51589390506418E-16,
1.));
#2402=DIRECTION('ref_axis',(1.,6.79600408869879E-14,-4.4008212536622E-29));
#2403=DIRECTION('',(0.,-6.47630097698008E-16,-1.));
#2404=DIRECTION('center_axis',(1.,-5.55111512312575E-16,3.59506922952281E-31));
#2405=DIRECTION('ref_axis',(-5.55111512312575E-16,-1.,6.51589390506288E-16));
#2406=DIRECTION('',(5.55111512312575E-16,1.,-6.51589390506418E-16));
#2407=DIRECTION('',(0.,-6.47630097698008E-16,-1.));
#2408=DIRECTION('center_axis',(0.,-6.47630097698008E-16,-1.));
#2409=DIRECTION('ref_axis',(-1.,1.48353551665523E-13,-9.60846449254706E-29));
#2410=DIRECTION('center_axis',(-9.97562953556683E-17,-6.51589390506418E-16,
-1.));
#2411=DIRECTION('ref_axis',(-1.,1.48353551665523E-13,-9.60846449254706E-29));
#2412=DIRECTION('center_axis',(9.97562953556683E-17,6.51589390506418E-16,
1.));
#2413=DIRECTION('ref_axis',(1.,-5.55111512312575E-16,-9.97562953556679E-17));
#2414=DIRECTION('center_axis',(-9.97562953556683E-17,-6.51589390506418E-16,
-1.));
#2415=DIRECTION('ref_axis',(-1.,2.14534272699569E-14,9.97562953556543E-17));
#2416=DIRECTION('',(-1.,-5.6753543663559E-14,9.97562953556998E-17));
#2417=DIRECTION('center_axis',(-9.97562953556694E-17,-6.51589390506485E-16,
-1.));
#2418=DIRECTION('ref_axis',(-3.19025851487794E-14,-1.,6.51589390506489E-16));
#2419=DIRECTION('',(-5.95490051278737E-15,-1.,6.51589390506419E-16));
#2420=DIRECTION('center_axis',(-9.97562953556683E-17,-6.51589390506418E-16,
-1.));
#2421=DIRECTION('ref_axis',(1.,-2.1453427269957E-14,-9.97562953556543E-17));
#2422=DIRECTION('',(1.,5.6753543663559E-14,-9.97562953556998E-17));
#2423=DIRECTION('center_axis',(-9.97562953556693E-17,-6.51589390506485E-16,
-1.));
#2424=DIRECTION('ref_axis',(3.19025851487792E-14,1.,-6.51589390506489E-16));
#2425=DIRECTION('',(7.28583859910196E-16,1.,-6.51589390506418E-16));
#2426=DIRECTION('center_axis',(0.,-6.59194920871186E-16,-1.));
#2427=DIRECTION('ref_axis',(-1.,2.14534272699569E-14,-1.4138591591733E-29));
#2428=DIRECTION('',(0.,-6.59194920871186E-16,-1.));
#2429=DIRECTION('',(0.,-6.59194920871186E-16,-1.));
#2430=DIRECTION('center_axis',(-1.,7.28583859910196E-16,-4.80278779881525E-31));
#2431=DIRECTION('ref_axis',(7.28583859910196E-16,1.,-6.51589390506418E-16));
#2432=DIRECTION('',(0.,-6.59194920871186E-16,-1.));
#2433=DIRECTION('center_axis',(0.,-6.59194920871186E-16,-1.));
#2434=DIRECTION('ref_axis',(3.19025851487792E-14,1.,-6.59194920871186E-16));
#2435=DIRECTION('',(0.,-6.59194920871186E-16,-1.));
#2436=DIRECTION('center_axis',(-5.6753543663559E-14,1.,-6.59194920871186E-16));
#2437=DIRECTION('ref_axis',(1.,5.6753543663559E-14,-9.97562953556998E-17));
#2438=DIRECTION('',(0.,-6.59194920871186E-16,-1.));
#2439=DIRECTION('center_axis',(0.,-6.59194920871186E-16,-1.));
#2440=DIRECTION('ref_axis',(1.,-2.1453427269957E-14,1.41385915917331E-29));
#2441=DIRECTION('',(0.,-6.59194920871186E-16,-1.));
#2442=DIRECTION('center_axis',(1.,-5.95490051278737E-15,3.92544017232266E-30));
#2443=DIRECTION('ref_axis',(-5.95490051278737E-15,-1.,6.51589390506419E-16));
#2444=DIRECTION('',(0.,-6.59194920871186E-16,-1.));
#2445=DIRECTION('center_axis',(0.,-6.59194920871186E-16,-1.));
#2446=DIRECTION('ref_axis',(-3.19025851487794E-14,-1.,6.59194920871186E-16));
#2447=DIRECTION('',(0.,-6.59194920871186E-16,-1.));
#2448=DIRECTION('center_axis',(5.6753543663559E-14,-1.,6.59194920871186E-16));
#2449=DIRECTION('ref_axis',(-1.,-5.6753543663559E-14,9.97562953556998E-17));
#2450=DIRECTION('center_axis',(1.,0.,0.));
#2451=DIRECTION('ref_axis',(0.,0.707106791003135,-0.70710677136996));
#2452=DIRECTION('center_axis',(0.,-6.93889390390723E-16,-1.));
#2453=DIRECTION('ref_axis',(1.,-5.55111512312574E-16,3.92189370493259E-31));
#2454=DIRECTION('',(0.,-6.93889390390723E-16,-1.));
#2455=DIRECTION('center_axis',(0.,-6.93889390390723E-16,-1.));
#2456=DIRECTION('ref_axis',(1.,-5.55111512312574E-16,3.92189370493265E-31));
#2457=DIRECTION('',(0.,-6.93889390390723E-16,-1.));
#2458=DIRECTION('center_axis',(1.,0.,0.));
#2459=DIRECTION('ref_axis',(0.,0.,-1.));
#2460=DIRECTION('center_axis',(-1.,0.,0.));
#2461=DIRECTION('ref_axis',(0.,0.,-1.));
#2462=DIRECTION('center_axis',(-1.,0.,0.));
#2463=DIRECTION('ref_axis',(0.,0.,-1.));
#2464=DIRECTION('',(-1.,0.,0.));
#2465=DIRECTION('center_axis',(1.,0.,0.));
#2466=DIRECTION('ref_axis',(0.,0.,-1.));
#2467=DIRECTION('center_axis',(-1.,0.,0.));
#2468=DIRECTION('ref_axis',(0.,0.,-1.));
#2469=DIRECTION('center_axis',(-1.,0.,0.));
#2470=DIRECTION('ref_axis',(0.,0.,-1.));
#2471=DIRECTION('',(-1.,0.,0.));
#2472=DIRECTION('center_axis',(1.,0.,0.));
#2473=DIRECTION('ref_axis',(0.,0.,-1.));
#2474=DIRECTION('center_axis',(-1.,0.,0.));
#2475=DIRECTION('ref_axis',(0.,0.,-1.));
#2476=DIRECTION('center_axis',(-1.,0.,0.));
#2477=DIRECTION('ref_axis',(0.,0.,-1.));
#2478=DIRECTION('',(-1.,0.,0.));
#2479=DIRECTION('center_axis',(1.,0.,0.));
#2480=DIRECTION('ref_axis',(0.,0.,-1.));
#2481=DIRECTION('center_axis',(-1.,0.,0.));
#2482=DIRECTION('ref_axis',(0.,0.,-1.));
#2483=DIRECTION('center_axis',(-1.,0.,0.));
#2484=DIRECTION('ref_axis',(0.,0.,-1.));
#2485=DIRECTION('',(-1.,0.,0.));
#2486=DIRECTION('center_axis',(-1.,0.,0.));
#2487=DIRECTION('ref_axis',(0.,-0.707106781186547,-0.707106781186547));
#2488=DIRECTION('',(-1.,0.,0.));
#2489=DIRECTION('center_axis',(0.,-1.,0.));
#2490=DIRECTION('ref_axis',(0.,0.,-1.));
#2491=CARTESIAN_POINT('',(0.,0.,0.));
#2492=CARTESIAN_POINT('Origin',(20.,-15.0000002235174,-130.));
#2493=CARTESIAN_POINT('',(20.,-15.0000002235174,-118.198445544447));
#2494=CARTESIAN_POINT('',(20.,14.9999998148966,-118.198445544447));
#2495=CARTESIAN_POINT('',(20.,1.91404255562251,-118.198445544447));
#2496=CARTESIAN_POINT('',(20.,14.9999998148966,-129.999999629793));
#2497=CARTESIAN_POINT('',(20.,14.9999998148966,-130.));
#2498=CARTESIAN_POINT('',(20.,-14.9999999074483,-129.999999907448));
#2499=CARTESIAN_POINT('',(20.,-12.4999997570518,-129.99999988431));
#2500=CARTESIAN_POINT('',(20.,-15.0000002235174,-130.));
#2501=CARTESIAN_POINT('Origin',(22.0000000000001,3.97632113902091E-7,-72.8186330551869));
#2502=CARTESIAN_POINT('',(22.0000000000001,-15.0000002235174,-118.198445544447));
#2503=CARTESIAN_POINT('',(22.0000000000001,-15.0000002235174,-100.));
#2504=CARTESIAN_POINT('',(22.0000000000001,-15.0000002235174,-98.0085392998169));
#2505=CARTESIAN_POINT('',(22.0000000000001,14.9999998148966,-100.));
#2506=CARTESIAN_POINT('',(22.0000000000001,-7.49999991294265,-100.));
#2507=CARTESIAN_POINT('',(22.0000000000001,14.9999998148966,-118.198445544447));
#2508=CARTESIAN_POINT('',(22.0000000000001,14.9999998148966,-86.4093165275934));
#2509=CARTESIAN_POINT('',(22.0000000000001,18.8280853347624,-118.198445544447));
#2510=CARTESIAN_POINT('',(22.0000000000001,9.41404286619727,-118.198445544447));
#2511=CARTESIAN_POINT('',(22.0000000000001,18.8280853347625,-22.4388205659268));
#2512=CARTESIAN_POINT('',(22.0000000000001,18.8280853347624,-123.198445544447));
#2513=CARTESIAN_POINT('',(22.0000000000001,14.0000012516975,-22.4388205659268));
#2514=CARTESIAN_POINT('',(22.0000000000001,18.8280853347625,-22.4388205659268));
#2515=CARTESIAN_POINT('',(22.0000000000001,14.0000012516975,-39.0000006407497));
#2516=CARTESIAN_POINT('',(22.0000000000001,14.0000012516974,-28.4093163189771));
#2517=CARTESIAN_POINT('',(22.0000000000001,10.0000012516975,-43.0000006407497));
#2518=CARTESIAN_POINT('Origin',(22.0000000000001,10.0000012516974,-39.0000006407497));
#2519=CARTESIAN_POINT('',(22.0000000000001,-9.99999916553504,-43.0000006407497));
#2520=CARTESIAN_POINT('',(22.0000000000001,5.00000082466476,-43.0000006407498));
#2521=CARTESIAN_POINT('',(22.0000000000001,-13.999999165535,-39.0000006407497));
#2522=CARTESIAN_POINT('Origin',(22.0000000000001,-9.99999916553506,-39.0000006407497));
#2523=CARTESIAN_POINT('',(22.0000000000001,-13.999999165535,-22.4388205659268));
#2524=CARTESIAN_POINT('',(22.0000000000001,-13.9999991655351,-55.9093168479683));
#2525=CARTESIAN_POINT('',(22.0000000000001,-18.8280845394982,-22.4388205659268));
#2526=CARTESIAN_POINT('',(22.0000000000001,-13.999999165535,-22.4388205659268));
#2527=CARTESIAN_POINT('',(22.0000000000001,-18.8280845394982,-118.198445544447));
#2528=CARTESIAN_POINT('',(22.0000000000001,-18.8280845394982,-22.4388205659268));
#2529=CARTESIAN_POINT('',(22.0000000000001,9.41404286619727,-118.198445544447));
#2530=CARTESIAN_POINT('Origin',(10.0000001490116,-15.0000002235174,-130.));
#2531=CARTESIAN_POINT('',(10.0000001490116,-15.0000002235174,-130.));
#2532=CARTESIAN_POINT('',(10.,-15.,-130.));
#2533=CARTESIAN_POINT('',(10.0000001490116,-15.0000002235174,-100.));
#2534=CARTESIAN_POINT('',(10.0000001490116,-15.0000002235174,-130.));
#2535=CARTESIAN_POINT('',(22.0000000000001,-15.0000002235174,-100.));
#2536=CARTESIAN_POINT('',(25.0000000745058,-15.0000002235174,-118.198445544447));
#2537=CARTESIAN_POINT('Origin',(10.0000001490116,14.9999998148966,-130.));
#2538=CARTESIAN_POINT('',(10.0000001490116,14.9999998148966,-130.));
#2539=CARTESIAN_POINT('',(10.0000001490116,19.9999999074483,-130.));
#2540=CARTESIAN_POINT('',(10.0000001490116,14.9999998148966,-100.));
#2541=CARTESIAN_POINT('',(10.0000001490116,14.9999998148966,-130.));
#2542=CARTESIAN_POINT('',(10.0000001490116,14.9999998148966,-100.));
#2543=CARTESIAN_POINT('Origin',(20.,14.9999998148966,-130.));
#2544=CARTESIAN_POINT('',(10.,14.9999998148966,-130.));
#2545=CARTESIAN_POINT('',(30.,14.9999998148966,-118.198445544447));
#2546=CARTESIAN_POINT('',(20.,14.9999998148966,-100.));
#2547=CARTESIAN_POINT('Origin',(15.0000000745058,-2.04310399709584E-7,-100.));
#2548=CARTESIAN_POINT('Origin',(20.,25.,-130.));
#2549=CARTESIAN_POINT('',(2.,-15.,-130.));
#2550=CARTESIAN_POINT('',(10.,-15.,-130.));
#2551=CARTESIAN_POINT('',(2.,14.9999998148966,-130.));
#2552=CARTESIAN_POINT('',(2.,12.4990295963448,-130.));
#2553=CARTESIAN_POINT('',(10.,14.9999998148966,-130.));
#2554=CARTESIAN_POINT('Origin',(22.0000000000001,0.,0.));
#2555=CARTESIAN_POINT('',(40.0000000000001,14.0000012516974,-18.2482866305983));
#2556=CARTESIAN_POINT('',(13.,14.0000012516974,-18.2482866305983));
#2557=CARTESIAN_POINT('',(22.0000000000001,14.0000012516974,-18.2482866305983));
#2558=CARTESIAN_POINT('',(40.0000000000001,23.0000003427267,0.));
#2559=CARTESIAN_POINT('Origin',(40.,0.,0.));
#2560=CARTESIAN_POINT('',(7.105427357601E-14,23.0000003427267,0.));
#2561=CARTESIAN_POINT('',(22.0000000000001,23.0000003427267,0.));
#2562=CARTESIAN_POINT('',(7.105427357601E-14,9.99999999999988,-20.712315177208));
#2563=CARTESIAN_POINT('Origin',(0.,0.,0.));
#2564=CARTESIAN_POINT('',(1.99999999999999,9.99999999999988,-20.712315177208));
#2565=CARTESIAN_POINT('',(22.0000000000001,9.99999999999988,-20.712315177208));
#2566=CARTESIAN_POINT('',(13.,9.99999999999988,-20.712315177208));
#2567=CARTESIAN_POINT('',(22.0000000000001,9.99999999999988,-20.712315177208));
#2568=CARTESIAN_POINT('Origin',(13.,0.,0.));
#2569=CARTESIAN_POINT('Origin',(22.0000000000001,9.99999999999988,-20.712315177208));
#2570=CARTESIAN_POINT('',(1.99999999999999,9.99999999999988,-14.3614066163452));
#2571=CARTESIAN_POINT('',(1.99999999999999,9.9999999999999,-29.4999999999999));
#2572=CARTESIAN_POINT('',(7.105427357601E-14,9.99999999999988,-14.3614066163452));
#2573=CARTESIAN_POINT('',(0.,9.99999999999988,-10.356157588604));
#2574=CARTESIAN_POINT('',(22.0000000000001,9.99999999999988,-14.3614066163452));
#2575=CARTESIAN_POINT('Origin',(22.0000000000001,17.5,0.));
#2576=CARTESIAN_POINT('',(40.0000000000001,17.5,0.));
#2577=CARTESIAN_POINT('',(40.,8.74999995372415,0.));
#2578=CARTESIAN_POINT('',(7.105427357601E-14,17.5,0.));
#2579=CARTESIAN_POINT('',(22.0000000000001,17.5,0.));
#2580=CARTESIAN_POINT('',(0.,8.75,0.));
#2581=CARTESIAN_POINT('Origin',(22.0000000000001,0.,0.));
#2582=CARTESIAN_POINT('',(13.,14.0000012516974,-10.4999983310699));
#2583=CARTESIAN_POINT('',(40.0000000000001,14.0000012516974,-10.4999983310699));
#2584=CARTESIAN_POINT('',(22.0000000000001,14.0000012516974,-10.4999983310699));
#2585=CARTESIAN_POINT('',(13.,9.99999999999987,-14.3614066163452));
#2586=CARTESIAN_POINT('Origin',(13.,0.,0.));
#2587=CARTESIAN_POINT('',(22.0000000000001,9.99999999999987,-14.3614066163452));
#2588=CARTESIAN_POINT('Origin',(0.,0.,0.));
#2589=CARTESIAN_POINT('Origin',(40.,0.,0.));
#2590=CARTESIAN_POINT('Origin',(22.0000000000001,-13.9999991655351,-10.5000011126198));
#2591=CARTESIAN_POINT('',(13.,-13.9999991655351,-18.2482882310922));
#2592=CARTESIAN_POINT('',(13.,-13.9999991655351,-10.5000011126198));
#2593=CARTESIAN_POINT('',(13.,-13.9999991655351,-11.0000006121892));
#2594=CARTESIAN_POINT('',(7.105427357601E-14,-13.9999991655351,-10.5000011126198));
#2595=CARTESIAN_POINT('',(22.0000000000001,-13.9999991655351,-10.5000011126198));
#2596=CARTESIAN_POINT('',(7.105427357601E-14,-13.9999991655351,-18.2482882310922));
#2597=CARTESIAN_POINT('',(0.,-13.9999991655351,-5.25000055630989));
#2598=CARTESIAN_POINT('',(22.0000000000001,-13.9999991655351,-18.2482882310922));
#2599=CARTESIAN_POINT('Origin',(22.0000000000001,0.,0.));
#2600=CARTESIAN_POINT('',(7.105427357601E-14,-23.0000003427267,0.));
#2601=CARTESIAN_POINT('',(40.0000000000001,-23.0000003427267,0.));
#2602=CARTESIAN_POINT('',(22.0000000000001,-23.0000003427267,0.));
#2603=CARTESIAN_POINT('',(40.0000000000001,-13.9999991655351,-18.2482882310922));
#2604=CARTESIAN_POINT('Origin',(40.,0.,0.));
#2605=CARTESIAN_POINT('',(22.0000000000001,-13.9999991655351,-18.2482882310922));
#2606=CARTESIAN_POINT('Origin',(0.,0.,0.));
#2607=CARTESIAN_POINT('Origin',(22.0000000000001,0.,0.));
#2608=CARTESIAN_POINT('',(40.0000000000001,-13.9999991655351,-10.5000011126198));
#2609=CARTESIAN_POINT('',(22.0000000000001,-13.9999991655351,-10.5000011126198));
#2610=CARTESIAN_POINT('',(40.0000000000001,-17.5,0.));
#2611=CARTESIAN_POINT('Origin',(40.,0.,0.));
#2612=CARTESIAN_POINT('',(7.105427357601E-14,-17.5,0.));
#2613=CARTESIAN_POINT('',(22.0000000000001,-17.5,0.));
#2614=CARTESIAN_POINT('Origin',(0.,0.,0.));
#2615=CARTESIAN_POINT('Origin',(22.0000000000001,-23.0000003427267,0.));
#2616=CARTESIAN_POINT('',(40.,-11.5000002176392,0.));
#2617=CARTESIAN_POINT('',(0.,-11.5000001713634,0.));
#2618=CARTESIAN_POINT('Origin',(40.,14.0000012516974,16.0000004172327));
#2619=CARTESIAN_POINT('',(40.,14.0000012516974,16.0000004172327));
#2620=CARTESIAN_POINT('',(40.,14.0000012516974,-18.2499997913837));
#2621=CARTESIAN_POINT('',(13.,14.0000012516974,16.0000004172327));
#2622=CARTESIAN_POINT('',(40.,14.0000012516974,16.0000004172327));
#2623=CARTESIAN_POINT('',(13.,14.0000012516974,2.25000015273708));
#2624=CARTESIAN_POINT('Origin',(40.,14.0000012516974,16.0000004172327));
#2625=CARTESIAN_POINT('',(13.,14.0000012516974,-39.0000006407497));
#2626=CARTESIAN_POINT('',(13.,14.0000012516974,2.25000015273708));
#2627=CARTESIAN_POINT('',(40.,14.0000012516974,-39.0000006407497));
#2628=CARTESIAN_POINT('',(40.0000000000001,14.0000012516975,-22.4388205659268));
#2629=CARTESIAN_POINT('',(40.,14.0000012516974,-22.4388205659268));
#2630=CARTESIAN_POINT('',(40.,14.0000012516974,-18.2499997913837));
#2631=CARTESIAN_POINT('Origin',(13.,1.04308114368123E-6,-11.5000001117585));
#2632=CARTESIAN_POINT('',(13.,9.99999999999989,-29.4999999999999));
#2633=CARTESIAN_POINT('',(13.,9.99999999999984,-1.00000005587916));
#2634=CARTESIAN_POINT('',(13.,9.49999999999987,-29.9999999999999));
#2635=CARTESIAN_POINT('Origin',(13.,9.49999999999989,-29.4999999999999));
#2636=CARTESIAN_POINT('',(13.,-9.5000000000001,-29.9999999999999));
#2637=CARTESIAN_POINT('',(13.,4.75000052154051,-29.9999999999999));
#2638=CARTESIAN_POINT('',(13.,-10.0000000000001,-29.4999999999999));
#2639=CARTESIAN_POINT('Origin',(13.,-9.5000000000001,-29.4999999999999));
#2640=CARTESIAN_POINT('',(13.,-10.0000000000001,9.50000000000021));
#2641=CARTESIAN_POINT('',(13.,-10.0000000000001,-20.5000000558792));
#2642=CARTESIAN_POINT('',(13.,-9.50000000000012,10.0000000000002));
#2643=CARTESIAN_POINT('Origin',(13.,-9.50000000000014,9.50000000000021));
#2644=CARTESIAN_POINT('',(13.,9.49999999999985,10.0000000000002));
#2645=CARTESIAN_POINT('',(13.,-4.74999947845949,10.0000000000002));
#2646=CARTESIAN_POINT('',(13.,9.99999999999982,9.50000000000021));
#2647=CARTESIAN_POINT('Origin',(13.,9.49999999999985,9.50000000000021));
#2648=CARTESIAN_POINT('',(13.,9.99999999999984,-1.00000005587916));
#2649=CARTESIAN_POINT('',(13.,10.0000012516974,20.0000004172327));
#2650=CARTESIAN_POINT('Origin',(13.,10.0000012516974,16.0000004172327));
#2651=CARTESIAN_POINT('',(13.,-9.9999991655351,20.0000004172327));
#2652=CARTESIAN_POINT('',(13.,-4.99999906122698,20.0000004172327));
#2653=CARTESIAN_POINT('',(13.,-13.9999991655351,16.0000004172327));
#2654=CARTESIAN_POINT('Origin',(13.,-9.99999916553506,16.0000004172327));
#2655=CARTESIAN_POINT('',(13.,-13.9999991655351,-25.2500003762541));
#2656=CARTESIAN_POINT('',(13.,-13.9999991655351,-39.0000006407498));
#2657=CARTESIAN_POINT('',(13.,-13.9999991655351,-25.2500003762541));
#2658=CARTESIAN_POINT('',(13.,-9.99999916553509,-43.0000006407498));
#2659=CARTESIAN_POINT('Origin',(13.,-9.99999916553506,-39.0000006407497));
#2660=CARTESIAN_POINT('',(13.,10.0000012516974,-43.0000006407498));
#2661=CARTESIAN_POINT('',(13.,5.00000114738928,-43.0000006407498));
#2662=CARTESIAN_POINT('Origin',(13.,10.0000012516974,-39.0000006407497));
#2663=CARTESIAN_POINT('',(13.,-6.60000000000013,-34.7499999999999));
#2664=CARTESIAN_POINT('Origin',(13.,-5.10000000000012,-34.7499999999999));
#2665=CARTESIAN_POINT('',(13.,3.59999999999988,14.7500000000002));
#2666=CARTESIAN_POINT('Origin',(13.,5.09999999999987,14.7500000000002));
#2667=CARTESIAN_POINT('',(13.,-6.60000000000012,14.7500000000002));
#2668=CARTESIAN_POINT('Origin',(13.,-5.10000000000012,14.7500000000002));
#2669=CARTESIAN_POINT('',(13.,3.59999999999988,-34.7499999999999));
#2670=CARTESIAN_POINT('Origin',(13.,5.09999999999988,-34.7499999999999));
#2671=CARTESIAN_POINT('Origin',(40.,9.99999999999982,9.50000000000021));
#2672=CARTESIAN_POINT('',(1.99999999999999,9.99999999999982,9.50000000000021));
#2673=CARTESIAN_POINT('',(40.,9.99999999999982,9.50000000000021));
#2674=CARTESIAN_POINT('',(1.99999999999999,9.9999999999999,-29.4999999999999));
#2675=CARTESIAN_POINT('Origin',(40.,9.99999999999982,9.50000000000021));
#2676=CARTESIAN_POINT('',(1.99999999999999,9.99999999999989,-29.4999999999999));
#2677=CARTESIAN_POINT('',(1.99999999999999,9.9999999999999,-29.4999999999999));
#2678=CARTESIAN_POINT('',(40.,9.99999999999989,-29.4999999999999));
#2679=CARTESIAN_POINT('Origin',(40.,-13.9999991655351,-39.0000006407498));
#2680=CARTESIAN_POINT('',(40.0000000000001,-13.999999165535,-22.4388205659268));
#2681=CARTESIAN_POINT('',(40.,-13.9999991655351,-45.7500003203749));
#2682=CARTESIAN_POINT('',(40.,-13.9999991655351,-22.4388205659268));
#2683=CARTESIAN_POINT('',(40.,-13.9999991655351,-39.0000006407498));
#2684=CARTESIAN_POINT('Origin',(1.,-12.5009704036552,-96.));
#2685=CARTESIAN_POINT('',(0.,22.9999993891588,-97.));
#2686=CARTESIAN_POINT('',(0.,-23.,-97.));
#2687=CARTESIAN_POINT('',(0.,-12.5009704036552,-97.));
#2688=CARTESIAN_POINT('',(2.,-25.,-95.));
#2689=CARTESIAN_POINT('',(0.,-23.,-97.));
#2690=CARTESIAN_POINT('',(2.,24.9999993521382,-95.));
#2691=CARTESIAN_POINT('',(2.,-12.5009704036552,-95.));
#2692=CARTESIAN_POINT('',(2.,24.9999993521382,-95.));
#2693=CARTESIAN_POINT('Origin',(1.,23.9999992827303,-91.2503164225348));
#2694=CARTESIAN_POINT('',(2.,24.9999998148966,-119.999999814897));
#2695=CARTESIAN_POINT('',(2.,24.9999992827303,-91.2503164040245));
#2696=CARTESIAN_POINT('',(0.,22.9999998148966,-119.999999851917));
#2697=CARTESIAN_POINT('',(2.,24.9999998148966,-119.999999814897));
#2698=CARTESIAN_POINT('',(0.,22.9999992827302,-91.2503164410451));
#2699=CARTESIAN_POINT('Origin',(1.,14.9999998148966,-120.));
#2700=CARTESIAN_POINT('',(0.,14.9999998148966,-128.));
#2701=CARTESIAN_POINT('',(2.,14.9999998148966,-130.));
#2702=CARTESIAN_POINT('Origin',(0.,14.9999998148966,-120.));
#2703=CARTESIAN_POINT('Origin',(2.,14.9999998148966,-120.));
#2704=CARTESIAN_POINT('Origin',(1.,12.4990295963448,-129.));
#2705=CARTESIAN_POINT('',(0.,-15.,-128.));
#2706=CARTESIAN_POINT('',(2.,-15.,-130.));
#2707=CARTESIAN_POINT('',(0.,12.4990295963448,-128.));
#2708=CARTESIAN_POINT('Origin',(1.,-15.,-120.));
#2709=CARTESIAN_POINT('',(2.,-25.,-120.));
#2710=CARTESIAN_POINT('',(0.,-23.,-120.));
#2711=CARTESIAN_POINT('',(2.,-25.,-120.));
#2712=CARTESIAN_POINT('Origin',(0.,-15.,-120.));
#2713=CARTESIAN_POINT('Origin',(2.,-15.,-120.));
#2714=CARTESIAN_POINT('Origin',(1.,-24.,-26.2503168668009));
#2715=CARTESIAN_POINT('',(0.,-23.,-26.2503168668009));
#2716=CARTESIAN_POINT('',(2.,-25.,-26.2503168668009));
#2717=CARTESIAN_POINT('Origin',(10.,14.9999998148966,-120.));
#2718=CARTESIAN_POINT('',(20.,24.9999998148966,-119.999999814897));
#2719=CARTESIAN_POINT('',(10.,24.9999998148966,-119.999999814897));
#2720=CARTESIAN_POINT('Origin',(20.,14.9999998148966,-120.));
#2721=CARTESIAN_POINT('Origin',(0.,25.,-129.999999537242));
#2722=CARTESIAN_POINT('',(10.,24.9999993521382,-95.));
#2723=CARTESIAN_POINT('',(10.,24.9999993521382,-95.));
#2724=CARTESIAN_POINT('',(20.,24.9999991670348,-85.));
#2725=CARTESIAN_POINT('Origin',(10.,24.9999991670348,-85.));
#2726=CARTESIAN_POINT('',(20.,24.9999985098233,-49.4948961716079));
#2727=CARTESIAN_POINT('',(20.,24.9999995141036,-103.749999537242));
#2728=CARTESIAN_POINT('',(10.,24.9999980564145,-24.9999995372416));
#2729=CARTESIAN_POINT('Ctrl Pts',(10.,24.9999980564145,-24.9999995372416));
#2730=CARTESIAN_POINT('Ctrl Pts',(11.4059705450075,24.9999980975636,-27.2230340734944));
#2731=CARTESIAN_POINT('Ctrl Pts',(12.9568219563897,24.9999981427931,-29.6665070434969));
#2732=CARTESIAN_POINT('Ctrl Pts',(15.7995508303618,24.9999982356761,-34.6844030203077));
#2733=CARTESIAN_POINT('Ctrl Pts',(17.0782919956218,24.999998283467,-37.2662566290757));
#2734=CARTESIAN_POINT('Ctrl Pts',(18.5691341710985,24.9999983562408,-41.1977741302438));
#2735=CARTESIAN_POINT('Ctrl Pts',(19.0891080851504,24.9999983867877,-42.8480363436914));
#2736=CARTESIAN_POINT('Ctrl Pts',(19.8066769180965,24.9999984489995,-46.2089607069294));
#2737=CARTESIAN_POINT('Ctrl Pts',(20.,24.9999984806813,-47.9205334894184));
#2738=CARTESIAN_POINT('Ctrl Pts',(20.,24.9999985098233,-49.4948961716079));
#2739=CARTESIAN_POINT('',(0.,24.9999980564145,-25.));
#2740=CARTESIAN_POINT('',(0.,24.9999980564145,-24.9999995372416));
#2741=CARTESIAN_POINT('',(0.,24.999997593453,0.0109693821737477));
#2742=CARTESIAN_POINT('',(0.,24.999997593453,0.0109693821737477));
#2743=CARTESIAN_POINT('',(40.,24.999997593453,0.0109693821737477));
#2744=CARTESIAN_POINT('',(0.,24.999997593453,0.0109693821737477));
#2745=CARTESIAN_POINT('',(40.,24.9999998148966,-119.99999944469));
#2746=CARTESIAN_POINT('',(40.,24.999998796828,-64.9999995372416));
#2747=CARTESIAN_POINT('',(0.,24.9999998148966,-119.99999944469));
#2748=CARTESIAN_POINT('Origin',(20.,-25.,-95.));
#2749=CARTESIAN_POINT('',(10.,-25.,-95.));
#2750=CARTESIAN_POINT('',(10.,-25.,-95.));
#2751=CARTESIAN_POINT('',(10.,-12.5,-95.));
#2752=CARTESIAN_POINT('Origin',(0.,-0.00194080731034996,-52.5006337336017));
#2753=CARTESIAN_POINT('Origin',(0.,-15.,-119.999999907448));
#2754=CARTESIAN_POINT('',(20.,-25.,-119.999999907448));
#2755=CARTESIAN_POINT('Origin',(20.,-15.,-119.999999907448));
#2756=CARTESIAN_POINT('',(40.,-14.9999999074483,-129.999999907448));
#2757=CARTESIAN_POINT('',(0.,-14.9999999074483,-129.999999907448));
#2758=CARTESIAN_POINT('',(40.,-25.,-119.999999907448));
#2759=CARTESIAN_POINT('Origin',(40.,-15.,-119.999999907448));
#2760=CARTESIAN_POINT('',(0.,-25.,-119.999999907448));
#2761=CARTESIAN_POINT('Origin',(0.,0.,0.));
#2762=CARTESIAN_POINT('',(40.,-25.,0.));
#2763=CARTESIAN_POINT('Origin',(40.,0.,0.));
#2764=CARTESIAN_POINT('',(0.,-25.,0.));
#2765=CARTESIAN_POINT('Origin',(0.,0.,0.));
#2766=CARTESIAN_POINT('',(0.,-25.,0.));
#2767=CARTESIAN_POINT('Origin',(0.,0.,-25.));
#2768=CARTESIAN_POINT('',(10.,-25.,-25.));
#2769=CARTESIAN_POINT('Origin',(10.,0.,-25.));
#2770=CARTESIAN_POINT('',(0.,-24.9999980564145,-25.));
#2771=CARTESIAN_POINT('',(0.,-25.,-25.));
#2772=CARTESIAN_POINT('Origin',(0.,0.,-25.));
#2773=CARTESIAN_POINT('Origin',(0.,0.,0.));
#2774=CARTESIAN_POINT('',(0.,-25.,-130.));
#2775=CARTESIAN_POINT('',(0.,3.59999999999988,-34.7499999999999));
#2776=CARTESIAN_POINT('Origin',(0.,5.09999999999988,-34.7499999999999));
#2777=CARTESIAN_POINT('',(0.,3.59999999999988,14.7500000000002));
#2778=CARTESIAN_POINT('Origin',(0.,5.09999999999987,14.7500000000002));
#2779=CARTESIAN_POINT('',(0.,-6.60000000000012,14.7500000000002));
#2780=CARTESIAN_POINT('Origin',(0.,-5.10000000000012,14.7500000000002));
#2781=CARTESIAN_POINT('',(0.,-6.60000000000013,-34.7499999999999));
#2782=CARTESIAN_POINT('Origin',(0.,-5.10000000000012,-34.7499999999999));
#2783=CARTESIAN_POINT('',(0.,1.10218211923263E-15,9.00000000000007));
#2784=CARTESIAN_POINT('Origin',(0.,1.55424380731045E-29,7.105427357601E-14));
#2785=CARTESIAN_POINT('Origin',(0.,-25.,-130.));
#2786=CARTESIAN_POINT('',(29.1049119719441,14.9999999074483,-129.999999629793));
#2787=CARTESIAN_POINT('',(28.7999999999986,14.239845299724,-129.999999647009));
#2788=CARTESIAN_POINT('Origin',(29.899999999999,14.239845299724,-129.999999636829));
#2789=CARTESIAN_POINT('',(30.695088028054,14.9999999074483,-129.999999629793));
#2790=CARTESIAN_POINT('Origin',(29.899999999999,14.239845299724,-129.999999636829));
#2791=CARTESIAN_POINT('',(40.,14.9999999074483,-129.999999629793));
#2792=CARTESIAN_POINT('',(0.,14.9999999074483,-129.999999629793));
#2793=CARTESIAN_POINT('',(40.,-12.499999398414,-129.99999988431));
#2794=CARTESIAN_POINT('',(0.,14.9999999074483,-129.999999629793));
#2795=CARTESIAN_POINT('',(28.7999999999985,-13.5601547002856,-129.999999904303));
#2796=CARTESIAN_POINT('Origin',(29.8999999999989,-13.5601547002856,-129.999999894122));
#2797=CARTESIAN_POINT('',(27.1999999999981,0.789845299719325,-129.999999761311));
#2798=CARTESIAN_POINT('',(27.1999999999981,0.66980880324729,-129.999999762422));
#2799=CARTESIAN_POINT('',(27.1999999999981,-12.1650955669016,-129.999999881211));
#2800=CARTESIAN_POINT('',(27.0935483870949,0.493035787004365,-129.999999764058));
#2801=CARTESIAN_POINT('Origin',(26.9999999999981,0.669808803247241,-129.999999762422));
#2802=CARTESIAN_POINT('',(32.706451612903,0.493035787004696,-129.999999764058));
#2803=CARTESIAN_POINT('Origin',(29.8999999999993,-4.81015470028263,-129.99999981314));
#2804=CARTESIAN_POINT('',(32.5999999999998,0.669808803247596,-129.999999762422));
#2805=CARTESIAN_POINT('Origin',(32.7999999999998,0.669808803247566,-129.999999762422));
#2806=CARTESIAN_POINT('',(32.5999999999998,0.789845299719692,-129.999999761311));
#2807=CARTESIAN_POINT('',(32.5999999999998,-12.1050773186654,-129.999999880655));
#2808=CARTESIAN_POINT('Origin',(29.899999999999,0.789845299719508,-129.999999761311));
#2809=CARTESIAN_POINT('Origin',(40.,1.57772181044202E-29,7.105427357601E-14));
#2810=CARTESIAN_POINT('',(1.99999999999999,1.10218211923263E-15,9.00000000000007));
#2811=CARTESIAN_POINT('Origin',(1.99999999999999,1.55541770746702E-29,7.105427357601E-14));
#2812=CARTESIAN_POINT('',(40.,1.10218211923263E-15,9.00000000000007));
#2813=CARTESIAN_POINT('Origin',(1.99999999999999,-1.24344978758018E-13,
-9.99999999999982));
#2814=CARTESIAN_POINT('',(1.99999999999998,-10.0000000000001,-29.4999999999999));
#2815=CARTESIAN_POINT('',(1.99999999999998,-10.0000000000001,9.50000000000021));
#2816=CARTESIAN_POINT('',(1.99999999999998,-10.0000000000001,9.50000000000021));
#2817=CARTESIAN_POINT('',(1.99999999999998,-9.5000000000001,-29.9999999999999));
#2818=CARTESIAN_POINT('Origin',(1.99999999999998,-9.5000000000001,-29.4999999999999));
#2819=CARTESIAN_POINT('',(1.99999999999999,9.49999999999987,-29.9999999999999));
#2820=CARTESIAN_POINT('',(1.99999999999998,-9.5000000000001,-29.9999999999999));
#2821=CARTESIAN_POINT('Origin',(1.99999999999999,9.49999999999989,-29.4999999999999));
#2822=CARTESIAN_POINT('',(1.99999999999999,9.49999999999985,10.0000000000002));
#2823=CARTESIAN_POINT('Origin',(1.99999999999999,9.49999999999985,9.50000000000021));
#2824=CARTESIAN_POINT('',(1.99999999999998,-9.50000000000012,10.0000000000002));
#2825=CARTESIAN_POINT('',(1.99999999999999,9.49999999999985,10.0000000000002));
#2826=CARTESIAN_POINT('Origin',(1.99999999999998,-9.50000000000014,9.50000000000021));
#2827=CARTESIAN_POINT('Origin',(40.,9.49999999999989,-29.4999999999999));
#2828=CARTESIAN_POINT('',(40.,9.49999999999987,-29.9999999999999));
#2829=CARTESIAN_POINT('Origin',(40.,9.49999999999987,-29.9999999999999));
#2830=CARTESIAN_POINT('',(40.,-9.5000000000001,-29.9999999999999));
#2831=CARTESIAN_POINT('Origin',(40.,-9.5000000000001,-29.4999999999999));
#2832=CARTESIAN_POINT('',(40.,-10.0000000000001,-29.4999999999999));
#2833=CARTESIAN_POINT('Origin',(40.,-10.0000000000001,-29.4999999999999));
#2834=CARTESIAN_POINT('',(40.,-10.0000000000001,9.50000000000021));
#2835=CARTESIAN_POINT('Origin',(40.,-9.50000000000014,9.50000000000021));
#2836=CARTESIAN_POINT('',(40.,-9.50000000000012,10.0000000000002));
#2837=CARTESIAN_POINT('Origin',(40.,-9.50000000000012,10.0000000000002));
#2838=CARTESIAN_POINT('',(40.,9.49999999999985,10.0000000000002));
#2839=CARTESIAN_POINT('Origin',(40.,9.49999999999985,9.50000000000021));
#2840=CARTESIAN_POINT('Origin',(40.,-9.99999916553506,16.0000004172327));
#2841=CARTESIAN_POINT('',(40.,-13.9999991655351,16.0000004172327));
#2842=CARTESIAN_POINT('',(40.,-9.9999991655351,20.0000004172327));
#2843=CARTESIAN_POINT('Origin',(40.,-9.99999916553506,16.0000004172327));
#2844=CARTESIAN_POINT('',(40.,-13.9999991655351,16.0000004172327));
#2845=CARTESIAN_POINT('',(40.,-9.9999991655351,20.0000004172327));
#2846=CARTESIAN_POINT('Origin',(40.,-9.9999991655351,20.0000004172327));
#2847=CARTESIAN_POINT('',(40.,10.0000012516974,20.0000004172327));
#2848=CARTESIAN_POINT('',(40.,-4.9999996290434,20.0000004172327));
#2849=CARTESIAN_POINT('',(40.,10.0000012516974,20.0000004172327));
#2850=CARTESIAN_POINT('Origin',(40.,10.0000012516974,16.0000004172327));
#2851=CARTESIAN_POINT('Origin',(40.,10.0000012516974,16.0000004172327));
#2852=CARTESIAN_POINT('Origin',(40.,10.0000012516974,-39.0000006407497));
#2853=CARTESIAN_POINT('',(40.,10.0000012516974,-43.0000006407498));
#2854=CARTESIAN_POINT('Origin',(40.,10.0000012516974,-43.0000006407498));
#2855=CARTESIAN_POINT('',(40.,-9.99999916553509,-43.0000006407498));
#2856=CARTESIAN_POINT('Origin',(40.,-9.99999916553506,-39.0000006407497));
#2857=CARTESIAN_POINT('Origin',(40.,-5.10000000000012,-34.7499999999999));
#2858=CARTESIAN_POINT('',(40.,-6.60000000000013,-34.7499999999999));
#2859=CARTESIAN_POINT('Origin',(40.,-5.10000000000012,14.7500000000002));
#2860=CARTESIAN_POINT('',(40.,-6.60000000000012,14.7500000000002));
#2861=CARTESIAN_POINT('Origin',(40.,5.09999999999987,14.7500000000002));
#2862=CARTESIAN_POINT('',(40.,3.59999999999988,14.7500000000002));
#2863=CARTESIAN_POINT('Origin',(40.,5.09999999999988,-34.7499999999999));
#2864=CARTESIAN_POINT('',(40.,3.59999999999988,-34.7499999999999));
#2865=CARTESIAN_POINT('Origin',(10.,-12.5,-85.));
#2866=CARTESIAN_POINT('',(20.,-25.,-85.));
#2867=CARTESIAN_POINT('Origin',(10.,-25.,-85.));
#2868=CARTESIAN_POINT('',(20.,-12.5,-85.));
#2869=CARTESIAN_POINT('Origin',(20.,-4.44089209850063E-15,-77.5));
#2870=CARTESIAN_POINT('',(20.,-25.,-49.4948946507026));
#2871=CARTESIAN_POINT('Origin',(20.,0.,-25.));
#2872=CARTESIAN_POINT('',(20.,-25.,-38.75));
#2873=CARTESIAN_POINT('Origin',(10.,0.,-25.));
#2874=CARTESIAN_POINT('Ctrl Pts',(20.,-25.,-49.4948946507025));
#2875=CARTESIAN_POINT('Ctrl Pts',(20.,-25.,-49.2729492877678));
#2876=CARTESIAN_POINT('Ctrl Pts',(19.9963809788985,-25.,-49.0483019727101));
#2877=CARTESIAN_POINT('Ctrl Pts',(19.8850455203776,-25.,-45.6056594726748));
#2878=CARTESIAN_POINT('Ctrl Pts',(19.0597164079536,-24.999999999746,-42.6127405628911));
#2879=CARTESIAN_POINT('Ctrl Pts',(16.161223148133,-24.999999999746,-34.5959075788937));
#2880=CARTESIAN_POINT('Ctrl Pts',(12.4395284084087,-25.,-28.8614942515334));
#2881=CARTESIAN_POINT('Ctrl Pts',(10.0876156586776,-25.,-25.1382196478416));
#2882=CARTESIAN_POINT('Ctrl Pts',(10.0652793504681,-24.9999980564145,-25.1032157118156));
#2883=CARTESIAN_POINT('Ctrl Pts',(10.,-24.9999980564145,-25.));
#2884=CARTESIAN_POINT('Origin',(40.,-13.9999991655351,-39.0000006407498));
#2885=CARTESIAN_POINT('',(40.,-13.9999991655351,-45.7500003203749));
#2886=CARTESIAN_POINT('Origin',(40.,-9.25516974170648E-8,-52.5));
#2887=CARTESIAN_POINT('Origin',(40.,14.9999998148966,-119.999999629793));
#2888=CARTESIAN_POINT('',(40.,-25.,0.));
#2889=CARTESIAN_POINT('',(40.0000000000001,18.8280853347625,-22.4388205659268));
#2890=CARTESIAN_POINT('',(40.,7.00000057957289,-22.4388205659268));
#2891=CARTESIAN_POINT('',(40.,18.8280853347624,-118.198445544447));
#2892=CARTESIAN_POINT('',(40.,18.8280853347624,-37.4694102829634));
#2893=CARTESIAN_POINT('',(40.,-18.8280845394982,-118.198445544447));
#2894=CARTESIAN_POINT('',(40.,9.41404262110536,-118.198445544447));
#2895=CARTESIAN_POINT('',(40.0000000000001,-18.8280845394982,-22.4388205659268));
#2896=CARTESIAN_POINT('',(40.,-18.8280845394982,-87.8492227722235));
#2897=CARTESIAN_POINT('',(40.,-9.41404231602497,-22.4388205659268));
#2898=CARTESIAN_POINT('',(40.,-20.0000002980232,6.80000007450581));
#2899=CARTESIAN_POINT('Origin',(40.,-20.0000002980232,5.00000007450581));
#2900=CARTESIAN_POINT('',(40.,-22.0000003278255,-114.200001728535));
#2901=CARTESIAN_POINT('Origin',(40.,-22.0000003278255,-116.000001728535));
#2902=CARTESIAN_POINT('',(40.,20.0000002980232,6.80000007450581));
#2903=CARTESIAN_POINT('Origin',(40.,20.0000002980232,5.00000007450581));
#2904=CARTESIAN_POINT('',(40.,22.0000003278255,-114.200001728535));
#2905=CARTESIAN_POINT('Origin',(40.,22.0000003278255,-116.000001728535));
#2906=CARTESIAN_POINT('Origin',(40.0000000000001,-18.8280845394982,-22.4388205659268));
#2907=CARTESIAN_POINT('',(40.0000000000001,-18.8280845394982,-22.4388205659268));
#2908=CARTESIAN_POINT('Origin',(40.0000000000001,14.0000012516975,-22.4388205659268));
#2909=CARTESIAN_POINT('',(40.0000000000001,18.8280853347625,-22.4388205659268));
#2910=CARTESIAN_POINT('Origin',(40.0000000000001,18.8280853347625,-22.4388205659268));
#2911=CARTESIAN_POINT('',(40.0000000000001,18.8280853347624,-118.198445544447));
#2912=CARTESIAN_POINT('Origin',(40.0000000000001,18.8280853347624,-118.198445544447));
#2913=CARTESIAN_POINT('',(40.0000000000001,-18.8280845394982,-118.198445544447));
#2914=CARTESIAN_POINT('',(28.7999999999986,14.239845299724,-118.198445544447));
#2915=CARTESIAN_POINT('Origin',(29.899999999999,14.239845299724,-118.198445544447));
#2916=CARTESIAN_POINT('',(28.7999999999985,-13.5601547002856,-118.198445544447));
#2917=CARTESIAN_POINT('Origin',(29.8999999999989,-13.5601547002856,-118.198445544447));
#2918=CARTESIAN_POINT('',(35.1500000000005,-10.9101547002844,-118.198445544447));
#2919=CARTESIAN_POINT('',(24.6499999999973,-10.910154700285,-118.198445544447));
#2920=CARTESIAN_POINT('',(37.5750000000011,-10.9101547002843,-118.198445544447));
#2921=CARTESIAN_POINT('',(23.7999999999971,-10.0601547002848,-118.198445544447));
#2922=CARTESIAN_POINT('Origin',(24.6499999999973,-10.0601547002848,-118.198445544447));
#2923=CARTESIAN_POINT('',(23.7999999999971,10.7398452997224,-118.198445544447));
#2924=CARTESIAN_POINT('',(23.7999999999971,4.38396531723885,-118.198445544447));
#2925=CARTESIAN_POINT('',(24.6499999999974,11.5898452997228,-118.198445544447));
#2926=CARTESIAN_POINT('Origin',(24.6499999999974,10.7398452997225,-118.198445544447));
#2927=CARTESIAN_POINT('',(35.1500000000006,11.5898452997234,-118.198445544447));
#2928=CARTESIAN_POINT('',(32.3249999999989,11.5898452997232,-118.198445544447));
#2929=CARTESIAN_POINT('',(36.0000000000008,10.7398452997231,-118.198445544447));
#2930=CARTESIAN_POINT('Origin',(35.1500000000006,10.7398452997231,-118.198445544447));
#2931=CARTESIAN_POINT('',(36.0000000000007,-10.060154700284,-118.198445544447));
#2932=CARTESIAN_POINT('',(36.0000000000008,14.7839653172428,-118.198445544447));
#2933=CARTESIAN_POINT('Origin',(35.1500000000006,-10.0601547002842,-118.198445544447));
#2934=CARTESIAN_POINT('Origin',(40.0000000000001,-18.8280845394982,-123.198445544447));
#2935=CARTESIAN_POINT('Origin',(29.8999999999993,-4.81015470028262,-123.198445544447));
#2936=CARTESIAN_POINT('',(27.0935483870949,0.493035787004367,-127.198445544447));
#2937=CARTESIAN_POINT('',(32.706451612903,0.493035787004698,-127.198445544447));
#2938=CARTESIAN_POINT('Origin',(29.8999999999993,-4.81015470028263,-127.198445544447));
#2939=CARTESIAN_POINT('',(32.706451612903,0.4930357870047,-123.198445544447));
#2940=CARTESIAN_POINT('',(27.0935483870949,0.493035787004369,-123.198445544447));
#2941=CARTESIAN_POINT('Origin',(26.9999999999981,0.669808803247245,-123.198445544447));
#2942=CARTESIAN_POINT('',(27.1999999999981,0.669808803247291,-127.198445544447));
#2943=CARTESIAN_POINT('Origin',(26.9999999999981,0.669808803247243,-127.198445544447));
#2944=CARTESIAN_POINT('',(27.1999999999981,0.669808803247294,-123.198445544447));
#2945=CARTESIAN_POINT('Origin',(27.1999999999981,0.669808803247294,-123.198445544447));
#2946=CARTESIAN_POINT('',(27.1999999999981,0.789845299719327,-127.198445544447));
#2947=CARTESIAN_POINT('',(27.1999999999981,0.504827051483235,-127.198445544447));
#2948=CARTESIAN_POINT('',(27.1999999999981,0.789845299719329,-123.198445544447));
#2949=CARTESIAN_POINT('Origin',(29.899999999999,0.789845299719512,-123.198445544447));
#2950=CARTESIAN_POINT('',(32.5999999999998,0.789845299719693,-127.198445544447));
#2951=CARTESIAN_POINT('Origin',(29.899999999999,0.78984529971951,-127.198445544447));
#2952=CARTESIAN_POINT('',(32.5999999999998,0.789845299719696,-123.198445544447));
#2953=CARTESIAN_POINT('Origin',(32.5999999999998,0.789845299719696,-123.198445544447));
#2954=CARTESIAN_POINT('',(32.5999999999998,0.669808803247598,-127.198445544447));
#2955=CARTESIAN_POINT('',(32.5999999999998,0.564845299719435,-127.198445544447));
#2956=CARTESIAN_POINT('',(32.5999999999998,0.669808803247601,-123.198445544447));
#2957=CARTESIAN_POINT('Origin',(32.7999999999998,0.669808803247571,-123.198445544447));
#2958=CARTESIAN_POINT('Origin',(32.7999999999998,0.669808803247568,-127.198445544447));
#2959=CARTESIAN_POINT('Origin',(29.899999999999,0.339845299719178,-127.198445544447));
#2960=CARTESIAN_POINT('',(24.6499999999973,-10.910154700285,-127.198445544447));
#2961=CARTESIAN_POINT('',(23.7999999999971,-10.0601547002848,-127.198445544447));
#2962=CARTESIAN_POINT('Origin',(24.6499999999973,-10.0601547002848,-127.198445544447));
#2963=CARTESIAN_POINT('',(35.1500000000005,-10.9101547002844,-127.198445544447));
#2964=CARTESIAN_POINT('',(24.6499999999973,-10.910154700285,-127.198445544447));
#2965=CARTESIAN_POINT('',(36.0000000000007,-10.060154700284,-127.198445544447));
#2966=CARTESIAN_POINT('Origin',(35.1500000000006,-10.0601547002842,-127.198445544447));
#2967=CARTESIAN_POINT('',(36.0000000000008,10.7398452997231,-127.198445544447));
#2968=CARTESIAN_POINT('',(36.0000000000006,-14.0000002086163,-127.198445544447));
#2969=CARTESIAN_POINT('',(35.1500000000006,11.5898452997234,-127.198445544447));
#2970=CARTESIAN_POINT('Origin',(35.1500000000006,10.7398452997231,-127.198445544447));
#2971=CARTESIAN_POINT('',(24.6499999999974,11.5898452997228,-127.198445544447));
#2972=CARTESIAN_POINT('',(35.1500000000006,11.5898452997234,-127.198445544447));
#2973=CARTESIAN_POINT('',(23.7999999999971,10.7398452997224,-127.198445544447));
#2974=CARTESIAN_POINT('Origin',(24.6499999999974,10.7398452997225,-127.198445544447));
#2975=CARTESIAN_POINT('',(23.7999999999971,-12.4601547002856,-127.198445544447));
#2976=CARTESIAN_POINT('Origin',(24.6499999999973,-10.0601547002848,-123.198445544447));
#2977=CARTESIAN_POINT('',(24.6499999999973,-10.910154700285,-123.198445544447));
#2978=CARTESIAN_POINT('',(23.7999999999971,-10.0601547002848,-123.198445544447));
#2979=CARTESIAN_POINT('Origin',(23.7999999999971,-10.0601547002848,-123.198445544447));
#2980=CARTESIAN_POINT('',(23.7999999999971,10.7398452997224,-123.198445544447));
#2981=CARTESIAN_POINT('Origin',(24.6499999999974,10.7398452997225,-123.198445544447));
#2982=CARTESIAN_POINT('',(24.6499999999974,11.5898452997228,-123.198445544447));
#2983=CARTESIAN_POINT('Origin',(24.6499999999974,11.5898452997228,-123.198445544447));
#2984=CARTESIAN_POINT('',(35.1500000000006,11.5898452997234,-123.198445544447));
#2985=CARTESIAN_POINT('Origin',(35.1500000000006,10.7398452997231,-123.198445544447));
#2986=CARTESIAN_POINT('',(36.0000000000008,10.7398452997231,-123.198445544447));
#2987=CARTESIAN_POINT('Origin',(36.0000000000008,10.7398452997231,-123.198445544447));
#2988=CARTESIAN_POINT('',(36.0000000000007,-10.060154700284,-123.198445544447));
#2989=CARTESIAN_POINT('Origin',(35.1500000000006,-10.0601547002842,-123.198445544447));
#2990=CARTESIAN_POINT('',(35.1500000000005,-10.9101547002844,-123.198445544447));
#2991=CARTESIAN_POINT('Origin',(35.1500000000005,-10.9101547002844,-123.198445544447));
#2992=CARTESIAN_POINT('Origin',(0.,14.9999998148966,-119.999999629793));
#2993=CARTESIAN_POINT('Ctrl Pts',(30.695088028054,14.9999999074483,-129.999999629793));
#2994=CARTESIAN_POINT('Ctrl Pts',(30.6893761602802,15.0059742679778,-129.999999629738));
#2995=CARTESIAN_POINT('Ctrl Pts',(30.6836177643612,15.0118624539728,-129.999994275864));
#2996=CARTESIAN_POINT('Ctrl Pts',(30.580147883423,15.1153323349109,-129.999811517306));
#2997=CARTESIAN_POINT('Ctrl Pts',(30.4564591600045,15.1999834246593,-129.998157410999));
#2998=CARTESIAN_POINT('Ctrl Pts',(30.1854490719618,15.3122402074716,-129.995281436898));
#2999=CARTESIAN_POINT('Ctrl Pts',(30.038125746573,15.3398452997243,-129.994223213766));
#3000=CARTESIAN_POINT('Ctrl Pts',(29.899999999999,15.3398452997243,-129.994223213766));
#3001=CARTESIAN_POINT('Ctrl Pts',(29.7618275160014,15.3398452997243,-129.994223213766));
#3002=CARTESIAN_POINT('Ctrl Pts',(29.6144575459643,15.3122216752495,-129.995282211986));
#3003=CARTESIAN_POINT('Ctrl Pts',(29.3433762304687,15.199895073383,-129.998159373938));
#3004=CARTESIAN_POINT('Ctrl Pts',(29.2196629216948,15.1151926970959,-129.999813692008));
#3005=CARTESIAN_POINT('Ctrl Pts',(29.1162515923955,15.0117288487497,-129.999994396612));
#3006=CARTESIAN_POINT('Ctrl Pts',(29.1105590597465,15.005906510999,-129.999999629739));
#3007=CARTESIAN_POINT('Ctrl Pts',(29.1049119719441,14.9999999074483,-129.999999629793));
#3008=CARTESIAN_POINT('Origin',(29.8999999999989,-13.5601547002856,-123.198445544447));
#3009=CARTESIAN_POINT('',(28.7999999999985,-13.5601547002856,-123.198445544447));
#3010=CARTESIAN_POINT('Origin',(29.899999999999,14.239845299724,-123.198445544447));
#3011=CARTESIAN_POINT('',(28.7999999999986,14.239845299724,-123.198445544447));
#3012=CARTESIAN_POINT('Origin',(36.,22.0000003278255,-116.000001728535));
#3013=CARTESIAN_POINT('',(36.,22.0000003278255,-114.200001728535));
#3014=CARTESIAN_POINT('Origin',(36.,22.0000003278255,-116.000001728535));
#3015=CARTESIAN_POINT('Origin',(40.,22.0000003278255,-116.000001728535));
#3016=CARTESIAN_POINT('',(40.,22.0000003278255,-114.200001728535));
#3017=CARTESIAN_POINT('Origin',(36.,20.0000002980232,5.00000007450581));
#3018=CARTESIAN_POINT('',(36.,20.0000002980232,6.80000007450581));
#3019=CARTESIAN_POINT('Origin',(36.,20.0000002980232,5.00000007450581));
#3020=CARTESIAN_POINT('Origin',(40.,20.0000002980232,5.00000007450581));
#3021=CARTESIAN_POINT('',(40.,20.0000002980232,6.80000007450581));
#3022=CARTESIAN_POINT('Origin',(36.,-22.0000003278255,-116.000001728535));
#3023=CARTESIAN_POINT('',(36.,-22.0000003278255,-114.200001728535));
#3024=CARTESIAN_POINT('Origin',(36.,-22.0000003278255,-116.000001728535));
#3025=CARTESIAN_POINT('Origin',(40.,-22.0000003278255,-116.000001728535));
#3026=CARTESIAN_POINT('',(40.,-22.0000003278255,-114.200001728535));
#3027=CARTESIAN_POINT('Origin',(36.,-20.0000002980232,5.00000007450581));
#3028=CARTESIAN_POINT('',(36.,-20.0000002980232,6.80000007450581));
#3029=CARTESIAN_POINT('Origin',(36.,-20.0000002980232,5.00000007450581));
#3030=CARTESIAN_POINT('Origin',(40.,-20.0000002980232,5.00000007450581));
#3031=CARTESIAN_POINT('',(40.,-20.0000002980232,6.80000007450581));
#3032=CARTESIAN_POINT('Origin',(10.,-15.,-120.));
#3033=CARTESIAN_POINT('',(10.,-25.,-120.));
#3034=CARTESIAN_POINT('Origin',(0.,-25.,0.));
#3035=UNCERTAINTY_MEASURE_WITH_UNIT(LENGTH_MEASURE(0.01),#3039,
'DISTANCE_ACCURACY_VALUE',
'Maximum model space distance between geometric entities at asserted c
onnectivities');
#3036=UNCERTAINTY_MEASURE_WITH_UNIT(LENGTH_MEASURE(0.01),#3039,
'DISTANCE_ACCURACY_VALUE',
'Maximum model space distance between geometric entities at asserted c
onnectivities');
#3037=(
GEOMETRIC_REPRESENTATION_CONTEXT(3)
GLOBAL_UNCERTAINTY_ASSIGNED_CONTEXT((#3035))
GLOBAL_UNIT_ASSIGNED_CONTEXT((#3039,#3041,#3042))
REPRESENTATION_CONTEXT('','3D')
);
#3038=(
GEOMETRIC_REPRESENTATION_CONTEXT(3)
GLOBAL_UNCERTAINTY_ASSIGNED_CONTEXT((#3036))
GLOBAL_UNIT_ASSIGNED_CONTEXT((#3039,#3041,#3042))
REPRESENTATION_CONTEXT('','3D')
);
#3039=(
LENGTH_UNIT()
NAMED_UNIT(*)
SI_UNIT(.MILLI.,.METRE.)
);
#3040=(
LENGTH_UNIT()
NAMED_UNIT(*)
SI_UNIT($,.METRE.)
);
#3041=(
NAMED_UNIT(*)
PLANE_ANGLE_UNIT()
SI_UNIT($,.RADIAN.)
);
#3042=(
NAMED_UNIT(*)
SI_UNIT($,.STERADIAN.)
SOLID_ANGLE_UNIT()
);
#3043=SHAPE_DEFINITION_REPRESENTATION(#3044,#3045);
#3044=PRODUCT_DEFINITION_SHAPE('',$,#3047);
#3045=SHAPE_REPRESENTATION('',(#1798),#3037);
#3046=PRODUCT_DEFINITION_CONTEXT('part definition',#3051,'design');
#3047=PRODUCT_DEFINITION('FusionComponent','FusionComponent',#3048,#3046);
#3048=PRODUCT_DEFINITION_FORMATION('',$,#3053);
#3049=PRODUCT_RELATED_PRODUCT_CATEGORY('FusionComponent',
'FusionComponent',(#3053));
#3050=APPLICATION_PROTOCOL_DEFINITION('international standard',
'automotive_design',2009,#3051);
#3051=APPLICATION_CONTEXT(
'Core Data for Automotive Mechanical Design Process');
#3052=PRODUCT_CONTEXT('part definition',#3051,'mechanical');
#3053=PRODUCT('FusionComponent','FusionComponent',$,(#3052));
#3054=PRESENTATION_STYLE_ASSIGNMENT((#3056));
#3055=PRESENTATION_STYLE_ASSIGNMENT((#3057));
#3056=SURFACE_STYLE_USAGE(.BOTH.,#3058);
#3057=SURFACE_STYLE_USAGE(.BOTH.,#3059);
#3058=SURFACE_SIDE_STYLE('',(#3060));
#3059=SURFACE_SIDE_STYLE('',(#3061));
#3060=SURFACE_STYLE_FILL_AREA(#3062);
#3061=SURFACE_STYLE_FILL_AREA(#3063);
#3062=FILL_AREA_STYLE('Steel - Satin',(#3064));
#3063=FILL_AREA_STYLE('Plastic - Translucent Matte (Blue)',(#3065));
#3064=FILL_AREA_STYLE_COLOUR('Steel - Satin',#3066);
#3065=FILL_AREA_STYLE_COLOUR('Plastic - Translucent Matte (Blue)',#3067);
#3066=COLOUR_RGB('Steel - Satin',0.627450980392157,0.627450980392157,0.627450980392157);
#3067=COLOUR_RGB('Plastic - Translucent Matte (Blue)',0.215686274509804,
0.811764705882353,0.823529411764706);
ENDSEC;
END-ISO-10303-21;
