0
SECTION
2
HEADER
9
$INSUNITS
70
4
9
$ACADVER
1
AC1014
9
$HANDSEED
5
FFFF
0
ENDSEC
0
SECTION
2
TABLES
0
TABLE
2
VPORT
5
8
100
AcDbSymbolTable
0
ENDTAB
0
TABLE
2
LTYPE
5
5
100
AcDbSymbolTable
0
LTYPE
5
14
100
AcDbSymbolTableRecord
100
AcDbLinetypeTableRecord
2
BYBLOCK
70
0
0
LTYPE
5
15
100
AcDbSymbolTableRecord
100
AcDbLinetypeTableRecord
2
BYLAYER
70
0
0
LTYPE
5
16
100
AcDbSymbolTableRecord
100
AcDbLinetypeTableRecord
2
DASHED
70
0
3
Dashed __ __ __ __ __ __ __ __ __ __ __ __ __ _
72
65
73
2
40
0.75
49
0.5
74
0
49
-0.25
74
0
0
ENDTAB
0
TABLE
2
LAYER
5
2
100
AcDbSymbolTable
70
2
0
LAYER
5
50
100
AcDbSymbolTableRecord
100
AcDbLayerTableRecord
2
0
70
0
62
7
6
CONTINUOUS
0
ENDTAB
0
TABLE
2
STYLE
5
3
100
AcDbSymbolTable
70
1
0
STYLE
5
11
100
AcDbSymbolTableRecord
100
AcDbTextStyleTableRecord
2
STANDARD
70
0
0
ENDTAB
0
TABLE
2
VIEW
5
6
100
AcDbSymbolTable
70
0
0
ENDTAB
0
TABLE
2
UCS
5
7
100
AcDbSymbolTable
70
0
0
ENDTAB
0
TABLE
2
APPID
5
9
100
AcDbSymbolTable
70
2
0
APPID
5
12
100
AcDbSymbolTableRecord
100
AcDbRegAppTableRecord
2
ACAD
70
0
0
ENDTAB
0
TABLE
2
DIMSTYLE
5
A
100
AcDbSymbolTable
70
1
0
ENDTAB
0
TABLE
2
BLOCK_RECORD
5
1
100
AcDbSymbolTable
70
1
0
BLOCK_RECORD
5
1F
100
AcDbSymbolTableRecord
100
AcDbBlockTableRecord
2
*MODEL_SPACE
0
BLOCK_RECORD
5
1B
100
AcDbSymbolTableRecord
100
AcDbBlockTableRecord
2
*PAPER_SPACE
0
ENDTAB
0
ENDSEC
0
SECTION
2
BLOCKS
0
BLOCK
5
20
100
AcDbEntity
100
AcDbBlockBegin
2
*MODEL_SPACE
0
ENDBLK
5
21
100
AcDbEntity
100
AcDbBlockEnd
0
BLOCK
5
1C
100
AcDbEntity
100
AcDbBlockBegin
2
*PAPER_SPACE
0
ENDBLK
5
1D
100
AcDbEntity
100
AcDbBlockEnd
0
ENDSEC
0
SECTION
2
ENTITIES
0
LWPOLYLINE
5
100
100
AcDbEntity
8
0
100
AcDbPolyline
90
4
70
1
43
0.0
10
-142.43224735918784
20
90.039459502195868
10
-142.43224735918784
20
55.179079775699655
10
-151.83901649173444
20
55.179079775699655
10
-151.83901649173444
20
90.039459502195868
0
LWPOLYLINE
5
101
100
AcDbEntity
8
0
100
AcDbPolyline
90
4
70
1
43
0.0
10
-104.50931871746008
20
-95.166175680081736
10
-104.50931871746008
20
-120.34090323621939
10
-126.47025126643122
20
-120.34090323621939
10
-126.47025126643122
20
-95.166175680081736
0
LWPOLYLINE
5
102
100
AcDbEntity
8
0
100
AcDbPolyline
90
4
70
1
43
0.0
10
-190
20
-95.433991930678957
10
-190
20
-120
10
-212.17145145753807
20
-120
10
-212.17145145753807
20
-95.433991930678957
0
CIRCLE
5
103
100
AcDbEntity
8
0
100
AcDbCircle
10
-139.90410364013519
20
-127.08350055721965
30
0
40
1.2999999999999901
210
0
220
-0
230
1
0
CIRCLE
5
104
100
AcDbEntity
8
0
100
AcDbCircle
10
-157.88634833618352
20
55.238987639264778
30
0
40
1.2999999999999901
210
0
220
-0
230
1
0
CIRCLE
5
105
100
AcDbEntity
8
0
100
AcDbCircle
10
-137.75330601078326
20
93.319659790781969
30
0
40
1.2999999999999901
210
0
220
-0
230
1
0
CIRCLE
5
106
100
AcDbEntity
8
0
100
AcDbCircle
10
-157.88634833618238
20
96.238987639265076
30
0
40
1.2999999999999901
210
0
220
-0
230
1
0
CIRCLE
5
107
100
AcDbEntity
8
0
100
AcDbCircle
10
-137.75330601078383
20
56.577859467320991
30
0
40
1.2999999999999901
210
0
220
-0
230
1
0
CIRCLE
5
108
100
AcDbEntity
8
0
100
AcDbCircle
10
-139.90410364013525
20
-90.341700233758644
30
0
40
1.3000000000000078
210
0
220
-0
230
1
0
CIRCLE
5
109
100
AcDbEntity
8
0
100
AcDbCircle
10
-177.2836045119339
20
-127.08350055721971
30
0
40
1.2999999999999901
210
0
220
-0
230
1
0
CIRCLE
5
110
100
AcDbEntity
8
0
100
AcDbCircle
10
-215.88634833618352
20
55.238987639266377
30
0
40
1.2999999999999901
210
0
220
-0
230
1
0
CIRCLE
5
111
100
AcDbEntity
8
0
100
AcDbCircle
10
-100.37380513898484
20
93.319659790781344
30
0
40
1.2999999999999901
210
0
220
-0
230
1
0
CIRCLE
5
112
100
AcDbEntity
8
0
100
AcDbCircle
10
-215.88634833618241
20
96.238987639266682
30
0
40
1.2999999999999901
210
0
220
-0
230
1
0
CIRCLE
5
113
100
AcDbEntity
8
0
100
AcDbCircle
10
-100.3738051389854
20
56.577859467320366
30
0
40
1.2999999999999901
210
0
220
-0
230
1
0
CIRCLE
5
114
100
AcDbEntity
8
0
100
AcDbCircle
10
-177.28360451193396
20
-90.341700233758701
30
0
40
1.2999999999999901
210
0
220
-0
230
1
0
CIRCLE
5
115
100
AcDbEntity
8
0
100
AcDbCircle
10
-104.52459401481414
20
48.426642496596493
30
0
40
1.2999999999999901
210
0
220
-0
230
1
0
LWPOLYLINE
5
116
100
AcDbEntity
8
0
100
AcDbPolyline
90
20
70
1
43
0.0
10
-86.012438949332264
20
29.430739896679889
10
-97.16063199251343
20
29.430739896679899
10
-97.160631992513402
20
98.592299720698918
10
-101.41738975539992
20
98.592299720698918
10
-101.41738975539992
20
127.22630013084074
10
-133.53985000244668
20
127.22630013084074
10
-133.53985000244668
20
113.3355065104962
10
-183.89397687619564
20
113.3355065104962
10
-183.89397687619564
20
127.22630013084074
10
-217.46339479202831
20
127.22630013084074
10
-217.46339479202831
20
98.592299720698918
10
-224.67535061827482
20
98.592299720698918
10
-224.67535061827482
20
29.430739896679921
10
-233.78901556846611
20
29.430739896679917
10
-233.78901556846617
20
-68.083978729081508
10
-224.67535061827482
20
-68.083978729081508
10
-224.67535061827488
20
-130.25835263364917
10
-97.160631992513444
20
-130.2583526336492
10
-97.16063199251343
20
-68.083978729081522
10
-86.012438949332306
20
-68.083978729081508
0
SPLINE
5
117
100
AcDbEntity
8
0
100
AcDbSpline
70
0
71
3
72
9
73
5
74
0
42
0.000000001
43
0.0000000001
44
0.0000000001
40
0
40
0
40
0
40
0
40
0.074308359446086422
40
0.1624870872274094
40
0.1624870872274094
40
0.1624870872274094
40
0.1624870872274094
10
-168.32049090471898
20
-103.13896899927269
30
0
10
-168.56388836661773
20
-103.18761938222656
30
0
10
-169.09611576226035
20
-103.29400120894971
30
0
10
-169.63907181646067
20
-103.30183800347751
30
0
10
-169.933723994166
20
-103.30609088647972
30
0
0
LINE
5
118
100
AcDbEntity
8
0
100
AcDbLine
10
-169.933723994166
20
-103.30609088647972
30
0
11
-173.74682147112523
21
-103.30609088647972
31
0
0
LINE
5
119
100
AcDbEntity
8
0
100
AcDbLine
10
-173.74682147112523
20
-103.30609088647972
30
0
11
-173.74682147112523
21
-93.306090886479723
31
0
0
LINE
5
120
100
AcDbEntity
8
0
100
AcDbLine
10
-173.74682147112523
20
-93.306090886479723
30
0
11
-169.99511677828465
21
-93.306090886479723
31
0
0
SPLINE
5
121
100
AcDbEntity
8
0
100
AcDbSpline
70
0
71
3
72
9
73
5
74
0
42
0.000000001
43
0.0000000001
44
0.0000000001
40
0
40
0
40
0
40
0
40
0.10353566149939941
40
0.18726647971322607
40
0.18726647971322607
40
0.18726647971322607
40
0.18726647971322607
10
-169.99511677828465
20
-93.306090886479723
30
0
10
-169.64758861218723
20
-93.312439209617466
30
0
10
-169.01900928672814
20
-93.323921515413105
30
0
10
-168.42318601831676
20
-93.521359126038988
30
0
10
-168.15678078737889
20
-93.609637672788011
30
0
0
SPLINE
5
122
100
AcDbEntity
8
0
100
AcDbSpline
70
0
71
3
72
9
73
5
74
0
42
0.000000001
43
0.0000000001
44
0.0000000001
40
0
40
0
40
0
40
0
40
0.072775378727987006
40
0.14487646027278511
40
0.14487646027278511
40
0.14487646027278511
40
0.14487646027278511
10
-168.15678078737889
20
-93.609637672788011
30
0
10
-167.93880777915194
20
-93.72396910790323
30
0
10
-167.50488138235556
20
-93.951572645073597
30
0
10
-167.21597677185858
20
-94.347240642518074
30
0
10
-167.07219678965245
20
-94.544153864270555
30
0
0
SPLINE
5
123
100
AcDbEntity
8
0
100
AcDbSpline
70
0
71
3
72
9
73
5
74
0
42
0.000000001
43
0.0000000001
44
0.0000000001
40
0
40
0
40
0
40
0
40
0.070933519969012912
40
0.13908811669253057
40
0.13908811669253057
40
0.13908811669253057
40
0.13908811669253057
10
-167.07219678965245
20
-94.544153864270555
30
0
10
-166.95781200720617
20
-94.754506395827818
30
0
10
-166.73352363161604
20
-95.166970594257378
30
0
10
-166.69758398615724
20
-95.634820615438727
30
0
10
-166.67997319307958
20
-95.864071900731432
30
0
0
SPLINE
5
124
100
AcDbEntity
8
0
100
AcDbSpline
70
0
71
3
72
9
73
5
74
0
42
0.000000001
43
0.0000000001
44
0.0000000001
40
0
40
0
40
0
40
0
40
0.062848850497537953
40
0.12689665546125586
40
0.12689665546125586
40
0.12689665546125586
40
0.12689665546125586
10
-166.67997319307958
20
-95.864071900731432
30
0
10
-166.69500867248667
20
-96.075553257901191
30
0
10
-166.72536646001839
20
-96.502550358163219
30
0
10
-166.92639442186515
20
-96.880618017292349
30
0
10
-167.02785808649693
20
-97.07143789041649
30
0
0
SPLINE
5
125
100
AcDbEntity
8
0
100
AcDbSpline
70
0
71
3
72
9
73
5
74
0
42
0.000000001
43
0.0000000001
44
0.0000000001
40
0
40
0
40
0
40
0
40
0.067254630774159371
40
0.14066192262630484
40
0.14066192262630484
40
0.14066192262630484
40
0.14066192262630484
10
-167.02785808649693
20
-97.07143789041649
30
0
10
-167.16334625811618
20
-97.253355738500488
30
0
10
-167.44671747722356
20
-97.633833840558125
30
0
10
-167.86174548163348
20
-97.864902647690926
30
0
10
-168.0783363064829
20
-97.985490615254747
30
0
0
SPLINE
5
126
100
AcDbEntity
8
0
100
AcDbSpline
70
0
71
3
72
9
73
5
74
0
42
0.000000001
43
0.0000000001
44
0.0000000001
40
0
40
0
40
0
40
0
40
0.087934160559150279
40
0.16860821204306969
40
0.16860821204306969
40
0.16860821204306969
40
0.16860821204306969
10
-168.0783363064829
20
-97.985490615254747
30
0
10
-167.79728901435419
20
-98.084844222979427
30
0
10
-167.25839854079939
20
-98.275348505410349
30
0
10
-166.86947310788983
20
-98.692923625805577
30
0
10
-166.68338377085362
20
-98.892720992452013
30
0
0
SPLINE
5
127
100
AcDbEntity
8
0
100
AcDbSpline
70
0
71
3
72
9
73
5
74
0
42
0.000000001
43
0.0000000001
44
0.0000000001
40
0
40
0
40
0
40
0
40
0.078908690244163651
40
0.16132993712058749
40
0.16132993712058749
40
0.16132993712058749
40
0.16132993712058749
10
-166.68338377085362
20
-98.892720992452013
30
0
10
-166.54115047772149
20
-99.119160300942596
30
0
10
-166.25035249125816
20
-99.582118680905268
30
0
10
-166.21415461152242
20
-100.12810779985998
30
0
10
-166.19566161242162
20
-100.40704613435875
30
0
0
SPLINE
5
128
100
AcDbEntity
8
0
100
AcDbSpline
70
0
71
3
72
9
73
5
74
0
42
0.000000001
43
0.0000000001
44
0.0000000001
40
0
40
0
40
0
40
0
40
0.068191265551486857
40
0.13485643533333755
40
0.13485643533333755
40
0.13485643533333755
40
0.13485643533333755
10
-166.19566161242162
20
-100.40704613435875
30
0
10
-166.20745594883871
20
-100.63595702546382
30
0
10
-166.23078066870528
20
-101.08865586502563
30
0
10
-166.4058458209216
20
-101.50667629955944
30
0
10
-166.49238783922826
20
-101.71332126367699
30
0
0
SPLINE
5
129
100
AcDbEntity
8
0
100
AcDbSpline
70
0
71
3
72
9
73
5
74
0
42
0.000000001
43
0.0000000001
44
0.0000000001
40
0
40
0
40
0
40
0
40
0.062915149160019126
40
0.11934975780490464
40
0.11934975780490464
40
0.11934975780490464
40
0.11934975780490464
10
-166.49238783922826
20
-101.71332126367699
30
0
10
-166.5927552085131
20
-101.89966293933294
30
0
10
-166.78315166112577
20
-102.25315226830094
30
0
10
-167.08360542224145
20
-102.5188103058875
30
0
10
-167.2256751736704
20
-102.64442687738548
30
0
0
SPLINE
5
130
100
AcDbEntity
8
0
100
AcDbSpline
70
0
71
3
72
9
73
5
74
0
42
0.000000001
43
0.0000000001
44
0.0000000001
40
0
40
0
40
0
40
0
40
0.05697521636028384
40
0.12071960243097678
40
0.12071960243097678
40
0.12071960243097678
40
0.12071960243097678
10
-167.2256751736704
20
-102.64442687738548
30
0
10
-167.3859865650677
20
-102.74824465609674
30
0
10
-167.72565578742328
20
-102.96821470223119
30
0
10
-168.11493642401359
20
-103.07996220926313
30
0
10
-168.32049090471898
20
-103.13896899927269
30
0
0
SPLINE
5
131
100
AcDbEntity
8
0
100
AcDbSpline
70
0
71
3
72
9
73
5
74
0
42
0.000000001
43
0.0000000001
44
0.0000000001
40
0
40
0
40
0
40
0
40
0.067256816558431062
40
0.13101510253322057
40
0.13101510253322057
40
0.13101510253322057
40
0.13101510253322057
10
-153.85595995989476
20
-102.46025210130821
30
0
10
-153.62717652649468
20
-102.44383244857822
30
0
10
-153.1815103989762
20
-102.41184725219129
30
0
10
-152.82304202148731
20
-102.14616330542206
30
0
10
-152.6485939702097
20
-102.01686864603172
30
0
0
SPLINE
5
132
100
AcDbEntity
8
0
100
AcDbSpline
70
0
71
3
72
9
73
5
74
0
42
0.000000001
43
0.0000000001
44
0.0000000001
40
0
40
0
40
0
40
0
40
0.068791044818849137
40
0.15186036605093625
40
0.15186036605093625
40
0.15186036605093625
40
0.15186036605093625
10
-152.6485939702097
20
-102.01686864603172
30
0
10
-152.50049351198109
20
-101.83690709908191
30
0
10
-152.1735528490193
20
-101.43963116779088
30
0
10
-152.08378310529091
20
-100.93089544767103
30
0
10
-152.03467804995213
20
-100.65261131036888
30
0
0
LINE
5
133
100
AcDbEntity
8
0
100
AcDbLine
10
-152.03467804995211
20
-100.65261131036885
30
0
11
-150.82731206026708
21
-100.80950146425377
31
0
0
SPLINE
5
134
100
AcDbEntity
8
0
100
AcDbSpline
70
0
71
3
72
9
73
5
74
0
42
0.000000001
43
0.0000000001
44
0.0000000001
40
0
40
0
40
0
40
0
40
0.11671159012289685
40
0.22371254375458299
40
0.22371254375458299
40
0.22371254375458299
40
0.22371254375458299
10
-150.82731206026708
20
-100.80950146425377
30
0
10
-150.91264231533688
20
-101.19734429237468
30
0
10
-151.07620317849364
20
-101.94076065371922
30
0
10
-151.59306045293076
20
-102.49750875051809
30
0
10
-151.84027154055272
20
-102.76379948366295
30
0
0
SPLINE
5
135
100
AcDbEntity
8
0
100
AcDbSpline
70
0
71
3
72
9
73
5
74
0
42
0.000000001
43
0.0000000001
44
0.0000000001
40
0
40
0
40
0
40
0
40
0.10511821159482393
40
0.21592936603709278
40
0.21592936603709278
40
0.21592936603709278
40
0.21592936603709278
10
-151.84027154055272
20
-102.76379948366295
30
0
10
-152.1324435996942
20
-102.96967680350535
30
0
10
-152.73261103545065
20
-103.39258125060857
30
0
10
-153.46597047662385
20
-103.44361339605487
30
0
10
-153.84231764879857
20
-103.46980219591271
30
0
0
SPLINE
5
136
100
AcDbEntity
8
0
100
AcDbSpline
70
0
71
3
72
9
73
5
74
0
42
0.000000001
43
0.0000000001
44
0.0000000001
40
0
40
0
40
0
40
0
40
0.13630722615725258
40
0.26410365816248194
40
0.26410365816248194
40
0.26410365816248194
40
0.26410365816248194
10
-153.84231764879857
20
-103.46980219591271
30
0
10
-154.30846727463481
20
-103.43478236506928
30
0
10
-155.21166092698303
20
-103.36692928277337
30
0
10
-155.9000677658579
20
-102.7811969509261
30
0
10
-156.23317916002904
20
-102.49776845682274
30
0
0
SPLINE
5
137
100
AcDbEntity
8
0
100
AcDbSpline
70
0
71
3
72
9
73
5
74
0
42
0.000000001
43
0.0000000001
44
0.0000000001
40
0
40
0
40
0
40
0
40
0.13631349056494235
40
0.29828268314470552
40
0.29828268314470552
40
0.29828268314470552
40
0.29828268314470552
10
-156.23317916002904
20
-102.49776845682274
30
0
10
-156.49628013188786
20
-102.11628756339609
30
0
10
-157.07200057964971
20
-101.28152686591744
30
0
10
-157.11412433094648
20
-100.26386910476403
30
0
10
-157.13699776735936
20
-99.711275155431139
30
0
0
SPLINE
5
138
100
AcDbEntity
8
0
100
AcDbSpline
70
0
71
3
72
9
73
5
74
0
42
0.000000001
43
0.0000000001
44
0.0000000001
40
0
40
0
40
0
40
0
40
0.11042188657985022
40
0.21010975651276881
40
0.21010975651276881
40
0.21010975651276881
40
0.21010975651276881
10
-157.13699776735936
20
-99.711275155431139
30
0
10
-157.1243751704603
20
-99.340775922959608
30
0
10
-157.10035700845305
20
-98.635793369827184
30
0
10
-156.86150809077245
20
-97.972685030244193
30
0
10
-156.74818474856053
20
-97.658069188481676
30
0
0
SPLINE
5
139
100
AcDbEntity
8
0
100
AcDbSpline
70
0
71
3
72
9
73
5
74
0
42
0.000000001
43
0.0000000001
44
0.0000000001
40
0
40
0
40
0
40
0
40
0.091279950517700728
40
0.17976751847883338
40
0.17976751847883338
40
0.17976751847883338
40
0.17976751847883338
10
-156.74818474856053
20
-97.658069188481676
30
0
10
-156.60378234358757
20
-97.384270108870993
30
0
10
-156.31939500707898
20
-96.845047850048047
30
0
10
-155.81364073242551
20
-96.505357483357983
30
0
10
-155.56469161120091
20
-96.338150555974352
30
0
0
SPLINE
5
140
100
AcDbEntity
8
0
100
AcDbSpline
70
0
71
3
72
9
73
5
74
0
42
0.000000001
43
0.0000000001
44
0.0000000001
40
0
40
0
40
0
40
0
40
0.089285172932202214
40
0.17991095429668494
40
0.17991095429668494
40
0.17991095429668494
40
0.17991095429668494
10
-155.56469161120091
20
-96.338150555974352
30
0
10
-155.29282860934089
20
-96.209827154103635
30
0
10
-154.74502060834456
20
-95.951253586612353
30
0
10
-154.14017353978466
20
-95.915957318028433
30
0
10
-153.83549649325047
20
-95.89817767847191
30
0
0
SPLINE
5
141
100
AcDbEntity
8
0
100
AcDbSpline
70
0
71
3
72
9
73
5
74
0
42
0.000000001
43
0.0000000001
44
0.0000000001
40
0
40
0
40
0
40
0
40
0.10829741231698035
40
0.20505327438380525
40
0.20505327438380525
40
0.20505327438380525
40
0.20505327438380525
10
-153.83549649325047
20
-95.89817767847191
30
0
10
-153.46804125187606
20
-95.916946879157933
30
0
10
-152.7722914752076
20
-95.952484995682582
30
0
10
-152.18309180955592
20
-96.321103993083995
30
0
10
-151.90507371035253
20
-96.495039517766344
30
0
0
SPLINE
5
142
100
AcDbEntity
8
0
100
AcDbSpline
70
0
71
3
72
9
73
5
74
0
42
0.000000001
43
0.0000000001
44
0.0000000001
40
0
40
0
40
0
40
0
40
0.094898170707879578
40
0.19816226133450313
40
0.19816226133450313
40
0.19816226133450313
40
0.19816226133450313
10
-151.90507371035253
20
-96.495039517766344
30
0
10
-151.67612283477013
20
-96.722056522961537
30
0
10
-151.198037504974
20
-97.196103628140648
30
0
10
-151.03055216624455
20
-97.849590909813969
30
0
10
-150.94327408877049
20
-98.190128857976305
30
0
0
LINE
5
143
100
AcDbEntity
8
0
100
AcDbLine
10
-150.94327408877047
20
-98.190128857976305
30
0
11
-152.13699776735936
21
-98.374303634053575
31
0
0
SPLINE
5
144
100
AcDbEntity
8
0
100
AcDbSpline
70
0
71
3
72
9
73
5
74
0
42
0.000000001
43
0.0000000001
44
0.0000000001
40
0
40
0
40
0
40
0
40
0.06817159092022404
40
0.12694997132625346
40
0.12694997132625346
40
0.12694997132625346
40
0.12694997132625346
10
-152.13699776735936
20
-98.374303634053575
30
0
10
-152.19871728000112
20
-98.151521658895433
30
0
10
-152.31365211215586
20
-97.736654336942678
30
0
10
-152.60553686950823
20
-97.421838435735424
30
0
10
-152.74068076220189
20
-97.276077325230943
30
0
0
SPLINE
5
145
100
AcDbEntity
8
0
100
AcDbSpline
70
0
71
3
72
9
73
5
74
0
42
0.000000001
43
0.0000000001
44
0.0000000001
40
0
40
0
40
0
40
0
40
0.055238940991580283
40
0.11285201241179407
40
0.11285201241179407
40
0.11285201241179407
40
0.11285201241179407
10
-152.74068076220189
20
-97.276077325230943
30
0
10
-152.89466747418669
20
-97.168655050649605
30
0
10
-153.20925913760777
20
-96.949193568464352
30
0
10
-153.5922330373069
20
-96.921742208041479
30
0
10
-153.7877484044138
20
-96.907727773076402
30
0
0
SPLINE
5
146
100
AcDbEntity
8
0
100
AcDbSpline
70
0
71
3
72
9
73
5
74
0
42
0.000000001
43
0.0000000001
44
0.0000000001
40
0
40
0
40
0
40
0
40
0.085700477409978798
40
0.1689714237277718
40
0.1689714237277718
40
0.1689714237277718
40
0.1689714237277718
10
-153.7877484044138
20
-96.907727773076402
30
0
10
-154.08104776368828
20
-96.933810304942739
30
0
10
-154.65933171043886
20
-96.98523595246624
30
0
10
-155.08531890622689
20
-97.378834116874316
30
0
10
-155.29525000658666
20
-97.572803552037584
30
0
0
SPLINE
5
147
100
AcDbEntity
8
0
100
AcDbSpline
70
0
71
3
72
9
73
5
74
0
42
0.000000001
43
0.0000000001
44
0.0000000001
40
0
40
0
40
0
40
0
40
0.096246630300690472
40
0.22166084182464016
40
0.22166084182464016
40
0.22166084182464016
40
0.22166084182464016
10
-155.29525000658666
20
-97.572803552037584
30
0
10
-155.46362141603598
20
-97.851964950009773
30
0
10
-155.85138926038687
20
-98.494887723369629
30
0
10
-155.86650676615139
20
-99.249955769897028
30
0
10
-155.87506014910375
20
-99.677168185597765
30
0
0
SPLINE
5
148
100
AcDbEntity
8
0
100
AcDbSpline
70
0
71
3
72
9
73
5
74
0
42
0.000000001
43
0.0000000001
44
0.0000000001
40
0
40
0
40
0
40
0
40
0.12679662780842837
40
0.22258959007695175
40
0.22258959007695175
40
0.22258959007695175
40
0.22258959007695175
10
-155.87506014910375
20
-99.677168185597765
30
0
10
-155.86789023529437
20
-100.1086685906097
30
0
10
-155.85530355847729
20
-100.86616111962839
30
0
10
-155.47806364911409
20
-101.51804443021834
30
0
10
-155.31571585741673
20
-101.79858690012108
30
0
0
SPLINE
5
149
100
AcDbEntity
8
0
100
AcDbSpline
70
0
71
3
72
9
73
5
74
0
42
0.000000001
43
0.0000000001
44
0.0000000001
40
0
40
0
40
0
40
0
40
0.081350371886851125
40
0.16452618076834952
40
0.16452618076834952
40
0.16452618076834952
40
0.16452618076834952
10
-155.31571585741673
20
-101.79858690012108
30
0
10
-155.11342408343307
20
-101.99156601853588
30
0
10
-154.70430127056287
20
-102.38185455175844
30
0
10
-154.14082434399663
20
-102.43392700150847
30
0
10
-153.85595995989476
20
-102.46025210130821
30
0
0
SPLINE
5
150
100
AcDbEntity
8
0
100
AcDbSpline
70
0
71
3
72
9
73
5
74
0
42
0.000000001
43
0.0000000001
44
0.0000000001
40
0
40
0
40
0
40
0
40
0.076200437864389542
40
0.16182845785084263
40
0.16182845785084263
40
0.16182845785084263
40
0.16182845785084263
10
-171.57424230185185
20
-118.74265199411522
30
0
10
-171.8238662357852
20
-118.7923441332926
30
0
10
-172.35399778624929
20
-118.89787636480939
30
0
10
-172.89460450635511
20
-118.90788657912336
30
0
10
-173.18065483179723
20
-118.9131832670034
30
0
0
LINE
5
151
100
AcDbEntity
8
0
100
AcDbLine
10
-173.1806548317972
20
-118.9131832670034
30
0
11
-176.78911317196523
21
-118.9131832670034
31
0
0
LINE
5
152
100
AcDbEntity
8
0
100
AcDbLine
10
-176.78911317196523
20
-118.9131832670034
30
0
11
-176.78911317196523
21
-108.9131832670034
31
0
0
LINE
5
153
100
AcDbEntity
8
0
100
AcDbLine
10
-176.78911317196523
20
-108.9131832670034
30
0
11
-173.34436554518376
21
-108.9131832670034
31
0
0
SPLINE
5
154
100
AcDbEntity
8
0
100
AcDbSpline
70
0
71
3
72
9
73
5
74
0
42
0.000000001
43
0.0000000001
44
0.0000000001
40
0
40
0
40
0
40
0
40
0.10289316268882275
40
0.17886136513132855
40
0.17886136513132855
40
0.17886136513132855
40
0.17886136513132855
10
-173.34436554518376
20
-108.9131832670034
30
0
10
-173.00066436892519
20
-108.91460192705122
30
0
10
-172.40320133079535
20
-108.91706801387542
30
0
10
-171.81418488826284
20
-109.01488421551379
30
0
10
-171.56401056852971
20
-109.05642991769921
30
0
0
SPLINE
5
155
100
AcDbEntity
8
0
100
AcDbSpline
70
0
71
3
72
9
73
5
74
0
42
0.000000001
43
0.0000000001
44
0.0000000001
40
0
40
0
40
0
40
0
40
0.084350087338153162
40
0.1644273401931135
40
0.1644273401931135
40
0.1644273401931135
40
0.1644273401931135
10
-171.56401056852971
20
-109.05642991769921
30
0
10
-171.29081739587349
20
-109.13338077360457
30
0
10
-170.75826991244645
20
-109.28338446608893
30
0
10
-170.31386323812421
20
-109.61242199914038
30
0
10
-170.09743411150609
20
-109.772665555364
30
0
0
SPLINE
5
156
100
AcDbEntity
8
0
100
AcDbSpline
70
0
71
3
72
9
73
5
74
0
42
0.000000001
43
0.0000000001
44
0.0000000001
40
0
40
0
40
0
40
0
40
0.1028567219844999
40
0.20960098449637787
40
0.20960098449637787
40
0.20960098449637787
40
0.20960098449637787
10
-170.09743411150609
20
-109.772665555364
30
0
10
-169.84914794406077
20
-110.0140931730018
30
0
10
-169.34319146276033
20
-110.50607333108158
30
0
10
-169.05878360142512
20
-111.15229244368662
30
0
10
-168.91394216623937
20
-111.48139482248436
30
0
0
SPLINE
5
157
100
AcDbEntity
8
0
100
AcDbSpline
70
0
71
3
72
9
73
5
74
0
42
0.000000001
43
0.0000000001
44
0.0000000001
40
0
40
0
40
0
40
0
40
0.11525987905765132
40
0.24191913218621974
40
0.24191913218621974
40
0.24191913218621974
40
0.24191913218621974
10
-168.91394216623937
20
-111.48139482248436
30
0
10
-168.79961335790216
20
-111.85011451434545
30
0
10
-168.55964845144075
20
-112.62402082592843
30
0
10
-168.5347528947604
20
-113.43435514461405
30
0
10
-168.52171856966649
20
-113.85861402261864
30
0
0
SPLINE
5
158
100
AcDbEntity
8
0
100
AcDbSpline
70
0
71
3
72
9
73
5
74
0
42
0.000000001
43
0.0000000001
44
0.0000000001
40
0
40
0
40
0
40
0
40
0.10764088214098334
40
0.20419933867989426
40
0.20419933867989426
40
0.20419933867989426
40
0.20419933867989426
10
-168.52171856966649
20
-113.85861402261864
30
0
10
-168.53018934163612
20
-114.21859173015179
30
0
10
-168.54625875689828
20
-114.90148477557941
30
0
10
-168.71021801948308
20
-115.56429359251311
30
0
10
-168.7877484044138
20
-115.87771182764183
30
0
0
SPLINE
5
159
100
AcDbEntity
8
0
100
AcDbSpline
70
0
71
3
72
9
73
5
74
0
42
0.000000001
43
0.0000000001
44
0.0000000001
40
0
40
0
40
0
40
0
40
0.085944906868251833
40
0.16136367230907819
40
0.16136367230907819
40
0.16136367230907819
40
0.16136367230907819
10
-168.7877484044138
20
-115.87771182764183
30
0
10
-168.87757972965369
20
-116.15112315910577
30
0
10
-169.04624024785426
20
-116.66445964527551
30
0
10
-169.33494237609776
20
-117.12077946602074
30
0
10
-169.46987707224523
20
-117.33405595529686
30
0
0
SPLINE
5
160
100
AcDbEntity
8
0
100
AcDbSpline
70
0
71
3
72
9
73
5
74
0
42
0.000000001
43
0.0000000001
44
0.0000000001
40
0
40
0
40
0
40
0
40
0.067459348897993335
40
0.12905463044754675
40
0.12905463044754675
40
0.12905463044754675
40
0.12905463044754675
10
-169.46987707224523
20
-117.33405595529686
30
0
10
-169.60775766899289
20
-117.51316921595587
30
0
10
-169.87153325754863
20
-117.85582588312231
30
0
10
-170.21607493955014
20
-118.11675155219149
30
0
10
-170.38051802721654
20
-118.24128633249413
30
0
0
SPLINE
5
161
100
AcDbEntity
8
0
100
AcDbSpline
70
0
71
3
72
9
73
5
74
0
42
0.000000001
43
0.0000000001
44
0.0000000001
40
0
40
0
40
0
40
0
40
0.061832825775450746
40
0.12997159800725253
40
0.12997159800725253
40
0.12997159800725253
40
0.12997159800725253
10
-170.38051802721654
20
-118.24128633249413
30
0
10
-170.559060853581
20
-118.34610537114483
30
0
10
-170.9343549819715
20
-118.56643329218288
30
0
10
-171.35415722356578
20
-118.68204271869232
30
0
10
-171.57424230185185
20
-118.74265199411522
30
0
0
LINE
5
162
100
AcDbEntity
8
0
100
AcDbLine
10
-165.6431384762827
20
-115.12054925668846
30
0
11
-165.6431384762827
21
-118.9131832670034
31
0
0
LINE
5
163
100
AcDbEntity
8
0
100
AcDbLine
10
-165.6431384762827
20
-118.9131832670034
30
0
11
-166.87096912470494
21
-118.9131832670034
31
0
0
LINE
5
164
100
AcDbEntity
8
0
100
AcDbLine
10
-166.87096912470494
20
-118.9131832670034
30
0
11
-166.87096912470494
21
-111.66898256052147
31
0
0
LINE
5
165
100
AcDbEntity
8
0
100
AcDbLine
10
-166.87096912470494
20
-111.66898256052147
30
0
11
-165.76592166033421
21
-111.66898256052147
31
0
0
LINE
5
166
100
AcDbEntity
8
0
100
AcDbLine
10
-165.76592166033421
20
-111.66898256052147
30
0
11
-165.76592166033421
21
-112.76720767725121
31
0
0
SPLINE
5
167
100
AcDbEntity
8
0
100
AcDbSpline
70
0
71
3
72
9
73
5
74
0
42
0.000000001
43
0.0000000001
44
0.0000000001
40
0
40
0
40
0
40
0
40
0.075787373633228738
40
0.12890518681979046
40
0.12890518681979046
40
0.12890518681979046
40
0.12890518681979046
10
-165.76592166033421
20
-112.76720767725121
30
0
10
-165.64282719159957
20
-112.54407068071787
30
0
10
-165.43345833860943
20
-112.1645415474913
30
0
10
-165.11578736176634
20
-111.87156354014792
30
0
10
-164.98488504496251
20
-111.75083642709862
30
0
0
SPLINE
5
168
100
AcDbEntity
8
0
100
AcDbSpline
70
0
71
3
72
9
73
5
74
0
42
0.000000001
43
0.0000000001
44
0.0000000001
40
0
40
0
40
0
40
0
40
0.041870424677758124
40
0.083509095380952136
40
0.083509095380952136
40
0.083509095380952136
40
0.083509095380952136
10
-164.98488504496251
20
-111.75083642709862
30
0
10
-164.862728261462
20
-111.67921365826608
30
0
10
-164.61909083568261
20
-111.53636455463467
30
0
10
-164.33745380068584
20
-111.51561569683722
30
0
10
-164.19702608194982
20
-111.50527005899559
30
0
0
SPLINE
5
169
100
AcDbEntity
8
0
100
AcDbSpline
70
0
71
3
72
9
73
5
74
0
42
0.000000001
43
0.0000000001
44
0.0000000001
40
0
40
0
40
0
40
0
40
0.063361971371352688
40
0.13355095983654444
40
0.13355095983654444
40
0.13355095983654444
40
0.13355095983654444
10
-164.19702608194982
20
-111.50527005899559
30
0
10
-163.98432546015647
20
-111.52487938269979
30
0
10
-163.5360065145251
20
-111.56621086190987
30
0
10
-163.14210721330625
20
-111.78560142020902
30
0
10
-162.9350896557871
20
-111.90090423334252
30
0
0
LINE
5
170
100
AcDbEntity
8
0
100
AcDbLine
10
-162.9350896557871
20
-111.90090423334253
30
0
11
-163.3580084523264
21
-113.04005866754662
31
0
0
SPLINE
5
171
100
AcDbEntity
8
0
100
AcDbSpline
70
0
71
3
72
9
73
5
74
0
42
0.000000001
43
0.0000000001
44
0.0000000001
40
0
40
0
40
0
40
0
40
0.049243748981871546
40
0.09475268008511406
40
0.09475268008511406
40
0.09475268008511406
40
0.09475268008511406
10
-163.3580084523264
20
-113.04005866754662
30
0
10
-163.50487696536331
20
-112.96250218289522
30
0
10
-163.78747497055346
20
-112.81327136821045
30
0
10
-164.10561678382447
20
-112.78676136756209
30
0
10
-164.25841767397557
20
-112.7740288327993
30
0
0
SPLINE
5
172
100
AcDbEntity
8
0
100
AcDbSpline
70
0
71
3
72
9
73
5
74
0
42
0.000000001
43
0.0000000001
44
0.0000000001
40
0
40
0
40
0
40
0
40
0.038675933582558226
40
0.077316623117866121
40
0.077316623117866121
40
0.077316623117866121
40
0.077316623117866121
10
-164.25841767397557
20
-112.7740288327993
30
0
10
-164.38913449201112
20
-112.78410029698878
30
0
10
-164.65044901034452
20
-112.80423404758908
30
0
10
-164.87116618551545
20
-112.94555669953937
30
0
10
-164.98147446718846
20
-113.01618581522118
30
0
0
SPLINE
5
173
100
AcDbEntity
8
0
100
AcDbSpline
70
0
71
3
72
9
73
5
74
0
42
0.000000001
43
0.0000000001
44
0.0000000001
40
0
40
0
40
0
40
0
40
0.039866137011059941
40
0.082276689693973865
40
0.082276689693973865
40
0.082276689693973865
40
0.082276689693973865
10
-164.98147446718846
20
-113.01618581522118
30
0
10
-165.0813141595562
20
-113.10681576937327
30
0
10
-165.28736571117261
20
-113.2938600423783
30
0
10
-165.38709402309581
20
-113.55399205413758
30
0
10
-165.43850023356114
20
-113.68808036554466
30
0
0
SPLINE
5
174
100
AcDbEntity
8
0
100
AcDbSpline
70
0
71
3
72
9
73
5
74
0
42
0.000000001
43
0.0000000001
44
0.0000000001
40
0
40
0
40
0
40
0
40
0.070250722610226718
40
0.14511892601930881
40
0.14511892601930881
40
0.14511892601930881
40
0.14511892601930881
10
-165.43850023356114
20
-113.68808036554466
30
0
10
-165.4981695091071
20
-113.91535593879105
30
0
10
-165.62143003742395
20
-114.38484558778632
30
0
10
-165.63575044489926
20
-114.87016728172793
30
0
10
-165.6431384762827
20
-115.12054925668846
30
0
0
LWPOLYLINE
5
175
100
AcDbEntity
8
0
100
AcDbPolyline
90
4
70
1
43
0.0
10
-160.97056109514867
20
-111.66898256052147
10
-160.97056109514867
20
-118.9131832670034
10
-162.19839055147801
20
-118.9131832670034
10
-162.19839055147801
20
-111.66898256052147
0
SPLINE
5
176
100
AcDbEntity
8
0
100
AcDbSpline
70
0
71
3
72
9
73
5
74
0
42
0.000000001
43
0.0000000001
44
0.0000000001
40
0
40
0
40
0
40
0
40
0.063210199091748021
40
0.12223930452470055
40
0.12223930452470055
40
0.12223930452470055
40
0.12223930452470055
10
-149.06742055025731
20
-118.067343289739
30
0
10
-148.85349618257109
20
-118.054694013578
30
0
10
-148.43979766077251
20
-118.03023215864198
30
0
10
-148.08564391217152
20
-117.81606116122836
30
0
10
-147.91462380495702
20
-117.71263843286644
30
0
0
SPLINE
5
177
100
AcDbEntity
8
0
100
AcDbSpline
70
0
71
3
72
9
73
5
74
0
42
0.000000001
43
0.0000000001
44
0.0000000001
40
0
40
0
40
0
40
0
40
0.062866192040690869
40
0.13768398924925215
40
0.13768398924925215
40
0.13768398924925215
40
0.13768398924925215
10
-147.91462380495702
20
-117.71263843286644
30
0
10
-147.76041753619501
20
-117.56708389579281
30
0
10
-147.42268856675702
20
-117.24830318604899
30
0
10
-147.25084268329346
20
-116.81549443009793
30
0
10
-147.15746123400365
20
-116.58030515421044
30
0
0
LINE
5
178
100
AcDbEntity
8
0
100
AcDbLine
10
-147.15746123400365
20
-116.58030515421044
30
0
11
-145.88870246019994
21
-116.73719411600243
31
0
0
SPLINE
5
179
100
AcDbEntity
8
0
100
AcDbSpline
70
0
71
3
72
9
73
5
74
0
42
0.000000001
43
0.0000000001
44
0.0000000001
40
0
40
0
40
0
40
0
40
0.10761669145321272
40
0.20825811448593462
40
0.20825811448593462
40
0.20825811448593462
40
0.20825811448593462
10
-145.88870246019994
20
-116.73719411600243
30
0
10
-146.00526719393014
20
-117.08335712816847
30
0
10
-146.23084141791338
20
-117.75324629912312
30
0
10
-146.74978909153404
20
-118.23174256167621
30
0
10
-147.00057227221166
20
-118.46297746408592
30
0
0
SPLINE
5
180
100
AcDbEntity
8
0
100
AcDbSpline
70
0
71
3
72
9
73
5
74
0
42
0.000000001
43
0.0000000001
44
0.0000000001
40
0
40
0
40
0
40
0
40
0.10326175377563611
40
0.21922068110490311
40
0.21922068110490311
40
0.21922068110490311
40
0.21922068110490311
10
-147.00057227221166
20
-118.46297746408592
30
0
10
-147.30087445735685
20
-118.64187375892585
30
0
10
-147.93840429931421
20
-119.02166362466033
30
0
10
-148.68128675281028
20
-119.05778606537672
30
0
10
-149.07424170580541
20
-119.07689338434349
30
0
0
SPLINE
5
181
100
AcDbEntity
8
0
100
AcDbSpline
70
0
71
3
72
9
73
5
74
0
42
0.000000001
43
0.0000000001
44
0.0000000001
40
0
40
0
40
0
40
0
40
0.14456565543053057
40
0.27645401616056697
40
0.27645401616056697
40
0.27645401616056697
40
0.27645401616056697
10
-149.07424170580541
20
-119.07689338434349
30
0
10
-149.56867900133443
20
-119.04412862927593
30
0
10
-150.51419524917003
20
-118.98147233584322
30
0
10
-151.24571694443614
20
-118.38337495717333
30
0
10
-151.59470517244969
20
-118.09803968179833
30
0
0
SPLINE
5
182
100
AcDbEntity
8
0
100
AcDbSpline
70
0
71
3
72
9
73
5
74
0
42
0.000000001
43
0.0000000001
44
0.0000000001
40
0
40
0
40
0
40
0
40
0.13675578095571456
40
0.29544708022698263
40
0.29544708022698263
40
0.29544708022698263
40
0.29544708022698263
10
-151.59470517244969
20
-118.09803968179833
30
0
10
-151.86588005806124
20
-117.71975099452084
30
0
10
-152.45172606489848
20
-116.90249641589922
30
0
10
-152.49992308055215
20
-115.89410377501193
30
0
10
-152.52581078615819
20
-115.3524733136953
30
0
0
SPLINE
5
183
100
AcDbEntity
8
0
100
AcDbSpline
70
0
71
3
72
9
73
5
74
0
42
0.000000001
43
0.0000000001
44
0.0000000001
40
0
40
0
40
0
40
0
40
0.16404343488303533
40
0.30449580712629304
40
0.30449580712629304
40
0.30449580712629304
40
0.30449580712629304
10
-152.52581078615819
20
-115.3524733136953
30
0
10
-152.50027386038968
20
-114.79288073898751
30
0
10
-152.45287247045326
20
-113.75417051678924
30
0
10
-151.85859315159283
20
-112.90603357264834
30
0
10
-151.58447463122044
20
-112.51482015360008
30
0
0
SPLINE
5
184
100
AcDbEntity
8
0
100
AcDbSpline
70
0
71
3
72
9
73
5
74
0
42
0.000000001
43
0.0000000001
44
0.0000000001
40
0
40
0
40
0
40
0
40
0.13199360298379118
40
0.27039880939023764
40
0.27039880939023764
40
0.27039880939023764
40
0.27039880939023764
10
-151.58447463122044
20
-112.51482015360008
30
0
10
-151.24170803010912
20
-112.22041424807372
30
0
10
-150.53952490347214
20
-111.61730163858192
30
0
10
-149.61544918649881
20
-111.54319961276101
30
0
10
-149.14245564547215
20
-111.50527005899559
30
0
0
SPLINE
5
185
100
AcDbEntity
8
0
100
AcDbSpline
70
0
71
3
72
9
73
5
74
0
42
0.000000001
43
0.0000000001
44
0.0000000001
40
0
40
0
40
0
40
0
40
0.13428828943315804
40
0.26316679455268877
40
0.26316679455268877
40
0.26316679455268877
40
0.26316679455268877
10
-149.14245564547215
20
-111.50527005899559
30
0
10
-148.68361895721554
20
-111.54298632649292
30
0
10
-147.78442975031328
20
-111.61689946710752
30
0
10
-147.10256984589967
20
-112.20590692134212
30
0
10
-146.76864821520482
20
-112.4943566869558
30
0
0
SPLINE
5
186
100
AcDbEntity
8
0
100
AcDbSpline
70
0
71
3
72
9
73
5
74
0
42
0.000000001
43
0.0000000001
44
0.0000000001
40
0
40
0
40
0
40
0
40
0.13761722748363814
40
0.29854938794140001
40
0.29854938794140001
40
0.29854938794140001
40
0.29854938794140001
10
-146.76864821520482
20
-112.4943566869558
30
0
10
-146.50049502292586
20
-112.87793687640921
30
0
10
-145.91875847080024
20
-113.71008291569325
30
0
10
-145.87263710961363
20
-114.72847784310943
30
0
10
-145.84777552691136
20
-115.27744060266625
30
0
0
SPLINE
5
187
100
AcDbEntity
8
0
100
AcDbSpline
70
0
71
3
72
9
73
5
74
0
42
0.000000001
43
0.0000000001
44
0.0000000001
40
0
40
0
40
0
40
0
40
0.013643614515214512
40
0.03274994035764528
40
0.03274994035764528
40
0.03274994035764528
40
0.03274994035764528
10
-145.84777552691136
20
-115.27744060266625
30
0
10
-145.84820843821547
20
-115.32291842552233
30
0
10
-145.84924759242003
20
-115.43208275176974
30
0
10
-145.85262582214224
20
-115.54120113634283
30
0
10
-145.85459668245946
20
-115.60486083734642
30
0
0
LINE
5
188
100
AcDbEntity
8
0
100
AcDbLine
10
-145.85459668245946
20
-115.60486083734642
30
0
11
-151.25705201235448
21
-115.60486083734642
31
0
0
SPLINE
5
189
100
AcDbEntity
8
0
100
AcDbSpline
70
0
71
3
72
9
73
5
74
0
42
0.000000001
43
0.0000000001
44
0.0000000001
40
0
40
0
40
0
40
0
40
0.10732488713627751
40
0.19801935138082177
40
0.19801935138082177
40
0.19801935138082177
40
0.19801935138082177
10
-151.25705201235448
20
-115.60486083734642
30
0
10
-151.22157146978529
20
-115.96859635290393
30
0
10
-151.15610823741059
20
-116.63970510304324
30
0
10
-150.76217177676423
20
-117.18377697153696
30
0
10
-150.58174569216405
20
-117.43296628702294
30
0
0
SPLINE
5
190
100
AcDbEntity
8
0
100
AcDbSpline
70
0
71
3
72
9
73
5
74
0
42
0.000000001
43
0.0000000001
44
0.0000000001
40
0
40
0
40
0
40
0
40
0.083166620191504531
40
0.16788389652181848
40
0.16788389652181848
40
0.16788389652181848
40
0.16788389652181848
10
-150.58174569216405
20
-117.43296628702294
30
0
10
-150.36550137424231
20
-117.6179875554493
30
0
10
-149.92898082537539
20
-117.99147984612193
30
0
10
-149.35637027712627
20
-118.04190023955951
30
0
10
-149.06742055025731
20
-118.067343289739
30
0
0
SPLINE
5
191
100
AcDbEntity
8
0
100
AcDbSpline
70
0
71
3
72
9
73
5
74
0
42
0.000000001
43
0.0000000001
44
0.0000000001
40
0
40
0
40
0
40
0
40
0.4190382908073676
40
0.81130314494190992
40
0.81130314494190992
40
0.81130314494190992
40
0.81130314494190992
10
-175.7447212934494
20
-2.0343422889709473
30
0
10
-177.17626982812166
20
-1.9293308357410766
30
0
10
-179.94790157107971
20
-1.7260173817458124
30
0
10
-182.08746307651313
20
0.03873228457897504
30
0
10
-183.12194049358368
20
0.89198827743530273
30
0
0
SPLINE
5
192
100
AcDbEntity
8
0
100
AcDbSpline
70
0
71
3
72
9
73
5
74
0
42
0.000000001
43
0.0000000001
44
0.0000000001
40
0
40
0
40
0
40
0
40
0.41479091534519624
40
0.90587151920003528
40
0.90587151920003528
40
0.90587151920003528
40
0.90587151920003528
10
-183.12194049358368
20
0.89198827743530273
30
0
10
-183.94109281978231
20
2.0415356887067482
30
0
10
-185.73005862095533
20
4.5520589941034206
30
0
10
-185.86342289931861
20
7.6458977585179522
30
0
10
-185.93572080135345
20
9.3230938911437988
30
0
0
SPLINE
5
193
100
AcDbEntity
8
0
100
AcDbSpline
70
0
71
3
72
9
73
5
74
0
42
0.000000001
43
0.0000000001
44
0.0000000001
40
0
40
0
40
0
40
0
40
0.53206610117395248
40
0.97862407085090974
40
0.97862407085090974
40
0.97862407085090974
40
0.97862407085090974
10
-185.93572080135345
20
9.3230938911437988
30
0
10
-185.85177721746032
20
11.15231204990395
30
0
10
-185.69738058965396
20
14.516775444678665
30
0
10
-183.5565411474729
20
17.091100244719062
30
0
10
-182.5796502828598
20
18.26579570770264
30
0
0
SPLINE
5
194
100
AcDbEntity
8
0
100
AcDbSpline
70
0
71
3
72
9
73
5
74
0
42
0.000000001
43
0.0000000001
44
0.0000000001
40
0
40
0
40
0
40
0
40
0.3599327431862957
40
0.73723574847956985
40
0.73723574847956985
40
0.73723574847956985
40
0.73723574847956985
10
-182.5796502828598
20
18.26579570770264
30
0
10
-181.57881696744971
20
18.969984386302773
30
0
10
-179.52885037686434
20
20.412345708984393
30
0
10
-177.02575640394423
20
20.589742051984953
30
0
10
-175.7447212934494
20
20.680530071258548
30
0
0
SPLINE
5
195
100
AcDbEntity
8
0
100
AcDbSpline
70
0
71
3
72
9
73
5
74
0
42
0.000000001
43
0.0000000001
44
0.0000000001
40
0
40
0
40
0
40
0
40
0.41379535605301593
40
0.80670156162248774
40
0.80670156162248774
40
0.80670156162248774
40
0.80670156162248774
10
-175.7447212934494
20
20.680530071258548
30
0
10
-174.33209415264713
20
20.571352089643881
30
0
10
-171.57815188672794
20
20.358507631689019
30
0
10
-169.45348940344496
20
18.600304319355768
30
0
10
-168.41866672039032
20
17.743966579437256
30
0
0
SPLINE
5
196
100
AcDbEntity
8
0
100
AcDbSpline
70
0
71
3
72
9
73
5
74
0
42
0.000000001
43
0.0000000001
44
0.0000000001
40
0
40
0
40
0
40
0
40
0.40961620938967946
40
0.87677551474307447
40
0.87677551474307447
40
0.87677551474307447
40
0.87677551474307447
10
-168.41866672039032
20
17.743966579437256
30
0
10
-167.58998662994441
20
16.621334450835725
30
0
10
-165.81621304334578
20
14.218362254280574
30
0
10
-165.65832169592542
20
11.224975142015925
30
0
10
-165.5741947889328
20
9.6300530433654785
30
0
0
SPLINE
5
197
100
AcDbEntity
8
0
100
AcDbSpline
70
0
71
3
72
9
73
5
74
0
42
0.000000001
43
0.0000000001
44
0.0000000001
40
0
40
0
40
0
40
0
40
0.37606290212591276
40
0.67649077343667319
40
0.67649077343667319
40
0.67649077343667319
40
0.67649077343667319
10
-165.5741947889328
20
9.6300530433654785
30
0
10
-165.59875370593474
20
8.3644832012900405
30
0
10
-165.64293216827039
20
6.0878791638700225
30
0
10
-166.46682976300048
20
3.9706957662295395
30
0
10
-166.83272063732147
20
3.0304598808288574
30
0
0
SPLINE
5
198
100
AcDbEntity
8
0
100
AcDbSpline
70
0
71
3
72
9
73
5
74
0
42
0.000000001
43
0.0000000001
44
0.0000000001
40
0
40
0
40
0
40
0
40
0.26361335173361811
40
0.52897945268312863
40
0.52897945268312863
40
0.52897945268312863
40
0.52897945268312863
10
-166.83272063732147
20
3.0304598808288574
30
0
10
-167.30129827770281
20
2.2729965353732595
30
0
10
-168.24156910282755
20
0.75303351653676742
30
0
10
-169.74269542292407
20
-0.2173775110055054
30
0
10
-170.49574553966522
20
-0.70419073104858398
30
0
0
SPLINE
5
199
100
AcDbEntity
8
0
100
AcDbSpline
70
0
71
3
72
9
73
5
74
0
42
0.000000001
43
0.0000000001
44
0.0000000001
40
0
40
0
40
0
40
0
40
0.27051663142332633
40
0.54597916973743832
40
0.54597916973743832
40
0.54597916973743832
40
0.54597916973743832
10
-170.49574553966522
20
-0.70419073104858398
30
0
10
-171.31979926699063
20
-1.0921431800573433
30
0
10
-172.98297305226561
20
-1.875141086296761
30
0
10
-174.81859571053309
20
-1.980955704187819
30
0
10
-175.7447212934494
20
-2.0343422889709473
30
0
0
SPLINE
5
200
100
AcDbEntity
8
0
100
AcDbSpline
70
0
71
3
72
9
73
5
74
0
42
0.000000001
43
0.0000000001
44
0.0000000001
40
0
40
0
40
0
40
0
40
0.18963086678299218
40
0.36671765203208662
40
0.36671765203208662
40
0.36671765203208662
40
0.36671765203208662
10
-131.15398585796356
20
0.99430799484253818
30
0
10
-130.51221170546526
20
1.0322561696703225
30
0
10
-129.27111675962828
20
1.1056422476218497
30
0
10
-128.20865822851073
20
1.7481583540607382
30
0
10
-127.69560039043427
20
2.058427333831796
30
0
0
SPLINE
5
201
100
AcDbEntity
8
0
100
AcDbSpline
70
0
71
3
72
9
73
5
74
0
42
0.000000001
43
0.0000000001
44
0.0000000001
40
0
40
0
40
0
40
0
40
0.18859858841041008
40
0.41305134205222493
40
0.41305134205222493
40
0.41305134205222493
40
0.41305134205222493
10
-127.69560039043427
20
2.058427333831796
30
0
10
-127.23298238433807
20
2.4950918138088962
30
0
10
-126.21979882932789
20
3.4514343347220322
30
0
10
-125.70426288111875
20
4.7498588480573023
30
0
10
-125.42411983013153
20
5.4554247856140226
30
0
0
LINE
5
202
100
AcDbEntity
8
0
100
AcDbLine
10
-125.42411983013153
20
5.4554247856140226
30
0
11
-121.61783397197723
21
4.984757900238046
31
0
0
SPLINE
5
203
100
AcDbEntity
8
0
100
AcDbSpline
70
0
71
3
72
9
73
5
74
0
42
0.000000001
43
0.0000000001
44
0.0000000001
40
0
40
0
40
0
40
0
40
0.32285064333160901
40
0.62477429028415088
40
0.62477429028415088
40
0.62477429028415088
40
0.62477429028415088
10
-121.61783397197723
20
4.984757900238046
30
0
10
-121.96753462397653
20
3.9462699883675167
30
0
10
-122.64426852919709
20
1.9366083646142762
30
0
10
-124.20110062958551
20
0.50111070960427995
30
0
10
-124.95344340801239
20
-0.19259691238402432
30
0
0
SPLINE
5
204
100
AcDbEntity
8
0
100
AcDbSpline
70
0
71
3
72
9
73
5
74
0
42
0.000000001
43
0.0000000001
44
0.0000000001
40
0
40
0
40
0
40
0
40
0.30978622125707855
40
0.65766199484837551
40
0.65766199484837551
40
0.65766199484837551
40
0.65766199484837551
10
-124.95344340801239
20
-0.19259691238402432
30
0
10
-125.85435303787044
20
-0.72928716101769098
30
0
10
-127.76694302313929
20
-1.8686560396586316
30
0
10
-129.99559025053088
20
-1.9770214861507718
30
0
10
-131.17445170879364
20
-2.0343422889709384
30
0
0
SPLINE
5
205
100
AcDbEntity
8
0
100
AcDbSpline
70
0
71
3
72
9
73
5
74
0
42
0.000000001
43
0.0000000001
44
0.0000000001
40
0
40
0
40
0
40
0
40
0.43369751696404318
40
0.8293626645088723
40
0.8293626645088723
40
0.8293626645088723
40
0.8293626645088723
10
-131.17445170879364
20
-2.0343422889709384
30
0
10
-132.65776505665073
20
-1.9360461005101026
30
0
10
-135.49431509985129
20
-1.7480736414016551
30
0
10
-137.68888356823183
20
0.046216718486595809
30
0
10
-138.73584926128387
20
0.90222120285035068
30
0
0
SPLINE
5
206
100
AcDbEntity
8
0
100
AcDbSpline
70
0
71
3
72
9
73
5
74
0
42
0.000000001
43
0.0000000001
44
0.0000000001
40
0
40
0
40
0
40
0
40
0.41026697762905789
40
0.88634098036017051
40
0.88634098036017051
40
0.88634098036017051
40
0.88634098036017051
10
-138.73584926128387
20
0.90222120285035068
30
0
10
-139.54937048946522
20
2.0370876368291668
30
0
10
-141.30690215115797
20
4.4888536392591494
30
0
10
-141.45149953954245
20
7.514029301827998
30
0
10
-141.52916610240936
20
9.1389203071594327
30
0
0
SPLINE
5
207
100
AcDbEntity
8
0
100
AcDbSpline
70
0
71
3
72
9
73
5
74
0
42
0.000000001
43
0.0000000001
44
0.0000000001
40
0
40
0
40
0
40
0
40
0.49212949418200491
40
0.91348770861417894
40
0.91348770861417894
40
0.91348770861417894
40
0.91348770861417894
10
-141.52916610240936
20
9.1389203071594327
30
0
10
-141.45255809588971
20
10.817695770558213
30
0
10
-141.31035879029145
20
13.93382835246503
30
0
10
-139.52751526633784
20
16.478237581433124
30
0
10
-138.70515525341034
20
17.651879787445075
30
0
0
SPLINE
5
208
100
AcDbEntity
8
0
100
AcDbSpline
70
0
71
3
72
9
73
5
74
0
42
0.000000001
43
0.0000000001
44
0.0000000001
40
0
40
0
40
0
40
0
40
0.39598061366024306
40
0.81119717056361096
40
0.81119717056361096
40
0.81119717056361096
40
0.81119717056361096
10
-138.70515525341034
20
17.651879787445075
30
0
10
-137.67685623269611
20
18.535097488133957
30
0
10
-135.57030548924874
20
20.34443783226822
30
0
10
-132.79807525220514
20
20.566742155198835
30
0
10
-131.37909114360809
20
20.680530071258552
30
0
0
SPLINE
5
209
100
AcDbEntity
8
0
100
AcDbSpline
70
0
71
3
72
9
73
5
74
0
42
0.000000001
43
0.0000000001
44
0.0000000001
40
0
40
0
40
0
40
0
40
0.40286374049144652
40
0.78949898138613717
40
0.78949898138613717
40
0.78949898138613717
40
0.78949898138613717
10
-131.37909114360809
20
20.680530071258552
30
0
10
-130.00258553877057
20
20.567379299377791
30
0
10
-127.30502389779041
20
20.345635791178367
30
0
10
-125.25944589589355
20
18.578619713290735
30
0
10
-124.25768077373505
20
17.713272571563728
30
0
0
SPLINE
5
210
100
AcDbEntity
8
0
100
AcDbSpline
70
0
71
3
72
9
73
5
74
0
42
0.000000001
43
0.0000000001
44
0.0000000001
40
0
40
0
40
0
40
0
40
0.41285228072244473
40
0.89564865977629005
40
0.89564865977629005
40
0.89564865977629005
40
0.89564865977629005
10
-124.25768077373505
20
17.713272571563728
30
0
10
-123.45321581099819
20
16.56253256006341
30
0
10
-121.70799603299081
20
14.066097885540874
30
0
10
-121.56963889012515
20
11.010909684841321
30
0
10
-121.49505794048309
20
9.3640208244323819
30
0
0
SPLINE
5
211
100
AcDbEntity
8
0
100
AcDbSpline
70
0
71
3
72
9
73
5
74
0
42
0.000000001
43
0.0000000001
44
0.0000000001
40
0
40
0
40
0
40
0
40
0.040931078967417815
40
0.09825030759888867
40
0.09825030759888867
40
0.09825030759888867
40
0.09825030759888867
10
-121.49505794048309
20
9.3640208244323819
30
0
10
-121.49635547633316
20
9.2275865527446488
30
0
10
-121.4994700606443
20
8.9000919081245833
30
0
10
-121.50960883211938
20
8.5727352333474016
30
0
10
-121.51552379131317
20
8.3817553520202726
30
0
0
LINE
5
212
100
AcDbEntity
8
0
100
AcDbLine
10
-121.51552379131316
20
8.3817553520202726
30
0
11
-137.72289454936981
21
8.3817553520202708
31
0
0
SPLINE
5
213
100
AcDbEntity
8
0
100
AcDbSpline
70
0
71
3
72
9
73
5
74
0
42
0.000000001
43
0.0000000001
44
0.0000000001
40
0
40
0
40
0
40
0
40
0.32197460761545066
40
0.59405759329539132
40
0.59405759329539132
40
0.59405759329539132
40
0.59405759329539132
10
-137.72289454936981
20
8.3817553520202726
30
0
10
-137.61644914132887
20
7.2905496129737735
30
0
10
-137.42005258886019
20
5.277226078149253
30
0
10
-136.2382436932362
20
3.645012592590593
30
0
10
-135.69696605205536
20
2.8974461555481046
30
0
0
SPLINE
5
214
100
AcDbEntity
8
0
100
AcDbSpline
70
0
71
3
72
9
73
5
74
0
42
0.000000001
43
0.0000000001
44
0.0000000001
40
0
40
0
40
0
40
0
40
0.24950093365022236
40
0.5036526733746981
40
0.5036526733746981
40
0.5036526733746981
40
0.5036526733746981
10
-135.69696605205536
20
2.8974461555481046
30
0
10
-135.04823213492173
20
2.3423769991820365
30
0
10
-133.73867161788075
20
1.2218919556128949
30
0
10
-132.02083536579042
20
1.0706348920779618
30
0
10
-131.15398585796356
20
0.99430799484253818
30
0
0
LINE
5
215
100
AcDbEntity
8
0
100
AcDbLine
10
-113.35045039653778
20
9.8346877098083585
30
0
11
-113.35045039653778
21
-1.5432095527648837
31
0
0
LINE
5
216
100
AcDbEntity
8
0
100
AcDbLine
10
-113.35045039653778
20
-1.5432095527648837
30
0
11
-117.03394114971161
21
-1.5432095527648837
31
0
0
LINE
5
217
100
AcDbEntity
8
0
100
AcDbLine
10
-117.03394114971161
20
-1.5432095527648837
30
0
11
-117.03394114971161
21
20.189397335052497
31
0
0
LINE
5
218
100
AcDbEntity
8
0
100
AcDbLine
10
-117.03394114971161
20
20.189397335052497
30
0
11
-113.71879756450653
21
20.189397335052497
31
0
0
LINE
5
219
100
AcDbEntity
8
0
100
AcDbLine
10
-113.71879756450653
20
20.189397335052497
30
0
11
-113.71879756450653
21
16.894719600677497
31
0
0
SPLINE
5
220
100
AcDbEntity
8
0
100
AcDbSpline
70
0
71
3
72
9
73
5
74
0
42
0.000000001
43
0.0000000001
44
0.0000000001
40
0
40
0
40
0
40
0
40
0.22736187425586241
40
0.3867149754937439
40
0.3867149754937439
40
0.3867149754937439
40
0.3867149754937439
10
-113.71879756450653
20
16.894719600677497
30
0
10
-113.34951793655833
20
17.564132133962723
30
0
10
-112.72141807267519
20
18.702721672124596
30
0
10
-111.76840346487828
20
19.581651554651206
30
0
10
-111.37569606304169
20
19.94383096694947
30
0
0
SPLINE
5
221
100
AcDbEntity
8
0
100
AcDbSpline
70
0
71
3
72
9
73
5
74
0
42
0.000000001
43
0.0000000001
44
0.0000000001
40
0
40
0
40
0
40
0
40
0.1256118049503975
40
0.25052833628763005
40
0.25052833628763005
40
0.25052833628763005
40
0.25052833628763005
10
-111.37569606304169
20
19.94383096694947
30
0
10
-111.00922473005959
20
20.158701662044237
30
0
10
-110.2783105187291
20
20.587253721942723
30
0
10
-109.43339498626474
20
20.649495533255564
30
0
10
-109.01210963726044
20
20.680530071258552
30
0
0
SPLINE
5
222
100
AcDbEntity
8
0
100
AcDbSpline
70
0
71
3
72
9
73
5
74
0
42
0.000000001
43
0.0000000001
44
0.0000000001
40
0
40
0
40
0
40
0
40
0.19008583358339817
40
0.40065204998994836
40
0.40065204998994836
40
0.40065204998994836
40
0.40065204998994836
10
-109.01210963726044
20
20.680530071258552
30
0
10
-108.37400815958104
20
20.621701211808244
30
0
10
-107.02905435469005
20
20.497705105980625
30
0
10
-105.84735907413335
20
19.839534769812008
30
0
10
-105.22630870342255
20
19.493627548217781
30
0
0
LINE
5
223
100
AcDbEntity
8
0
100
AcDbLine
10
-105.22630870342256
20
19.493627548217781
30
0
11
-106.49505794048309
21
16.076161861419685
31
0
0
SPLINE
5
224
100
AcDbEntity
8
0
100
AcDbSpline
70
0
71
3
72
9
73
5
74
0
42
0.000000001
43
0.0000000001
44
0.0000000001
40
0
40
0
40
0
40
0
40
0.14773081100237737
40
0.28425787501369126
40
0.28425787501369126
40
0.28425787501369126
40
0.28425787501369126
10
-106.49505794048309
20
16.076161861419685
30
0
10
-106.93566190094371
20
16.308831105631061
30
0
10
-107.78345488788624
20
16.756524206967249
30
0
10
-108.73787968438725
20
16.836055451034557
30
0
10
-109.19628322124481
20
16.874253749847419
30
0
0
SPLINE
5
225
100
AcDbEntity
8
0
100
AcDbSpline
70
0
71
3
72
9
73
5
74
0
42
0.000000001
43
0.0000000001
44
0.0000000001
40
0
40
0
40
0
40
0
40
0.11602756526801974
40
0.23194962019562609
40
0.23194962019562609
40
0.23194962019562609
40
0.23194962019562609
10
-109.19628322124481
20
16.874253749847419
30
0
10
-109.58843263640273
20
16.844038843492079
30
0
10
-110.37237486337011
20
16.783636506881969
30
0
10
-111.0345277561257
20
16.359672931410685
30
0
10
-111.36545360088348
20
16.147787570953376
30
0
0
SPLINE
5
226
100
AcDbEntity
8
0
100
AcDbSpline
70
0
71
3
72
9
73
5
74
0
42
0.000000001
43
0.0000000001
44
0.0000000001
40
0
40
0
40
0
40
0
40
0.1195986746652727
40
0.2468306505157008
40
0.2468306505157008
40
0.2468306505157008
40
0.2468306505157008
10
-111.36545360088348
20
16.147787570953376
30
0
10
-111.66497201178686
20
15.875895886764626
30
0
10
-112.28312538523869
20
15.314759223118912
30
0
10
-112.58231237830609
20
14.534362244903924
30
0
10
-112.73653209209442
20
14.132096767425546
30
0
0
SPLINE
5
227
100
AcDbEntity
8
0
100
AcDbSpline
70
0
71
3
72
9
73
5
74
0
42
0.000000001
43
0.0000000001
44
0.0000000001
40
0
40
0
40
0
40
0
40
0.21075283976433501
40
0.43535700685340106
40
0.43535700685340106
40
0.43535700685340106
40
0.43535700685340106
10
-112.73653209209442
20
14.132096767425546
30
0
10
-112.91553907219938
20
13.450267610862925
30
0
10
-113.28531792382245
20
12.04179738043373
30
0
10
-113.32828390347382
20
10.585831941951094
30
0
10
-113.35045039653778
20
9.8346877098083585
30
0
0
SPLINE
5
228
100
AcDbEntity
8
0
100
AcDbSpline
70
0
71
3
72
9
73
5
74
0
42
0.000000001
43
0.0000000001
44
0.0000000001
40
0
40
0
40
0
40
0
40
0.31171260711048088
40
0.60628206815952046
40
0.60628206815952046
40
0.60628206815952046
40
0.60628206815952046
10
-160.96982657909393
20
-45.479090213775635
30
0
10
-159.91219435243966
20
-45.408397165109506
30
0
10
-157.85509611803673
20
-45.270898947930824
30
0
10
-156.15016583753624
20
-44.116405843948918
30
0
10
-155.32180488109589
20
-43.555481433868408
30
0
0
SPLINE
5
229
100
AcDbEntity
8
0
100
AcDbSpline
70
0
71
3
72
9
73
5
74
0
42
0.000000001
43
0.0000000001
44
0.0000000001
40
0
40
0
40
0
40
0
40
0.30769434029967763
40
0.66046903751761299
40
0.66046903751761299
40
0.66046903751761299
40
0.66046903751761299
10
-155.32180488109589
20
-43.555481433868408
30
0
10
-154.60566546056148
20
-42.798448265346494
30
0
10
-153.06846489538981
20
-41.17346885332482
30
0
10
-152.49639690976045
20
-39.004550648685665
30
0
10
-152.19083964824677
20
-37.846071720123291
30
0
0
LINE
5
230
100
AcDbEntity
8
0
100
AcDbLine
10
-152.19083964824677
20
-37.846071720123284
30
0
11
-148.22084605693817
21
-38.848803043365479
31
0
0
SPLINE
5
231
100
AcDbEntity
8
0
100
AcDbSpline
70
0
71
3
72
9
73
5
74
0
42
0.000000001
43
0.0000000001
44
0.0000000001
40
0
40
0
40
0
40
0
40
0.46508250139718804
40
0.88280051324294373
40
0.88280051324294373
40
0.88280051324294373
40
0.88280051324294373
10
-148.22084605693817
20
-38.848803043365479
30
0
10
-148.688292681863
20
-40.35615505799381
30
0
10
-149.57558067734254
20
-43.217348777718883
30
0
10
-151.70505182006622
20
-45.315215784642184
30
0
10
-152.71266162395477
20
-46.307871341705322
30
0
0
SPLINE
5
232
100
AcDbEntity
8
0
100
AcDbSpline
70
0
71
3
72
9
73
5
74
0
42
0.000000001
43
0.0000000001
44
0.0000000001
40
0
40
0
40
0
40
0
40
0.40866019420439786
40
0.84595449294301606
40
0.84595449294301606
40
0.84595449294301606
40
0.84595449294301606
10
-152.71266162395477
20
-46.307871341705322
30
0
10
-153.87878489160678
20
-47.056698428411643
30
0
10
-156.29273964322178
20
-48.606821605125589
30
0
10
-159.16016497222287
20
-48.784329532735825
30
0
10
-160.64240634441376
20
-48.876087665557861
30
0
0
SPLINE
5
233
100
AcDbEntity
8
0
100
AcDbSpline
70
0
71
3
72
9
73
5
74
0
42
0.000000001
43
0.0000000001
44
0.0000000001
40
0
40
0
40
0
40
0
40
0.44248003542337899
40
0.82175743430234016
40
0.82175743430234016
40
0.82175743430234016
40
0.82175743430234016
10
-160.64240634441376
20
-48.876087665557861
30
0
10
-162.13717920349688
20
-48.822284484696127
30
0
10
-164.91321565985271
20
-48.722363221988907
30
0
10
-167.3886821146383
20
-47.476393791560184
30
0
10
-168.53121936321259
20
-46.901323795318604
30
0
0
SPLINE
5
234
100
AcDbEntity
8
0
100
AcDbSpline
70
0
71
3
72
9
73
5
74
0
42
0.000000001
43
0.0000000001
44
0.0000000001
40
0
40
0
40
0
40
0
40
0.36058800924777901
40
0.74405712207740515
40
0.74405712207740515
40
0.74405712207740515
40
0.74405712207740515
10
-168.53121936321259
20
-46.901323795318604
30
0
10
-169.49117315554054
20
-46.151133012549494
30
0
10
-171.47199458534035
20
-44.603148108668158
30
0
10
-172.58330568931342
20
-42.345314299437803
30
0
10
-173.15604865550995
20
-41.181681156158447
30
0
0
SPLINE
5
235
100
AcDbEntity
8
0
100
AcDbSpline
70
0
71
3
72
9
73
5
74
0
42
0.000000001
43
0.0000000001
44
0.0000000001
40
0
40
0
40
0
40
0
40
0.40611143185449639
40
0.82392480324410966
40
0.82392480324410966
40
0.82392480324410966
40
0.82392480324410966
10
-173.15604865550995
20
-41.181681156158447
30
0
10
-173.61859056764669
20
-39.900466650810351
30
0
10
-174.55700235332117
20
-37.301119953250122
30
0
10
-174.67974949739607
20
-34.539702355614764
30
0
10
-174.7419947385788
20
-33.139383792877197
30
0
0
SPLINE
5
236
100
AcDbEntity
8
0
100
AcDbSpline
70
0
71
3
72
9
73
5
74
0
42
0.000000001
43
0.0000000001
44
0.0000000001
40
0
40
0
40
0
40
0
40
0.44097198095574314
40
0.84290739975773388
40
0.84290739975773388
40
0.84290739975773388
40
0.84290739975773388
10
-174.7419947385788
20
-33.139383792877197
30
0
10
-174.68221522602417
20
-31.65696017612742
30
0
10
-174.56794811685995
20
-28.823342871404751
30
0
10
-173.47335803909436
20
-26.21015885033124
30
0
10
-172.9514092206955
20
-24.964077472686768
30
0
0
SPLINE
5
237
100
AcDbEntity
8
0
100
AcDbSpline
70
0
71
3
72
9
73
5
74
0
42
0.000000001
43
0.0000000001
44
0.0000000001
40
0
40
0
40
0
40
0
40
0.37586678146459945
40
0.74381788336686772
40
0.74381788336686772
40
0.74381788336686772
40
0.74381788336686772
10
-172.9514092206955
20
-24.964077472686768
30
0
10
-172.29742454666803
20
-23.874264127024389
30
0
10
-171.00322798560452
20
-21.717588687718738
30
0
10
-168.89754850551557
20
-20.34361688542111
30
0
10
-167.85591304302216
20
-19.663941860198975
30
0
0
SPLINE
5
238
100
AcDbEntity
8
0
100
AcDbSpline
70
0
71
3
72
9
73
5
74
0
42
0.000000001
43
0.0000000001
44
0.0000000001
40
0
40
0
40
0
40
0
40
0.37274702773690255
40
0.75580423701463872
40
0.75580423701463872
40
0.75580423701463872
40
0.75580423701463872
10
-167.85591304302216
20
-19.663941860198975
30
0
10
-166.71777192790674
20
-19.135745659967334
30
0
10
-164.41000871823746
20
-18.064743354371792
30
0
10
-161.86889998784466
20
-17.924147418040512
30
0
10
-160.5810135602951
20
-17.852890491485589
30
0
0
SPLINE
5
239
100
AcDbEntity
8
0
100
AcDbSpline
70
0
71
3
72
9
73
5
74
0
42
0.000000001
43
0.0000000001
44
0.0000000001
40
0
40
0
40
0
40
0
40
0.41833557336983074
40
0.80179275021823893
40
0.80179275021823893
40
0.80179275021823893
40
0.80179275021823893
10
-160.5810135602951
20
-17.852890491485589
30
0
10
-159.16453274256702
20
-17.930637428135974
30
0
10
-156.44966907145027
20
-18.079649212278063
30
0
10
-154.12240249376993
20
-19.476701684830093
30
0
10
-153.00938785076141
20
-20.144841670989983
30
0
0
SPLINE
5
240
100
AcDbEntity
8
0
100
AcDbSpline
70
0
71
3
72
9
73
5
74
0
42
0.000000001
43
0.0000000001
44
0.0000000001
40
0
40
0
40
0
40
0
40
0.3792722935035292
40
0.78429660446444005
40
0.78429660446444005
40
0.78429660446444005
40
0.78429660446444005
10
-153.00938785076141
20
-20.144841670989983
30
0
10
-152.05776594511573
20
-21.007868962260936
30
0
10
-150.08990843979302
20
-22.792521797962078
30
0
10
-149.19473016458105
20
-25.297392170691175
30
0
10
-148.7324446439743
20
-26.590950489044189
30
0
0
LINE
5
241
100
AcDbEntity
8
0
100
AcDbLine
10
-148.7324446439743
20
-26.590950489044189
30
0
11
-152.64104068279266
21
-27.511827945709229
31
0
0
SPLINE
5
242
100
AcDbEntity
8
0
100
AcDbSpline
70
0
71
3
72
9
73
5
74
0
42
0.000000001
43
0.0000000001
44
0.0000000001
40
0
40
0
40
0
40
0
40
0.31047933803208122
40
0.57164714107754488
40
0.57164714107754488
40
0.57164714107754488
40
0.57164714107754488
10
-152.64104068279266
20
-27.511827945709229
30
0
10
-152.99485864215055
20
-26.521347124995174
30
0
10
-153.64629981762718
20
-24.697697496513875
30
0
10
-155.03516270218248
20
-23.356502356785587
30
0
10
-155.66969096660614
20
-22.743752002716064
30
0
0
SPLINE
5
243
100
AcDbEntity
8
0
100
AcDbSpline
70
0
71
3
72
9
73
5
74
0
42
0.000000001
43
0.0000000001
44
0.0000000001
40
0
40
0
40
0
40
0
40
0.25052808583510427
40
0.52828929352706866
40
0.52828929352706866
40
0.52828929352706866
40
0.52828929352706866
10
-155.66969096660614
20
-22.743752002716064
30
0
10
-156.39751485234001
20
-22.308357399799448
30
0
10
-157.93227916878297
20
-21.390239551201333
30
0
10
-159.72192269443963
20
-21.298252446561534
30
0
10
-160.66287219524384
20
-21.249887943267815
30
0
0
SPLINE
5
244
100
AcDbEntity
8
0
100
AcDbSpline
70
0
71
3
72
9
73
5
74
0
42
0.000000001
43
0.0000000001
44
0.0000000001
40
0
40
0
40
0
40
0
40
0.32013809096518614
40
0.60892516638698613
40
0.60892516638698613
40
0.60892516638698613
40
0.60892516638698613
10
-160.66287219524384
20
-21.249887943267815
30
0
10
-161.74598440683266
20
-21.30357052947425
30
0
10
-163.80614001552345
20
-21.405678584280512
30
0
10
-165.59535821010905
20
-22.424348370676821
30
0
10
-166.44390761852264
20
-22.907459735870361
30
0
0
SPLINE
5
245
100
AcDbEntity
8
0
100
AcDbSpline
70
0
71
3
72
9
73
5
74
0
42
0.000000001
43
0.0000000001
44
0.0000000001
40
0
40
0
40
0
40
0
40
0.2771146228613518
40
0.5591166283690403
40
0.5591166283690403
40
0.5591166283690403
40
0.5591166283690403
10
-166.44390761852264
20
-22.907459735870361
30
0
10
-167.16190775652419
20
-23.511312740047519
30
0
10
-168.61057117306564
20
-24.729668712171602
30
0
10
-169.33999260076484
20
-26.477033606971911
30
0
10
-169.70789134502411
20
-27.358353137969971
30
0
0
SPLINE
5
246
100
AcDbEntity
8
0
100
AcDbSpline
70
0
71
3
72
9
73
5
74
0
42
0.000000001
43
0.0000000001
44
0.0000000001
40
0
40
0
40
0
40
0
40
0.29233317561019961
40
0.58565526260021961
40
0.58565526260021961
40
0.58565526260021961
40
0.58565526260021961
10
-169.70789134502411
20
-27.358353137969971
30
0
10
-169.98244680487471
20
-28.297538168121772
30
0
10
-170.53248649709053
20
-30.179085325113562
30
0
10
-170.61026846316025
20
-32.137871230203757
30
0
10
-170.64922511577606
20
-33.118917942047119
30
0
0
SPLINE
5
247
100
AcDbEntity
8
0
100
AcDbSpline
70
0
71
3
72
9
73
5
74
0
42
0.000000001
43
0.0000000001
44
0.0000000001
40
0
40
0
40
0
40
0
40
0.35945565592652057
40
0.68032263735198728
40
0.68032263735198728
40
0.68032263735198728
40
0.68032263735198728
10
-170.64922511577606
20
-33.118917942047119
30
0
10
-170.61425084064035
20
-34.323484681002526
30
0
10
-170.54805688678957
20
-36.603304200326349
30
0
10
-169.85895724789276
20
-38.775755870446318
30
0
10
-169.53395068645477
20
-39.800369739532471
30
0
0
SPLINE
5
248
100
AcDbEntity
8
0
100
AcDbSpline
70
0
71
3
72
9
73
5
74
0
42
0.000000001
43
0.0000000001
44
0.0000000001
40
0
40
0
40
0
40
0
40
0.2872322705889806
40
0.55778045889066852
40
0.55778045889066852
40
0.55778045889066852
40
0.55778045889066852
10
-169.53395068645477
20
-39.800369739532471
30
0
10
-169.12296389498042
20
-40.684241361098202
30
0
10
-168.32486276004701
20
-42.400644318420682
30
0
10
-166.80333230932177
20
-43.522789826720839
30
0
10
-166.06532275676727
20
-44.067080020904541
30
0
0
SPLINE
5
249
100
AcDbEntity
8
0
100
AcDbSpline
70
0
71
3
72
9
73
5
74
0
42
0.000000001
43
0.0000000001
44
0.0000000001
40
0
40
0
40
0
40
0
40
0.26695796467696681
40
0.53379857292165722
40
0.53379857292165722
40
0.53379857292165722
40
0.53379857292165722
10
-166.06532275676727
20
-44.067080020904541
30
0
10
-165.26477673387632
20
-44.47891632146991
30
0
10
-163.66403661325691
20
-45.302407876723422
30
0
10
-161.86776495279139
20
-45.420204734031287
30
0
10
-160.96982657909393
20
-45.479090213775635
30
0
0
LINE
5
250
100
AcDbEntity
8
0
100
AcDbLine
10
-125.04627857497866
20
81.408633962497959
30
0
11
-125.04627857497866
21
77.616001144275913
31
0
0
LINE
5
251
100
AcDbEntity
8
0
100
AcDbLine
10
-125.04627857497866
20
77.616001144275913
30
0
11
-126.2741092234009
21
77.616001144275913
31
0
0
LINE
5
252
100
AcDbEntity
8
0
100
AcDbLine
10
-126.2741092234009
20
77.616001144275913
30
0
11
-126.2741092234009
21
84.860203042850742
31
0
0
LINE
5
253
100
AcDbEntity
8
0
100
AcDbLine
10
-126.2741092234009
20
84.860203042850742
30
0
11
-125.16906175903017
21
84.860203042850742
31
0
0
LINE
5
254
100
AcDbEntity
8
0
100
AcDbLine
10
-125.16906175903017
20
84.860203042850742
30
0
11
-125.16906175903017
21
83.76197673402811
31
0
0
SPLINE
5
255
100
AcDbEntity
8
0
100
AcDbSpline
70
0
71
3
72
9
73
5
74
0
42
0.000000001
43
0.0000000001
44
0.0000000001
40
0
40
0
40
0
40
0
40
0.075787574810810068
40
0.1289052188365585
40
0.1289052188365585
40
0.1289052188365585
40
0.1289052188365585
10
-125.16906175903017
20
83.76197673402811
30
0
10
-125.0459676258991
20
83.985114808570728
30
0
10
-124.83659984749519
20
84.364644862164454
30
0
10
-124.51892755373306
20
84.657621747805521
30
0
10
-124.38802514365847
20
84.778347984180698
30
0
0
SPLINE
5
256
100
AcDbEntity
8
0
100
AcDbSpline
70
0
71
3
72
9
73
5
74
0
42
0.000000001
43
0.0000000001
44
0.0000000001
40
0
40
0
40
0
40
0
40
0.041870584171383209
40
0.083509119391851655
40
0.083509119391851655
40
0.083509119391851655
40
0.083509119391851655
10
-124.38802514365847
20
84.778347984180698
30
0
10
-124.26586801864485
20
84.84997134976247
30
0
10
-124.02223076974539
20
84.992821140516099
30
0
10
-123.74059351276779
20
85.013569166053003
30
0
10
-123.60016618064577
20
85.023914352283725
30
0
0
SPLINE
5
257
100
AcDbEntity
8
0
100
AcDbSpline
70
0
71
3
72
9
73
5
74
0
42
0.000000001
43
0.0000000001
44
0.0000000001
40
0
40
0
40
0
40
0
40
0.063361971371352688
40
0.13355095983654444
40
0.13355095983654444
40
0.13355095983654444
40
0.13355095983654444
10
-123.60016618064577
20
85.023914352283725
30
0
10
-123.38746555885244
20
85.004305028579509
30
0
10
-122.93914661322106
20
84.962973549369451
30
0
10
-122.54524731200219
20
84.743582991070269
30
0
10
-122.33822975448305
20
84.628280177936801
30
0
0
LINE
5
258
100
AcDbEntity
8
0
100
AcDbLine
10
-122.33822975448305
20
84.628280177936773
30
0
11
-122.76114855102236
21
83.4891257437327
31
0
0
SPLINE
5
259
100
AcDbEntity
8
0
100
AcDbSpline
70
0
71
3
72
9
73
5
74
0
42
0.000000001
43
0.0000000001
44
0.0000000001
40
0
40
0
40
0
40
0
40
0.049243591695538033
40
0.09475265814961073
40
0.09475265814961073
40
0.09475265814961073
40
0.09475265814961073
10
-122.76114855102236
20
83.4891257437327
30
0
10
-122.90801672146097
20
83.566681621749993
30
0
10
-123.19061490464527
20
83.715911711275183
30
0
10
-123.50875649821383
20
83.742422584032767
30
0
10
-123.66155777267153
20
83.755155578480014
30
0
0
SPLINE
5
260
100
AcDbEntity
8
0
100
AcDbSpline
70
0
71
3
72
9
73
5
74
0
42
0.000000001
43
0.0000000001
44
0.0000000001
40
0
40
0
40
0
40
0
40
0.038675933582558226
40
0.077316567087639232
40
0.077316567087639232
40
0.077316567087639232
40
0.077316567087639232
10
-123.66155777267153
20
83.755155578480014
30
0
10
-123.79227455189161
20
83.745084044114648
30
0
10
-124.05358880325871
20
83.724950167817326
30
0
10
-124.2743062356645
20
83.583628407159466
30
0
10
-124.38461456588442
20
83.512999788151035
30
0
0
SPLINE
5
261
100
AcDbEntity
8
0
100
AcDbSpline
70
0
71
3
72
9
73
5
74
0
42
0.000000001
43
0.0000000001
44
0.0000000001
40
0
40
0
40
0
40
0
40
0.039866314211209584
40
0.082276702960280335
40
0.082276702960280335
40
0.082276702960280335
40
0.082276702960280335
10
-124.38461456588442
20
83.512999788151035
30
0
10
-124.48445359465671
20
83.422368438128203
30
0
10
-124.69050289408834
20
83.235322085530598
30
0
10
-124.79023326662261
20
82.975191224210306
30
0
10
-124.8416403322571
20
82.841104045734653
30
0
0
SPLINE
5
262
100
AcDbEntity
8
0
100
AcDbSpline
70
0
71
3
72
9
73
5
74
0
42
0.000000001
43
0.0000000001
44
0.0000000001
40
0
40
0
40
0
40
0
40
0.07025095526938227
40
0.14511903974782059
40
0.14511903974782059
40
0.14511903974782059
40
0.14511903974782059
10
-124.8416403322571
20
82.841104045734653
30
0
10
-124.90130961033742
20
82.613827675379255
30
0
10
-125.02456983226972
20
82.144337566712807
30
0
10
-125.03889045174748
20
81.65901552362422
30
0
10
-125.04627857497866
20
81.408633962497959
30
0
0
LINE
5
263
100
AcDbEntity
8
0
100
AcDbLine
10
-112.61107836059267
20
81.572345271930942
30
0
11
-112.61107836059267
21
77.616001144275913
31
0
0
LINE
5
264
100
AcDbEntity
8
0
100
AcDbLine
10
-112.61107836059267
20
77.616001144275913
30
0
11
-113.83891020110781
21
77.616001144275913
31
0
0
LINE
5
265
100
AcDbEntity
8
0
100
AcDbLine
10
-113.83891020110781
20
77.616001144275913
30
0
11
-113.83891020110781
21
84.860203042850742
31
0
0
LINE
5
266
100
AcDbEntity
8
0
100
AcDbLine
10
-113.83891020110781
20
84.860203042850742
30
0
11
-112.73386154464418
21
84.860203042850742
31
0
0
LINE
5
267
100
AcDbEntity
8
0
100
AcDbLine
10
-112.73386154464418
20
84.860203042850742
30
0
11
-112.73386154464418
21
83.830189481601963
31
0
0
SPLINE
5
268
100
AcDbEntity
8
0
100
AcDbSpline
70
0
71
3
72
9
73
5
74
0
42
0.000000001
43
0.0000000001
44
0.0000000001
40
0
40
0
40
0
40
0
40
0.13240252543140368
40
0.26872412453417127
40
0.26872412453417127
40
0.26872412453417127
40
0.26872412453417127
10
-112.73386154464418
20
83.830189481601963
30
0
10
-112.43470089120892
20
84.178338529174894
30
0
10
-111.82752452181929
20
84.884941728106412
30
0
10
-110.89919977387345
20
84.977141928199714
30
0
10
-110.4282680540436
20
85.023914352283725
30
0
0
SPLINE
5
269
100
AcDbEntity
8
0
100
AcDbSpline
70
0
71
3
72
9
73
5
74
0
42
0.000000001
43
0.0000000001
44
0.0000000001
40
0
40
0
40
0
40
0
40
0.063115981877434613
40
0.12331580010455699
40
0.12331580010455699
40
0.12331580010455699
40
0.12331580010455699
10
-110.4282680540436
20
85.023914352283725
30
0
10
-110.21666578242471
20
85.015070121615992
30
0
10
-109.80323795238165
20
84.997790292503637
30
0
10
-109.4142220665445
20
84.857208418976512
30
0
10
-109.22431383422548
20
84.788579717502842
30
0
0
SPLINE
5
270
100
AcDbEntity
8
0
100
AcDbSpline
70
0
71
3
72
9
73
5
74
0
42
0.000000001
43
0.0000000001
44
0.0000000001
40
0
40
0
40
0
40
0
40
0.055175173297637686
40
0.10377142479308249
40
0.10377142479308249
40
0.10377142479308249
40
0.10377142479308249
10
-109.22431383422548
20
84.788579717502842
30
0
10
-109.05615893818519
20
84.708554522825892
30
0
10
-108.73989943041883
20
84.558046097121959
30
0
10
-108.51000600638085
20
84.294617205959838
30
0
10
-108.40234670928652
20
84.171253219471225
30
0
0
SPLINE
5
271
100
AcDbEntity
8
0
100
AcDbSpline
70
0
71
3
72
9
73
5
74
0
42
0.000000001
43
0.0000000001
44
0.0000000001
40
0
40
0
40
0
40
0
40
0.047785829959686485
40
0.098977457560698784
40
0.098977457560698784
40
0.098977457560698784
40
0.098977457560698784
10
-108.40234670928652
20
84.171253219471225
30
0
10
-108.31764850230377
20
84.035128500514716
30
0
10
-108.1422154671514
20
83.753177164630301
30
0
10
-108.06189788073769
20
83.430772249334169
30
0
10
-108.02035723022158
20
83.26402284227396
30
0
0
SPLINE
5
272
100
AcDbEntity
8
0
100
AcDbSpline
70
0
71
3
72
9
73
5
74
0
42
0.000000001
43
0.0000000001
44
0.0000000001
40
0
40
0
40
0
40
0
40
0.047174593927187272
40
0.11967067961909206
40
0.11967067961909206
40
0.11967067961909206
40
0.11967067961909206
10
-108.02035723022158
20
83.26402284227396
30
0
10
-108.00067076532275
20
83.107875954908565
30
0
10
-107.95073090495268
20
82.711768589145876
30
0
10
-107.95161045946161
20
82.312297421613195
30
0
10
-107.95214329055483
20
82.070299163685092
30
0
0
LINE
5
273
100
AcDbEntity
8
0
100
AcDbLine
10
-107.95214329055483
20
82.070299163685092
30
0
11
-107.95214329055483
21
77.616001144275913
31
0
0
LINE
5
274
100
AcDbEntity
8
0
100
AcDbLine
10
-107.95214329055483
20
77.616001144275913
30
0
11
-109.17997513106997
21
77.616001144275913
31
0
0
LINE
5
275
100
AcDbEntity
8
0
100
AcDbLine
10
-109.17997513106997
20
77.616001144275913
30
0
11
-109.17997513106997
21
82.022549882755527
31
0
0
SPLINE
5
276
100
AcDbEntity
8
0
100
AcDbSpline
70
0
71
3
72
9
73
5
74
0
42
0.000000001
43
0.0000000001
44
0.0000000001
40
0
40
0
40
0
40
0
40
0.065667235746775118
40
0.11352926785957326
40
0.11352926785957326
40
0.11352926785957326
40
0.11352926785957326
10
-109.17997513106997
20
82.022549882755527
30
0
10
-109.1811540621953
20
82.242636238798326
30
0
10
-109.18319226566152
20
82.623134101747354
30
0
10
-109.28169477753649
20
82.989990804963867
30
0
10
-109.32322178176577
20
83.144651428089389
30
0
0
SPLINE
5
277
100
AcDbEntity
8
0
100
AcDbSpline
70
0
71
3
72
9
73
5
74
0
42
0.000000001
43
0.0000000001
44
0.0000000001
40
0
40
0
40
0
40
0
40
0.038882753347234698
40
0.079254609165289133
40
0.079254609165289133
40
0.079254609165289133
40
0.079254609165289133
10
-109.32322178176577
20
83.144651428089389
30
0
10
-109.38131483895062
20
83.26298223501351
30
0
10
-109.49972575757272
20
83.504175593190439
30
0
10
-109.7194698167568
20
83.659155564583969
30
0
10
-109.83140621474917
20
83.73810149751688
30
0
0
SPLINE
5
278
100
AcDbEntity
8
0
100
AcDbSpline
70
0
71
3
72
9
73
5
74
0
42
0.000000001
43
0.0000000001
44
0.0000000001
40
0
40
0
40
0
40
0
40
0.042993960813406507
40
0.089285217017808005
40
0.089285217017808005
40
0.089285217017808005
40
0.089285217017808005
10
-109.83140621474917
20
83.73810149751688
30
0
10
-109.96113227334446
20
83.802737605725468
30
0
10
-110.23053334910983
20
83.936966898384384
30
0
10
-110.53145789927345
20
83.95199979243408
30
0
10
-110.68747673324282
20
83.959793821201572
30
0
0
SPLINE
5
279
100
AcDbEntity
8
0
100
AcDbSpline
70
0
71
3
72
9
73
5
74
0
42
0.000000001
43
0.0000000001
44
0.0000000001
40
0
40
0
40
0
40
0
40
0.07412597620204868
40
0.14678752323175476
40
0.14678752323175476
40
0.14678752323175476
40
0.14678752323175476
10
-110.68747673324282
20
83.959793821201572
30
0
10
-110.93903916118185
20
83.939885932459646
30
0
10
-111.43719416199674
20
83.900463454255316
30
0
10
-111.84140970494462
20
83.60707209579104
30
0
10
-112.04150114349062
20
83.461839929447422
30
0
0
SPLINE
5
280
100
AcDbEntity
8
0
100
AcDbSpline
70
0
71
3
72
9
73
5
74
0
42
0.000000001
43
0.0000000001
44
0.0000000001
40
0
40
0
40
0
40
0
40
0.083835037747024277
40
0.20151410539576214
40
0.20151410539576214
40
0.20151410539576214
40
0.20151410539576214
10
-112.04150114349062
20
83.461839929447422
30
0
10
-112.20648098618673
20
83.229074963172451
30
0
10
-112.6030426900123
20
82.669578299165352
30
0
10
-112.60811579653527
20
81.976869461489173
30
0
10
-112.61107836059267
20
81.572345271930942
30
0
0
SPLINE
5
281
100
AcDbEntity
8
0
100
AcDbSpline
70
0
71
3
72
9
73
5
74
0
42
0.000000001
43
0.0000000001
44
0.0000000001
40
0
40
0
40
0
40
0
40
0.076200437864389542
40
0.16182845785084263
40
0.16182845785084263
40
0.16182845785084263
40
0.16182845785084263
10
-131.74477789691622
20
62.179437652454617
30
0
10
-131.99440183084957
20
62.129745513277228
30
0
10
-132.52453338131369
20
62.024213281760439
30
0
10
-133.06514010141947
20
62.014203067446473
30
0
10
-133.35119042686159
20
62.008906379566433
30
0
0
LINE
5
282
100
AcDbEntity
8
0
100
AcDbLine
10
-133.35119042686159
20
62.008906379566433
30
0
11
-136.95964876702959
21
62.008906379566433
31
0
0
LINE
5
283
100
AcDbEntity
8
0
100
AcDbLine
10
-136.95964876702959
20
62.008906379566433
30
0
11
-136.95964876702959
21
72.00890637956644
31
0
0
LINE
5
284
100
AcDbEntity
8
0
100
AcDbLine
10
-136.95964876702959
20
72.00890637956644
30
0
11
-133.51490114024813
21
72.00890637956644
31
0
0
SPLINE
5
285
100
AcDbEntity
8
0
100
AcDbSpline
70
0
71
3
72
9
73
5
74
0
42
0.000000001
43
0.0000000001
44
0.0000000001
40
0
40
0
40
0
40
0
40
0.10289316268882275
40
0.17886136513132855
40
0.17886136513132855
40
0.17886136513132855
40
0.17886136513132855
10
-133.51490114024813
20
72.00890637956644
30
0
10
-133.17119996398955
20
72.007487719518622
30
0
10
-132.57373692585969
20
72.005021632694408
30
0
10
-131.98472048332721
20
71.907205431056042
30
0
10
-131.73454616359408
20
71.865659728870639
30
0
0
SPLINE
5
286
100
AcDbEntity
8
0
100
AcDbSpline
70
0
71
3
72
9
73
5
74
0
42
0.000000001
43
0.0000000001
44
0.0000000001
40
0
40
0
40
0
40
0
40
0.084350087338153162
40
0.1644273401931135
40
0.1644273401931135
40
0.1644273401931135
40
0.1644273401931135
10
-131.73454616359408
20
71.865659728870639
30
0
10
-131.46135299093783
20
71.788708872965273
30
0
10
-130.92880550751084
20
71.638705180480898
30
0
10
-130.48439883318855
20
71.30966764742945
30
0
10
-130.26796970657045
20
71.149424091205844
30
0
0
SPLINE
5
287
100
AcDbEntity
8
0
100
AcDbSpline
70
0
71
3
72
9
73
5
74
0
42
0.000000001
43
0.0000000001
44
0.0000000001
40
0
40
0
40
0
40
0
40
0.1028567219844999
40
0.20960098449637787
40
0.20960098449637787
40
0.20960098449637787
40
0.20960098449637787
10
-130.26796970657045
20
71.149424091205844
30
0
10
-130.01968353912511
20
70.907996473568019
30
0
10
-129.51372705782467
20
70.416016315488264
30
0
10
-129.22931919648948
20
69.769797202883211
30
0
10
-129.08447776130373
20
69.440694824085483
30
0
0
SPLINE
5
288
100
AcDbEntity
8
0
100
AcDbSpline
70
0
71
3
72
9
73
5
74
0
42
0.000000001
43
0.0000000001
44
0.0000000001
40
0
40
0
40
0
40
0
40
0.11525987905765132
40
0.24191913218621974
40
0.24191913218621974
40
0.24191913218621974
40
0.24191913218621974
10
-129.08447776130373
20
69.440694824085483
30
0
10
-128.97014895296653
20
69.071975132224367
30
0
10
-128.73018404650512
20
68.29806882064139
30
0
10
-128.70528848982477
20
67.487734501955771
30
0
10
-128.69225416473085
20
67.063475623951206
30
0
0
SPLINE
5
289
100
AcDbEntity
8
0
100
AcDbSpline
70
0
71
3
72
9
73
5
74
0
42
0.000000001
43
0.0000000001
44
0.0000000001
40
0
40
0
40
0
40
0
40
0.10764088214098334
40
0.20419933867989426
40
0.20419933867989426
40
0.20419933867989426
40
0.20419933867989426
10
-128.69225416473085
20
67.063475623951206
30
0
10
-128.70072493670048
20
66.703497916418044
30
0
10
-128.71679435196265
20
66.020604870990411
30
0
10
-128.88075361454747
20
65.357796054056706
30
0
10
-128.95828399947817
20
65.044377818928012
30
0
0
SPLINE
5
290
100
AcDbEntity
8
0
100
AcDbSpline
70
0
71
3
72
9
73
5
74
0
42
0.000000001
43
0.0000000001
44
0.0000000001
40
0
40
0
40
0
40
0
40
0.085944906868251833
40
0.16136367230907819
40
0.16136367230907819
40
0.16136367230907819
40
0.16136367230907819
10
-128.95828399947817
20
65.044377818928012
30
0
10
-129.04811532471805
20
64.770966487464065
30
0
10
-129.21677584291865
20
64.257630001294316
30
0
10
-129.50547797116212
20
63.801310180549095
30
0
10
-129.64041266730959
20
63.588033691272976
30
0
0
SPLINE
5
291
100
AcDbEntity
8
0
100
AcDbSpline
70
0
71
3
72
9
73
5
74
0
42
0.000000001
43
0.0000000001
44
0.0000000001
40
0
40
0
40
0
40
0
40
0.067459348897993335
40
0.12905463044754675
40
0.12905463044754675
40
0.12905463044754675
40
0.12905463044754675
10
-129.64041266730959
20
63.588033691272976
30
0
10
-129.77829326405725
20
63.408920430613961
30
0
10
-130.042068852613
20
63.066263763447523
30
0
10
-130.3866105346145
20
62.805338094378342
30
0
10
-130.5510536222809
20
62.68080331407571
30
0
0
SPLINE
5
292
100
AcDbEntity
8
0
100
AcDbSpline
70
0
71
3
72
9
73
5
74
0
42
0.000000001
43
0.0000000001
44
0.0000000001
40
0
40
0
40
0
40
0
40
0.061832825775450746
40
0.12997159800725253
40
0.12997159800725253
40
0.12997159800725253
40
0.12997159800725253
10
-130.5510536222809
20
62.68080331407571
30
0
10
-130.72959644864537
20
62.575984275425014
30
0
10
-131.10489057703586
20
62.355656354386952
30
0
10
-131.52469281863014
20
62.240046927877515
30
0
10
-131.74477789691622
20
62.179437652454617
30
0
0
LINE
5
293
100
AcDbEntity
8
0
100
AcDbLine
10
-125.81367407134707
20
65.801540389881382
30
0
11
-125.81367407134707
21
62.008906379566433
31
0
0
LINE
5
294
100
AcDbEntity
8
0
100
AcDbLine
10
-125.81367407134707
20
62.008906379566433
30
0
11
-127.04150471976931
21
62.008906379566433
31
0
0
LINE
5
295
100
AcDbEntity
8
0
100
AcDbLine
10
-127.04150471976931
20
62.008906379566433
30
0
11
-127.04150471976931
21
69.253107086048374
31
0
0
LINE
5
296
100
AcDbEntity
8
0
100
AcDbLine
10
-127.04150471976931
20
69.253107086048374
30
0
11
-125.93645725539858
21
69.253107086048374
31
0
0
LINE
5
297
100
AcDbEntity
8
0
100
AcDbLine
10
-125.93645725539858
20
69.253107086048374
30
0
11
-125.93645725539858
21
68.154881969318637
31
0
0
SPLINE
5
298
100
AcDbEntity
8
0
100
AcDbSpline
70
0
71
3
72
9
73
5
74
0
42
0.000000001
43
0.0000000001
44
0.0000000001
40
0
40
0
40
0
40
0
40
0.075787309658606972
40
0.12890520685111115
40
0.12890520685111115
40
0.12890520685111115
40
0.12890520685111115
10
-125.93645725539858
20
68.154881969318637
30
0
10
-125.81336332809096
20
68.378019083691797
30
0
10
-125.6039951867335
20
68.75754879670049
30
0
10
-125.28632345470157
20
69.0505261880744
30
0
10
-125.15542064002688
20
69.171253219471225
30
0
0
SPLINE
5
299
100
AcDbEntity
8
0
100
AcDbSpline
70
0
71
3
72
9
73
5
74
0
42
0.000000001
43
0.0000000001
44
0.0000000001
40
0
40
0
40
0
40
0
40
0.041870424677758124
40
0.083509095380952136
40
0.083509095380952136
40
0.083509095380952136
40
0.083509095380952136
10
-125.15542064002688
20
69.171253219471225
30
0
10
-125.03326385652635
20
69.242875988303766
30
0
10
-124.78962643074701
20
69.385725091935186
30
0
10
-124.5079893957502
20
69.4064739497326
30
0
10
-124.36756167701418
20
69.416819587574253
30
0
0
SPLINE
5
300
100
AcDbEntity
8
0
100
AcDbSpline
70
0
71
3
72
9
73
5
74
0
42
0.000000001
43
0.0000000001
44
0.0000000001
40
0
40
0
40
0
40
0
40
0.063361971371352688
40
0.13355095983654444
40
0.13355095983654444
40
0.13355095983654444
40
0.13355095983654444
10
-124.36756167701418
20
69.416819587574253
30
0
10
-124.15486105522085
20
69.397210263870036
30
0
10
-123.70654210958946
20
69.355878784659964
30
0
10
-123.3126428083706
20
69.136488226360825
30
0
10
-123.10562525085146
20
69.021185413227329
30
0
0
LINE
5
301
100
AcDbEntity
8
0
100
AcDbLine
10
-123.10562525085146
20
69.021185413227329
30
0
11
-123.52854404739077
21
67.882030979023227
31
0
0
SPLINE
5
302
100
AcDbEntity
8
0
100
AcDbSpline
70
0
71
3
72
9
73
5
74
0
42
0.000000001
43
0.0000000001
44
0.0000000001
40
0
40
0
40
0
40
0
40
0.049243531010284503
40
0.094752697972429578
40
0.094752697972429578
40
0.094752697972429578
40
0.094752697972429578
10
-123.52854404739077
20
67.882030979023227
30
0
10
-123.67541175595791
20
67.959587472579727
30
0
10
-123.95800951745592
20
68.108818993126562
30
0
10
-124.27615152331515
20
68.13532846796565
30
0
10
-124.42895326903994
20
68.148060813770542
30
0
0
SPLINE
5
303
100
AcDbEntity
8
0
100
AcDbSpline
70
0
71
3
72
9
73
5
74
0
42
0.000000001
43
0.0000000001
44
0.0000000001
40
0
40
0
40
0
40
0
40
0.038675933582558226
40
0.077316623117866121
40
0.077316623117866121
40
0.077316623117866121
40
0.077316623117866121
10
-124.42895326903994
20
68.148060813770542
30
0
10
-124.55967008707549
20
68.137989349581034
30
0
10
-124.82098460540891
20
68.117855598980753
30
0
10
-125.04170178057984
20
67.976532947030449
30
0
10
-125.15201006225283
20
67.905903831348667
30
0
0
SPLINE
5
304
100
AcDbEntity
8
0
100
AcDbSpline
70
0
71
3
72
9
73
5
74
0
42
0.000000001
43
0.0000000001
44
0.0000000001
40
0
40
0
40
0
40
0
40
0.039866054912077856
40
0.082276658884219117
40
0.082276658884219117
40
0.082276658884219117
40
0.082276658884219117
10
-125.15201006225283
20
67.905903831348667
30
0
10
-125.25184920175134
20
67.815273772563216
30
0
10
-125.4578999595183
20
67.628228968461258
30
0
10
-125.55762910636813
20
67.368097516333805
30
0
10
-125.60903582862551
20
67.23400928102518
30
0
0
SPLINE
5
305
100
AcDbEntity
8
0
100
AcDbSpline
70
0
71
3
72
9
73
5
74
0
42
0.000000001
43
0.0000000001
44
0.0000000001
40
0
40
0
40
0
40
0
40
0.070250722610226718
40
0.14511892601930881
40
0.14511892601930881
40
0.14511892601930881
40
0.14511892601930881
10
-125.60903582862551
20
67.23400928102518
30
0
10
-125.66870510417147
20
67.006733707778778
30
0
10
-125.79196563248831
20
66.537244058783514
30
0
10
-125.80628603996362
20
66.051922364841886
30
0
10
-125.81367407134707
20
65.801540389881382
30
0
0
LWPOLYLINE
5
306
100
AcDbEntity
8
0
100
AcDbPolyline
90
4
70
1
43
0.0
10
-121.14109669021303
20
69.253107086048374
10
-121.14109669021303
20
62.008906379566433
10
-122.36892614654238
20
62.008906379566433
10
-122.36892614654238
20
69.253107086048374
0
SPLINE
5
307
100
AcDbEntity
8
0
100
AcDbSpline
70
0
71
3
72
9
73
5
74
0
42
0.000000001
43
0.0000000001
44
0.0000000001
40
0
40
0
40
0
40
0
40
0.063210435152622188
40
0.12223932775232846
40
0.12223932775232846
40
0.12223932775232846
40
0.12223932775232846
10
-109.23795614532168
20
62.854746356830837
30
0
10
-109.02403089553971
20
62.867395392846213
30
0
10
-108.61033213425992
20
62.891856696672114
30
0
10
-108.25617870426268
20
63.106028492391921
30
0
10
-108.08515940002138
20
63.209451213703396
30
0
0
SPLINE
5
308
100
AcDbEntity
8
0
100
AcDbSpline
70
0
71
3
72
9
73
5
74
0
42
0.000000001
43
0.0000000001
44
0.0000000001
40
0
40
0
40
0
40
0
40
0.062866192040690869
40
0.13768398924925215
40
0.13768398924925215
40
0.13768398924925215
40
0.13768398924925215
10
-108.08515940002138
20
63.209451213703396
30
0
10
-107.93095313125939
20
63.355005750777011
30
0
10
-107.59322416182137
20
63.673786460520851
30
0
10
-107.42137827835784
20
64.106595216471888
30
0
10
-107.32799682906801
20
64.341784492359409
30
0
0
LINE
5
309
100
AcDbEntity
8
0
100
AcDbLine
10
-107.32799682906801
20
64.341784492359409
30
0
11
-106.0592380552643
21
64.184895530567417
31
0
0
SPLINE
5
310
100
AcDbEntity
8
0
100
AcDbSpline
70
0
71
3
72
9
73
5
74
0
42
0.000000001
43
0.0000000001
44
0.0000000001
40
0
40
0
40
0
40
0
40
0.10761678628165221
40
0.20825804731420267
40
0.20825804731420267
40
0.20825804731420267
40
0.20825804731420267
10
-106.0592380552643
20
64.184895530567417
30
0
10
-106.17580382033029
20
63.838732667278322
30
0
10
-106.4013797686103
20
63.168844590778775
30
0
10
-106.92032580202471
20
62.690347289317771
30
0
10
-107.17110786727602
20
62.459112182483914
30
0
0
SPLINE
5
311
100
AcDbEntity
8
0
100
AcDbSpline
70
0
71
3
72
9
73
5
74
0
42
0.000000001
43
0.0000000001
44
0.0000000001
40
0
40
0
40
0
40
0
40
0.10326196718095533
40
0.21922065818922279
40
0.21922065818922279
40
0.21922065818922279
40
0.21922065818922279
10
-107.17110786727602
20
62.459112182483914
30
0
10
-107.47141085426342
20
62.280215876500051
30
0
10
-108.10894101430972
20
61.900426811696775
30
0
10
-108.85182323223594
20
61.864303830265939
30
0
10
-109.24477730086977
20
61.845196262226345
30
0
0
SPLINE
5
312
100
AcDbEntity
8
0
100
AcDbSpline
70
0
71
3
72
9
73
5
74
0
42
0.000000001
43
0.0000000001
44
0.0000000001
40
0
40
0
40
0
40
0
40
0.14456589040848236
40
0.27645405307113741
40
0.27645405307113741
40
0.27645405307113741
40
0.27645405307113741
10
-109.24477730086977
20
61.845196262226345
30
0
10
-109.73921552846011
20
61.877960725157344
30
0
10
-110.68473214807511
20
61.940616366459565
30
0
10
-111.41625334699258
20
62.538714700313385
30
0
10
-111.76524076751406
20
62.824049964771511
30
0
0
SPLINE
5
313
100
AcDbEntity
8
0
100
AcDbSpline
70
0
71
3
72
9
73
5
74
0
42
0.000000001
43
0.0000000001
44
0.0000000001
40
0
40
0
40
0
40
0
40
0.13675565920968596
40
0.29544699345339021
40
0.29544699345339021
40
0.29544699345339021
40
0.29544699345339021
10
-111.76524076751406
20
62.824049964771511
30
0
10
-112.03641451024117
20
63.20233877609779
30
0
10
-112.62225839747209
20
64.019594110241101
30
0
10
-112.67045752693357
20
65.027985997764063
30
0
10
-112.69634638122255
20
65.569616332874546
30
0
0
SPLINE
5
314
100
AcDbEntity
8
0
100
AcDbSpline
70
0
71
3
72
9
73
5
74
0
42
0.000000001
43
0.0000000001
44
0.0000000001
40
0
40
0
40
0
40
0
40
0.16404340067980427
40
0.30449589276710931
40
0.30449589276710931
40
0.30449589276710931
40
0.30449589276710931
10
-112.69634638122255
20
65.569616332874546
30
0
10
-112.67081060976497
20
66.129209033751351
30
0
10
-112.62341133923505
20
67.167919998857656
30
0
10
-112.02912988734427
20
68.016056195112427
30
0
10
-111.75501022628481
20
68.40726949296976
30
0
0
SPLINE
5
315
100
AcDbEntity
8
0
100
AcDbSpline
70
0
71
3
72
9
73
5
74
0
42
0.000000001
43
0.0000000001
44
0.0000000001
40
0
40
0
40
0
40
0
40
0.13199360298379118
40
0.27039880939023764
40
0.27039880939023764
40
0.27039880939023764
40
0.27039880939023764
10
-111.75501022628481
20
68.40726949296976
30
0
10
-111.41224362517349
20
68.701675398496093
30
0
10
-110.71006049853651
20
69.304788007987909
30
0
10
-109.78598478156317
20
69.378890033808815
30
0
10
-109.31299124053652
20
69.416819587574253
30
0
0
SPLINE
5
316
100
AcDbEntity
8
0
100
AcDbSpline
70
0
71
3
72
9
73
5
74
0
42
0.000000001
43
0.0000000001
44
0.0000000001
40
0
40
0
40
0
40
0
40
0.13428805509129171
40
0.26316675517443966
40
0.26316675517443966
40
0.26316675517443966
40
0.26316675517443966
10
-109.31299124053652
20
69.416819587574253
30
0
10
-108.85415548689265
20
69.379103034589718
30
0
10
-107.95496667696916
20
69.305189216576991
30
0
10
-107.27310625133157
20
68.716182730579774
30
0
10
-106.93918381026918
20
68.427732959614048
30
0
0
SPLINE
5
317
100
AcDbEntity
8
0
100
AcDbSpline
70
0
71
3
72
9
73
5
74
0
42
0.000000001
43
0.0000000001
44
0.0000000001
40
0
40
0
40
0
40
0
40
0.13761734713784118
40
0.29854947348912297
40
0.29854947348912297
40
0.29854947348912297
40
0.29854947348912297
10
-106.93918381026918
20
68.427732959614048
30
0
10
-106.6710294777068
20
68.04415289100568
30
0
10
-106.08929079093981
20
67.212007598964504
30
0
10
-106.04317154959256
20
66.193611929704545
30
0
10
-106.01831112197573
20
65.644649043903598
30
0
0
SPLINE
5
318
100
AcDbEntity
8
0
100
AcDbSpline
70
0
71
3
72
9
73
5
74
0
42
0.000000001
43
0.0000000001
44
0.0000000001
40
0
40
0
40
0
40
0
40
0.013643614515214512
40
0.03274994035764528
40
0.03274994035764528
40
0.03274994035764528
40
0.03274994035764528
10
-106.01831112197573
20
65.644649043903598
30
0
10
-106.01874403327983
20
65.599171221047484
30
0
10
-106.01978318748439
20
65.490006894800089
30
0
10
-106.02316141720658
20
65.38088851022701
30
0
10
-106.02513227752382
20
65.317228809223423
30
0
0
LINE
5
319
100
AcDbEntity
8
0
100
AcDbLine
10
-106.02513227752382
20
65.317228809223423
30
0
11
-111.42758760741884
21
65.317228809223423
31
0
0
SPLINE
5
320
100
AcDbEntity
8
0
100
AcDbSpline
70
0
71
3
72
9
73
5
74
0
42
0.000000001
43
0.0000000001
44
0.0000000001
40
0
40
0
40
0
40
0
40
0.10732488713627751
40
0.19801935138082177
40
0.19801935138082177
40
0.19801935138082177
40
0.19801935138082177
10
-111.42758760741884
20
65.317228809223423
30
0
10
-111.39210706484965
20
64.9534932936659
30
0
10
-111.32664383247494
20
64.282384543526604
30
0
10
-110.93270737182861
20
63.738312675032887
30
0
10
-110.75228128722841
20
63.489123359546902
30
0
0
SPLINE
5
321
100
AcDbEntity
8
0
100
AcDbSpline
70
0
71
3
72
9
73
5
74
0
42
0.000000001
43
0.0000000001
44
0.0000000001
40
0
40
0
40
0
40
0
40
0.083166424641488698
40
0.16788393517530306
40
0.16788393517530306
40
0.16788393517530306
40
0.16788393517530306
10
-110.75228128722841
20
63.489123359546902
30
0
10
-110.5360377803173
20
63.304102093582955
30
0
10
-110.09951774169785
20
62.93060884369222
30
0
10
-109.52690680200389
20
62.880189128988206
30
0
10
-109.23795614532168
20
62.854746356830837
30
0
0
LINE
5
322
100
AcDbEntity
8
0
100
AcDbLine
10
-186.95910664537038
20
88.994424486722892
30
0
11
-186.95910664537038
21
81.750222588148063
31
0
0
LINE
5
323
100
AcDbEntity
8
0
100
AcDbLine
10
-186.95910664537038
20
81.750222588148063
30
0
11
-188.05733176210012
21
81.750222588148063
31
0
0
LINE
5
324
100
AcDbEntity
8
0
100
AcDbLine
10
-188.05733176210012
20
81.750222588148063
30
0
11
-188.05733176210012
21
82.814343119230216
31
0
0
SPLINE
5
325
100
AcDbEntity
8
0
100
AcDbSpline
70
0
71
3
72
9
73
5
74
0
42
0.000000001
43
0.0000000001
44
0.0000000001
40
0
40
0
40
0
40
0
40
0.13576595142173006
40
0.2694536534435702
40
0.2694536534435702
40
0.2694536534435702
40
0.2694536534435702
10
-188.05733176210012
20
82.814343119230216
30
0
10
-188.36267993329929
20
82.456231633131821
30
0
10
-188.96870213135657
20
81.745490484420827
30
0
10
-189.89602085817623
20
81.639231160691779
30
0
10
-190.35610409715261
20
81.586511278715079
30
0
0
SPLINE
5
326
100
AcDbEntity
8
0
100
AcDbSpline
70
0
71
3
72
9
73
5
74
0
42
0.000000001
43
0.0000000001
44
0.0000000001
40
0
40
0
40
0
40
0
40
0.062291614795066522
40
0.12288370314699823
40
0.12288370314699823
40
0.12288370314699823
40
0.12288370314699823
10
-190.35610409715261
20
81.586511278715079
30
0
10
-190.56496579036161
20
81.596165257701927
30
0
10
-190.97699072167077
20
81.615209822398299
30
0
10
-191.36293585830737
20
81.760457983697535
30
0
10
-191.55323954560842
20
81.832077646818107
30
0
0
SPLINE
5
327
100
AcDbEntity
8
0
100
AcDbSpline
70
0
71
3
72
9
73
5
74
0
42
0.000000001
43
0.0000000001
44
0.0000000001
40
0
40
0
40
0
40
0
40
0.05579878936461969
40
0.10397216904708581
40
0.10397216904708581
40
0.10397216904708581
40
0.10397216904708581
10
-191.55323954560842
20
81.832077646818107
30
0
10
-191.72266077835991
20
81.913988867005187
30
0
10
-192.03835029873107
20
82.066617397643981
30
0
10
-192.27087712101348
20
82.328203548022941
30
0
10
-192.37861367204275
20
82.449404144849723
30
0
0
SPLINE
5
328
100
AcDbEntity
8
0
100
AcDbSpline
70
0
71
3
72
9
73
5
74
0
42
0.000000001
43
0.0000000001
44
0.0000000001
40
0
40
0
40
0
40
0
40
0.047288953388398704
40
0.099190241465041379
40
0.099190241465041379
40
0.099190241465041379
40
0.099190241465041379
10
-192.37861367204275
20
82.449404144849723
30
0
10
-192.4624911253255
20
82.584121647365805
30
0
10
-192.63842703103805
20
82.866696342863619
30
0
10
-192.71639789800662
20
83.190575401322576
30
0
10
-192.75719614961233
20
83.360045099821036
30
0
0
SPLINE
5
329
100
AcDbEntity
8
0
100
AcDbSpline
70
0
71
3
72
9
73
5
74
0
42
0.000000001
43
0.0000000001
44
0.0000000001
40
0
40
0
40
0
40
0
40
0.047063396289675097
40
0.1149611235981607
40
0.1149611235981607
40
0.1149611235981607
40
0.1149611235981607
10
-192.75719614961233
20
83.360045099821036
30
0
10
-192.77890656574942
20
83.515579478528252
30
0
10
-192.83193830654318
20
83.895501208449105
30
0
10
-192.83212097435185
20
84.279327340903734
30
0
10
-192.83222886064138
20
84.506020689573234
30
0
0
LINE
5
330
100
AcDbEntity
8
0
100
AcDbLine
10
-192.83222886064138
20
84.506020689573234
30
0
11
-192.83222886064138
21
88.994424486722892
31
0
0
LINE
5
331
100
AcDbEntity
8
0
100
AcDbLine
10
-192.83222886064138
20
88.994424486722892
30
0
11
-191.60439940431203
21
88.994424486722892
31
0
0
LINE
5
332
100
AcDbEntity
8
0
100
AcDbLine
10
-191.60439940431203
20
88.994424486722892
30
0
11
-191.60439940431203
21
84.976689363088553
31
0
0
SPLINE
5
333
100
AcDbEntity
8
0
100
AcDbSpline
70
0
71
3
72
9
73
5
74
0
42
0.000000001
43
0.0000000001
44
0.0000000001
40
0
40
0
40
0
40
0
40
0.080512981646867918
40
0.12994759710851461
40
0.12994759710851461
40
0.12994759710851461
40
0.12994759710851461
10
-191.60439940431203
20
84.976689363088553
30
0
10
-191.60567368414164
20
84.707867739275699
30
0
10
-191.60773036616376
20
84.273990824637167
30
0
10
-191.55096235753263
20
83.844161050298339
30
0
10
-191.52936669328298
20
83.680645371046012
30
0
0
SPLINE
5
334
100
AcDbEntity
8
0
100
AcDbSpline
70
0
71
3
72
9
73
5
74
0
42
0.000000001
43
0.0000000001
44
0.0000000001
40
0
40
0
40
0
40
0
40
0.04685695410445876
40
0.09203361645944394
40
0.09203361645944394
40
0.09203361645944394
40
0.09203361645944394
10
-191.52936669328298
20
83.680645371046012
30
0
10
-191.48108905371885
20
83.528755168537216
30
0
10
-191.38626501216231
20
83.230421550639704
30
0
10
-191.15282363359751
20
83.022255141403107
30
0
10
-191.03823395707693
20
82.920072222318595
30
0
0
SPLINE
5
335
100
AcDbEntity
8
0
100
AcDbSpline
70
0
71
3
72
9
73
5
74
0
42
0.000000001
43
0.0000000001
44
0.0000000001
40
0
40
0
40
0
40
0
40
0.046788729910930409
40
0.09807457867576716
40
0.09807457867576716
40
0.09807457867576716
40
0.09807457867576716
10
-191.03823395707693
20
82.920072222318595
30
0
10
-190.90190523445938
20
82.83954207023794
30
0
10
-190.61614449554691
20
82.670741575951325
30
0
10
-190.28414778497535
20
82.653057917404325
30
0
10
-190.11053772904958
20
82.643810654249137
30
0
0
SPLINE
5
336
100
AcDbEntity
8
0
100
AcDbSpline
70
0
71
3
72
9
73
5
74
0
42
0.000000001
43
0.0000000001
44
0.0000000001
40
0
40
0
40
0
40
0
40
0.054012557846228354
40
0.10845921096522584
40
0.10845921096522584
40
0.10845921096522584
40
0.10845921096522584
10
-190.11053772904958
20
82.643810654249137
30
0
10
-189.92888569268462
20
82.655793621421793
30
0
10
-189.56412169482951
20
82.679855862063491
30
0
10
-189.23761151268295
20
82.844328112301042
30
0
10
-189.07370301225271
20
82.926893377866691
30
0
0
SPLINE
5
337
100
AcDbEntity
8
0
100
AcDbSpline
70
0
71
3
72
9
73
5
74
0
42
0.000000001
43
0.0000000001
44
0.0000000001
40
0
40
0
40
0
40
0
40
0.053172713308411328
40
0.10460903427585236
40
0.10460903427585236
40
0.10460903427585236
40
0.10460903427585236
10
-189.07370301225271
20
82.926893377866691
30
0
10
-188.92464367901562
20
83.028391487352025
30
0
10
-188.63139264987785
20
83.228073214190005
30
0
10
-188.4683378858121
20
83.542898493215972
30
0
10
-188.38816376664724
20
83.697698259916251
30
0
0
SPLINE
5
338
100
AcDbEntity
8
0
100
AcDbSpline
70
0
71
3
72
9
73
5
74
0
42
0.000000001
43
0.0000000001
44
0.0000000001
40
0
40
0
40
0
40
0
40
0.061647401042348969
40
0.14357213795150642
40
0.14357213795150642
40
0.14357213795150642
40
0.14357213795150642
10
-188.38816376664724
20
83.697698259916251
30
0
10
-188.3297662827826
20
83.895677541786256
30
0
10
-188.19376295632154
20
84.356756326740225
30
0
10
-188.18941635012516
20
84.838324026921654
30
0
10
-188.18693610169973
20
85.113114858236258
30
0
0
LINE
5
339
100
AcDbEntity
8
0
100
AcDbLine
10
-188.18693610169973
20
85.113114858236258
30
0
11
-188.18693610169973
21
88.994424486722892
31
0
0
LINE
5
340
100
AcDbEntity
8
0
100
AcDbLine
10
-188.18693610169973
20
88.994424486722892
30
0
11
-186.95910664537038
21
88.994424486722892
31
0
0
LWPOLYLINE
5
341
100
AcDbEntity
8
0
100
AcDbPolyline
90
12
70
1
43
0.0
10
-176.81585999467458
20
84.621982718076652
10
-176.81585999467458
20
81.750222588148063
10
-178.04368706681814
20
81.750222588148063
10
-178.04368706681814
20
91.750222588148063
10
-176.81585999467458
20
91.750222588148063
10
-176.81585999467458
20
86.047630453672355
10
-173.90999527909841
20
88.994424486722892
10
-172.32063027360525
20
88.994424486722892
10
-175.0900718782195
20
86.306839132871573
10
-172.04096051194753
20
81.750222588148063
10
-173.55528565385427
20
81.750222588148063
10
-175.94955655076589
20
85.454179192151969
0
SPLINE
5
342
100
AcDbEntity
8
0
100
AcDbSpline
70
0
71
3
72
9
73
5
74
0
42
0.000000001
43
0.0000000001
44
0.0000000001
40
0
40
0
40
0
40
0
40
0.13967936589170177
40
0.27043415093864004
40
0.27043415093864004
40
0.27043415093864004
40
0.27043415093864004
10
-204.23400255181875
20
65.979418898191398
30
0
10
-204.71118502643429
20
66.014423195778448
30
0
10
-205.63506119484055
20
66.082195249558367
30
0
10
-206.34824863423444
20
66.670443215458818
30
0
10
-206.69307442643728
20
66.95486083086962
30
0
0
SPLINE
5
343
100
AcDbEntity
8
0
100
AcDbSpline
70
0
71
3
72
9
73
5
74
0
42
0.000000001
43
0.0000000001
44
0.0000000001
40
0
40
0
40
0
40
0
40
0.13826359801493054
40
0.30195714401725526
40
0.30195714401725526
40
0.30195714401725526
40
0.30195714401725526
10
-206.69307442643728
20
66.95486083086962
30
0
10
-206.9661248229522
20
67.338043341761164
30
0
10
-207.56244604623984
20
68.174884696154962
30
0
10
-207.60690150948835
20
69.20616403416355
30
0
10
-207.63100119569387
20
69.765229368772452
30
0
0
SPLINE
5
344
100
AcDbEntity
8
0
100
AcDbSpline
70
0
71
3
72
9
73
5
74
0
42
0.000000001
43
0.0000000001
44
0.0000000001
40
0
40
0
40
0
40
0
40
0.17735528857943977
40
0.32620811967673613
40
0.32620811967673613
40
0.32620811967673613
40
0.32620811967673613
10
-207.63100119569387
20
69.765229368772452
30
0
10
-207.60301976377986
20
70.374968355961272
30
0
10
-207.55155374681667
20
71.496456246723369
30
0
10
-206.83794155727983
20
72.354565579240045
30
0
10
-206.51231142022695
20
72.746131563749259
30
0
0
SPLINE
5
345
100
AcDbEntity
8
0
100
AcDbSpline
70
0
71
3
72
9
73
5
74
0
42
0.000000001
43
0.0000000001
44
0.0000000001
40
0
40
0
40
0
40
0
40
0.11997757541412986
40
0.24574512617169542
40
0.24574512617169542
40
0.24574512617169542
40
0.24574512617169542
10
-206.51231142022695
20
72.746131563749259
30
0
10
-206.17870014885392
20
72.980860795061531
30
0
10
-205.49537792223879
20
73.4616470117017
30
0
10
-204.66101379739695
20
73.520779415456417
30
0
10
-204.23400255181875
20
73.551042223539298
30
0
0
SPLINE
5
346
100
AcDbEntity
8
0
100
AcDbSpline
70
0
71
3
72
9
73
5
74
0
42
0.000000001
43
0.0000000001
44
0.0000000001
40
0
40
0
40
0
40
0
40
0.13793165393308926
40
0.26890055365618648
40
0.26890055365618648
40
0.26890055365618648
40
0.26890055365618648
10
-204.23400255181875
20
73.551042223539298
30
0
10
-203.76312732045739
20
73.514649701227285
30
0
10
-202.84514651760648
20
73.443701741715444
30
0
10
-202.13692512593741
20
72.857634500044043
30
0
10
-201.79198356607046
20
72.572188520994132
30
0
0
SPLINE
5
347
100
AcDbEntity
8
0
100
AcDbSpline
70
0
71
3
72
9
73
5
74
0
42
0.000000001
43
0.0000000001
44
0.0000000001
40
0
40
0
40
0
40
0
40
0.13653878361121177
40
0.29225865480407842
40
0.29225865480407842
40
0.29225865480407842
40
0.29225865480407842
10
-201.79198356607046
20
72.572188520994132
30
0
10
-201.51575714264428
20
72.197977503485362
30
0
10
-200.92449976655877
20
71.396985977873186
30
0
10
-200.87186804689625
20
70.399190006337889
30
0
10
-200.84382506349172
20
69.867549086179679
30
0
0
SPLINE
5
348
100
AcDbEntity
8
0
100
AcDbSpline
70
0
71
3
72
9
73
5
74
0
42
0.000000001
43
0.0000000001
44
0.0000000001
40
0
40
0
40
0
40
0
40
0.12535413899565712
40
0.22549695111658291
40
0.22549695111658291
40
0.22549695111658291
40
0.22549695111658291
10
-200.84382506349172
20
69.867549086179679
30
0
10
-200.85201121503934
20
69.445692991663719
30
0
10
-200.86673711264558
20
68.686824845103402
30
0
10
-201.14137033002689
20
67.981097161552086
30
0
10
-201.26333447434988
20
67.667684698667472
30
0
0
SPLINE
5
349
100
AcDbEntity
8
0
100
AcDbSpline
70
0
71
3
72
9
73
5
74
0
42
0.000000001
43
0.0000000001
44
0.0000000001
40
0
40
0
40
0
40
0
40
0.08787114053378485
40
0.17632647580153316
40
0.17632647580153316
40
0.17632647580153316
40
0.17632647580153316
10
-201.26333447434988
20
67.667684698667472
30
0
10
-201.41952717822235
20
67.415196939524179
30
0
10
-201.73295100375196
20
66.908542803907892
30
0
10
-202.23332624651701
20
66.58507227686529
30
0
10
-202.48434277513113
20
66.422801161374991
30
0
0
SPLINE
5
350
100
AcDbEntity
8
0
100
AcDbSpline
70
0
71
3
72
9
73
5
74
0
42
0.000000001
43
0.0000000001
44
0.0000000001
40
0
40
0
40
0
40
0
40
0.090172151858347621
40
0.18199311630052567
40
0.18199311630052567
40
0.18199311630052567
40
0.18199311630052567
10
-202.48434277513113
20
66.422801161374991
30
0
10
-202.75902740214892
20
66.293484340086252
30
0
10
-203.31341930963441
20
66.032486118225137
30
0
10
-203.92529366103639
20
65.997214488946071
30
0
10
-204.23400255181875
20
65.979418898191398
30
0
0
LINE
5
351
100
AcDbEntity
8
0
100
AcDbLine
10
-198.17670317628469
20
70.099473143186515
30
0
11
-198.17670317628469
21
66.143129015531485
31
0
0
LINE
5
352
100
AcDbEntity
8
0
100
AcDbLine
10
-198.17670317628469
20
66.143129015531485
30
0
11
-199.40453263261404
21
66.143129015531485
31
0
0
LINE
5
353
100
AcDbEntity
8
0
100
AcDbLine
10
-199.40453263261404
20
66.143129015531485
30
0
11
-199.40453263261404
21
73.387329722013419
31
0
0
LINE
5
354
100
AcDbEntity
8
0
100
AcDbLine
10
-199.40453263261404
20
73.387329722013419
30
0
11
-198.2994863603362
21
73.387329722013419
31
0
0
LINE
5
355
100
AcDbEntity
8
0
100
AcDbLine
10
-198.2994863603362
20
73.387329722013419
30
0
11
-198.2994863603362
21
72.357318544950431
31
0
0
SPLINE
5
356
100
AcDbEntity
8
0
100
AcDbSpline
70
0
71
3
72
9
73
5
74
0
42
0.000000001
43
0.0000000001
44
0.0000000001
40
0
40
0
40
0
40
0
40
0.13240226917392234
40
0.26872410091208432
40
0.26872410091208432
40
0.26872410091208432
40
0.26872410091208432
10
-198.2994863603362
20
72.357318544950431
30
0
10
-198.00032645318527
20
72.70546709209728
30
0
10
-197.3931504766733
20
73.412070580841075
30
0
10
-196.46482553360218
20
73.504270074098557
30
0
10
-195.99389286973562
20
73.551042223539298
30
0
0
SPLINE
5
357
100
AcDbEntity
8
0
100
AcDbSpline
70
0
71
3
72
9
73
5
74
0
42
0.000000001
43
0.0000000001
44
0.0000000001
40
0
40
0
40
0
40
0
40
0.063115733384940004
40
0.12331600749404353
40
0.12331600749404353
40
0.12331600749404353
40
0.12331600749404353
10
-195.99389286973562
20
73.551042223539298
30
0
10
-195.7822914422039
20
73.542198249739869
30
0
10
-195.3688629383457
20
73.524918825405607
30
0
10
-194.97984608777028
20
73.384337579988497
30
0
10
-194.78993626573171
20
73.31570878085131
30
0
0
SPLINE
5
358
100
AcDbEntity
8
0
100
AcDbSpline
70
0
71
3
72
9
73
5
74
0
42
0.000000001
43
0.0000000001
44
0.0000000001
40
0
40
0
40
0
40
0
40
0.055175232064682611
40
0.10377131581144436
40
0.10377131581144436
40
0.10377131581144436
40
0.10377131581144436
10
-194.78993626573171
20
73.31570878085131
30
0
10
-194.62178126798528
20
73.23568326262145
30
0
10
-194.30552223791975
20
73.085174546763767
30
0
10
-194.07563000548311
20
72.821745059901133
30
0
10
-193.96797152497854
20
72.698381090726798
30
0
0
SPLINE
5
359
100
AcDbEntity
8
0
100
AcDbSpline
70
0
71
3
72
9
73
5
74
0
42
0.000000001
43
0.0000000001
44
0.0000000001
40
0
40
0
40
0
40
0
40
0.04778581847387986
40
0.098977471887212232
40
0.098977471887212232
40
0.098977471887212232
40
0.098977471887212232
10
-193.96797152497854
20
72.698381090726798
30
0
10
-193.88327465718652
20
72.562255760359349
30
0
10
-193.70784432830357
20
72.280303049495018
30
0
10
-193.62752251390989
20
71.957899482951689
30
0
10
-193.58597966172781
20
71.791150713529532
30
0
0
SPLINE
5
360
100
AcDbEntity
8
0
100
AcDbSpline
70
0
71
3
72
9
73
5
74
0
42
0.000000001
43
0.0000000001
44
0.0000000001
40
0
40
0
40
0
40
0
40
0.047174449564375803
40
0.11967065443259052
40
0.11967065443259052
40
0.11967065443259052
40
0.11967065443259052
10
-193.58597966172781
20
71.791150713529532
30
0
10
-193.56629415227178
20
71.635004206560382
30
0
10
-193.51635657332397
20
71.238896676977816
30
0
10
-193.51723559621715
20
70.839425654031757
30
0
10
-193.51776810624685
20
70.597427034940665
30
0
0
LINE
5
361
100
AcDbEntity
8
0
100
AcDbLine
10
-193.51776810624685
20
70.597427034940665
30
0
11
-193.51776810624685
21
66.143129015531485
31
0
0
LINE
5
362
100
AcDbEntity
8
0
100
AcDbLine
10
-193.51776810624685
20
66.143129015531485
30
0
11
-194.74559756257619
21
66.143129015531485
31
0
0
LINE
5
363
100
AcDbEntity
8
0
100
AcDbLine
10
-194.74559756257619
20
66.143129015531485
30
0
11
-194.74559756257619
21
70.549676561918204
31
0
0
SPLINE
5
364
100
AcDbEntity
8
0
100
AcDbSpline
70
0
71
3
72
9
73
5
74
0
42
0.000000001
43
0.0000000001
44
0.0000000001
40
0
40
0
40
0
40
0
40
0.065667367780821606
40
0.11352934637622741
40
0.11352934637622741
40
0.11352934637622741
40
0.11352934637622741
10
-194.74559756257619
20
70.549676561918204
30
0
10
-194.74677777496885
20
70.769763239237619
30
0
10
-194.74881819087184
20
71.150261155730718
30
0
10
-194.84731829799685
20
71.517118630742317
30
0
10
-194.88884421327199
20
71.671779299344962
30
0
0
SPLINE
5
365
100
AcDbEntity
8
0
100
AcDbSpline
70
0
71
3
72
9
73
5
74
0
42
0.000000001
43
0.0000000001
44
0.0000000001
40
0
40
0
40
0
40
0
40
0.038882753347234698
40
0.079254791951643727
40
0.079254791951643727
40
0.079254791951643727
40
0.079254791951643727
10
-194.88884421327199
20
71.671779299344962
30
0
10
-194.94693721180801
20
71.790110182737408
30
0
10
-195.06534828397935
20
72.031304253048503
30
0
10
-195.28509369512662
20
72.186283585801775
30
0
10
-195.39703103044118
20
72.265229368772452
30
0
0
SPLINE
5
366
100
AcDbEntity
8
0
100
AcDbSpline
70
0
71
3
72
9
73
5
74
0
42
0.000000001
43
0.0000000001
44
0.0000000001
40
0
40
0
40
0
40
0
40
0.042993787047236588
40
0.089285279955267569
40
0.089285279955267569
40
0.089285279955267569
40
0.089285279955267569
10
-195.39703103044118
20
72.265229368772452
30
0
10
-195.52675625043526
20
72.329865964108265
30
0
10
-195.79615686340537
20
72.464096905513188
30
0
10
-196.09708181765771
20
72.479129155400216
30
0
10
-196.25310154893484
20
72.48692288455004
30
0
0
SPLINE
5
367
100
AcDbEntity
8
0
100
AcDbSpline
70
0
71
3
72
9
73
5
74
0
42
0.000000001
43
0.0000000001
44
0.0000000001
40
0
40
0
40
0
40
0
40
0.074125721149506996
40
0.14678765650869804
40
0.14678765650869804
40
0.14678765650869804
40
0.14678765650869804
10
-196.25310154893484
20
72.48692288455004
30
0
10
-196.50466321219679
20
72.467015424977333
30
0
10
-197.00281886512019
20
72.427593625197119
30
0
10
-197.4070338896002
20
72.134200362087427
30
0
10
-197.60712595918264
20
71.988966608610099
30
0
0
SPLINE
5
368
100
AcDbEntity
8
0
100
AcDbSpline
70
0
71
3
72
9
73
5
74
0
42
0.000000001
43
0.0000000001
44
0.0000000001
40
0
40
0
40
0
40
0
40
0.083835056661172219
40
0.20151409546072513
40
0.20151409546072513
40
0.20151409546072513
40
0.20151409546072513
10
-197.60712595918264
20
71.988966608610099
30
0
10
-197.77210688258933
20
71.756202151633175
30
0
10
-198.16867107509577
20
71.196706865637381
30
0
10
-198.1737419285447
20
70.50399753903767
30
0
10
-198.17670317628469
20
70.099473143186515
30
0
0
SPLINE
5
369
100
AcDbEntity
8
0
100
AcDbSpline
70
0
71
3
72
9
73
5
74
0
42
0.000000001
43
0.0000000001
44
0.0000000001
40
0
40
0
40
0
40
0
40
0.063210468599712605
40
0.12223925374995487
40
0.12223925374995487
40
0.12223925374995487
40
0.12223925374995487
10
-181.60098763444509
20
66.98896899279589
30
0
10
-181.38706249289729
20
67.001619172187446
30
0
10
-180.97336441027818
20
67.026082659373728
30
0
10
-180.61921030952175
20
67.240252296419129
30
0
10
-180.4481908891448
20
67.343673849668448
30
0
0
SPLINE
5
370
100
AcDbEntity
8
0
100
AcDbSpline
70
0
71
3
72
9
73
5
74
0
42
0.000000001
43
0.0000000001
44
0.0000000001
40
0
40
0
40
0
40
0
40
0.062866192040690869
40
0.13768409413110932
40
0.13768409413110932
40
0.13768409413110932
40
0.13768409413110932
10
-180.4481908891448
20
67.343673849668448
30
0
10
-180.29398475211437
20
67.489228453005509
30
0
10
-179.95625581391576
20
67.808009550707496
30
0
10
-179.78440831882747
20
68.240817914823225
30
0
10
-179.69102593400564
20
68.476007128324454
30
0
0
LINE
5
371
100
AcDbEntity
8
0
100
AcDbLine
10
-179.69102593400564
20
68.476007128324454
30
0
11
-178.42226716020193
21
68.319118166532462
31
0
0
SPLINE
5
372
100
AcDbEntity
8
0
100
AcDbSpline
70
0
71
3
72
9
73
5
74
0
42
0.000000001
43
0.0000000001
44
0.0000000001
40
0
40
0
40
0
40
0
40
0.10761666236218514
40
0.20825793632215797
40
0.20825793632215797
40
0.20825793632215797
40
0.20825793632215797
10
-178.42226716020193
20
68.319118166532462
30
0
10
-178.53883424166014
20
67.972956446375747
30
0
10
-178.76441287692649
20
67.303070167697612
30
0
10
-179.28335609946026
20
66.824570986575054
30
0
10
-179.53413697221364
20
66.593334818448966
30
0
0
SPLINE
5
373
100
AcDbEntity
8
0
100
AcDbSpline
70
0
71
3
72
9
73
5
74
0
42
0.000000001
43
0.0000000001
44
0.0000000001
40
0
40
0
40
0
40
0
40
0.10326196718095533
40
0.21922089451022234
40
0.21922089451022234
40
0.21922089451022234
40
0.21922089451022234
10
-179.53413697221364
20
66.593334818448966
30
0
10
-179.83443996468071
20
66.414438517998093
30
0
10
-180.47197082362089
20
66.034649055526572
30
0
10
-181.21485389349149
20
65.998526342564588
30
0
10
-181.60780878999319
20
65.979418898191398
30
0
0
SPLINE
5
374
100
AcDbEntity
8
0
100
AcDbSpline
70
0
71
3
72
9
73
5
74
0
42
0.000000001
43
0.0000000001
44
0.0000000001
40
0
40
0
40
0
40
0
40
0.14456569578891376
40
0.27645392380623257
40
0.27645392380623257
40
0.27645392380623257
40
0.27645392380623257
10
-181.60780878999319
20
65.979418898191398
30
0
10
-182.10224596293668
20
66.012184763465939
30
0
10
-183.0477613965252
20
66.074843141531488
30
0
10
-183.77928388485839
20
66.672938487095507
30
0
10
-184.12827225663747
20
66.958272600736564
30
0
0
SPLINE
5
375
100
AcDbEntity
8
0
100
AcDbSpline
70
0
71
3
72
9
73
5
74
0
42
0.000000001
43
0.0000000001
44
0.0000000001
40
0
40
0
40
0
40
0
40
0.13675565920968596
40
0.29544699345339021
40
0.29544699345339021
40
0.29544699345339021
40
0.29544699345339021
10
-184.12827225663747
20
66.958272600736564
30
0
10
-184.39944599936462
20
67.336561412062835
30
0
10
-184.98528988659552
20
68.153816746206161
30
0
10
-185.03348901605702
20
69.162208633729108
30
0
10
-185.05937787034597
20
69.703838968839591
30
0
0
SPLINE
5
376
100
AcDbEntity
8
0
100
AcDbSpline
70
0
71
3
72
9
73
5
74
0
42
0.000000001
43
0.0000000001
44
0.0000000001
40
0
40
0
40
0
40
0
40
0.16404319893061522
40
0.30449577728277744
40
0.30449577728277744
40
0.30449577728277744
40
0.30449577728277744
10
-185.05937787034597
20
69.703838968839591
30
0
10
-185.03384065851861
20
70.263430630006454
30
0
10
-184.98643867406764
20
71.302140548727536
30
0
10
-184.39216025148608
20
72.150277906608835
30
0
10
-184.11804171540822
20
72.541492128934806
30
0
0
SPLINE
5
377
100
AcDbEntity
8
0
100
AcDbSpline
70
0
71
3
72
9
73
5
74
0
42
0.000000001
43
0.0000000001
44
0.0000000001
40
0
40
0
40
0
40
0
40
0.13199360298379118
40
0.27039880939023764
40
0.27039880939023764
40
0.27039880939023764
40
0.27039880939023764
10
-184.11804171540822
20
72.541492128934806
30
0
10
-183.7752751142969
20
72.835898034461167
30
0
10
-183.07309198765992
20
73.439010643952969
30
0
10
-182.14901627068659
20
73.513112669773861
30
0
10
-181.67602272965993
20
73.551042223539298
30
0
0
SPLINE
5
378
100
AcDbEntity
8
0
100
AcDbSpline
70
0
71
3
72
9
73
5
74
0
42
0.000000001
43
0.0000000001
44
0.0000000001
40
0
40
0
40
0
40
0
40
0.13428828943315804
40
0.26316698951630602
40
0.26316698951630602
40
0.26316698951630602
40
0.26316698951630602
10
-181.67602272965993
20
73.551042223539298
30
0
10
-181.21718612537535
20
73.513325823476421
30
0
10
-180.31799641688201
20
73.439412368313384
30
0
10
-179.63613536540782
20
72.850405363678021
30
0
10
-179.30221291520681
20
72.561955595579093
30
0
0
SPLINE
5
379
100
AcDbEntity
8
0
100
AcDbSpline
70
0
71
3
72
9
73
5
74
0
42
0.000000001
43
0.0000000001
44
0.0000000001
40
0
40
0
40
0
40
0
40
0.1376171078297441
40
0.29854923418102586
40
0.29854923418102586
40
0.29854923418102586
40
0.29854923418102586
10
-179.30221291520681
20
72.561955595579093
30
0
10
-179.03406054769377
20
72.178375332646837
30
0
10
-178.45232557863821
20
71.346228839006983
30
0
10
-178.406205756112
20
70.327834362663481
30
0
10
-178.38134499528493
20
69.778871679868644
30
0
0
SPLINE
5
380
100
AcDbEntity
8
0
100
AcDbSpline
70
0
71
3
72
9
73
5
74
0
42
0.000000001
43
0.0000000001
44
0.0000000001
40
0
40
0
40
0
40
0
40
0.013643617496203291
40
0.032749930575408391
40
0.032749930575408391
40
0.032749930575408391
40
0.032749930575408391
10
-178.38134499528493
20
69.778871679868644
30
0
10
-178.38177910298816
20
69.733393865406171
30
0
10
-178.38282112847352
20
69.624229615764776
30
0
10
-178.38619528396467
20
69.515111162661839
30
0
10
-178.38816376664724
20
69.451451445188468
30
0
0
LINE
5
381
100
AcDbEntity
8
0
100
AcDbLine
10
-178.38816376664721
20
69.451451445188482
30
0
11
-183.79061909654226
21
69.451451445188468
31
0
0
SPLINE
5
382
100
AcDbEntity
8
0
100
AcDbSpline
70
0
71
3
72
9
73
5
74
0
42
0.000000001
43
0.0000000001
44
0.0000000001
40
0
40
0
40
0
40
0
40
0.10732488713627751
40
0.19801935138082177
40
0.19801935138082177
40
0.19801935138082177
40
0.19801935138082177
10
-183.79061909654226
20
69.451451445188468
30
0
10
-183.7551385539731
20
69.087715929630946
30
0
10
-183.68967532159837
20
68.416607179491649
30
0
10
-183.29573886095204
20
67.872535310997947
30
0
10
-183.11531277635183
20
67.623345995511954
30
0
0
SPLINE
5
383
100
AcDbEntity
8
0
100
AcDbSpline
70
0
71
3
72
9
73
5
74
0
42
0.000000001
43
0.0000000001
44
0.0000000001
40
0
40
0
40
0
40
0
40
0.083166561036930806
40
0.1678840269377434
40
0.1678840269377434
40
0.1678840269377434
40
0.1678840269377434
10
-183.11531277635183
20
67.623345995511954
30
0
10
-182.89906942777165
20
67.438323543686508
30
0
10
-182.46255018607764
20
67.064828308353199
30
0
10
-181.88993840535758
20
67.014410683210173
30
0
10
-181.60098763444509
20
66.98896899279589
30
0
0
SPLINE
5
384
100
AcDbEntity
8
0
100
AcDbSpline
70
0
71
3
72
9
73
5
74
0
42
0.000000001
43
0.0000000001
44
0.0000000001
40
0
40
0
40
0
40
0
40
0.019021040145899882
40
0.043253473083772184
40
0.043253473083772184
40
0.043253473083772184
40
0.043253473083772184
10
-170.50616951921072
20
67.282283449735587
30
0
10
-170.4475898818869
20
67.256514392453369
30
0
10
-170.31438093291212
20
67.197916060448293
30
0
10
-170.16842720330141
20
67.195153658395526
30
0
10
-170.08665772416677
20
67.193606043424552
30
0
0
SPLINE
5
385
100
AcDbEntity
8
0
100
AcDbSpline
70
0
71
3
72
9
73
5
74
0
42
0.000000001
43
0.0000000001
44
0.0000000001
40
0
40
0
40
0
40
0
40
0.02373361627402152
40
0.054129597880097816
40
0.054129597880097816
40
0.054129597880097816
40
0.054129597880097816
10
-170.08665772416677
20
67.193606043424552
30
0
10
-170.00754695854476
20
67.196414156609904
30
0
10
-169.82711790459589
20
67.202818660490422
30
0
10
-169.64823137894871
20
67.227498037535483
30
0
10
-169.54777928330984
20
67.241356516447013
30
0
0
LINE
5
386
100
AcDbEntity
8
0
100
AcDbLine
10
-169.54777928330984
20
67.241356516447013
30
0
11
-169.37042447068777
21
66.156771326627677
31
0
0
SPLINE
5
387
100
AcDbEntity
8
0
100
AcDbSpline
70
0
71
3
72
9
73
5
74
0
42
0.000000001
43
0.0000000001
44
0.0000000001
40
0
40
0
40
0
40
0
40
0.049790703956348693
40
0.093532247494303458
40
0.093532247494303458
40
0.093532247494303458
40
0.093532247494303458
10
-169.37042447068777
20
66.156771326627677
30
0
10
-169.53362038707724
20
66.124980180740508
30
0
10
-169.84018526021461
20
66.065260251336582
30
0
10
-170.15220207309753
20
66.053248092380343
30
0
10
-170.29812069871511
20
66.047630453672355
30
0
0
SPLINE
5
388
100
AcDbEntity
8
0
100
AcDbSpline
70
0
71
3
72
9
73
5
74
0
42
0.000000001
43
0.0000000001
44
0.0000000001
40
0
40
0
40
0
40
0
40
0.059580237957698019
40
0.10666957165808925
40
0.10666957165808925
40
0.10666957165808925
40
0.10666957165808925
10
-170.29812069871511
20
66.047630453672355
30
0
10
-170.49895981774398
20
66.051492975646141
30
0
10
-170.8585324467457
20
66.058408247867035
30
0
10
-171.18904880862985
20
66.197631064629846
30
0
10
-171.33495541551198
20
66.259091044034903
30
0
0
SPLINE
5
389
100
AcDbEntity
8
0
100
AcDbSpline
70
0
71
3
72
9
73
5
74
0
42
0.000000001
43
0.0000000001
44
0.0000000001
40
0
40
0
40
0
40
0
40
0.039792225519808683
40
0.077039372405584311
40
0.077039372405584311
40
0.077039372405584311
40
0.077039372405584311
10
-171.33495541551198
20
66.259091044034903
30
0
10
-171.44773965230345
20
66.333106987192053
30
0
10
-171.66609453711214
20
66.476404873508969
30
0
10
-171.79233687888285
20
66.704665873853259
30
0
10
-171.85337277391042
20
66.815025950040763
30
0
0
SPLINE
5
390
100
AcDbEntity
8
0
100
AcDbSpline
70
0
71
3
72
9
73
5
74
0
42
0.000000001
43
0.0000000001
44
0.0000000001
40
0
40
0
40
0
40
0
40
0.054633394064416599
40
0.14620103127353676
40
0.14620103127353676
40
0.14620103127353676
40
0.14620103127353676
10
-171.85337277391042
20
66.815025950040763
30
0
10
-171.89650419872549
20
66.992529858297615
30
0
10
-172.01192552475231
20
67.467537038185398
30
0
10
-172.00670677062101
20
67.957609847677759
30
0
10
-172.00343819596853
20
68.264548922147696
30
0
0
LINE
5
391
100
AcDbEntity
8
0
100
AcDbLine
10
-172.00343819596853
20
68.264548922147696
30
0
11
-172.00343819596853
21
72.432351255979484
31
0
0
LINE
5
392
100
AcDbEntity
8
0
100
AcDbLine
10
-172.00343819596853
20
72.432351255979484
30
0
11
-172.90384980180349
21
72.432351255979484
31
0
0
LINE
5
393
100
AcDbEntity
8
0
100
AcDbLine
10
-172.90384980180349
20
72.432351255979484
30
0
11
-172.90384980180349
21
73.387329722013419
31
0
0
LINE
5
394
100
AcDbEntity
8
0
100
AcDbLine
10
-172.90384980180349
20
73.387329722013419
30
0
11
-172.00343819596853
21
73.387329722013419
31
0
0
LINE
5
395
100
AcDbEntity
8
0
100
AcDbLine
10
-172.00343819596853
20
73.387329722013419
30
0
11
-172.00343819596853
21
75.181328201856559
31
0
0
LINE
5
396
100
AcDbEntity
8
0
100
AcDbLine
10
-172.00343819596853
20
75.181328201856559
30
0
11
-170.78242989518728
21
75.918026114072745
31
0
0
LINE
5
397
100
AcDbEntity
8
0
100
AcDbLine
10
-170.78242989518728
20
75.918026114072745
30
0
11
-170.78242989518728
21
73.387329722013419
31
0
0
LINE
5
398
100
AcDbEntity
8
0
100
AcDbLine
10
-170.78242989518728
20
73.387329722013419
30
0
11
-169.54777928330984
21
73.387329722013419
31
0
0
LINE
5
399
100
AcDbEntity
8
0
100
AcDbLine
10
-169.54777928330984
20
73.387329722013419
30
0
11
-169.54777928330984
21
72.432351255979484
31
0
0
LINE
5
400
100
AcDbEntity
8
0
100
AcDbLine
10
-169.54777928330984
20
72.432351255979484
30
0
11
-170.78242989518728
21
72.432351255979484
31
0
0
LINE
5
401
100
AcDbEntity
8
0
100
AcDbLine
10
-170.78242989518728
20
72.432351255979484
30
0
11
-170.78242989518728
21
68.196334982480948
31
0
0
SPLINE
5
402
100
AcDbEntity
8
0
100
AcDbSpline
70
0
71
3
72
9
73
5
74
0
42
0.000000001
43
0.0000000001
44
0.0000000001
40
0
40
0
40
0
40
0
40
0.043174878861276807
40
0.068040598858479559
40
0.068040598858479559
40
0.068040598858479559
40
0.068040598858479559
10
-170.78242989518728
20
68.196334982480948
30
0
10
-170.78423957849043
20
68.051671667794778
30
0
10
-170.78709151320194
20
67.823692370024759
30
0
10
-170.73621921753798
20
67.602034465798098
30
0
10
-170.71762772538747
20
67.521028662290519
30
0
0
SPLINE
5
403
100
AcDbEntity
8
0
100
AcDbSpline
70
0
71
3
72
9
73
5
74
0
42
0.000000001
43
0.0000000001
44
0.0000000001
40
0
40
0
40
0
40
0
40
0.015943552779494833
40
0.032297615543372168
40
0.032297615543372168
40
0.032297615543372168
40
0.032297615543372168
10
-170.71762772538747
20
67.521028662290519
30
0
10
-170.69231128051553
20
67.473382559921788
30
0
10
-170.64102655027327
20
67.376863577124922
30
0
10
-170.55150115887625
20
67.314076172892484
30
0
10
-170.50616951921072
20
67.282283449735587
30
0
0
SPLINE
5
404
100
AcDbEntity
8
0
100
AcDbSpline
70
0
71
3
72
9
73
5
74
0
42
0.000000001
43
0.0000000001
44
0.0000000001
40
0
40
0
40
0
40
0
40
0.063210468599712605
40
0.12223925374995487
40
0.12223925374995487
40
0.12223925374995487
40
0.12223925374995487
10
-165.29812546708669
20
66.98896899279589
30
0
10
-165.08420032553889
20
67.001619172187446
30
0
10
-164.67050224291972
20
67.026082659373728
30
0
10
-164.31634814216335
20
67.240252296419129
30
0
10
-164.1453287217864
20
67.343673849668448
30
0
0
SPLINE
5
405
100
AcDbEntity
8
0
100
AcDbSpline
70
0
71
3
72
9
73
5
74
0
42
0.000000001
43
0.0000000001
44
0.0000000001
40
0
40
0
40
0
40
0
40
0.062866354372315317
40
0.1376841515808766
40
0.1376841515808766
40
0.1376841515808766
40
0.1376841515808766
10
-164.1453287217864
20
67.343673849668448
30
0
10
-163.99112151502771
20
67.489228264684172
30
0
10
-163.65339096516183
20
67.808008259808474
30
0
10
-163.48154509733951
20
68.240817737521752
30
0
10
-163.38816376664724
20
68.476007128324454
30
0
0
LINE
5
406
100
AcDbEntity
8
0
100
AcDbLine
10
-163.38816376664724
20
68.476007128324454
30
0
11
-162.11940976121511
21
68.319118166532462
31
0
0
SPLINE
5
407
100
AcDbEntity
8
0
100
AcDbSpline
70
0
71
3
72
9
73
5
74
0
42
0.000000001
43
0.0000000001
44
0.0000000001
40
0
40
0
40
0
40
0
40
0.10761647270447601
40
0.20825774666444885
40
0.20825774666444885
40
0.20825774666444885
40
0.20825774666444885
10
-162.11940976121511
20
68.319118166532462
30
0
10
-162.23597497576802
20
67.972956341040401
30
0
10
-162.46155019034421
20
67.303069288003471
30
0
10
-162.98049360896104
20
66.824570841939362
30
0
10
-163.23127480485525
20
66.593334818448966
30
0
0
SPLINE
5
408
100
AcDbEntity
8
0
100
AcDbSpline
70
0
71
3
72
9
73
5
74
0
42
0.000000001
43
0.0000000001
44
0.0000000001
40
0
40
0
40
0
40
0
40
0.10326218058638399
40
0.219221107915651
40
0.219221107915651
40
0.219221107915651
40
0.219221107915651
10
-163.23127480485525
20
66.593334818448966
30
0
10
-163.53157860464415
20
66.414438512387278
30
0
10
-164.16911048056588
20
66.034649453177423
30
0
10
-164.91199416681195
20
65.998526467970436
30
0
10
-165.30494900682058
20
65.979418898191398
30
0
0
SPLINE
5
409
100
AcDbEntity
8
0
100
AcDbSpline
70
0
71
3
72
9
73
5
74
0
42
0.000000001
43
0.0000000001
44
0.0000000001
40
0
40
0
40
0
40
0
40
0.14456569578891376
40
0.27645372573865201
40
0.27645372573865201
40
0.27645372573865201
40
0.27645372573865201
10
-165.30494900682058
20
65.979418898191398
30
0
10
-165.79938626431164
20
66.01218462317226
30
0
10
-166.74490118215914
20
66.074842688061437
30
0
10
-167.4764225338356
20
66.672938492337664
30
0
10
-167.82541008927907
20
66.958272600736564
30
0
0
SPLINE
5
410
100
AcDbEntity
8
0
100
AcDbSpline
70
0
71
3
72
9
73
5
74
0
42
0.000000001
43
0.0000000001
44
0.0000000001
40
0
40
0
40
0
40
0
40
0.13675565920968596
40
0.29544699345339021
40
0.29544699345339021
40
0.29544699345339021
40
0.29544699345339021
10
-167.82541008927907
20
66.958272600736564
30
0
10
-168.09658383200622
20
67.336561412062835
30
0
10
-168.68242771923713
20
68.153816746206161
30
0
10
-168.73062684869862
20
69.162208633729108
30
0
10
-168.75651570298757
20
69.703838968839591
30
0
0
SPLINE
5
411
100
AcDbEntity
8
0
100
AcDbSpline
70
0
71
3
72
9
73
5
74
0
42
0.000000001
43
0.0000000001
44
0.0000000001
40
0
40
0
40
0
40
0
40
0.16404316472733496
40
0.30449598276754253
40
0.30449598276754253
40
0.30449598276754253
40
0.30449598276754253
10
-168.75651570298757
20
69.703838968839591
30
0
10
-168.73097981150204
20
70.26343085756757
30
0
10
-168.68358023598995
20
71.302142116218249
30
0
10
-168.08929782325998
20
72.150278125192798
30
0
10
-167.81517716386404
20
72.541492128934806
30
0
0
SPLINE
5
412
100
AcDbEntity
8
0
100
AcDbSpline
70
0
71
3
72
9
73
5
74
0
42
0.000000001
43
0.0000000001
44
0.0000000001
40
0
40
0
40
0
40
0
40
0.13199340769270795
40
0.27039861409915444
40
0.27039861409915444
40
0.27039861409915444
40
0.27039861409915444
10
-167.81517716386404
20
72.541492128934806
30
0
10
-167.47241138188537
20
72.835898031612999
30
0
10
-166.77022940152895
20
73.439011092017694
30
0
10
-165.84615418750332
20
73.513112803351831
30
0
10
-165.37316056230154
20
73.551042223539298
30
0
0
SPLINE
5
413
100
AcDbEntity
8
0
100
AcDbSpline
70
0
71
3
72
9
73
5
74
0
42
0.000000001
43
0.0000000001
44
0.0000000001
40
0
40
0
40
0
40
0
40
0.13428805509129171
40
0.26316695013820307
40
0.26316695013820307
40
0.26316695013820307
40
0.26316695013820307
10
-165.37316056230154
20
73.551042223539298
30
0
10
-164.91432489262903
20
73.513325537989971
30
0
10
-164.01513558111321
20
73.439411405429269
30
0
10
-163.33327400841699
20
72.850405369029914
30
0
10
-162.99935074784841
20
72.561955595579093
30
0
0
SPLINE
5
414
100
AcDbEntity
8
0
100
AcDbSpline
70
0
71
3
72
9
73
5
74
0
42
0.000000001
43
0.0000000001
44
0.0000000001
40
0
40
0
40
0
40
0
40
0.1376171078297441
40
0.29854923418102586
40
0.29854923418102586
40
0.29854923418102586
40
0.29854923418102586
10
-162.99935074784841
20
72.561955595579093
30
0
10
-162.73119838033537
20
72.178375332646837
30
0
10
-162.14946341127981
20
71.346228839006983
30
0
10
-162.1033435887536
20
70.327834362663481
30
0
10
-162.07848282792654
20
69.778871679868644
30
0
0
SPLINE
5
415
100
AcDbEntity
8
0
100
AcDbSpline
70
0
71
3
72
9
73
5
74
0
42
0.000000001
43
0.0000000001
44
0.0000000001
40
0
40
0
40
0
40
0
40
0.013643617496203291
40
0.032749930575408391
40
0.032749930575408391
40
0.032749930575408391
40
0.032749930575408391
10
-162.07848282792654
20
69.778871679868644
30
0
10
-162.07891693562976
20
69.733393865406171
30
0
10
-162.07995896111512
20
69.624229615764776
30
0
10
-162.0833331166063
20
69.515111162661839
30
0
10
-162.08530159928884
20
69.451451445188468
30
0
0
LINE
5
416
100
AcDbEntity
8
0
100
AcDbLine
10
-162.08530159928881
20
69.451451445188482
30
0
11
-167.48775692918386
21
69.451451445188468
31
0
0
SPLINE
5
417
100
AcDbEntity
8
0
100
AcDbSpline
70
0
71
3
72
9
73
5
74
0
42
0.000000001
43
0.0000000001
44
0.0000000001
40
0
40
0
40
0
40
0
40
0.10732488713627751
40
0.19801935138082177
40
0.19801935138082177
40
0.19801935138082177
40
0.19801935138082177
10
-167.48775692918386
20
69.451451445188468
30
0
10
-167.4522763866147
20
69.087715929630946
30
0
10
-167.38681315423997
20
68.416607179491649
30
0
10
-166.99287669359362
20
67.872535310997947
30
0
10
-166.81245060899343
20
67.623345995511954
30
0
0
SPLINE
5
418
100
AcDbEntity
8
0
100
AcDbSpline
70
0
71
3
72
9
73
5
74
0
42
0.000000001
43
0.0000000001
44
0.0000000001
40
0
40
0
40
0
40
0
40
0.083166756586625923
40
0.16788398828381473
40
0.16788398828381473
40
0.16788398828381473
40
0.16788398828381473
10
-166.81245060899343
20
67.623345995511954
30
0
10
-166.59620644940293
20
67.438323541222388
30
0
10
-166.15968669745953
20
67.064829265106908
30
0
10
-165.58707530818523
20
67.014410961233196
30
0
10
-165.29812546708669
20
66.98896899279589
30
0
0
LINE
5
419
100
AcDbEntity
8
0
100
AcDbLine
10
-175.66646786668386
20
69.935763025846427
30
0
11
-175.66646786668386
21
66.143129015531485
31
0
0
LINE
5
420
100
AcDbEntity
8
0
100
AcDbLine
10
-175.66646786668386
20
66.143129015531485
30
0
11
-176.894299707199
21
66.143129015531485
31
0
0
LINE
5
421
100
AcDbEntity
8
0
100
AcDbLine
10
-176.894299707199
20
66.143129015531485
30
0
11
-176.894299707199
21
73.387329722013419
31
0
0
LINE
5
422
100
AcDbEntity
8
0
100
AcDbLine
10
-176.894299707199
20
73.387329722013419
30
0
11
-175.78925343492116
21
73.387329722013419
31
0
0
LINE
5
423
100
AcDbEntity
8
0
100
AcDbLine
10
-175.78925343492116
20
73.387329722013419
30
0
11
-175.78925343492116
21
72.289104605283683
31
0
0
SPLINE
5
424
100
AcDbEntity
8
0
100
AcDbSpline
70
0
71
3
72
9
73
5
74
0
42
0.000000001
43
0.0000000001
44
0.0000000001
40
0
40
0
40
0
40
0
40
0.075787766734966969
40
0.12890541076071541
40
0.12890541076071541
40
0.12890541076071541
40
0.12890541076071541
10
-175.78925343492116
20
72.289104605283683
30
0
10
-175.66615790481166
20
72.512242556799436
30
0
10
-175.45678796880253
20
72.89177200509458
30
0
10
-175.13911552165357
20
73.184749533815577
30
0
10
-175.00821324327077
20
73.305475855436271
30
0
0
SPLINE
5
425
100
AcDbEntity
8
0
100
AcDbSpline
70
0
71
3
72
9
73
5
74
0
42
0.000000001
43
0.0000000001
44
0.0000000001
40
0
40
0
40
0
40
0
40
0.04187010350547312
40
0.083508656302250489
40
0.083508656302250489
40
0.083508656302250489
40
0.083508656302250489
10
-175.00821324327077
20
73.305475855436271
30
0
10
-174.8860576753998
20
73.37709862454561
30
0
10
-174.64242208631151
20
73.519948073393664
30
0
10
-174.36078642375534
20
73.540696683899768
30
0
10
-174.22035904862966
20
73.551042223539298
30
0
0
SPLINE
5
426
100
AcDbEntity
8
0
100
AcDbSpline
70
0
71
3
72
9
73
5
74
0
42
0.000000001
43
0.0000000001
44
0.0000000001
40
0
40
0
40
0
40
0
40
0.063362089119291545
40
0.13355129365016055
40
0.13355129365016055
40
0.13355129365016055
40
0.13355129365016055
10
-174.22035904862966
20
73.551042223539298
30
0
10
-174.00765805262128
20
73.531432865428101
30
0
10
-173.55933803078437
20
73.490101287195742
30
0
10
-173.165437414617
20
73.270710860106504
30
0
10
-172.95841904618825
20
73.155408049192374
30
0
0
LINE
5
427
100
AcDbEntity
8
0
100
AcDbLine
10
-172.95841904618825
20
73.155408049192374
30
0
11
-173.38134022691335
21
72.016253614988273
31
0
0
SPLINE
5
428
100
AcDbEntity
8
0
100
AcDbSpline
70
0
71
3
72
9
73
5
74
0
42
0.000000001
43
0.0000000001
44
0.0000000001
40
0
40
0
40
0
40
0
40
0.04924365238129394
40
0.0947523824690015
40
0.0947523824690015
40
0.0947523824690015
40
0.0947523824690015
10
-173.38134022691335
20
72.016253614988273
30
0
10
-173.52820885603114
20
72.093808872659196
30
0
10
-173.81080675131145
20
72.243037150456658
30
0
10
-174.12894708151589
20
72.269549704734786
30
0
10
-174.28174706437673
20
72.282283449735587
30
0
0
SPLINE
5
429
100
AcDbEntity
8
0
100
AcDbSpline
70
0
71
3
72
9
73
5
74
0
42
0.000000001
43
0.0000000001
44
0.0000000001
40
0
40
0
40
0
40
0
40
0.03867616906223717
40
0.077316648155769385
40
0.077316648155769385
40
0.077316648155769385
40
0.077316648155769385
10
-174.28174706437673
20
72.282283449735587
30
0
10
-174.41246476610158
20
72.272212218632873
30
0
10
-174.67377954460835
20
72.252079050055315
30
0
10
-174.89449638146783
20
72.110755582888814
30
0
10
-175.00480385758962
20
72.040126467313712
30
0
0
SPLINE
5
430
100
AcDbEntity
8
0
100
AcDbSpline
70
0
71
3
72
9
73
5
74
0
42
0.000000001
43
0.0000000001
44
0.0000000001
40
0
40
0
40
0
40
0
40
0.039866391975436191
40
0.082276626856863253
40
0.082276626856863253
40
0.082276626856863253
40
0.082276626856863253
10
-175.00480385758962
20
72.040126467313712
30
0
10
-175.10464409176677
20
71.949495789503516
30
0
10
-175.31069528641109
20
71.762451362092875
30
0
10
-175.41042291802538
20
71.502319334289425
30
0
10
-175.46182843186941
20
71.368231916990226
30
0
0
SPLINE
5
431
100
AcDbEntity
8
0
100
AcDbSpline
70
0
71
3
72
9
73
5
74
0
42
0.000000001
43
0.0000000001
44
0.0000000001
40
0
40
0
40
0
40
0
40
0.070250981313322469
40
0.14511894686111795
40
0.14511894686111795
40
0.14511894686111795
40
0.14511894686111795
10
-175.46182843186941
20
71.368231916990226
30
0
10
-175.52149820450779
20
71.14095556842716
30
0
10
-175.64475932346784
20
70.671465979337853
30
0
10
-175.65907981596851
20
70.186144208855268
30
0
10
-175.66646786668386
20
69.935763025846427
30
0
0
LINE
5
432
100
AcDbEntity
8
0
100
AcDbLine
10
-185.7346841905364
20
73.387329722013419
30
0
11
-188.47684117295827
21
66.143129015531485
31
0
0
LINE
5
433
100
AcDbEntity
8
0
100
AcDbLine
10
-188.47684117295827
20
66.143129015531485
30
0
11
-189.62281437852468
21
66.143129015531485
31
0
0
LINE
5
434
100
AcDbEntity
8
0
100
AcDbLine
10
-189.62281437852468
20
66.143129015531485
30
0
11
-192.37861367204275
21
73.387329722013419
31
0
0
LINE
5
435
100
AcDbEntity
8
0
100
AcDbLine
10
-192.37861367204275
20
73.387329722013419
30
0
11
-191.08257027604665
21
73.387329722013419
31
0
0
LINE
5
436
100
AcDbEntity
8
0
100
AcDbLine
10
-191.08257027604665
20
73.387329722013419
30
0
11
-189.52731820085134
21
69.048996115293448
31
0
0
SPLINE
5
437
100
AcDbEntity
8
0
100
AcDbSpline
70
0
71
3
72
9
73
5
74
0
42
0.000000001
43
0.0000000001
44
0.0000000001
40
0
40
0
40
0
40
0
40
0.07560637129951249
40
0.15319312221459547
40
0.15319312221459547
40
0.15319312221459547
40
0.15319312221459547
10
-189.52731820085134
20
69.048996115293448
30
0
10
-189.44445149417538
20
68.810934161040294
30
0
10
-189.27654752913739
20
68.328574626708502
30
0
10
-189.13510539115225
20
67.837799825033741
30
0
10
-189.06347008683767
20
67.589240217771476
30
0
0
SPLINE
5
438
100
AcDbEntity
8
0
100
AcDbSpline
70
0
71
3
72
9
73
5
74
0
42
0.000000001
43
0.0000000001
44
0.0000000001
40
0
40
0
40
0
40
0
40
0.066074251605863679
40
0.14519327590538011
40
0.14519327590538011
40
0.14519327590538011
40
0.14519327590538011
10
-189.06347008683767
20
67.589240217771476
30
0
10
-188.99975079567986
20
67.800107805723542
30
0
10
-188.85973237100276
20
68.263473718055849
30
0
10
-188.69578439005033
20
68.718944028230752
30
0
10
-188.60644551255788
20
68.967139864530509
30
0
0
LINE
5
439
100
AcDbEntity
8
0
100
AcDbLine
10
-188.60644551255788
20
68.967139864530509
30
0
11
-186.99662180879201
21
73.387329722013419
31
0
0
LINE
5
440
100
AcDbEntity
8
0
100
AcDbLine
10
-186.99662180879201
20
73.387329722013419
30
0
11
-185.7346841905364
21
73.387329722013419
31
0
0
LINE
5
441
100
AcDbEntity
8
0
100
AcDbLine
10
-159.36360569932546
20
69.935763025846427
30
0
11
-159.36360569932546
21
66.143129015531485
31
0
0
LINE
5
442
100
AcDbEntity
8
0
100
AcDbLine
10
-159.36360569932546
20
66.143129015531485
30
0
11
-160.5914375398406
21
66.143129015531485
31
0
0
LINE
5
443
100
AcDbEntity
8
0
100
AcDbLine
10
-160.5914375398406
20
66.143129015531485
30
0
11
-160.5914375398406
21
73.387329722013419
31
0
0
LINE
5
444
100
AcDbEntity
8
0
100
AcDbLine
10
-160.5914375398406
20
73.387329722013419
30
0
11
-159.48639126756277
21
73.387329722013419
31
0
0
LINE
5
445
100
AcDbEntity
8
0
100
AcDbLine
10
-159.48639126756277
20
73.387329722013419
30
0
11
-159.48639126756277
21
72.289104605283683
31
0
0
SPLINE
5
446
100
AcDbEntity
8
0
100
AcDbSpline
70
0
71
3
72
9
73
5
74
0
42
0.000000001
43
0.0000000001
44
0.0000000001
40
0
40
0
40
0
40
0
40
0.07578751083635811
40
0.12890549088775452
40
0.12890549088775452
40
0.12890549088775452
40
0.12890549088775452
10
-159.48639126756277
20
72.289104605283683
30
0
10
-159.36329790315801
20
72.512243028159105
30
0
10
-159.15393081366648
20
72.891774795586869
30
0
10
-158.83625534577681
20
73.184749860426166
30
0
10
-158.70535107591238
20
73.305475855436271
30
0
0
SPLINE
5
447
100
AcDbEntity
8
0
100
AcDbSpline
70
0
71
3
72
9
73
5
74
0
42
0.000000001
43
0.0000000001
44
0.0000000001
40
0
40
0
40
0
40
0
40
0.04187010350547312
40
0.083508656302250489
40
0.083508656302250489
40
0.083508656302250489
40
0.083508656302250489
10
-158.70535107591238
20
73.305475855436271
30
0
10
-158.5831955080414
20
73.37709862454561
30
0
10
-158.33955991895311
20
73.519948073393664
30
0
10
-158.05792425639697
20
73.540696683899768
30
0
10
-157.91749688127126
20
73.551042223539298
30
0
0
SPLINE
5
448
100
AcDbEntity
8
0
100
AcDbSpline
70
0
71
3
72
9
73
5
74
0
42
0.000000001
43
0.0000000001
44
0.0000000001
40
0
40
0
40
0
40
0
40
0.063361618127568894
40
0.13355125479022659
40
0.13355125479022659
40
0.13355125479022659
40
0.13355125479022659
10
-157.91749688127126
20
73.551042223539298
30
0
10
-157.70479760425258
20
73.531432482161122
30
0
10
-157.25647800355009
20
73.490099800885602
30
0
10
-156.86257685948397
20
73.270710835382303
30
0
10
-156.65555687882986
20
73.155408049192374
30
0
0
LINE
5
449
100
AcDbEntity
8
0
100
AcDbLine
10
-156.65555687882986
20
73.15540804919236
30
0
11
-157.07847805955495
21
72.016253614988273
31
0
0
SPLINE
5
450
100
AcDbEntity
8
0
100
AcDbSpline
70
0
71
3
72
9
73
5
74
0
42
0.000000001
43
0.0000000001
44
0.0000000001
40
0
40
0
40
0
40
0
40
0.04924365238129394
40
0.0947523824690015
40
0.0947523824690015
40
0.0947523824690015
40
0.0947523824690015
10
-157.07847805955495
20
72.016253614988273
30
0
10
-157.22534668867274
20
72.093808872659196
30
0
10
-157.50794458395308
20
72.243037150456658
30
0
10
-157.82608491415749
20
72.269549704734786
30
0
10
-157.97888489701833
20
72.282283449735587
30
0
0
SPLINE
5
451
100
AcDbEntity
8
0
100
AcDbSpline
70
0
71
3
72
9
73
5
74
0
42
0.000000001
43
0.0000000001
44
0.0000000001
40
0
40
0
40
0
40
0
40
0.038675698102915296
40
0.077316598080323859
40
0.077316598080323859
40
0.077316598080323859
40
0.077316598080323859
10
-157.97888489701833
20
72.282283449735587
30
0
10
-158.10960083136661
20
72.272211752463036
30
0
10
-158.3709150895296
20
72.252077419840617
30
0
10
-158.59163260300681
20
72.110755583100868
30
0
10
-158.70194169023122
20
72.040126467313712
30
0
0
SPLINE
5
452
100
AcDbEntity
8
0
100
AcDbSpline
70
0
71
3
72
9
73
5
74
0
42
0.000000001
43
0.0000000001
44
0.0000000001
40
0
40
0
40
0
40
0
40
0.039866063581306593
40
0.082276503620138011
40
0.082276503620138011
40
0.082276503620138011
40
0.082276503620138011
10
-158.70194169023122
20
72.040126467313712
30
0
10
-158.80177971292721
20
71.949495370969146
30
0
10
-159.00782773216594
20
71.762448819174949
30
0
10
-159.10755870349877
20
71.502319029896995
30
0
10
-159.15896626451101
20
71.368231916990226
30
0
0
SPLINE
5
453
100
AcDbEntity
8
0
100
AcDbSpline
70
0
71
3
72
9
73
5
74
0
42
0.000000001
43
0.0000000001
44
0.0000000001
40
0
40
0
40
0
40
0
40
0.070250981313322469
40
0.14511894686111795
40
0.14511894686111795
40
0.14511894686111795
40
0.14511894686111795
10
-159.15896626451101
20
71.368231916990226
30
0
10
-159.21863603714937
20
71.14095556842716
30
0
10
-159.34189715610944
20
70.671465979337853
30
0
10
-159.35621764861011
20
70.186144208855268
30
0
10
-159.36360569932546
20
69.935763025846427
30
0
0
SPLINE
5
454
100
AcDbEntity
8
0
100
AcDbSpline
70
0
71
3
72
9
73
5
74
0
42
0.000000001
43
0.0000000001
44
0.0000000001
40
0
40
0
40
0
40
0
40
0.10390424658703035
40
0.20209409709529008
40
0.20209409709529008
40
0.20209409709529008
40
0.20209409709529008
10
-212.89703043439474
20
67.104928637113517
30
0
10
-212.54448577784638
20
67.128490765539965
30
0
10
-211.8587852757862
20
67.174319181859786
30
0
10
-211.29047616225424
20
67.55915302368922
30
0
10
-211.0143563363799
20
67.746129179563468
30
0
0
SPLINE
5
455
100
AcDbEntity
8
0
100
AcDbSpline
70
0
71
3
72
9
73
5
74
0
42
0.000000001
43
0.0000000001
44
0.0000000001
40
0
40
0
40
0
40
0
40
0.10256479261993164
40
0.22015654823676944
40
0.22015654823676944
40
0.22015654823676944
40
0.22015654823676944
10
-211.0143563363799
20
67.746129179563468
30
0
10
-210.77564317367001
20
67.998473583763854
30
0
10
-210.26324252839544
20
68.540133851156881
30
0
10
-210.07255265196275
20
69.263107135435973
30
0
10
-209.97069986798849
20
69.649267340269034
30
0
0
LINE
5
456
100
AcDbEntity
8
0
100
AcDbLine
10
-209.97069986798846
20
69.649267340269034
30
0
11
-208.64737125375356
21
69.315025950040763
31
0
0
SPLINE
5
457
100
AcDbEntity
8
0
100
AcDbSpline
70
0
71
3
72
9
73
5
74
0
42
0.000000001
43
0.0000000001
44
0.0000000001
40
0
40
0
40
0
40
0
40
0.15502763284310486
40
0.29426698317989453
40
0.29426698317989453
40
0.29426698317989453
40
0.29426698317989453
10
-208.64737125375356
20
69.315025950040763
30
0
10
-208.80318652686086
20
68.81257467864981
30
0
10
-209.09894857592116
20
67.858842643169709
30
0
10
-209.8087728470922
20
67.159553419201941
30
0
10
-210.14464291074361
20
66.828668261136954
30
0
0
SPLINE
5
458
100
AcDbEntity
8
0
100
AcDbSpline
70
0
71
3
72
9
73
5
74
0
42
0.000000001
43
0.0000000001
44
0.0000000001
40
0
40
0
40
0
40
0
40
0.136219984992698
40
0.28198459769994938
40
0.28198459769994938
40
0.28198459769994938
40
0.28198459769994938
10
-210.14464291074361
20
66.828668261136954
30
0
10
-210.53335107645444
20
66.579060666333845
30
0
10
-211.33800331405766
20
66.062356034431417
30
0
10
-212.29381047467251
20
66.003184783651051
30
0
10
-212.78789015748586
20
65.972597742643302
30
0
0
SPLINE
5
459
100
AcDbEntity
8
0
100
AcDbSpline
70
0
71
3
72
9
73
5
74
0
42
0.000000001
43
0.0000000001
44
0.0000000001
40
0
40
0
40
0
40
0
40
0.14749321579905114
40
0.27391901932469231
40
0.27391901932469231
40
0.27391901932469231
40
0.27391901932469231
10
-212.78789015748586
20
65.972597742643302
30
0
10
-213.28614714972699
20
65.990532867707813
30
0
10
-214.2114918575968
20
66.023841327642856
30
0
10
-215.0366481764915
20
66.439161336289061
30
0
10
-215.41749449708547
20
66.630849981870597
30
0
0
SPLINE
5
460
100
AcDbEntity
8
0
100
AcDbSpline
70
0
71
3
72
9
73
5
74
0
42
0.000000001
43
0.0000000001
44
0.0000000001
40
0
40
0
40
0
40
0
40
0.12019610226437503
40
0.2480192133641263
40
0.2480192133641263
40
0.2480192133641263
40
0.2480192133641263
10
-215.41749449708547
20
66.630849981870597
30
0
10
-215.73747903642339
20
66.880914150657148
30
0
10
-216.39775264130878
20
67.39691023758995
30
0
10
-216.76818986489948
20
68.14952199415697
30
0
10
-216.95910426118459
20
68.537399912443107
30
0
0
SPLINE
5
461
100
AcDbEntity
8
0
100
AcDbSpline
70
0
71
3
72
9
73
5
74
0
42
0.000000001
43
0.0000000001
44
0.0000000001
40
0
40
0
40
0
40
0
40
0.13537017042460506
40
0.27464145857714162
40
0.27464145857714162
40
0.27464145857714162
40
0.27464145857714162
10
-216.95910426118459
20
68.537399912443107
30
0
10
-217.11328480361789
20
68.964470355763041
30
0
10
-217.42608908631382
20
69.830918622029344
30
0
10
-217.46700496816891
20
70.751390696001536
30
0
10
-217.48775350191679
20
71.218164110746329
30
0
0
SPLINE
5
462
100
AcDbEntity
8
0
100
AcDbSpline
70
0
71
3
72
9
73
5
74
0
42
0.000000001
43
0.0000000001
44
0.0000000001
40
0
40
0
40
0
40
0
40
0.14699050774040498
40
0.2809689773552338
40
0.2809689773552338
40
0.2809689773552338
40
0.2809689773552338
10
-217.48775350191679
20
71.218164110746329
30
0
10
-217.4678267006706
20
71.712304767081534
30
0
10
-217.42973707805368
20
72.656843275141838
30
0
10
-217.06487407664295
20
73.527904163948762
30
0
10
-216.89089121558752
20
73.943264628019278
30
0
0
SPLINE
5
463
100
AcDbEntity
8
0
100
AcDbSpline
70
0
71
3
72
9
73
5
74
0
42
0.000000001
43
0.0000000001
44
0.0000000001
40
0
40
0
40
0
40
0
40
0.12528896728640401
40
0.24793937486382817
40
0.24793937486382817
40
0.24793937486382817
40
0.24793937486382817
10
-216.89089121558752
20
73.943264628019278
30
0
10
-216.67289602456748
20
74.306535675295777
30
0
10
-216.2414965761127
20
75.025427356811278
30
0
10
-215.53960361667106
20
75.483418622157913
30
0
10
-215.19239189364995
20
75.70997729357714
30
0
0
SPLINE
5
464
100
AcDbEntity
8
0
100
AcDbSpline
70
0
71
3
72
9
73
5
74
0
42
0.000000001
43
0.0000000001
44
0.0000000001
40
0
40
0
40
0
40
0
40
0.12424897907912617
40
0.25193462625380242
40
0.25193462625380242
40
0.25193462625380242
40
0.25193462625380242
10
-215.19239189364995
20
75.70997729357714
30
0
10
-214.81301136637259
20
75.886041969928328
30
0
10
-214.04375682556289
20
76.24304118844735
30
0
10
-213.19672117404679
20
76.289907485648044
30
0
10
-212.76742609479513
20
76.313660288419669
30
0
0
SPLINE
5
465
100
AcDbEntity
8
0
100
AcDbSpline
70
0
71
3
72
9
73
5
74
0
42
0.000000001
43
0.0000000001
44
0.0000000001
40
0
40
0
40
0
40
0
40
0.13944517688494365
40
0.26726418250122919
40
0.26726418250122919
40
0.26726418250122919
40
0.26726418250122919
10
-212.76742609479513
20
76.313660288419669
30
0
10
-212.29526590041928
20
76.287744460983987
30
0
10
-211.39031162965517
20
76.238073525149758
30
0
10
-210.61455621914655
20
75.772389696660241
30
0
10
-210.24355145433034
20
75.549676561918204
30
0
0
SPLINE
5
466
100
AcDbEntity
8
0
100
AcDbSpline
70
0
71
3
72
9
73
5
74
0
42
0.000000001
43
0.0000000001
44
0.0000000001
40
0
40
0
40
0
40
0
40
0.12642420374785054
40
0.26143242605516032
40
0.26143242605516032
40
0.26143242605516032
40
0.26143242605516032
10
-210.24355145433034
20
75.549676561918204
30
0
10
-209.92634298448235
20
75.26200130285315
30
0
10
-209.27038805354994
20
74.667118055311235
30
0
10
-208.971997669286
20
73.832159209159784
30
0
10
-208.81790371873464
20
73.40097203310961
30
0
0
LINE
5
467
100
AcDbEntity
8
0
100
AcDbLine
10
-208.81790371873461
20
73.40097203310961
30
0
11
-210.12076827027883
21
73.094015265073722
31
0
0
SPLINE
5
468
100
AcDbEntity
8
0
100
AcDbSpline
70
0
71
3
72
9
73
5
74
0
42
0.000000001
43
0.0000000001
44
0.0000000001
40
0
40
0
40
0
40
0
40
0.1034933708495528
40
0.19054909114071544
40
0.19054909114071544
40
0.19054909114071544
40
0.19054909114071544
10
-210.12076827027883
20
73.094015265073722
30
0
10
-210.23870775244239
20
73.424176454266856
30
0
10
-210.45585461848225
20
74.032059973899678
30
0
10
-210.91880932456675
20
74.479124829044693
30
0
10
-211.13031836488332
20
74.683374310102408
30
0
0
SPLINE
5
469
100
AcDbEntity
8
0
100
AcDbSpline
70
0
71
3
72
9
73
5
74
0
42
0.000000001
43
0.0000000001
44
0.0000000001
40
0
40
0
40
0
40
0
40
0.083509326403695683
40
0.17609631519975966
40
0.17609631519975966
40
0.17609631519975966
40
0.17609631519975966
10
-211.13031836488332
20
74.683374310102408
30
0
10
-211.37292625688724
20
74.828505794733232
30
0
10
-211.88451409575623
20
75.134544901544032
30
0
10
-212.48106168052976
20
75.165206117750017
30
0
10
-212.79471131303396
20
75.181327009763663
30
0
0
SPLINE
5
470
100
AcDbEntity
8
0
100
AcDbSpline
70
0
71
3
72
9
73
5
74
0
42
0.000000001
43
0.0000000001
44
0.0000000001
40
0
40
0
40
0
40
0
40
0.10671293340118736
40
0.20297507833317027
40
0.20297507833317027
40
0.20297507833317027
40
0.20297507833317027
10
-212.79471131303396
20
75.181327009763663
30
0
10
-213.15574955682649
20
75.163432974825326
30
0
10
-213.84246824667406
20
75.129397333337991
30
0
10
-214.43887435436653
20
74.789840657902829
30
0
10
-214.72172351815786
20
74.628803873624747
30
0
0
SPLINE
5
471
100
AcDbEntity
8
0
100
AcDbSpline
70
0
71
3
72
9
73
5
74
0
42
0.000000001
43
0.0000000001
44
0.0000000001
40
0
40
0
40
0
40
0
40
0.092371415417193695
40
0.18637202226623253
40
0.18637202226623253
40
0.18637202226623253
40
0.18637202226623253
10
-214.72172351815786
20
74.628803873624747
30
0
10
-214.96105681624215
20
74.427520082640456
30
0
10
-215.44394462908082
20
74.021402378308181
30
0
10
-215.68708512571112
20
73.438948071313177
30
0
10
-215.80971809365835
20
73.145175123777335
30
0
0
SPLINE
5
472
100
AcDbEntity
8
0
100
AcDbSpline
70
0
71
3
72
9
73
5
74
0
42
0.000000001
43
0.0000000001
44
0.0000000001
40
0
40
0
40
0
40
0
40
0.097444336341965282
40
0.19521884302969131
40
0.19521884302969131
40
0.19521884302969131
40
0.19521884302969131
10
-215.80971809365835
20
73.145175123777335
30
0
10
-215.90123692772823
20
72.832113726764973
30
0
10
-216.0845846888526
20
72.204930187769577
30
0
10
-216.11051175250543
20
71.552000080565094
30
0
10
-216.12349720933523
20
71.224982882108634
30
0
0
SPLINE
5
473
100
AcDbEntity
8
0
100
AcDbSpline
70
0
71
3
72
9
73
5
74
0
42
0.000000001
43
0.0000000001
44
0.0000000001
40
0
40
0
40
0
40
0
40
0.11981848275932609
40
0.22677385446259607
40
0.22677385446259607
40
0.22677385446259607
40
0.22677385446259607
10
-216.12349720933523
20
71.224982882108634
30
0
10
-216.11183871973563
20
70.82346086992905
30
0
10
-216.08977333747717
20
70.06352223394714
30
0
10
-215.86007279230327
20
69.339373140058854
30
0
10
-215.75173707940664
20
68.997836256589835
30
0
0
SPLINE
5
474
100
AcDbEntity
8
0
100
AcDbSpline
70
0
71
3
72
9
73
5
74
0
42
0.000000001
43
0.0000000001
44
0.0000000001
40
0
40
0
40
0
40
0
40
0.095744090213942076
40
0.1859268266922095
40
0.1859268266922095
40
0.1859268266922095
40
0.1859268266922095
10
-215.75173707940664
20
68.997836256589835
30
0
10
-215.6147420052506
20
68.703212118497376
30
0
10
-215.34870929917574
20
68.131077264637923
30
0
10
-214.84153279749148
20
67.757028234488061
30
0
10
-214.5955297563323
20
67.575597906675284
30
0
0
SPLINE
5
475
100
AcDbEntity
8
0
100
AcDbSpline
70
0
71
3
72
9
73
5
74
0
42
0.000000001
43
0.0000000001
44
0.0000000001
40
0
40
0
40
0
40
0
40
0.088985966598827085
40
0.17793283734714899
40
0.17793283734714899
40
0.17793283734714899
40
0.17793283734714899
10
-214.5955297563323
20
67.575597906675284
30
0
10
-214.32868071464515
20
67.438320265814426
30
0
10
-213.79509987099573
20
67.163825296817635
30
0
10
-213.19634305981094
20
67.124557981043765
30
0
10
-212.89703043439474
20
67.104928637113517
30
0
0
SPLINE
5
476
100
AcDbEntity
8
0
100
AcDbSpline
70
0
71
3
72
9
73
5
74
0
42
0.000000001
43
0.0000000001
44
0.0000000001
40
0
40
0
40
0
40
0
40
0.06725658140013463
40
0.13101507079722022
40
0.13101507079722022
40
0.13101507079722022
40
0.13101507079722022
10
-182.12963553407278
20
82.596061373319571
30
0
10
-181.90085301118376
20
82.61248129354621
30
0
10
-181.45518720704271
20
82.644467115099957
30
0
10
-181.09671840238474
20
82.910150162867794
30
0
10
-180.92226954438772
20
83.039444828596061
30
0
0
SPLINE
5
477
100
AcDbEntity
8
0
100
AcDbSpline
70
0
71
3
72
9
73
5
74
0
42
0.000000001
43
0.0000000001
44
0.0000000001
40
0
40
0
40
0
40
0
40
0.068791044818849137
40
0.1518603085408991
40
0.1518603085408991
40
0.1518603085408991
40
0.1518603085408991
10
-180.92226954438772
20
83.039444828596061
30
0
10
-180.77416908946384
20
83.219406375231841
30
0
10
-180.44722855761091
20
83.616682155379877
30
0
10
-180.35745871704194
20
84.125417644527488
30
0
10
-180.30835362413015
20
84.403701568212455
30
0
0
LINE
5
478
100
AcDbEntity
8
0
100
AcDbLine
10
-180.30835362413012
20
84.403701568212455
30
0
11
-179.10098763444509
21
84.246812010374015
31
0
0
SPLINE
5
479
100
AcDbEntity
8
0
100
AcDbSpline
70
0
71
3
72
9
73
5
74
0
42
0.000000001
43
0.0000000001
44
0.0000000001
40
0
40
0
40
0
40
0
40
0.11671159012289685
40
0.22371254375458299
40
0.22371254375458299
40
0.22371254375458299
40
0.22371254375458299
10
-179.10098763444509
20
84.246812010374015
30
0
10
-179.1863178895149
20
83.858969182253105
30
0
10
-179.34987875267166
20
83.115552820908562
30
0
10
-179.86673602710877
20
82.558804724109677
30
0
10
-180.11394711473073
20
82.292513990964835
30
0
0
SPLINE
5
480
100
AcDbEntity
8
0
100
AcDbSpline
70
0
71
3
72
9
73
5
74
0
42
0.000000001
43
0.0000000001
44
0.0000000001
40
0
40
0
40
0
40
0
40
0.10511821159482393
40
0.21592936603709278
40
0.21592936603709278
40
0.21592936603709278
40
0.21592936603709278
10
-180.11394711473073
20
82.292513990964835
30
0
10
-180.40611917387221
20
82.08663667112242
30
0
10
-181.00628660962866
20
81.663732224019213
30
0
10
-181.73964605080187
20
81.6127000785729
30
0
10
-182.11599322297658
20
81.586511278715079
30
0
0
SPLINE
5
481
100
AcDbEntity
8
0
100
AcDbSpline
70
0
71
3
72
9
73
5
74
0
42
0.000000001
43
0.0000000001
44
0.0000000001
40
0
40
0
40
0
40
0
40
0.13630722615725258
40
0.26410346234307375
40
0.26410346234307375
40
0.26410346234307375
40
0.26410346234307375
10
-182.11599322297658
20
81.586511278715079
30
0
10
-182.58214293413715
20
81.621530972976245
30
0
10
-183.4853360821343
20
81.689383740326207
30
0
10
-184.17374177420663
20
82.27511652751221
30
0
10
-184.50685235002126
20
82.558545017805045
30
0
0
SPLINE
5
482
100
AcDbEntity
8
0
100
AcDbSpline
70
0
71
3
72
9
73
5
74
0
42
0.000000001
43
0.0000000001
44
0.0000000001
40
0
40
0
40
0
40
0
40
0.13631360912673435
40
0.29828280170649751
40
0.29828280170649751
40
0.29828280170649751
40
0.29828280170649751
10
-184.50685235002126
20
82.558545017805045
30
0
10
-184.7699543031481
20
82.940025815797895
30
0
10
-185.3456766262226
20
83.774785910197124
30
0
10
-185.38780007725919
20
84.792444266396316
30
0
10
-185.41067334153738
20
85.345038319196647
30
0
0
SPLINE
5
483
100
AcDbEntity
8
0
100
AcDbSpline
70
0
71
3
72
9
73
5
74
0
42
0.000000001
43
0.0000000001
44
0.0000000001
40
0
40
0
40
0
40
0
40
0.11042188657985022
40
0.21010975651276881
40
0.21010975651276881
40
0.21010975651276881
40
0.21010975651276881
10
-185.41067334153738
20
85.345038319196647
30
0
10
-185.39805074463831
20
85.715537551668177
30
0
10
-185.37403258263106
20
86.420520104800588
30
0
10
-185.13518366495046
20
87.083628444383578
30
0
10
-185.02186032273855
20
87.39824428614611
30
0
0
SPLINE
5
484
100
AcDbEntity
8
0
100
AcDbSpline
70
0
71
3
72
9
73
5
74
0
42
0.000000001
43
0.0000000001
44
0.0000000001
40
0
40
0
40
0
40
0
40
0.091279950517700728
40
0.17976751847883338
40
0.17976751847883338
40
0.17976751847883338
40
0.17976751847883338
10
-185.02186032273855
20
87.39824428614611
30
0
10
-184.87745791776558
20
87.672043365756792
30
0
10
-184.593070581257
20
88.211265624579738
30
0
10
-184.08731630660353
20
88.550955991269802
30
0
10
-183.83836718537893
20
88.718162918653434
30
0
0
SPLINE
5
485
100
AcDbEntity
8
0
100
AcDbSpline
70
0
71
3
72
9
73
5
74
0
42
0.000000001
43
0.0000000001
44
0.0000000001
40
0
40
0
40
0
40
0
40
0.08928515090356709
40
0.17991093226804983
40
0.17991093226804983
40
0.17991093226804983
40
0.17991093226804983
10
-183.83836718537893
20
88.718162918653434
30
0
10
-183.56650416485124
20
88.846486072474917
30
0
10
-183.0186960581575
20
89.105059172278914
30
0
10
-182.41384909711073
20
89.140355519010782
30
0
10
-182.10917206742849
20
89.158135200109427
30
0
0
SPLINE
5
486
100
AcDbEntity
8
0
100
AcDbSpline
70
0
71
3
72
9
73
5
74
0
42
0.000000001
43
0.0000000001
44
0.0000000001
40
0
40
0
40
0
40
0
40
0.10829741231698035
40
0.20505327438380525
40
0.20505327438380525
40
0.20505327438380525
40
0.20505327438380525
10
-182.10917206742849
20
89.158135200109427
30
0
10
-181.74171682605407
20
89.13936599942339
30
0
10
-181.04596704938561
20
89.103827882898742
30
0
10
-180.4567673837339
20
88.735208885497343
30
0
10
-180.17874928453054
20
88.561273360814994
30
0
0
SPLINE
5
487
100
AcDbEntity
8
0
100
AcDbSpline
70
0
71
3
72
9
73
5
74
0
42
0.000000001
43
0.0000000001
44
0.0000000001
40
0
40
0
40
0
40
0
40
0.094898216068791813
40
0.19816219438430083
40
0.19816219438430083
40
0.19816219438430083
40
0.19816219438430083
10
-180.17874928453054
20
88.561273360814994
30
0
10
-179.94979842933031
20
88.334256144838605
30
0
10
-179.47171353214159
20
87.86020898626731
30
0
10
-179.30422785259043
20
87.206722102264322
30
0
10
-179.21694966294851
20
86.866184616651481
30
0
0
LINE
5
488
100
AcDbEntity
8
0
100
AcDbLine
10
-179.21694966294851
20
86.866184616651481
30
0
11
-180.41067334153738
21
86.68200984057421
31
0
0
SPLINE
5
489
100
AcDbEntity
8
0
100
AcDbSpline
70
0
71
3
72
9
73
5
74
0
42
0.000000001
43
0.0000000001
44
0.0000000001
40
0
40
0
40
0
40
0
40
0.068171673522148632
40
0.12694990486270175
40
0.12694990486270175
40
0.12694990486270175
40
0.12694990486270175
10
-180.41067334153738
20
86.68200984057421
30
0
10
-180.47239393729598
20
86.904791653962548
30
0
10
-180.587330587004
20
87.319657954781746
30
0
10
-180.87921354757958
20
87.6344748650437
30
0
10
-181.0143563363799
20
87.780236149396842
30
0
0
SPLINE
5
490
100
AcDbEntity
8
0
100
AcDbSpline
70
0
71
3
72
9
73
5
74
0
42
0.000000001
43
0.0000000001
44
0.0000000001
40
0
40
0
40
0
40
0
40
0.055238704722371273
40
0.11285202102294042
40
0.11285202102294042
40
0.11285202102294042
40
0.11285202102294042
10
-181.0143563363799
20
87.780236149396842
30
0
10
-181.16834227577212
20
87.88765812471263
30
0
10
-181.4829337303847
20
88.107119950937403
30
0
10
-181.86590773951323
20
88.134571242991797
30
0
10
-182.06142397859182
20
88.148585701551383
30
0
0
SPLINE
5
491
100
AcDbEntity
8
0
100
AcDbSpline
70
0
71
3
72
9
73
5
74
0
42
0.000000001
43
0.0000000001
44
0.0000000001
40
0
40
0
40
0
40
0
40
0.085700722862408332
40
0.16897159777182125
40
0.16897159777182125
40
0.16897159777182125
40
0.16897159777182125
10
-182.06142397859182
20
88.148585701551383
30
0
10
-182.35472414219919
20
88.122503032220081
30
0
10
-182.93300861421048
20
88.071077207981219
30
0
10
-183.35899678189048
20
87.677479408051951
30
0
10
-183.56892796495046
20
87.483510518636649
30
0
0
SPLINE
5
492
100
AcDbEntity
8
0
100
AcDbSpline
70
0
71
3
72
9
73
5
74
0
42
0.000000001
43
0.0000000001
44
0.0000000001
40
0
40
0
40
0
40
0
40
0.096246736648720868
40
0.22166086141128039
40
0.22166086141128039
40
0.22166086141128039
40
0.22166086141128039
10
-183.56892796495046
20
87.483510518636649
30
0
10
-183.73729951615451
20
87.20434873540087
30
0
10
-184.12506729277285
20
86.561425728348752
30
0
10
-184.14018323285455
20
85.80635748359245
30
0
10
-184.14873572328176
20
85.379145289030021
30
0
0
SPLINE
5
493
100
AcDbEntity
8
0
100
AcDbSpline
70
0
71
3
72
9
73
5
74
0
42
0.000000001
43
0.0000000001
44
0.0000000001
40
0
40
0
40
0
40
0
40
0.1267967462905466
40
0.22258970855906998
40
0.22258970855906998
40
0.22258970855906998
40
0.22258970855906998
10
-184.14873572328176
20
85.379145289030021
30
0
10
-184.14156587459544
20
84.94764447000945
30
0
10
-184.12897931716248
20
84.190151518820471
30
0
10
-183.75173921838976
20
83.538267855001322
30
0
10
-183.58939143159475
20
83.25772538241381
30
0
0
SPLINE
5
494
100
AcDbEntity
8
0
100
AcDbSpline
70
0
71
3
72
9
73
5
74
0
42
0.000000001
43
0.0000000001
44
0.0000000001
40
0
40
0
40
0
40
0
40
0.081350299167491077
40
0.16452610804898948
40
0.16452610804898948
40
0.16452610804898948
40
0.16452610804898948
10
-183.58939143159475
20
83.25772538241381
30
0
10
-183.38709959319647
20
83.064746760140025
30
0
10
-182.97797646516449
20
82.67445905395725
30
0
10
-182.41449987434606
20
82.622386524865746
30
0
10
-182.12963553407278
20
82.596061373319571
30
0
0
SPLINE
5
495
100
AcDbEntity
8
0
100
AcDbSpline
70
0
71
3
72
9
73
5
74
0
42
0.000000001
43
0.0000000001
44
0.0000000001
40
0
40
0
40
0
40
0
40
0.074308124443744072
40
0.16248709037587
40
0.16248709037587
40
0.16248709037587
40
0.16248709037587
10
-196.59416647889699
20
81.917344475355094
30
0
10
-196.83756314529816
20
81.868694098526063
30
0
10
-197.36979049495562
20
81.762311946697935
30
0
10
-197.91274658247661
20
81.754475366331974
30
0
10
-198.20739956834402
20
81.750222588148063
30
0
0
LINE
5
496
100
AcDbEntity
8
0
100
AcDbLine
10
-198.20739956834402
20
81.750222588148063
30
0
11
-202.02049704530324
21
81.750222588148063
31
0
0
LINE
5
497
100
AcDbEntity
8
0
100
AcDbLine
10
-202.02049704530324
20
81.750222588148063
30
0
11
-202.02049704530324
21
91.750222588148063
31
0
0
LINE
5
498
100
AcDbEntity
8
0
100
AcDbLine
10
-202.02049704530324
20
91.750222588148063
30
0
11
-198.26879235246267
21
91.750222588148063
31
0
0
SPLINE
5
499
100
AcDbEntity
8
0
100
AcDbSpline
70
0
71
3
72
9
73
5
74
0
42
0.000000001
43
0.0000000001
44
0.0000000001
40
0
40
0
40
0
40
0
40
0.10353566149939941
40
0.18726647971322607
40
0.18726647971322607
40
0.18726647971322607
40
0.18726647971322607
10
-198.26879235246267
20
91.750222588148063
30
0
10
-197.92126418636525
20
91.743874265010305
30
0
10
-197.29268486090615
20
91.732391959214681
30
0
10
-196.69686159249477
20
91.534954348588798
30
0
10
-196.43045636155691
20
91.446675801839774
30
0
0
SPLINE
5
500
100
AcDbEntity
8
0
100
AcDbSpline
70
0
71
3
72
9
73
5
74
0
42
0.000000001
43
0.0000000001
44
0.0000000001
40
0
40
0
40
0
40
0
40
0.072775596751944893
40
0.14487657834482187
40
0.14487657834482187
40
0.14487657834482187
40
0.14487657834482187
10
-196.43045636155691
20
91.446675801839774
30
0
10
-196.21248240468472
20
91.332344451418663
30
0
10
-195.77855506572294
20
91.104741579222235
30
0
10
-195.48965071043611
20
90.709072791801773
30
0
10
-195.34587117173757
20
90.51215961035723
30
0
0
SPLINE
5
501
100
AcDbEntity
8
0
100
AcDbSpline
70
0
71
3
72
9
73
5
74
0
42
0.000000001
43
0.0000000001
44
0.0000000001
40
0
40
0
40
0
40
0
40
0.070933551888432644
40
0.13908806013517405
40
0.13908806013517405
40
0.13908806013517405
40
0.13908806013517405
10
-195.34587117173757
20
90.51215961035723
30
0
10
-195.23148688915813
20
90.30180673410706
30
0
10
-195.00719968584775
20
89.889342213121182
30
0
10
-194.97125970766996
20
89.42149250258251
30
0
10
-194.95364876725759
20
89.192241573896354
30
0
0
SPLINE
5
502
100
AcDbEntity
8
0
100
AcDbSpline
70
0
71
3
72
9
73
5
74
0
42
0.000000001
43
0.0000000001
44
0.0000000001
40
0
40
0
40
0
40
0
40
0.06284883400122418
40
0.12689679052514469
40
0.12689679052514469
40
0.12689679052514469
40
0.12689679052514469
10
-194.95364876725759
20
89.192241573896354
30
0
10
-194.96868363185212
20
88.980760145762986
30
0
10
-194.99904021830821
20
88.553762335664018
30
0
10
-195.20007009138527
20
88.175694964428843
30
0
10
-195.30153485276784
20
87.984874988164847
30
0
0
SPLINE
5
503
100
AcDbEntity
8
0
100
AcDbSpline
70
0
71
3
72
9
73
5
74
0
42
0.000000001
43
0.0000000001
44
0.0000000001
40
0
40
0
40
0
40
0
40
0.067254462712211222
40
0.14066178724260811
40
0.14066178724260811
40
0.14066178724260811
40
0.14066178724260811
10
-195.30153485276784
20
87.984874988164847
30
0
10
-195.43702267939801
20
87.802957606945398
30
0
10
-195.72039361234209
20
87.422479896755064
30
0
10
-196.13542104783224
20
87.191411028552125
30
0
10
-196.35201188066091
20
87.070822859373038
30
0
0
SPLINE
5
504
100
AcDbEntity
8
0
100
AcDbSpline
70
0
71
3
72
9
73
5
74
0
42
0.000000001
43
0.0000000001
44
0.0000000001
40
0
40
0
40
0
40
0
40
0.087934378103472405
40
0.16860834202093924
40
0.16860834202093924
40
0.16860834202093924
40
0.16860834202093924
10
-196.35201188066091
20
87.070822859373038
30
0
10
-196.07096365030924
20
86.971469471312304
30
0
10
-195.53207229553379
20
86.78096593451157
30
0
10
-195.14314705330062
20
86.363389910356034
30
0
10
-194.95705815293874
20
86.163592482175773
30
0
0
SPLINE
5
505
100
AcDbEntity
8
0
100
AcDbSpline
70
0
71
3
72
9
73
5
74
0
42
0.000000001
43
0.0000000001
44
0.0000000001
40
0
40
0
40
0
40
0
40
0.078908690244163651
40
0.16132991948530584
40
0.16132991948530584
40
0.16132991948530584
40
0.16132991948530584
10
-194.95705815293874
20
86.163592482175773
30
0
10
-194.81482476658664
20
85.937153188020972
30
0
10
-194.52402662132144
20
85.474194887974846
30
0
10
-194.48782969611116
20
84.928205687316989
30
0
10
-194.46933718659963
20
84.649267340269034
30
0
0
SPLINE
5
506
100
AcDbEntity
8
0
100
AcDbSpline
70
0
71
3
72
9
73
5
74
0
42
0.000000001
43
0.0000000001
44
0.0000000001
40
0
40
0
40
0
40
0
40
0.068191147049663767
40
0.13485642920240404
40
0.13485642920240404
40
0.13485642920240404
40
0.13485642920240404
10
-194.46933718659963
20
84.649267340269034
30
0
10
-194.48113161057938
20
84.420356869307284
30
0
10
-194.50445654308496
20
83.967658094516764
30
0
10
-194.67952139415789
20
83.549637574862615
30
0
10
-194.76606341340627
20
83.342992210950797
30
0
0
SPLINE
5
507
100
AcDbEntity
8
0
100
AcDbSpline
70
0
71
3
72
9
73
5
74
0
42
0.000000001
43
0.0000000001
44
0.0000000001
40
0
40
0
40
0
40
0
40
0.062915149160019126
40
0.11934975780490464
40
0.11934975780490464
40
0.11934975780490464
40
0.11934975780490464
10
-194.76606341340627
20
83.342992210950797
30
0
10
-194.86643078269111
20
83.156650535294858
30
0
10
-195.05682723530379
20
82.803161206326834
30
0
10
-195.35728099641946
20
82.537503168740272
30
0
10
-195.49935074784841
20
82.411886597242301
30
0
0
SPLINE
5
508
100
AcDbEntity
8
0
100
AcDbSpline
70
0
71
3
72
9
73
5
74
0
42
0.000000001
43
0.0000000001
44
0.0000000001
40
0
40
0
40
0
40
0
40
0.056975259176992636
40
0.12071957125952892
40
0.12071957125952892
40
0.12071957125952892
40
0.12071957125952892
10
-195.49935074784841
20
82.411886597242301
30
0
10
-195.65966262942882
20
82.308069413221489
30
0
10
-195.99933254742041
20
82.088100849227203
30
0
10
-196.38861252937392
20
81.976351948194662
30
0
10
-196.59416647889699
20
81.917344475355094
30
0
0
LINE
5
509
100
AcDbEntity
8
0
100
AcDbLine
10
-113.37165508559877
20
69.253107086048374
30
0
11
-116.11380968383486
21
62.008906379566433
31
0
0
LINE
5
510
100
AcDbEntity
8
0
100
AcDbLine
10
-116.11380968383486
20
62.008906379566433
30
0
11
-117.25978527358706
21
62.008906379566433
31
0
0
LINE
5
511
100
AcDbEntity
8
0
100
AcDbLine
10
-117.25978527358706
20
62.008906379566433
30
0
11
-120.01558456710512
21
69.253107086048374
31
0
0
LINE
5
512
100
AcDbEntity
8
0
100
AcDbLine
10
-120.01558456710512
20
69.253107086048374
30
0
11
-118.71954117110903
21
69.253107086048374
31
0
0
LINE
5
513
100
AcDbEntity
8
0
100
AcDbLine
10
-118.71954117110903
20
69.253107086048374
30
0
11
-117.16428671172793
21
64.914773479328403
31
0
0
SPLINE
5
514
100
AcDbEntity
8
0
100
AcDbSpline
70
0
71
3
72
9
73
5
74
0
42
0.000000001
43
0.0000000001
44
0.0000000001
40
0
40
0
40
0
40
0
40
0.07560637129951249
40
0.15319305409008788
40
0.15319305409008788
40
0.15319305409008788
40
0.15319305409008788
10
-117.16428671172793
20
64.914773479328403
30
0
10
-117.08141982859134
20
64.676711577708744
30
0
10
-116.91351558067643
20
64.194352364526353
30
0
10
-116.77207530963369
20
63.703577243231955
30
0
10
-116.70044098190004
20
63.455017581806423
30
0
0
SPLINE
5
515
100
AcDbEntity
8
0
100
AcDbSpline
70
0
71
3
72
9
73
5
74
0
42
0.000000001
43
0.0000000001
44
0.0000000001
40
0
40
0
40
0
40
0
40
0.066074479280675114
40
0.14519335712238821
40
0.14519335712238821
40
0.14519335712238821
40
0.14519335712238821
10
-116.70044098190004
20
63.455017581806423
30
0
10
-116.63672193406676
20
63.665886047307616
30
0
10
-116.49670444821933
20
64.129252550542702
30
0
10
-116.332754019446
20
64.584722297464523
30
0
10
-116.24341402343447
20
64.832917228565464
30
0
0
LINE
5
516
100
AcDbEntity
8
0
100
AcDbLine
10
-116.24341402343448
20
64.832917228565464
30
0
11
-114.6335903196686
21
69.253107086048374
31
0
0
LINE
5
517
100
AcDbEntity
8
0
100
AcDbLine
10
-114.6335903196686
20
69.253107086048374
30
0
11
-113.37165508559877
21
69.253107086048374
31
0
0
LWPOLYLINE
5
518
100
AcDbEntity
8
0
100
AcDbPolyline
90
4
70
1
43
0.0
10
-121.14109669021303
20
72.00890637956644
10
-121.14109669021303
20
70.596900955066928
10
-122.36892614654238
20
70.596900955066928
10
-122.36892614654238
20
72.00890637956644
0
LINE
5
519
100
AcDbEntity
8
0
100
AcDbLine
10
-103.30344114593203
20
65.801540389881382
30
0
11
-103.30344114593203
21
62.008906379566433
31
0
0
LINE
5
520
100
AcDbEntity
8
0
100
AcDbLine
10
-103.30344114593203
20
62.008906379566433
30
0
11
-104.53127298644716
21
62.008906379566433
31
0
0
LINE
5
521
100
AcDbEntity
8
0
100
AcDbLine
10
-104.53127298644716
20
62.008906379566433
30
0
11
-104.53127298644716
21
69.253107086048374
31
0
0
LINE
5
522
100
AcDbEntity
8
0
100
AcDbLine
10
-104.53127298644716
20
69.253107086048374
30
0
11
-103.42622432998354
21
69.253107086048374
31
0
0
LINE
5
523
100
AcDbEntity
8
0
100
AcDbLine
10
-103.42622432998354
20
69.253107086048374
30
0
11
-103.42622432998354
21
68.154881969318637
31
0
0
SPLINE
5
524
100
AcDbEntity
8
0
100
AcDbSpline
70
0
71
3
72
9
73
5
74
0
42
0.000000001
43
0.0000000001
44
0.0000000001
40
0
40
0
40
0
40
0
40
0.075787309658606972
40
0.1289051228451687
40
0.1289051228451687
40
0.1289051228451687
40
0.1289051228451687
10
-103.42622432998354
20
68.154881969318637
30
0
10
-103.30313032690839
20
68.378019006860896
30
0
10
-103.09376219312206
20
68.757548341854601
30
0
10
-102.77609126740637
20
69.050526134837341
30
0
10
-102.64518890670473
20
69.171253219471225
30
0
0
SPLINE
5
525
100
AcDbEntity
8
0
100
AcDbSpline
70
0
71
3
72
9
73
5
74
0
42
0.000000001
43
0.0000000001
44
0.0000000001
40
0
40
0
40
0
40
0
40
0.041870531735317795
40
0.083509084532095171
40
0.083509084532095171
40
0.083509084532095171
40
0.083509084532095171
10
-102.64518890670473
20
69.171253219471225
30
0
10
-102.52303172108527
20
69.242875987995234
30
0
10
-102.27939414789699
20
69.385724707206734
30
0
10
-101.99775722642399
20
69.406473840378965
30
0
10
-101.85732994369204
20
69.416819587574253
30
0
0
SPLINE
5
526
100
AcDbEntity
8
0
100
AcDbSpline
70
0
71
3
72
9
73
5
74
0
42
0.000000001
43
0.0000000001
44
0.0000000001
40
0
40
0
40
0
40
0
40
0.063362089119291545
40
0.13355129365016055
40
0.13355129365016055
40
0.13355129365016055
40
0.13355129365016055
10
-101.85732994369204
20
69.416819587574253
30
0
10
-101.64462894768366
20
69.397210229463042
30
0
10
-101.19630892584674
20
69.355878651230682
30
0
10
-100.80240830967938
20
69.136488224141445
30
0
10
-100.59538994125063
20
69.021185413227329
30
0
0
LINE
5
527
100
AcDbEntity
8
0
100
AcDbLine
10
-100.59538994125063
20
69.021185413227329
30
0
11
-101.01831589034731
21
67.882030979023227
31
0
0
SPLINE
5
528
100
AcDbEntity
8
0
100
AcDbSpline
70
0
71
3
72
9
73
5
74
0
42
0.000000001
43
0.0000000001
44
0.0000000001
40
0
40
0
40
0
40
0
40
0.04924331303888696
40
0.094752480001032036
40
0.094752480001032036
40
0.094752480001032036
40
0.094752480001032036
10
-101.01831589034731
20
67.882030979023227
30
0
10
-101.16518279125138
20
67.959587476681463
30
0
10
-101.4477795994665
20
68.108819322384264
30
0
10
-101.7659209468426
20
68.135328555009806
30
0
10
-101.91872272781069
20
68.148060813770542
30
0
0
SPLINE
5
529
100
AcDbEntity
8
0
100
AcDbSpline
70
0
71
3
72
9
73
5
74
0
42
0.000000001
43
0.0000000001
44
0.0000000001
40
0
40
0
40
0
40
0
40
0.038675698102915296
40
0.077316387638223183
40
0.077316387638223183
40
0.077316387638223183
40
0.077316387638223183
10
-101.91872272781069
20
68.148060813770542
30
0
10
-102.0494387153267
20
68.137989226548086
30
0
10
-102.31075236852587
20
68.117855168728326
30
0
10
-102.53146886059781
20
67.976532947086241
30
0
10
-102.64177713683779
20
67.905903831348667
30
0
0
SPLINE
5
530
100
AcDbEntity
8
0
100
AcDbSpline
70
0
71
3
72
9
73
5
74
0
42
0.000000001
43
0.0000000001
44
0.0000000001
40
0
40
0
40
0
40
0
40
0.039866219110229424
40
0.082276771793143355
40
0.082276771793143355
40
0.082276771793143355
40
0.082276771793143355
10
-102.64177713683779
20
67.905903831348667
30
0
10
-102.74161730314624
20
67.815273943118342
30
0
10
-102.94766961416269
20
67.628230004716585
30
0
10
-103.04739793271582
20
67.36809764037578
30
0
10
-103.09880409530336
20
67.23400928102518
30
0
0
SPLINE
5
531
100
AcDbEntity
8
0
100
AcDbSpline
70
0
71
3
72
9
73
5
74
0
42
0.000000001
43
0.0000000001
44
0.0000000001
40
0
40
0
40
0
40
0
40
0.070250696566392892
40
0.14511889997547497
40
0.14511889997547497
40
0.14511889997547497
40
0.14511889997547497
10
-103.09880409530336
20
67.23400928102518
30
0
10
-103.15847287711313
20
67.006733686578741
30
0
10
-103.28173240907981
20
66.537243903994622
30
0
10
-103.29605301225783
20
66.051922341804811
30
0
10
-103.30344114593203
20
65.801540389881382
30
0
0
SPLINE
5
532
100
AcDbEntity
8
0
100
AcDbSpline
70
0
71
3
72
9
73
5
74
0
42
0.000000001
43
0.0000000001
44
0.0000000001
40
0
40
0
40
0
40
0
40
0.019021263514755721
40
0.043253221614988006
40
0.043253221614988006
40
0.043253221614988006
40
0.043253221614988006
10
-104.347097018277
20
78.755155578480014
30
0
10
-104.28851658663581
20
78.729386497972868
30
0
10
-104.15530817016482
20
78.670789141959943
30
0
10
-104.00935541419223
20
78.668026115580943
30
0
10
-103.92758760741884
20
78.666478172168979
30
0
0
SPLINE
5
533
100
AcDbEntity
8
0
100
AcDbSpline
70
0
71
3
72
9
73
5
74
0
42
0.000000001
43
0.0000000001
44
0.0000000001
40
0
40
0
40
0
40
0
40
0.023733854390822172
40
0.054129835996898468
40
0.054129835996898468
40
0.054129835996898468
40
0.054129835996898468
10
-103.92758760741884
20
78.666478172168979
30
0
10
-103.84847604507881
20
78.669286258254715
30
0
10
-103.66804619055924
20
78.675690664247256
30
0
10
-103.48915887800527
20
78.700370160374206
30
0
10
-103.38870678237612
20
78.71422864519144
30
0
0
LINE
5
534
100
AcDbEntity
8
0
100
AcDbLine
10
-103.38870678237612
20
78.71422864519144
30
0
11
-103.21135196975405
21
77.629643455372104
31
0
0
SPLINE
5
535
100
AcDbEntity
8
0
100
AcDbSpline
70
0
71
3
72
9
73
5
74
0
42
0.000000001
43
0.0000000001
44
0.0000000001
40
0
40
0
40
0
40
0
40
0.049790743151936517
40
0.093532271817425322
40
0.093532271817425322
40
0.093532271817425322
40
0.093532271817425322
10
-103.21135196975405
20
77.629643455372104
30
0
10
-103.37454783617343
20
77.597851063169443
30
0
10
-103.68111245383415
20
77.538128824034544
30
0
10
-103.99312953449419
20
77.526119085713674
30
0
10
-104.13904819778139
20
77.520502582416782
30
0
0
SPLINE
5
536
100
AcDbEntity
8
0
100
AcDbSpline
70
0
71
3
72
9
73
5
74
0
42
0.000000001
43
0.0000000001
44
0.0000000001
40
0
40
0
40
0
40
0
40
0.059580237957698019
40
0.10666957165808925
40
0.10666957165808925
40
0.10666957165808925
40
0.10666957165808925
10
-104.13904819778139
20
77.520502582416782
30
0
10
-104.33988731681026
20
77.524365104390554
30
0
10
-104.69945994581198
20
77.531280376611448
30
0
10
-105.02997630769613
20
77.670503193374273
30
0
10
-105.17588291457827
20
77.731963172779331
30
0
0
SPLINE
5
537
100
AcDbEntity
8
0
100
AcDbSpline
70
0
71
3
72
9
73
5
74
0
42
0.000000001
43
0.0000000001
44
0.0000000001
40
0
40
0
40
0
40
0
40
0.039792078897004694
40
0.077039424994394645
40
0.077039424994394645
40
0.077039424994394645
40
0.077039424994394645
10
-105.17588291457827
20
77.731963172779331
30
0
10
-105.2886672855989
20
77.80597818824063
30
0
10
-105.50702338391368
20
77.949274904324483
30
0
10
-105.63326462522556
20
78.177536971762521
30
0
10
-105.6943002729767
20
78.28789807878519
30
0
0
SPLINE
5
538
100
AcDbEntity
8
0
100
AcDbSpline
70
0
71
3
72
9
73
5
74
0
42
0.000000001
43
0.0000000001
44
0.0000000001
40
0
40
0
40
0
40
0
40
0.054633676484991824
40
0.1462009563665537
40
0.1462009563665537
40
0.1462009563665537
40
0.1462009563665537
10
-105.6943002729767
20
78.28789807878519
30
0
10
-105.73743266026923
20
78.465402750751963
30
0
10
-105.85285590611782
20
78.940409275495028
30
0
10
-105.84763683888903
20
79.430481925029866
30
0
10
-105.8443680792206
20
79.737419858799228
30
0
0
LINE
5
539
100
AcDbEntity
8
0
100
AcDbLine
10
-105.8443680792206
20
79.737419858799214
30
0
11
-105.8443680792206
21
83.905223384723911
31
0
0
LINE
5
540
100
AcDbEntity
8
0
100
AcDbLine
10
-105.8443680792206
20
83.905223384723911
30
0
11
-106.74477730086977
21
83.905223384723911
31
0
0
LINE
5
541
100
AcDbEntity
8
0
100
AcDbLine
10
-106.74477730086977
20
83.905223384723911
30
0
11
-106.74477730086977
21
84.860203042850742
31
0
0
LINE
5
542
100
AcDbEntity
8
0
100
AcDbLine
10
-106.74477730086977
20
84.860203042850742
30
0
11
-105.8443680792206
21
84.860203042850742
31
0
0
LINE
5
543
100
AcDbEntity
8
0
100
AcDbLine
10
-105.8443680792206
20
84.860203042850742
30
0
11
-105.8443680792206
21
86.654200330600986
31
0
0
LINE
5
544
100
AcDbEntity
8
0
100
AcDbLine
10
-105.8443680792206
20
86.654200330600986
30
0
11
-104.62335739425356
21
87.390898242817173
31
0
0
LINE
5
545
100
AcDbEntity
8
0
100
AcDbLine
10
-104.62335739425356
20
87.390898242817173
30
0
11
-104.62335739425356
21
84.860203042850742
31
0
0
LINE
5
546
100
AcDbEntity
8
0
100
AcDbLine
10
-104.62335739425356
20
84.860203042850742
30
0
11
-103.38870678237612
21
84.860203042850742
31
0
0
LINE
5
547
100
AcDbEntity
8
0
100
AcDbLine
10
-103.38870678237612
20
84.860203042850742
30
0
11
-103.38870678237612
21
83.905223384723911
31
0
0
LINE
5
548
100
AcDbEntity
8
0
100
AcDbLine
10
-103.38870678237612
20
83.905223384723911
30
0
11
-104.62335739425356
21
83.905223384723911
31
0
0
LINE
5
549
100
AcDbEntity
8
0
100
AcDbLine
10
-104.62335739425356
20
83.905223384723911
30
0
11
-104.62335739425356
21
79.669207111225376
31
0
0
SPLINE
5
550
100
AcDbEntity
8
0
100
AcDbSpline
70
0
71
3
72
9
73
5
74
0
42
0.000000001
43
0.0000000001
44
0.0000000001
40
0
40
0
40
0
40
0
40
0.043174869914419212
40
0.068040636510859231
40
0.068040636510859231
40
0.068040636510859231
40
0.068040636510859231
10
-104.62335739425356
20
79.669207111225376
30
0
10
-104.62516853817789
20
79.524543703985714
30
0
10
-104.6280227768975
20
79.29656408695557
30
0
10
-104.57714774216319
20
79.074906562671359
30
0
10
-104.55855522445376
20
78.993900791034946
30
0
0
SPLINE
5
551
100
AcDbEntity
8
0
100
AcDbSpline
70
0
71
3
72
9
73
5
74
0
42
0.000000001
43
0.0000000001
44
0.0000000001
40
0
40
0
40
0
40
0
40
0.015943425271669715
40
0.032297672003287453
40
0.032297672003287453
40
0.032297672003287453
40
0.032297672003287453
10
-104.55855522445376
20
78.993900791034946
30
0
10
-104.53323973661989
20
78.946254554781476
30
0
10
-104.48195644531147
20
78.849734360125453
30
0
10
-104.3924297492598
20
78.786948049791036
30
0
10
-104.347097018277
20
78.755155578480014
30
0
0
SPLINE
5
552
100
AcDbEntity
8
0
100
AcDbSpline
70
0
71
3
72
9
73
5
74
0
42
0.000000001
43
0.0000000001
44
0.0000000001
40
0
40
0
40
0
40
0
40
0.13967913113481031
40
0.27043401498559755
40
0.27043401498559755
40
0.27043401498559755
40
0.27043401498559755
10
-118.66837892821962
20
77.452291026935825
30
0
10
-119.14556051397591
20
77.48729554294691
30
0
10
-120.0694360497474
20
77.55506809945264
30
0
10
-120.78262341868938
20
78.143315337984873
30
0
10
-121.12744961074526
20
78.427732959614048
30
0
0
SPLINE
5
553
100
AcDbEntity
8
0
100
AcDbSpline
70
0
71
3
72
9
73
5
74
0
42
0.000000001
43
0.0000000001
44
0.0000000001
40
0
40
0
40
0
40
0
40
0.13826365866514556
40
0.30195720466747034
40
0.30195720466747034
40
0.30195720466747034
40
0.30195720466747034
10
-121.12744961074526
20
78.427732959614048
30
0
10
-121.40050049814086
20
78.810915421466106
30
0
10
-121.9968226516695
20
79.647756469761163
30
0
10
-122.04127796954032
20
80.679036110880986
30
0
10
-122.06537757209475
20
81.23810149751688
30
0
0
SPLINE
5
554
100
AcDbEntity
8
0
100
AcDbSpline
70
0
71
3
72
9
73
5
74
0
42
0.000000001
43
0.0000000001
44
0.0000000001
40
0
40
0
40
0
40
0
40
0.17735542509543586
40
0.32620799206365392
40
0.32620799206365392
40
0.32620799206365392
40
0.32620799206365392
10
-122.06537757209475
20
81.23810149751688
30
0
10
-122.03739581229584
20
81.847840939896557
30
0
10
-121.98592925200599
20
82.969328365914976
30
0
10
-121.2723173514115
20
83.827437258337568
30
0
10
-120.94668779662783
20
84.219002500400791
30
0
0
SPLINE
5
555
100
AcDbEntity
8
0
100
AcDbSpline
70
0
71
3
72
9
73
5
74
0
42
0.000000001
43
0.0000000001
44
0.0000000001
40
0
40
0
40
0
40
0
40
0.11997773841550874
40
0.24574517149955138
40
0.24574517149955138
40
0.24574517149955138
40
0.24574517149955138
10
-120.94668779662783
20
84.219002500400791
30
0
10
-120.61307617353711
20
84.453732229577469
30
0
10
-119.92975402883434
20
84.934518901458205
30
0
10
-119.09538976608405
20
84.993651485718757
30
0
10
-118.66837892821962
20
85.023914352283725
30
0
0
SPLINE
5
556
100
AcDbEntity
8
0
100
AcDbSpline
70
0
71
3
72
9
73
5
74
0
42
0.000000001
43
0.0000000001
44
0.0000000001
40
0
40
0
40
0
40
0
40
0.13793177125123787
40
0.26890057225435982
40
0.26890057225435982
40
0.26890057225435982
40
0.26890057225435982
10
-118.66837892821962
20
85.023914352283725
30
0
10
-118.19750323253854
20
84.987521971318003
30
0
10
-117.27952224178708
20
84.916574342801312
30
0
10
-116.57130109782773
20
84.330506625529082
30
0
10
-116.22635994247133
20
84.045060649738559
30
0
0
SPLINE
5
557
100
AcDbEntity
8
0
100
AcDbSpline
70
0
71
3
72
9
73
5
74
0
42
0.000000001
43
0.0000000001
44
0.0000000001
40
0
40
0
40
0
40
0
40
0.1365388456975429
40
0.29225871689040955
40
0.29225871689040955
40
0.29225871689040955
40
0.29225871689040955
10
-116.22635994247133
20
84.045060649738559
30
0
10
-115.95013302672425
20
83.670849683478423
30
0
10
-115.3588747400849
20
82.869858461626649
30
0
10
-115.30624315404876
20
81.87206218480415
30
0
10
-115.2782002477997
20
81.340421214924106
30
0
0
SPLINE
5
558
100
AcDbEntity
8
0
100
AcDbSpline
70
0
71
3
72
9
73
5
74
0
42
0.000000001
43
0.0000000001
44
0.0000000001
40
0
40
0
40
0
40
0
40
0.1253541489692841
40
0.2254968104638076
40
0.2254968104638076
40
0.2254968104638076
40
0.2254968104638076
10
-115.2782002477997
20
81.340421214924106
30
0
10
-115.28638696879557
20
80.918565152921204
30
0
10
-115.30111388041284
20
80.159697598566964
30
0
10
-115.57574607564348
20
79.45397011684031
30
0
10
-115.69770965865786
20
79.140558019504795
30
0
0
SPLINE
5
559
100
AcDbEntity
8
0
100
AcDbSpline
70
0
71
3
72
9
73
5
74
0
42
0.000000001
43
0.0000000001
44
0.0000000001
40
0
40
0
40
0
40
0
40
0.087871306990111975
40
0.17632673740414534
40
0.17632673740414534
40
0.17632673740414534
40
0.17632673740414534
10
-115.69770965865786
20
79.140558019504795
30
0
10
-115.85390270650329
20
78.888069793754653
30
0
10
-116.16732709354345
20
78.381414929903656
30
0
10
-116.66770338922109
20
78.057944360604182
30
0
10
-116.9187203436249
20
77.895673290119419
30
0
0
SPLINE
5
560
100
AcDbEntity
8
0
100
AcDbSpline
70
0
71
3
72
9
73
5
74
0
42
0.000000001
43
0.0000000001
44
0.0000000001
40
0
40
0
40
0
40
0
40
0.090171930244320339
40
0.18199301302397469
40
0.18199301302397469
40
0.18199301302397469
40
0.18199301302397469
10
-116.9187203436249
20
77.895673290119419
30
0
10
-117.19340416818116
20
77.766356470067961
30
0
10
-117.74779550398257
20
77.505357757363484
30
0
10
-118.35966959550846
20
77.470086475461372
30
0
10
-118.66837892821962
20
77.452291026935825
30
0
0
LWPOLYLINE
5
561
100
AcDbEntity
8
0
100
AcDbPolyline
90
10
70
1
43
0.0
10
-133.24545953563387
20
82.158975377903232
10
-133.24545953563387
20
77.616001144275913
10
-134.56878814986879
20
77.616001144275913
10
-134.56878814986879
20
87.616001144275913
10
-127.82253895095522
20
87.616001144275913
10
-127.82253895095522
20
86.435919776783237
10
-133.24545953563387
20
86.435919776783237
10
-133.24545953563387
20
83.339057937488803
10
-128.55241689971621
20
83.339057937488803
10
-128.55241689971621
20
82.158975377903232
0
LINE
5
562
100
AcDbEntity
8
0
100
AcDbLine
10
-197.57965266704559
20
-36.168034076690674
30
0
11
-197.57965266704559
21
-48.364489078521729
31
0
0
LINE
5
563
100
AcDbEntity
8
0
100
AcDbLine
10
-197.57965266704559
20
-48.364489078521729
30
0
11
-201.54963910579681
21
-48.364489078521729
31
0
0
LINE
5
564
100
AcDbEntity
8
0
100
AcDbLine
10
-201.54963910579681
20
-48.364489078521729
30
0
11
-201.54963910579681
21
-18.364489078521729
31
0
0
LINE
5
565
100
AcDbEntity
8
0
100
AcDbLine
10
-201.54963910579681
20
-18.364489078521729
30
0
11
-190.23312985897064
21
-18.364489078521729
31
0
0
SPLINE
5
566
100
AcDbEntity
8
0
100
AcDbSpline
70
0
71
3
72
9
73
5
74
0
42
0.000000001
43
0.0000000001
44
0.0000000001
40
0
40
0
40
0
40
0
40
0.26356940765807529
40
0.45763443805008475
40
0.45763443805008475
40
0.45763443805008475
40
0.45763443805008475
10
-190.23312985897064
20
-18.364489078521729
30
0
10
-189.35342743075338
20
-18.367225011167676
30
0
10
-187.82600385771573
20
-18.371975399348528
30
0
10
-186.31180431334283
20
-18.567898840974237
30
0
10
-185.66969096660614
20
-18.65098237991333
30
0
0
SPLINE
5
567
100
AcDbEntity
8
0
100
AcDbSpline
70
0
71
3
72
9
73
5
74
0
42
0.000000001
43
0.0000000001
44
0.0000000001
40
0
40
0
40
0
40
0
40
0.21002187127224978
40
0.39845293317770281
40
0.39845293317770281
40
0.39845293317770281
40
0.39845293317770281
10
-185.66969096660614
20
-18.65098237991333
30
0
10
-184.97805868222878
20
-18.791245439037549
30
0
10
-183.6658957597619
20
-19.057352140144328
30
0
10
-182.51160581277196
20
-19.733160552559958
30
0
10
-181.96573436260223
20
-20.052754878997803
30
0
0
SPLINE
5
568
100
AcDbEntity
8
0
100
AcDbSpline
70
0
71
3
72
9
73
5
74
0
42
0.000000001
43
0.0000000001
44
0.0000000001
40
0
40
0
40
0
40
0
40
0.1832045358429048
40
0.37955010123632016
40
0.37955010123632016
40
0.37955010123632016
40
0.37955010123632016
10
-181.96573436260223
20
-20.052754878997803
30
0
10
-181.48723546856286
20
-20.441868758797391
30
0
10
-180.49591556025092
20
-21.248007164655593
30
0
10
-179.87990313023232
20
-22.368663318724664
30
0
10
-179.56123292446136
20
-22.948391437530518
30
0
0
SPLINE
5
569
100
AcDbEntity
8
0
100
AcDbSpline
70
0
71
3
72
9
73
5
74
0
42
0.000000001
43
0.0000000001
44
0.0000000001
40
0
40
0
40
0
40
0
40
0.20702038098928655
40
0.42207593902829377
40
0.42207593902829377
40
0.42207593902829377
40
0.42207593902829377
10
-179.56123292446136
20
-22.948391437530518
30
0
10
-179.29565606055419
20
-23.591300091477869
30
0
10
-178.75419437604683
20
-24.902070907991263
30
0
10
-178.68556242160636
20
-26.319138638705812
30
0
10
-178.65059316158295
20
-27.041161060333252
30
0
0
SPLINE
5
570
100
AcDbEntity
8
0
100
AcDbSpline
70
0
71
3
72
9
73
5
74
0
42
0.000000001
43
0.0000000001
44
0.0000000001
40
0
40
0
40
0
40
0
40
0.35846384575066298
40
0.70493582946732025
40
0.70493582946732025
40
0.70493582946732025
40
0.70493582946732025
10
-178.65059316158295
20
-27.041161060333252
30
0
10
-178.74497620626028
20
-28.259906157287595
30
0
10
-178.9305848545967
20
-30.656625090076002
30
0
10
-180.375582701236
20
-32.575062648160568
30
0
10
-181.08579099178314
20
-33.517963886260986
30
0
0
SPLINE
5
571
100
AcDbEntity
8
0
100
AcDbSpline
70
0
71
3
72
9
73
5
74
0
42
0.000000001
43
0.0000000001
44
0.0000000001
40
0
40
0
40
0
40
0
40
0.39534062443279938
40
0.93760200286255135
40
0.93760200286255135
40
0.93760200286255135
40
0.93760200286255135
10
-181.08579099178314
20
-33.517963886260986
30
0
10
-182.18936334050679
20
-34.286213050729501
30
0
10
-184.80662951686173
20
-36.108216434107092
30
0
10
-188.0243041745014
20
-36.146115298422444
30
0
10
-189.88524377346039
20
-36.168034076690674
30
0
0
LINE
5
572
100
AcDbEntity
8
0
100
AcDbLine
10
-189.88524377346042
20
-36.168034076690674
30
0
11
-197.57965266704559
21
-36.168034076690674
31
0
0
SPLINE
5
573
100
AcDbEntity
8
0
100
AcDbSpline
70
0
71
3
72
9
73
5
74
0
42
0.000000001
43
0.0000000001
44
0.0000000001
40
0
40
0
40
0
40
0
40
0.22292460833356731
40
0.48746102982833872
40
0.48746102982833872
40
0.48746102982833872
40
0.48746102982833872
10
-127.21471011638641
20
-47.863123416900635
30
0
10
-127.94490091033506
20
-48.009074556333893
30
0
10
-129.54158222358325
20
-48.328220536961979
30
0
10
-131.17044965045969
20
-48.351730590869728
30
0
10
-132.05440700054169
20
-48.364489078521729
30
0
0
LINE
5
574
100
AcDbEntity
8
0
100
AcDbLine
10
-132.05440700054169
20
-48.364489078521721
30
0
11
-143.49370181560516
21
-48.364489078521729
31
0
0
LINE
5
575
100
AcDbEntity
8
0
100
AcDbLine
10
-143.49370181560516
20
-48.364489078521729
30
0
11
-143.49370181560516
21
-18.364489078521729
31
0
0
LINE
5
576
100
AcDbEntity
8
0
100
AcDbLine
10
-143.49370181560516
20
-18.364489078521729
30
0
11
-132.23858058452606
21
-18.364489078521721
31
0
0
SPLINE
5
577
100
AcDbEntity
8
0
100
AcDbSpline
70
0
71
3
72
9
73
5
74
0
42
0.000000001
43
0.0000000001
44
0.0000000001
40
0
40
0
40
0
40
0
40
0.31060600280798323
40
0.56179901356002859
40
0.56179901356002859
40
0.56179901356002859
40
0.56179901356002859
10
-132.23858058452606
20
-18.364489078521721
30
0
10
-131.19599923101833
20
-18.383532420040396
30
0
10
-129.31026241118357
20
-18.417976475800309
30
0
10
-127.5227945697398
20
-19.010291454378489
30
0
10
-126.72357738018036
20
-19.275128841400139
30
0
0
SPLINE
5
578
100
AcDbEntity
8
0
100
AcDbSpline
70
0
71
3
72
9
73
5
74
0
42
0.000000001
43
0.0000000001
44
0.0000000001
40
0
40
0
40
0
40
0
40
0.21832627529468643
40
0.43462916072354474
40
0.43462916072354474
40
0.43462916072354474
40
0.43462916072354474
10
-126.72357738018036
20
-19.275128841400139
30
0
10
-126.06965688634831
20
-19.618122079732274
30
0
10
-124.76787625994166
20
-20.300929786266586
30
0
10
-123.90116801562382
20
-21.487937681958009
30
0
10
-123.46983134746552
20
-22.078678607940674
30
0
0
SPLINE
5
579
100
AcDbEntity
8
0
100
AcDbSpline
70
0
71
3
72
9
73
5
74
0
42
0.000000001
43
0.0000000001
44
0.0000000001
40
0
40
0
40
0
40
0
40
0.21280095060501303
40
0.41726450483749566
40
0.41726450483749566
40
0.41726450483749566
40
0.41726450483749566
10
-123.46983134746552
20
-22.078678607940674
30
0
10
-123.12667251795094
20
-22.709735607896118
30
0
10
-122.45379958824402
20
-23.947125224164321
30
0
10
-122.34598164227469
20
-25.350676389855842
30
0
10
-122.29314982891083
20
-26.038429737091064
30
0
0
SPLINE
5
580
100
AcDbEntity
8
0
100
AcDbSpline
70
0
71
3
72
9
73
5
74
0
42
0.000000001
43
0.0000000001
44
0.0000000001
40
0
40
0
40
0
40
0
40
0.18854633186436345
40
0.38069069134746664
40
0.38069069134746664
40
0.38069069134746664
40
0.38069069134746664
10
-122.29314982891083
20
-26.038429737091064
30
0
10
-122.3382566975761
20
-26.67287306519615
30
0
10
-122.42933120879525
20
-27.953866796598277
30
0
10
-123.03241898131563
20
-29.088070675854869
30
0
10
-123.33681285381317
20
-29.660532474517822
30
0
0
SPLINE
5
581
100
AcDbEntity
8
0
100
AcDbSpline
70
0
71
3
72
9
73
5
74
0
42
0.000000001
43
0.0000000001
44
0.0000000001
40
0
40
0
40
0
40
0
40
0.20176377746177956
40
0.42198598977259649
40
0.42198598977259649
40
0.42198598977259649
40
0.42198598977259649
10
-123.33681285381317
20
-29.660532474517822
30
0
10
-123.74327469979603
20
-30.206287991553395
30
0
10
-124.5933837061778
20
-31.347727673776529
30
0
10
-125.83847288408613
20
-32.040928244551154
30
0
10
-126.48824870586395
20
-32.402689456939697
30
0
0
SPLINE
5
582
100
AcDbEntity
8
0
100
AcDbSpline
70
0
71
3
72
9
73
5
74
0
42
0.000000001
43
0.0000000001
44
0.0000000001
40
0
40
0
40
0
40
0
40
0.26380298797131385
40
0.5058247721248097
40
0.5058247721248097
40
0.5058247721248097
40
0.5058247721248097
10
-126.48824870586395
20
-32.402689456939697
30
0
10
-125.64510354662957
20
-32.700747799732852
30
0
10
-124.02842849939987
20
-33.272254947861271
30
0
10
-122.86165700107492
20
-34.524986570777102
30
0
10
-122.30339229106903
20
-35.124380588531494
30
0
0
SPLINE
5
583
100
AcDbEntity
8
0
100
AcDbSpline
70
0
71
3
72
9
73
5
74
0
42
0.000000001
43
0.0000000001
44
0.0000000001
40
0
40
0
40
0
40
0
40
0.23672564822431844
40
0.48398937121825214
40
0.48398937121825214
40
0.48398937121825214
40
0.48398937121825214
10
-122.30339229106903
20
-35.124380588531494
30
0
10
-121.87669232303836
20
-35.803696880244402
30
0
10
-121.00429741874679
20
-37.19256989569768
30
0
10
-120.89570528337498
20
-38.830536119783012
30
0
10
-120.84022700786591
20
-39.667351245880127
30
0
0
SPLINE
5
584
100
AcDbEntity
8
0
100
AcDbSpline
70
0
71
3
72
9
73
5
74
0
42
0.000000001
43
0.0000000001
44
0.0000000001
40
0
40
0
40
0
40
0
40
0.20457362628064335
40
0.40456942593070627
40
0.40456942593070627
40
0.40456942593070627
40
0.40456942593070627
10
-120.84022700786591
20
-39.667351245880127
30
0
10
-120.87560861214658
20
-40.35408337154378
30
0
10
-120.94558007226385
20
-41.712180340831409
30
0
10
-121.47077169298599
20
-42.966243623385182
30
0
10
-121.73039615154266
20
-43.586180210113525
30
0
0
SPLINE
5
585
100
AcDbEntity
8
0
100
AcDbSpline
70
0
71
3
72
9
73
5
74
0
42
0.000000001
43
0.0000000001
44
0.0000000001
40
0
40
0
40
0
40
0
40
0.18874511919215045
40
0.35804945628203383
40
0.35804945628203383
40
0.35804945628203383
40
0.35804945628203383
10
-121.73039615154266
20
-43.586180210113525
30
0
10
-122.03149695145396
20
-44.145204965869866
30
0
10
-122.60268511332936
20
-45.205674824393668
30
0
10
-123.50405222709927
20
-46.002643971223129
30
0
10
-123.93026530742645
20
-46.379492282867432
30
0
0
SPLINE
5
586
100
AcDbEntity
8
0
100
AcDbSpline
70
0
71
3
72
9
73
5
74
0
42
0.000000001
43
0.0000000001
44
0.0000000001
40
0
40
0
40
0
40
0
40
0.17092578662983249
40
0.36215883210569211
40
0.36215883210569211
40
0.36215883210569211
40
0.36215883210569211
10
-123.93026530742645
20
-46.379492282867432
30
0
10
-124.41119888888066
20
-46.6909475403572
30
0
10
-125.43020454984077
20
-47.350861263907603
30
0
10
-126.59804686565258
20
-47.686103378176924
30
0
10
-127.21471011638641
20
-47.863123416900635
30
0
0
LINE
5
587
100
AcDbEntity
8
0
100
AcDbLine
10
-143.55508983135223
20
20.189397335052494
30
0
11
-151.78155601024628
21
-1.5432095527648881
31
0
0
LINE
5
588
100
AcDbEntity
8
0
100
AcDbLine
10
-151.78155601024628
20
-1.5432095527648881
30
0
11
-155.21948516368866
21
-1.5432095527648837
31
0
0
LINE
5
589
100
AcDbEntity
8
0
100
AcDbLine
10
-155.21948516368866
20
-1.5432095527648837
30
0
11
-163.48687827587128
21
20.189397335052497
31
0
0
LINE
5
590
100
AcDbEntity
8
0
100
AcDbLine
10
-163.48687827587128
20
20.189397335052497
30
0
11
-159.598748087883
21
20.189397335052494
31
0
0
LINE
5
591
100
AcDbEntity
8
0
100
AcDbLine
10
-159.598748087883
20
20.189397335052494
30
0
11
-154.93299186229706
21
7.1743893623352095
31
0
0
SPLINE
5
592
100
AcDbEntity
8
0
100
AcDbSpline
70
0
71
3
72
9
73
5
74
0
42
0.000000001
43
0.0000000001
44
0.0000000001
40
0
40
0
40
0
40
0
40
0.22681896440111599
40
0.45957892054307714
40
0.45957892054307714
40
0.45957892054307714
40
0.45957892054307714
10
-154.93299186229706
20
7.174389362335214
30
0
10
-154.68439059110631
20
6.4602044099396938
30
0
10
-154.18067652045457
20
5.0131281023801399
30
0
10
-153.75635227147163
20
3.5408045843155111
30
0
10
-153.54144752025604
20
2.795126438140878
30
0
0
SPLINE
5
593
100
AcDbEntity
8
0
100
AcDbSpline
70
0
71
3
72
9
73
5
74
0
42
0.000000001
43
0.0000000001
44
0.0000000001
40
0
40
0
40
0
40
0
40
0.198222840964036
40
0.43557977819486793
40
0.43557977819486793
40
0.43557977819486793
40
0.43557977819486793
10
-153.54144752025604
20
2.795126438140878
30
0
10
-153.35029225457481
20
3.4277303376779766
30
0
10
-152.93024294128034
20
4.8178298080794235
30
0
10
-152.43839028625305
20
6.1842375589384613
30
0
10
-152.1703690290451
20
6.9288229942321866
30
0
0
LINE
5
594
100
AcDbEntity
8
0
100
AcDbLine
10
-152.1703690290451
20
6.9288229942321866
30
0
11
-147.34090030193329
21
20.189397335052497
31
0
0
LINE
5
595
100
AcDbEntity
8
0
100
AcDbLine
10
-147.34090030193329
20
20.189397335052497
30
0
11
-143.55508983135223
21
20.189397335052494
31
0
0
LINE
5
596
100
AcDbEntity
8
0
100
AcDbLine
10
-210.32862842082977
20
11.778757572174072
30
0
11
-210.32862842082977
21
-1.5432095527648926
31
0
0
LINE
5
597
100
AcDbEntity
8
0
100
AcDbLine
10
-210.32862842082977
20
-1.5432095527648926
30
0
11
-214.29861545562744
21
-1.5432095527648926
31
0
0
LINE
5
598
100
AcDbEntity
8
0
100
AcDbLine
10
-214.29861545562744
20
-1.5432095527648926
30
0
11
-214.29861545562744
21
28.456792831420898
31
0
0
LINE
5
599
100
AcDbEntity
8
0
100
AcDbLine
10
-214.29861545562744
20
28.456792831420898
30
0
11
-200.99711358547211
21
28.456792831420898
31
0
0
SPLINE
5
600
100
AcDbEntity
8
0
100
AcDbSpline
70
0
71
3
72
9
73
5
74
0
42
0.000000001
43
0.0000000001
44
0.0000000001
40
0
40
0
40
0
40
0
40
0.35357930589038172
40
0.61745903728782303
40
0.61745903728782303
40
0.61745903728782303
40
0.61745903728782303
10
-200.99711358547211
20
28.456792831420898
30
0
10
-199.81196767123492
20
28.44767306351023
30
0
10
-197.7423356450966
20
28.431747122651707
30
0
10
-195.75023715742131
20
27.882989587872196
30
0
10
-194.89888608455658
20
27.648470401763916
30
0
0
SPLINE
5
601
100
AcDbEntity
8
0
100
AcDbSpline
70
0
71
3
72
9
73
5
74
0
42
0.000000001
43
0.0000000001
44
0.0000000001
40
0
40
0
40
0
40
0
40
0.21851282410654621
40
0.44528634784391397
40
0.44528634784391397
40
0.44528634784391397
40
0.44528634784391397
10
-194.89888608455658
20
27.648470401763916
30
0
10
-194.23437883461446
20
27.321312347470599
30
0
10
-192.88024317849272
20
26.65462829467122
30
0
10
-192.00766295236136
20
25.42167588317848
30
0
10
-191.56327903270721
20
24.793763160705566
30
0
0
SPLINE
5
602
100
AcDbEntity
8
0
100
AcDbSpline
70
0
71
3
72
9
73
5
74
0
42
0.000000001
43
0.0000000001
44
0.0000000001
40
0
40
0
40
0
40
0
40
0.23485009346100266
40
0.47376588001252096
40
0.47376588001252096
40
0.47376588001252096
40
0.47376588001252096
10
-191.56327903270721
20
24.793763160705566
30
0
10
-191.19920020079951
20
24.090244579193197
30
0
10
-190.46473965343208
20
22.671028197528397
30
0
10
-190.36518714311811
20
21.075741852881364
30
0
10
-190.31498372554779
20
20.271253585815433
30
0
0
SPLINE
5
603
100
AcDbEntity
8
0
100
AcDbSpline
70
0
71
3
72
9
73
5
74
0
42
0.000000001
43
0.0000000001
44
0.0000000001
40
0
40
0
40
0
40
0
40
0.29867137302739794
40
0.58777436964404639
40
0.58777436964404639
40
0.58777436964404639
40
0.58777436964404639
10
-190.31498372554779
20
20.271253585815433
30
0
10
-190.3953558051125
20
19.255074092323419
30
0
10
-190.55352512654525
20
17.255269908955349
30
0
10
-191.77904646341756
20
15.669325255988928
30
0
10
-192.38183200359344
20
14.889261722564697
30
0
0
SPLINE
5
604
100
AcDbEntity
8
0
100
AcDbSpline
70
0
71
3
72
9
73
5
74
0
42
0.000000001
43
0.0000000001
44
0.0000000001
40
0
40
0
40
0
40
0
40
0.31813563174581366
40
0.70654202610855443
40
0.70654202610855443
40
0.70654202610855443
40
0.70654202610855443
10
-192.38183200359344
20
14.889261722564697
30
0
10
-193.22488754817505
20
14.219031871067624
30
0
10
-195.0972153013476
20
12.730529766991658
30
0
10
-197.46494586381056
20
12.327651521155687
30
0
10
-198.76655519008636
20
12.106177806854248
30
0
0
SPLINE
5
605
100
AcDbEntity
8
0
100
AcDbSpline
70
0
71
3
72
9
73
5
74
0
42
0.000000001
43
0.0000000001
44
0.0000000001
40
0
40
0
40
0
40
0
40
0.15772631992035693
40
0.28286775524651669
40
0.28286775524651669
40
0.28286775524651669
40
0.28286775524651669
10
-198.76655519008636
20
12.106177806854248
30
0
10
-198.29361764507368
20
11.872494662830508
30
0
10
-197.44544733464554
20
11.453405277987674
30
0
10
-196.70143659280836
20
10.870286861271232
30
0
10
-196.37228429317474
20
10.612313747406006
30
0
0
SPLINE
5
606
100
AcDbEntity
8
0
100
AcDbSpline
70
0
71
3
72
9
73
5
74
0
42
0.000000001
43
0.0000000001
44
0.0000000001
40
0
40
0
40
0
40
0
40
0.24682174067622428
40
0.51850290747827898
40
0.51850290747827898
40
0.51850290747827898
40
0.51850290747827898
10
-196.37228429317474
20
10.612313747406006
30
0
10
-195.78889181751555
20
10.029472920893125
30
0
10
-194.56334866235625
20
8.8050886251012983
30
0
10
-193.58843299176922
20
7.3725004034996378
30
0
10
-193.07760417461395
20
6.621863842010498
30
0
0
LINE
5
607
100
AcDbEntity
8
0
100
AcDbLine
10
-193.07760417461398
20
6.6218638420104972
30
0
11
-187.85932242870331
21
-1.5432095527648926
31
0
0
LINE
5
608
100
AcDbEntity
8
0
100
AcDbLine
10
-187.85932242870331
20
-1.5432095527648926
30
0
11
-192.85250127315521
21
-1.5432095527648928
31
0
0
LINE
5
609
100
AcDbEntity
8
0
100
AcDbLine
10
-192.85250127315521
20
-1.5432095527648928
30
0
11
-196.82248771190643
21
4.6982645988464355
31
0
0
SPLINE
5
610
100
AcDbEntity
8
0
100
AcDbSpline
70
0
71
3
72
9
73
5
74
0
42
0.000000001
43
0.0000000001
44
0.0000000001
40
0
40
0
40
0
40
0
40
0.2863366827761486
40
0.50306519795854188
40
0.50306519795854188
40
0.50306519795854188
40
0.50306519795854188
10
-196.82248771190643
20
4.6982645988464355
30
0
10
-197.34128788160245
20
5.4998148912970812
30
0
10
-198.25276840704072
20
6.9080593838850035
30
0
10
-199.25545464585616
20
8.2526779984100962
30
0
10
-199.68742787837982
20
8.8319611549377441
30
0
0
SPLINE
5
611
100
AcDbEntity
8
0
100
AcDbSpline
70
0
71
3
72
9
73
5
74
0
42
0.000000001
43
0.0000000001
44
0.0000000001
40
0
40
0
40
0
40
0
40
0.16187497336786641
40
0.28521762918897831
40
0.28521762918897831
40
0.28521762918897831
40
0.28521762918897831
10
-199.68742787837982
20
8.8319611549377441
30
0
10
-200.02607431111494
20
9.2551956271218394
30
0
10
-200.62275661887668
20
10.0009188864738
30
0
10
-201.37696019072894
20
10.584883107609393
30
0
10
-201.70311629772186
20
10.837419033050537
30
0
0
SPLINE
5
612
100
AcDbEntity
8
0
100
AcDbSpline
70
0
71
3
72
9
73
5
74
0
42
0.000000001
43
0.0000000001
44
0.0000000001
40
0
40
0
40
0
40
0
40
0.10209556109473351
40
0.19860068755639948
40
0.19860068755639948
40
0.19860068755639948
40
0.19860068755639948
10
-201.70311629772186
20
10.837419033050537
30
0
10
-201.99655296456584
20
11.012778612266327
30
0
10
-202.56735862119376
20
11.353895626840007
30
0
10
-203.2045433814983
20
11.54341744743733
30
0
10
-203.51416766643524
20
11.635510921478271
30
0
0
SPLINE
5
613
100
AcDbEntity
8
0
100
AcDbSpline
70
0
71
3
72
9
73
5
74
0
42
0.000000001
43
0.0000000001
44
0.0000000001
40
0
40
0
40
0
40
0
40
0.089663614201902622
40
0.2217040468823222
40
0.2217040468823222
40
0.2217040468823222
40
0.2217040468823222
10
-203.51416766643524
20
11.635510921478271
30
0
10
-203.81047990459285
20
11.676925585029716
30
0
10
-204.54314747465509
20
11.779328310944273
30
0
10
-205.2833936613298
20
11.778970608980348
30
0
10
-205.7242625951767
20
11.778757572174072
30
0
0
LINE
5
614
100
AcDbEntity
8
0
100
AcDbLine
10
-205.7242625951767
20
11.778757572174072
30
0
11
-210.32862842082977
21
11.778757572174072
31
0
0
LINE
5
615
100
AcDbEntity
8
0
100
AcDbLine
10
-153.20111949053441
20
-111.66898256052147
30
0
11
-155.94327408877049
21
-118.9131832670034
31
0
0
LINE
5
616
100
AcDbEntity
8
0
100
AcDbLine
10
-155.94327408877049
20
-118.9131832670034
30
0
11
-157.08924967852269
21
-118.9131832670034
31
0
0
LINE
5
617
100
AcDbEntity
8
0
100
AcDbLine
10
-157.08924967852269
20
-118.9131832670034
30
0
11
-159.84504897204076
21
-111.66898256052147
31
0
0
LINE
5
618
100
AcDbEntity
8
0
100
AcDbLine
10
-159.84504897204076
20
-111.66898256052147
30
0
11
-158.54900557604466
21
-111.66898256052147
31
0
0
LINE
5
619
100
AcDbEntity
8
0
100
AcDbLine
10
-158.54900557604466
20
-111.66898256052147
30
0
11
-156.99375111666356
21
-116.00731616724144
31
0
0
SPLINE
5
620
100
AcDbEntity
8
0
100
AcDbSpline
70
0
71
3
72
9
73
5
74
0
42
0.000000001
43
0.0000000001
44
0.0000000001
40
0
40
0
40
0
40
0
40
0.07560637129951249
40
0.15319305409008788
40
0.15319305409008788
40
0.15319305409008788
40
0.15319305409008788
10
-156.99375111666356
20
-116.00731616724144
30
0
10
-156.91088423352699
20
-116.24537806886109
30
0
10
-156.74297998561207
20
-116.72773728204348
30
0
10
-156.60153971456933
20
-117.21851240333788
30
0
10
-156.52990538683568
20
-117.46707206476341
30
0
0
SPLINE
5
621
100
AcDbEntity
8
0
100
AcDbSpline
70
0
71
3
72
9
73
5
74
0
42
0.000000001
43
0.0000000001
44
0.0000000001
40
0
40
0
40
0
40
0
40
0.066074479280675114
40
0.14519335712238821
40
0.14519335712238821
40
0.14519335712238821
40
0.14519335712238821
10
-156.52990538683568
20
-117.46707206476341
30
0
10
-156.46618633900238
20
-117.25620359926222
30
0
10
-156.32616885315497
20
-116.79283709602714
30
0
10
-156.16221842438162
20
-116.33736734910531
30
0
10
-156.0728784283701
20
-116.08917241800438
30
0
0
LINE
5
622
100
AcDbEntity
8
0
100
AcDbLine
10
-156.07287842837013
20
-116.08917241800438
30
0
11
-154.46305472460423
21
-111.66898256052147
31
0
0
LINE
5
623
100
AcDbEntity
8
0
100
AcDbLine
10
-154.46305472460423
20
-111.66898256052147
30
0
11
-153.20111949053441
21
-111.66898256052147
31
0
0
LWPOLYLINE
5
624
100
AcDbEntity
8
0
100
AcDbPolyline
90
4
70
1
43
0.0
10
-160.97056109514867
20
-108.9131832670034
10
-160.97056109514867
20
-110.32518869150292
10
-162.19839055147801
20
-110.32518869150292
10
-162.19839055147801
20
-108.9131832670034
0
LINE
5
625
100
AcDbEntity
8
0
100
AcDbLine
10
-143.13290555086766
20
-115.12054925668846
30
0
11
-143.13290555086766
21
-118.9131832670034
31
0
0
LINE
5
626
100
AcDbEntity
8
0
100
AcDbLine
10
-143.13290555086766
20
-118.9131832670034
30
0
11
-144.3607373913828
21
-118.9131832670034
31
0
0
LINE
5
627
100
AcDbEntity
8
0
100
AcDbLine
10
-144.3607373913828
20
-118.9131832670034
30
0
11
-144.3607373913828
21
-111.66898256052147
31
0
0
LINE
5
628
100
AcDbEntity
8
0
100
AcDbLine
10
-144.3607373913828
20
-111.66898256052147
30
0
11
-143.25568873491918
21
-111.66898256052147
31
0
0
LINE
5
629
100
AcDbEntity
8
0
100
AcDbLine
10
-143.25568873491918
20
-111.66898256052147
30
0
11
-143.25568873491918
21
-112.76720767725121
31
0
0
SPLINE
5
630
100
AcDbEntity
8
0
100
AcDbSpline
70
0
71
3
72
9
73
5
74
0
42
0.000000001
43
0.0000000001
44
0.0000000001
40
0
40
0
40
0
40
0
40
0.075787309658606972
40
0.1289051228451687
40
0.1289051228451687
40
0.1289051228451687
40
0.1289051228451687
10
-143.25568873491918
20
-112.76720767725121
30
0
10
-143.13259473184402
20
-112.54407063970893
30
0
10
-142.92322659805768
20
-112.16454130471521
30
0
10
-142.60555567234201
20
-111.87156351173249
30
0
10
-142.47465331164037
20
-111.75083642709862
30
0
0
SPLINE
5
631
100
AcDbEntity
8
0
100
AcDbSpline
70
0
71
3
72
9
73
5
74
0
42
0.000000001
43
0.0000000001
44
0.0000000001
40
0
40
0
40
0
40
0
40
0.041870531735317795
40
0.083509084532095171
40
0.083509084532095171
40
0.083509084532095171
40
0.083509084532095171
10
-142.47465331164037
20
-111.75083642709862
30
0
10
-142.35249612602092
20
-111.6792136585746
30
0
10
-142.10885855283263
20
-111.5363649393631
30
0
10
-141.82722163135961
20
-111.51561580619088
30
0
10
-141.68679434862767
20
-111.50527005899559
30
0
0
SPLINE
5
632
100
AcDbEntity
8
0
100
AcDbSpline
70
0
71
3
72
9
73
5
74
0
42
0.000000001
43
0.0000000001
44
0.0000000001
40
0
40
0
40
0
40
0
40
0.063362089119291545
40
0.13355086151895079
40
0.13355086151895079
40
0.13355086151895079
40
0.13355086151895079
10
-141.68679434862767
20
-111.50527005899559
30
0
10
-141.47409327857488
20
-111.52487924347278
30
0
10
-141.02577455129821
20
-111.56621032199331
30
0
10
-140.63187586436538
20
-111.78560141122874
30
0
10
-140.42485911455785
20
-111.90090423334252
30
0
0
LINE
5
633
100
AcDbEntity
8
0
100
AcDbLine
10
-140.42485911455782
20
-111.90090423334249
30
0
11
-140.84777552691136
21
-113.04005866754662
31
0
0
SPLINE
5
634
100
AcDbEntity
8
0
100
AcDbSpline
70
0
71
3
72
9
73
5
74
0
42
0.000000001
43
0.0000000001
44
0.0000000001
40
0
40
0
40
0
40
0
40
0.049243748981871546
40
0.094752915944016636
40
0.094752915944016636
40
0.094752915944016636
40
0.094752915944016636
10
-140.84777552691136
20
-113.04005866754662
30
0
10
-140.99464404314151
20
-112.96250217809208
30
0
10
-141.27724275792053
20
-112.81327098269909
30
0
10
-141.59538542226431
20
-112.78676126564744
30
0
10
-141.74818713274632
20
-112.7740288327993
30
0
0
SPLINE
5
635
100
AcDbEntity
8
0
100
AcDbSpline
70
0
71
3
72
9
73
5
74
0
42
0.000000001
43
0.0000000001
44
0.0000000001
40
0
40
0
40
0
40
0
40
0.038675933582558226
40
0.077316412676090435
40
0.077316412676090435
40
0.077316412676090435
40
0.077316412676090435
10
-141.74818713274632
20
-112.7740288327993
30
0
10
-141.87890400395108
20
-112.78410018693637
30
0
10
-142.14021791732361
20
-112.80423366273229
30
0
10
-142.36093407108484
20
-112.94555669958959
30
0
10
-142.47124154177342
20
-113.01618581522118
30
0
0
SPLINE
5
636
100
AcDbEntity
8
0
100
AcDbSpline
70
0
71
3
72
9
73
5
74
0
42
0.000000001
43
0.0000000001
44
0.0000000001
40
0
40
0
40
0
40
0
40
0.039866054912077856
40
0.082276710173719514
40
0.082276710173719514
40
0.082276710173719514
40
0.082276710173719514
10
-142.47124154177342
20
-113.01618581522118
30
0
10
-142.5710806023437
20
-113.10681591271853
30
0
10
-142.77713132566393
20
-113.29386091331493
30
0
10
-142.87686131406787
20
-113.55399215839094
30
0
10
-142.928268500239
20
-113.68808036554466
30
0
0
SPLINE
5
637
100
AcDbEntity
8
0
100
AcDbSpline
70
0
71
3
72
9
73
5
74
0
42
0.000000001
43
0.0000000001
44
0.0000000001
40
0
40
0
40
0
40
0
40
0.070250696566392892
40
0.14511889997547497
40
0.14511889997547497
40
0.14511889997547497
40
0.14511889997547497
10
-142.928268500239
20
-113.68808036554466
30
0
10
-142.98793728204873
20
-113.91535595999109
30
0
10
-143.11119681401544
20
-114.38484574257521
30
0
10
-143.12551741719346
20
-114.870167304765
30
0
10
-143.13290555086766
20
-115.12054925668846
30
0
0
LWPOLYLINE
5
638
100
AcDbEntity
8
0
100
AcDbPolyline
90
12
70
1
43
0.0
10
-148.54218203631078
20
-100.43433075655113
10
-148.54218203631078
20
-103.30609088647972
10
-149.77001387682591
20
-103.30609088647972
10
-149.77001387682591
20
-93.306090886479723
10
-148.54218203631078
20
-93.306090886479723
10
-148.54218203631078
20
-99.008683020955431
10
-145.63631732073461
20
-96.061888987904894
10
-144.04695708361302
20
-96.061888987904894
10
-146.81639868822728
20
-98.749474341756212
10
-143.76728493776952
20
-103.30609088647972
10
-145.28161007967626
20
-103.30609088647972
10
-147.67588097658788
20
-99.602134282475816
0
LINE
5
639
100
AcDbEntity
8
0
100
AcDbLine
10
-158.27615220156346
20
-103.30609088647972
30
0
11
-159.55855328646336
21
-103.30609088647972
31
0
0
SPLINE
5
640
100
AcDbEntity
8
0
100
AcDbSpline
70
0
71
3
72
9
73
5
74
0
42
0.000000001
43
0.0000000001
44
0.0000000001
40
0
40
0
40
0
40
0
40
0.044309864581117277
40
0.093042935551090861
40
0.093042935551090861
40
0.093042935551090861
40
0.093042935551090861
10
-159.55855328646336
20
-103.30609088647972
30
0
10
-159.61690367138607
20
-103.16965119790517
30
0
10
-159.73942923437463
20
-102.88315180842019
30
0
10
-159.78188343198093
20
-102.57428033900811
30
0
10
-159.80411965456639
20
-102.41250282037865
30
0
0
SPLINE
5
641
100
AcDbEntity
8
0
100
AcDbSpline
70
0
71
3
72
9
73
5
74
0
42
0.000000001
43
0.0000000001
44
0.0000000001
40
0
40
0
40
0
40
0
40
0.08322183541260865
40
0.15529182841374092
40
0.15529182841374092
40
0.15529182841374092
40
0.15529182841374092
10
-159.80411965456639
20
-102.41250282037865
30
0
10
-160.02062010811781
20
-102.58810410391905
30
0
10
-160.42460965145952
20
-102.91577585325732
30
0
10
-160.89767184494116
20
-103.13111800196535
30
0
10
-161.11721713152562
20
-103.23105698335777
30
0
0
SPLINE
5
642
100
AcDbEntity
8
0
100
AcDbSpline
70
0
71
3
72
9
73
5
74
0
42
0.000000001
43
0.0000000001
44
0.0000000001
40
0
40
0
40
0
40
0
40
0.067805892351926078
40
0.13806339447567065
40
0.13806339447567065
40
0.13806339447567065
40
0.13806339447567065
10
-161.11721713152562
20
-103.23105698335777
30
0
10
-161.33344403378246
20
-103.30068454523975
30
0
10
-161.77371580172257
20
-103.44245714359442
30
0
10
-162.2359967009391
20
-103.46057990903373
30
0
10
-162.47124154177342
20
-103.46980219591271
30
0
0
SPLINE
5
643
100
AcDbEntity
8
0
100
AcDbSpline
70
0
71
3
72
9
73
5
74
0
42
0.000000001
43
0.0000000001
44
0.0000000001
40
0
40
0
40
0
40
0
40
0.10656144538707399
40
0.19593095142916006
40
0.19593095142916006
40
0.19593095142916006
40
0.19593095142916006
10
-162.47124154177342
20
-103.46980219591271
30
0
10
-162.8345578660232
20
-103.45526115015724
30
0
10
-163.50257539169988
20
-103.42852501759737
30
0
10
-164.05444350774459
20
-103.05634365223482
30
0
10
-164.30616576281224
20
-102.88658147562157
30
0
0
SPLINE
5
644
100
AcDbEntity
8
0
100
AcDbSpline
70
0
71
3
72
9
73
5
74
0
42
0.000000001
43
0.0000000001
44
0.0000000001
40
0
40
0
40
0
40
0
40
0.082003403144295953
40
0.16616684407294408
40
0.16616684407294408
40
0.16616684407294408
40
0.16616684407294408
10
-164.30616576281224
20
-102.88658147562157
30
0
10
-164.49317337894121
20
-102.67675490904416
30
0
10
-164.87211454721296
20
-102.25157476975804
30
0
10
-164.92206594300953
20
-101.68373977229065
30
0
10
-164.94736630526219
20
-101.39613157022606
30
0
0
SPLINE
5
645
100
AcDbEntity
8
0
100
AcDbSpline
70
0
71
3
72
9
73
5
74
0
42
0.000000001
43
0.0000000001
44
0.0000000001
40
0
40
0
40
0
40
0
40
0.051262511872561048
40
0.10099665972493552
40
0.10099665972493552
40
0.10099665972493552
40
0.10099665972493552
10
-164.94736630526219
20
-101.39613157022606
30
0
10
-164.93790165480118
20
-101.2237608535704
30
0
10
-164.91925453730519
20
-100.8841585597949
30
0
10
-164.77583587430115
20
-100.57589724802605
30
0
10
-164.70521170702611
20
-100.42409902322899
30
0
0
SPLINE
5
646
100
AcDbEntity
8
0
100
AcDbSpline
70
0
71
3
72
9
73
5
74
0
42
0.000000001
43
0.0000000001
44
0.0000000001
40
0
40
0
40
0
40
0
40
0.048519997486577655
40
0.095596186978336675
40
0.095596186978336675
40
0.095596186978336675
40
0.095596186978336675
10
-164.70521170702611
20
-100.42409902322899
30
0
10
-164.61925527495339
20
-100.28538226831986
30
0
10
-164.44990021357515
20
-100.01207654848778
30
0
10
-164.19590959453328
20
-99.815098055186425
30
0
10
-164.07083232012425
20
-99.718096310979234
30
0
0
SPLINE
5
647
100
AcDbEntity
8
0
100
AcDbSpline
70
0
71
3
72
9
73
5
74
0
42
0.000000001
43
0.0000000001
44
0.0000000001
40
0
40
0
40
0
40
0
40
0.047794318151608131
40
0.097396464590000814
40
0.097396464590000814
40
0.097396464590000814
40
0.097396464590000814
10
-164.07083232012425
20
-99.718096310979234
30
0
10
-163.93450357303519
20
-99.634416871009734
30
0
10
-163.65668942060097
20
-99.463892801892399
30
0
10
-163.34580396925196
20
-99.36566600155237
30
0
10
-163.18747598734532
20
-99.315640981084215
30
0
0
SPLINE
5
648
100
AcDbEntity
8
0
100
AcDbSpline
70
0
71
3
72
9
73
5
74
0
42
0.000000001
43
0.0000000001
44
0.0000000001
40
0
40
0
40
0
40
0
40
0.046321149281571439
40
0.11073725303521299
40
0.11073725303521299
40
0.11073725303521299
40
0.11073725303521299
10
-163.18747598734532
20
-99.315640981084215
30
0
10
-163.036620005374
20
-99.282368955969332
30
0
10
-162.67597746289553
20
-99.202827478236486
30
0
10
-162.30934294175199
20
-99.157710721610101
30
0
10
-162.09607083407079
20
-99.131466205006944
30
0
0
SPLINE
5
649
100
AcDbEntity
8
0
100
AcDbSpline
70
0
71
3
72
9
73
5
74
0
42
0.000000001
43
0.0000000001
44
0.0000000001
40
0
40
0
40
0
40
0
40
0.13054833210307076
40
0.22327846180614952
40
0.22327846180614952
40
0.22327846180614952
40
0.22327846180614952
10
-162.09607083407079
20
-99.131466205006944
30
0
10
-161.66325714628744
20
-99.079068673285263
30
0
10
-160.9230104276958
20
-98.989452512766135
30
0
10
-160.20474381173364
20
-98.790975865437062
30
0
10
-159.90643937197362
20
-98.708546216374742
30
0
0
SPLINE
5
650
100
AcDbEntity
8
0
100
AcDbSpline
70
0
71
3
72
9
73
5
74
0
42
0.000000001
43
0.0000000001
44
0.0000000001
40
0
40
0
40
0
40
0
40
0.020640749215288051
40
0.032067638755075387
40
0.032067638755075387
40
0.032067638755075387
40
0.032067638755075387
10
-159.90643937197362
20
-98.708546216374742
30
0
10
-159.90451684947956
20
-98.639769167027666
30
0
10
-159.90153000262652
20
-98.532916574125267
30
0
10
-159.90012048120684
20
-98.426032652346265
30
0
10
-159.89961821642552
20
-98.387945945149767
30
0
0
SPLINE
5
651
100
AcDbEntity
8
0
100
AcDbSpline
70
0
71
3
72
9
73
5
74
0
42
0.000000001
43
0.0000000001
44
0.0000000001
40
0
40
0
40
0
40
0
40
0.064538148034166812
40
0.11379642797211403
40
0.11379642797211403
40
0.11379642797211403
40
0.11379642797211403
10
-159.89961821642552
20
-98.387945945149767
30
0
10
-159.90451623661275
20
-98.166076704998062
30
0
10
-159.91315263567938
20
-97.774867354014162
30
0
10
-160.14649778586966
20
-97.46484417747763
30
0
10
-160.24750430193578
20
-97.330646569615709
30
0
0
SPLINE
5
652
100
AcDbEntity
8
0
100
AcDbSpline
70
0
71
3
72
9
73
5
74
0
42
0.000000001
43
0.0000000001
44
0.0000000001
40
0
40
0
40
0
40
0
40
0.066296760532057436
40
0.14830297798845296
40
0.14830297798845296
40
0.14830297798845296
40
0.14830297798845296
10
-160.24750430193578
20
-97.330646569615709
30
0
10
-160.43706335672755
20
-97.209636568893757
30
0
10
-160.86109874103118
20
-96.938942445539567
30
0
10
-161.36643399009145
20
-96.923234730547421
30
0
10
-161.6458662232462
20
-96.914548928624498
30
0
0
SPLINE
5
653
100
AcDbEntity
8
0
100
AcDbSpline
70
0
71
3
72
9
73
5
74
0
42
0.000000001
43
0.0000000001
44
0.0000000001
40
0
40
0
40
0
40
0
40
0.075671315959764091
40
0.13299517129545729
40
0.13299517129545729
40
0.13299517129545729
40
0.13299517129545729
10
-161.6458662232462
20
-96.914548928624498
30
0
10
-161.90237249609524
20
-96.918541655874975
30
0
10
-162.35319187544971
20
-96.925559023524499
30
0
10
-162.75267198340202
20
-97.129984441960204
30
0
10
-162.92485673037206
20
-97.218096310979234
30
0
0
SPLINE
5
654
100
AcDbEntity
8
0
100
AcDbSpline
70
0
71
3
72
9
73
5
74
0
42
0.000000001
43
0.0000000001
44
0.0000000001
40
0
40
0
40
0
40
0
40
0.055277806262890035
40
0.12534726673534591
40
0.12534726673534591
40
0.12534726673534591
40
0.12534726673534591
10
-162.92485673037206
20
-97.218096310979234
30
0
10
-163.05631270037168
20
-97.351192439130273
30
0
10
-163.35440062479358
20
-97.652999565799689
30
0
10
-163.47047499466743
20
-98.063164993873428
30
0
10
-163.53536088076268
20
-98.292448575383531
30
0
0
LINE
5
655
100
AcDbEntity
8
0
100
AcDbLine
10
-163.53536088076265
20
-98.292448575383531
30
0
11
-164.73590690699254
21
-98.128737265950548
31
0
0
SPLINE
5
656
100
AcDbEntity
8
0
100
AcDbSpline
70
0
71
3
72
9
73
5
74
0
42
0.000000001
43
0.0000000001
44
0.0000000001
40
0
40
0
40
0
40
0
40
0.072951374593077822
40
0.13654937128315836
40
0.13654937128315836
40
0.13654937128315836
40
0.13654937128315836
10
-164.73590690699254
20
-98.128737265950548
30
0
10
-164.67735055854143
20
-97.890498178401018
30
0
10
-164.56774559756244
20
-97.444565558194483
30
0
10
-164.31482437610492
20
-97.062022378391092
30
0
10
-164.19702608194982
20
-96.883852536565172
30
0
0
SPLINE
5
657
100
AcDbEntity
8
0
100
AcDbSpline
70
0
71
3
72
9
73
5
74
0
42
0.000000001
43
0.0000000001
44
0.0000000001
40
0
40
0
40
0
40
0
40
0.062162840469340647
40
0.1320212006608657
40
0.1320212006608657
40
0.1320212006608657
40
0.1320212006608657
10
-164.19702608194982
20
-96.883852536565172
30
0
10
-164.0518200918157
20
-96.732768475987356
30
0
10
-163.74343217041576
20
-96.411896731266481
30
0
10
-163.33078975910632
20
-96.243227470494986
30
0
10
-163.11244208422337
20
-96.153976971989977
30
0
0
SPLINE
5
658
100
AcDbEntity
8
0
100
AcDbSpline
70
0
71
3
72
9
73
5
74
0
42
0.000000001
43
0.0000000001
44
0.0000000001
40
0
40
0
40
0
40
0
40
0.0789357317510236
40
0.16699235803103507
40
0.16699235803103507
40
0.16699235803103507
40
0.16699235803103507
10
-163.11244208422337
20
-96.153976971989977
30
0
10
-162.85891307972176
20
-96.079429142910939
30
0
10
-162.32256020945863
20
-95.921719605191498
30
0
10
-161.76337576845492
20
-95.906305617693675
30
0
10
-161.46851260271703
20
-95.89817767847191
30
0
0
SPLINE
5
659
100
AcDbEntity
8
0
100
AcDbSpline
70
0
71
3
72
9
73
5
74
0
42
0.000000001
43
0.0000000001
44
0.0000000001
40
0
40
0
40
0
40
0
40
0.084249032729747833
40
0.15290743282852939
40
0.15290743282852939
40
0.15290743282852939
40
0.15290743282852939
10
-161.46851260271703
20
-95.89817767847191
30
0
10
-161.18620318107543
20
-95.902931639713685
30
0
10
-160.67382686614491
20
-95.911559821969234
30
0
10
-160.18189702909186
20
-96.052965524187243
30
0
10
-159.96101100054418
20
-96.116459424382555
30
0
0
SPLINE
5
660
100
AcDbEntity
8
0
100
AcDbSpline
70
0
71
3
72
9
73
5
74
0
42
0.000000001
43
0.0000000001
44
0.0000000001
40
0
40
0
40
0
40
0
40
0.05601802963381642
40
0.10226065035186138
40
0.10226065035186138
40
0.10226065035186138
40
0.10226065035186138
10
-159.96101100054418
20
-96.116459424382555
30
0
10
-159.78605543774879
20
-96.187618942849269
30
0
10
-159.46667487847023
20
-96.317520310046532
30
0
10
-159.21992914437652
20
-96.557192554665903
30
0
10
-159.10834986773168
20
-96.665573174840318
30
0
0
SPLINE
5
661
100
AcDbEntity
8
0
100
AcDbSpline
70
0
71
3
72
9
73
5
74
0
42
0.000000001
43
0.0000000001
44
0.0000000001
40
0
40
0
40
0
40
0
40
0.04403431745451674
40
0.092542945791674575
40
0.092542945791674575
40
0.092542945791674575
40
0.092542945791674575
10
-159.10834986773168
20
-96.665573174840318
30
0
10
-159.02345257707694
20
-96.786822509145694
30
0
10
-158.84503161313131
20
-97.041641278245237
30
0
10
-158.76717069310925
20
-97.343141550452145
30
0
10
-158.72635800448094
20
-97.501180226689684
30
0
0
SPLINE
5
662
100
AcDbEntity
8
0
100
AcDbSpline
70
0
71
3
72
9
73
5
74
0
42
0.000000001
43
0.0000000001
44
0.0000000001
40
0
40
0
40
0
40
0
40
0.044237436439849169
40
0.11349048899360031
40
0.11349048899360031
40
0.11349048899360031
40
0.11349048899360031
10
-158.72635800448094
20
-97.501180226689684
30
0
10
-158.70865597148497
20
-97.647688425066093
30
0
10
-158.66324166761532
20
-98.023553041405677
30
0
10
-158.66431205753119
20
-98.402360278268674
30
0
10
-158.66496522036229
20
-98.633512313252794
30
0
0
LINE
5
663
100
AcDbEntity
8
0
100
AcDbLine
10
-158.66496522036226
20
-98.633512313252794
30
0
11
-158.66496522036229
21
-100.27061944711815
31
0
0
SPLINE
5
664
100
AcDbEntity
8
0
100
AcDbSpline
70
0
71
3
72
9
73
5
74
0
42
0.000000001
43
0.0000000001
44
0.0000000001
40
0
40
0
40
0
40
0
40
0.13976483773209622
40
0.21681444125898242
40
0.21681444125898242
40
0.21681444125898242
40
0.21681444125898242
10
-158.66496522036229
20
-100.27061944711815
30
0
10
-158.66778637969176
20
-100.73687996380261
30
0
10
-158.67216278862008
20
-101.460180724183
30
0
10
-158.6089756333181
20
-102.18042338245247
30
0
10
-158.58652073946629
20
-102.43637686479698
30
0
0
SPLINE
5
665
100
AcDbEntity
8
0
100
AcDbSpline
70
0
71
3
72
9
73
5
74
0
42
0.000000001
43
0.0000000001
44
0.0000000001
40
0
40
0
40
0
40
0
40
0.045933846598597665
40
0.092677228669407807
40
0.092677228669407807
40
0.092677228669407807
40
0.092677228669407807
10
-158.58652073946629
20
-102.43637686479698
30
0
10
-158.55364542682517
20
-102.58661423345423
30
0
10
-158.48731540892257
20
-102.88973674551841
30
0
10
-158.34694863853559
20
-103.16650032964317
30
0
10
-158.27615220156346
20
-103.30609088647972
30
0
0
CIRCLE
5
666
100
AcDbEntity
8
0
100
AcDbCircle
10
-205.91799197594639
20
-81.577465267691522
30
0
40
1.6000000000000014
210
0
220
-0
230
1
0
CIRCLE
5
667
100
AcDbEntity
8
0
100
AcDbCircle
10
-205.91799197594639
20
120.67338252095013
30
0
40
1.6000000000000014
210
0
220
-0
230
1
0
CIRCLE
5
668
100
AcDbEntity
8
0
100
AcDbCircle
10
-115.91799063484189
20
-81.577465267691537
30
0
40
1.6000000000000014
210
0
220
-0
230
1
0
CIRCLE
5
669
100
AcDbEntity
8
0
100
AcDbCircle
10
-115.91799063484189
20
120.67338252095013
30
0
40
1.6000000000000014
210
0
220
-0
230
1
0
ENDSEC
0
SECTION
2
OBJECTS
0
DICTIONARY
5
C
100
AcDbDictionary
3
ACAD_GROUP
350
D
3
ACAD_MLINESTYLE
350
17
0
DICTIONARY
5
D
100
AcDbDictionary
0
DICTIONARY
5
1A
330
C
100
AcDbDictionary
0
DICTIONARY
5
17
100
AcDbDictionary
0
ENDSEC
0
EOF
