ISO-10303-21;
HEADER;
/* Generated by software containing ST-Developer
 * from STEP Tools, Inc. (www.steptools.com) 
 */

FILE_DESCRIPTION(
/* description */ (''),
/* implementation_level */ '2;1');

FILE_NAME(
/* name */ 'Platform Cover.step',
/* time_stamp */ '2026-04-06T15:05:28+02:00',
/* author */ (''),
/* organization */ (''),
/* preprocessor_version */ 'ST-DEVELOPER v20.1',
/* originating_system */ 'Autodesk Translation Framework v14.24.0.0',
/* authorisation */ '');

FILE_SCHEMA (('AUTOMOTIVE_DESIGN { 1 0 10303 214 3 1 1 }'));
ENDSEC;

DATA;
#10=MECHANICAL_DESIGN_GEOMETRIC_PRESENTATION_REPRESENTATION('',(#13),#2529);
#11=SHAPE_REPRESENTATION_RELATIONSHIP('SRR','None',#2536,#12);
#12=ADVANCED_BREP_SHAPE_REPRESENTATION('',(#14),#2528);
#13=STYLED_ITEM('',(#2546),#14);
#14=MANIFOLD_SOLID_BREP('Cover',#1405);
#15=FACE_BOUND('',#189,.T.);
#16=FACE_BOUND('',#190,.T.);
#17=FACE_BOUND('',#191,.T.);
#18=FACE_BOUND('',#192,.T.);
#19=FACE_BOUND('',#193,.T.);
#20=FACE_BOUND('',#196,.T.);
#21=FACE_BOUND('',#199,.T.);
#22=FACE_BOUND('',#202,.T.);
#23=FACE_BOUND('',#205,.T.);
#24=FACE_BOUND('',#226,.T.);
#25=FACE_BOUND('',#227,.T.);
#26=FACE_BOUND('',#232,.T.);
#27=FACE_BOUND('',#233,.T.);
#28=FACE_BOUND('',#241,.T.);
#29=FACE_BOUND('',#245,.T.);
#30=FACE_BOUND('',#246,.T.);
#31=FACE_BOUND('',#249,.T.);
#32=FACE_BOUND('',#250,.T.);
#33=FACE_BOUND('',#257,.T.);
#34=FACE_BOUND('',#258,.T.);
#35=FACE_BOUND('',#259,.T.);
#36=FACE_BOUND('',#260,.T.);
#37=PLANE('',#1421);
#38=PLANE('',#1422);
#39=PLANE('',#1424);
#40=PLANE('',#1425);
#41=PLANE('',#1426);
#42=PLANE('',#1430);
#43=PLANE('',#1433);
#44=PLANE('',#1434);
#45=PLANE('',#1444);
#46=PLANE('',#1448);
#47=PLANE('',#1452);
#48=PLANE('',#1456);
#49=PLANE('',#1458);
#50=PLANE('',#1460);
#51=PLANE('',#1462);
#52=PLANE('',#1464);
#53=PLANE('',#1466);
#54=PLANE('',#1468);
#55=PLANE('',#1470);
#56=PLANE('',#1472);
#57=PLANE('',#1477);
#58=PLANE('',#1481);
#59=PLANE('',#1485);
#60=PLANE('',#1489);
#61=PLANE('',#1490);
#62=PLANE('',#1491);
#63=PLANE('',#1492);
#64=PLANE('',#1493);
#65=PLANE('',#1495);
#66=PLANE('',#1496);
#67=PLANE('',#1497);
#68=PLANE('',#1498);
#69=PLANE('',#1510);
#70=PLANE('',#1511);
#71=PLANE('',#1512);
#72=PLANE('',#1517);
#73=PLANE('',#1518);
#74=PLANE('',#1519);
#75=PLANE('',#1520);
#76=PLANE('',#1521);
#77=PLANE('',#1522);
#78=PLANE('',#1523);
#79=PLANE('',#1524);
#80=PLANE('',#1525);
#81=PLANE('',#1526);
#82=PLANE('',#1527);
#83=PLANE('',#1528);
#84=PLANE('',#1529);
#85=PLANE('',#1530);
#86=PLANE('',#1531);
#87=PLANE('',#1532);
#88=PLANE('',#1533);
#89=PLANE('',#1534);
#90=PLANE('',#1535);
#91=PLANE('',#1536);
#92=PLANE('',#1537);
#93=PLANE('',#1538);
#94=PLANE('',#1539);
#95=PLANE('',#1540);
#96=PLANE('',#1541);
#97=FACE_OUTER_BOUND('',#178,.T.);
#98=FACE_OUTER_BOUND('',#179,.T.);
#99=FACE_OUTER_BOUND('',#180,.T.);
#100=FACE_OUTER_BOUND('',#181,.T.);
#101=FACE_OUTER_BOUND('',#182,.T.);
#102=FACE_OUTER_BOUND('',#183,.T.);
#103=FACE_OUTER_BOUND('',#184,.T.);
#104=FACE_OUTER_BOUND('',#185,.T.);
#105=FACE_OUTER_BOUND('',#186,.T.);
#106=FACE_OUTER_BOUND('',#187,.T.);
#107=FACE_OUTER_BOUND('',#188,.T.);
#108=FACE_OUTER_BOUND('',#194,.T.);
#109=FACE_OUTER_BOUND('',#195,.T.);
#110=FACE_OUTER_BOUND('',#197,.T.);
#111=FACE_OUTER_BOUND('',#198,.T.);
#112=FACE_OUTER_BOUND('',#200,.T.);
#113=FACE_OUTER_BOUND('',#201,.T.);
#114=FACE_OUTER_BOUND('',#203,.T.);
#115=FACE_OUTER_BOUND('',#204,.T.);
#116=FACE_OUTER_BOUND('',#206,.T.);
#117=FACE_OUTER_BOUND('',#207,.T.);
#118=FACE_OUTER_BOUND('',#208,.T.);
#119=FACE_OUTER_BOUND('',#209,.T.);
#120=FACE_OUTER_BOUND('',#210,.T.);
#121=FACE_OUTER_BOUND('',#211,.T.);
#122=FACE_OUTER_BOUND('',#212,.T.);
#123=FACE_OUTER_BOUND('',#213,.T.);
#124=FACE_OUTER_BOUND('',#214,.T.);
#125=FACE_OUTER_BOUND('',#215,.T.);
#126=FACE_OUTER_BOUND('',#216,.T.);
#127=FACE_OUTER_BOUND('',#217,.T.);
#128=FACE_OUTER_BOUND('',#218,.T.);
#129=FACE_OUTER_BOUND('',#219,.T.);
#130=FACE_OUTER_BOUND('',#220,.T.);
#131=FACE_OUTER_BOUND('',#221,.T.);
#132=FACE_OUTER_BOUND('',#222,.T.);
#133=FACE_OUTER_BOUND('',#223,.T.);
#134=FACE_OUTER_BOUND('',#224,.T.);
#135=FACE_OUTER_BOUND('',#225,.T.);
#136=FACE_OUTER_BOUND('',#228,.T.);
#137=FACE_OUTER_BOUND('',#229,.T.);
#138=FACE_OUTER_BOUND('',#230,.T.);
#139=FACE_OUTER_BOUND('',#231,.T.);
#140=FACE_OUTER_BOUND('',#234,.T.);
#141=FACE_OUTER_BOUND('',#235,.T.);
#142=FACE_OUTER_BOUND('',#236,.T.);
#143=FACE_OUTER_BOUND('',#237,.T.);
#144=FACE_OUTER_BOUND('',#238,.T.);
#145=FACE_OUTER_BOUND('',#239,.T.);
#146=FACE_OUTER_BOUND('',#240,.T.);
#147=FACE_OUTER_BOUND('',#242,.T.);
#148=FACE_OUTER_BOUND('',#243,.T.);
#149=FACE_OUTER_BOUND('',#244,.T.);
#150=FACE_OUTER_BOUND('',#247,.T.);
#151=FACE_OUTER_BOUND('',#248,.T.);
#152=FACE_OUTER_BOUND('',#251,.T.);
#153=FACE_OUTER_BOUND('',#252,.T.);
#154=FACE_OUTER_BOUND('',#253,.T.);
#155=FACE_OUTER_BOUND('',#254,.T.);
#156=FACE_OUTER_BOUND('',#255,.T.);
#157=FACE_OUTER_BOUND('',#256,.T.);
#158=FACE_OUTER_BOUND('',#261,.T.);
#159=FACE_OUTER_BOUND('',#262,.T.);
#160=FACE_OUTER_BOUND('',#263,.T.);
#161=FACE_OUTER_BOUND('',#264,.T.);
#162=FACE_OUTER_BOUND('',#265,.T.);
#163=FACE_OUTER_BOUND('',#266,.T.);
#164=FACE_OUTER_BOUND('',#267,.T.);
#165=FACE_OUTER_BOUND('',#268,.T.);
#166=FACE_OUTER_BOUND('',#269,.T.);
#167=FACE_OUTER_BOUND('',#270,.T.);
#168=FACE_OUTER_BOUND('',#271,.T.);
#169=FACE_OUTER_BOUND('',#272,.T.);
#170=FACE_OUTER_BOUND('',#273,.T.);
#171=FACE_OUTER_BOUND('',#274,.T.);
#172=FACE_OUTER_BOUND('',#275,.T.);
#173=FACE_OUTER_BOUND('',#276,.T.);
#174=FACE_OUTER_BOUND('',#277,.T.);
#175=FACE_OUTER_BOUND('',#278,.T.);
#176=FACE_OUTER_BOUND('',#279,.T.);
#177=FACE_OUTER_BOUND('',#280,.T.);
#178=EDGE_LOOP('',(#923,#924,#925,#926));
#179=EDGE_LOOP('',(#927,#928));
#180=EDGE_LOOP('',(#929,#930,#931,#932));
#181=EDGE_LOOP('',(#933,#934,#935,#936));
#182=EDGE_LOOP('',(#937,#938,#939,#940));
#183=EDGE_LOOP('',(#941,#942,#943,#944));
#184=EDGE_LOOP('',(#945,#946,#947,#948));
#185=EDGE_LOOP('',(#949,#950));
#186=EDGE_LOOP('',(#951,#952,#953,#954));
#187=EDGE_LOOP('',(#955,#956));
#188=EDGE_LOOP('',(#957,#958,#959,#960,#961,#962,#963,#964,#965,#966,#967,
#968,#969,#970,#971,#972,#973,#974,#975,#976,#977,#978,#979,#980,#981,#982,
#983,#984));
#189=EDGE_LOOP('',(#985,#986,#987,#988,#989,#990,#991,#992,#993));
#190=EDGE_LOOP('',(#994));
#191=EDGE_LOOP('',(#995));
#192=EDGE_LOOP('',(#996));
#193=EDGE_LOOP('',(#997));
#194=EDGE_LOOP('',(#998,#999,#1000,#1001));
#195=EDGE_LOOP('',(#1002));
#196=EDGE_LOOP('',(#1003));
#197=EDGE_LOOP('',(#1004,#1005,#1006,#1007));
#198=EDGE_LOOP('',(#1008));
#199=EDGE_LOOP('',(#1009));
#200=EDGE_LOOP('',(#1010,#1011,#1012,#1013));
#201=EDGE_LOOP('',(#1014));
#202=EDGE_LOOP('',(#1015));
#203=EDGE_LOOP('',(#1016,#1017,#1018,#1019));
#204=EDGE_LOOP('',(#1020));
#205=EDGE_LOOP('',(#1021));
#206=EDGE_LOOP('',(#1022,#1023,#1024));
#207=EDGE_LOOP('',(#1025,#1026,#1027));
#208=EDGE_LOOP('',(#1028,#1029,#1030));
#209=EDGE_LOOP('',(#1031,#1032,#1033));
#210=EDGE_LOOP('',(#1034,#1035,#1036));
#211=EDGE_LOOP('',(#1037,#1038,#1039));
#212=EDGE_LOOP('',(#1040,#1041,#1042));
#213=EDGE_LOOP('',(#1043,#1044,#1045));
#214=EDGE_LOOP('',(#1046,#1047,#1048,#1049));
#215=EDGE_LOOP('',(#1050));
#216=EDGE_LOOP('',(#1051,#1052,#1053,#1054));
#217=EDGE_LOOP('',(#1055));
#218=EDGE_LOOP('',(#1056,#1057,#1058,#1059));
#219=EDGE_LOOP('',(#1060));
#220=EDGE_LOOP('',(#1061,#1062,#1063,#1064));
#221=EDGE_LOOP('',(#1065));
#222=EDGE_LOOP('',(#1066,#1067,#1068,#1069));
#223=EDGE_LOOP('',(#1070,#1071,#1072,#1073));
#224=EDGE_LOOP('',(#1074,#1075,#1076,#1077));
#225=EDGE_LOOP('',(#1078,#1079,#1080,#1081));
#226=EDGE_LOOP('',(#1082));
#227=EDGE_LOOP('',(#1083));
#228=EDGE_LOOP('',(#1084,#1085,#1086,#1087));
#229=EDGE_LOOP('',(#1088,#1089,#1090,#1091));
#230=EDGE_LOOP('',(#1092,#1093,#1094,#1095));
#231=EDGE_LOOP('',(#1096,#1097,#1098,#1099));
#232=EDGE_LOOP('',(#1100));
#233=EDGE_LOOP('',(#1101));
#234=EDGE_LOOP('',(#1102,#1103,#1104,#1105));
#235=EDGE_LOOP('',(#1106,#1107,#1108,#1109,#1110));
#236=EDGE_LOOP('',(#1111,#1112,#1113,#1114,#1115));
#237=EDGE_LOOP('',(#1116,#1117,#1118,#1119));
#238=EDGE_LOOP('',(#1120,#1121,#1122,#1123,#1124,#1125,#1126,#1127,#1128,
#1129,#1130,#1131));
#239=EDGE_LOOP('',(#1132,#1133,#1134,#1135,#1136));
#240=EDGE_LOOP('',(#1137));
#241=EDGE_LOOP('',(#1138));
#242=EDGE_LOOP('',(#1139,#1140,#1141,#1142,#1143,#1144,#1145));
#243=EDGE_LOOP('',(#1146,#1147,#1148,#1149));
#244=EDGE_LOOP('',(#1150,#1151,#1152,#1153,#1154,#1155));
#245=EDGE_LOOP('',(#1156));
#246=EDGE_LOOP('',(#1157));
#247=EDGE_LOOP('',(#1158,#1159,#1160,#1161,#1162));
#248=EDGE_LOOP('',(#1163,#1164,#1165,#1166,#1167,#1168));
#249=EDGE_LOOP('',(#1169,#1170));
#250=EDGE_LOOP('',(#1171,#1172));
#251=EDGE_LOOP('',(#1173,#1174,#1175,#1176,#1177,#1178,#1179,#1180,#1181,
#1182,#1183,#1184,#1185,#1186));
#252=EDGE_LOOP('',(#1187,#1188,#1189,#1190));
#253=EDGE_LOOP('',(#1191,#1192,#1193,#1194));
#254=EDGE_LOOP('',(#1195,#1196,#1197,#1198));
#255=EDGE_LOOP('',(#1199,#1200,#1201,#1202));
#256=EDGE_LOOP('',(#1203,#1204,#1205,#1206));
#257=EDGE_LOOP('',(#1207,#1208,#1209,#1210));
#258=EDGE_LOOP('',(#1211,#1212,#1213,#1214));
#259=EDGE_LOOP('',(#1215,#1216,#1217,#1218));
#260=EDGE_LOOP('',(#1219,#1220,#1221,#1222));
#261=EDGE_LOOP('',(#1223,#1224,#1225,#1226));
#262=EDGE_LOOP('',(#1227,#1228,#1229,#1230));
#263=EDGE_LOOP('',(#1231,#1232,#1233,#1234));
#264=EDGE_LOOP('',(#1235,#1236,#1237,#1238));
#265=EDGE_LOOP('',(#1239,#1240,#1241,#1242));
#266=EDGE_LOOP('',(#1243,#1244,#1245,#1246));
#267=EDGE_LOOP('',(#1247,#1248,#1249,#1250));
#268=EDGE_LOOP('',(#1251,#1252,#1253,#1254));
#269=EDGE_LOOP('',(#1255,#1256,#1257,#1258));
#270=EDGE_LOOP('',(#1259,#1260,#1261,#1262));
#271=EDGE_LOOP('',(#1263,#1264,#1265,#1266));
#272=EDGE_LOOP('',(#1267,#1268,#1269,#1270));
#273=EDGE_LOOP('',(#1271,#1272,#1273,#1274));
#274=EDGE_LOOP('',(#1275,#1276,#1277,#1278));
#275=EDGE_LOOP('',(#1279,#1280,#1281,#1282));
#276=EDGE_LOOP('',(#1283,#1284,#1285,#1286));
#277=EDGE_LOOP('',(#1287,#1288,#1289,#1290));
#278=EDGE_LOOP('',(#1291,#1292,#1293,#1294));
#279=EDGE_LOOP('',(#1295,#1296,#1297,#1298));
#280=EDGE_LOOP('',(#1299,#1300,#1301,#1302));
#281=CIRCLE('',#1420,6.6);
#282=CIRCLE('',#1423,10.);
#283=CIRCLE('',#1427,10.);
#284=CIRCLE('',#1429,8.);
#285=CIRCLE('',#1432,8.5);
#286=CIRCLE('',#1435,47.);
#287=CIRCLE('',#1436,47.);
#288=CIRCLE('',#1437,47.);
#289=CIRCLE('',#1438,1.59999999999999);
#290=CIRCLE('',#1439,1.6);
#291=CIRCLE('',#1440,1.6);
#292=CIRCLE('',#1441,1.6);
#293=CIRCLE('',#1443,1.6);
#294=CIRCLE('',#1445,3.);
#295=CIRCLE('',#1447,1.6);
#296=CIRCLE('',#1449,3.);
#297=CIRCLE('',#1451,1.6);
#298=CIRCLE('',#1453,3.00000000000001);
#299=CIRCLE('',#1455,1.59999999999999);
#300=CIRCLE('',#1457,3.);
#301=CIRCLE('',#1459,10.);
#302=CIRCLE('',#1461,10.);
#303=CIRCLE('',#1463,10.);
#304=CIRCLE('',#1465,10.);
#305=CIRCLE('',#1467,10.);
#306=CIRCLE('',#1469,10.);
#307=CIRCLE('',#1471,10.);
#308=CIRCLE('',#1473,10.);
#309=CIRCLE('',#1475,1.6);
#310=CIRCLE('',#1476,1.6);
#311=CIRCLE('',#1479,1.6);
#312=CIRCLE('',#1480,1.6);
#313=CIRCLE('',#1483,1.6);
#314=CIRCLE('',#1484,1.6);
#315=CIRCLE('',#1487,1.6);
#316=CIRCLE('',#1488,1.6);
#317=CIRCLE('',#1494,47.);
#318=CIRCLE('',#1499,47.);
#319=CIRCLE('',#1505,47.);
#320=CIRCLE('',#1507,50.);
#321=CIRCLE('',#1508,50.);
#322=CIRCLE('',#1509,50.);
#323=B_SPLINE_CURVE_WITH_KNOTS('',3,(#1935,#1936,#1937,#1938,#1939,#1940,
#1941,#1942,#1943,#1944,#1945,#1946,#1947,#1948,#1949,#1950,#1951,#1952,
#1953),.UNSPECIFIED.,.F.,.F.,(4,2,2,2,3,2,2,2,4),(-0.793760822746101,-0.759282136790634,
-0.510683729016472,-0.255341864508236,0.,0.255341864508236,0.510683729016472,
0.759282136790634,0.793760822746101),.UNSPECIFIED.);
#324=B_SPLINE_CURVE_WITH_KNOTS('',3,(#1987,#1988,#1989,#1990,#1991,#1992,
#1993,#1994,#1995,#1996,#1997,#1998,#1999,#2000,#2001,#2002,#2003,#2004),
 .UNSPECIFIED.,.F.,.F.,(4,2,2,2,2,2,2,2,4),(1.90988927891871,2.04638063707411,
2.29004839054737,2.53825102916463,2.7864536677819,3.03465630639916,3.28285894501642,
3.52652669848968,3.66301805664508),.UNSPECIFIED.);
#325=B_SPLINE_CURVE_WITH_KNOTS('',3,(#2015,#2016,#2017,#2018,#2019,#2020,
#2021,#2022,#2023,#2024,#2025,#2026,#2027,#2028,#2029,#2030,#2031,#2032),
 .UNSPECIFIED.,.F.,.F.,(4,2,2,2,2,2,2,2,4),(1.96898337076901,2.20156602588616,
2.48075798403298,2.76404485134701,3.04733171866103,3.33061858597506,3.61390545328908,
3.89309741143591,4.12568006655306),.UNSPECIFIED.);
#326=B_SPLINE_CURVE_WITH_KNOTS('',3,(#2207,#2208,#2209,#2210,#2211,#2212,
#2213,#2214,#2215,#2216,#2217,#2218,#2219,#2220,#2221,#2222,#2223,#2224,
#2225,#2226,#2227,#2228,#2229,#2230,#2231,#2232,#2233,#2234,#2235,#2236,
#2237,#2238,#2239,#2240,#2241,#2242,#2243,#2244),.UNSPECIFIED.,.T.,.F.,
(4,2,2,2,2,2,2,2,2,2,2,2,2,2,2,2,2,2,4),(0.,0.112240559129498,0.224481118258997,
0.347949180104315,0.471417241949632,0.617795836364887,0.764174430780141,
0.881828889648491,0.940656119082666,0.999483348516841,1.05831057795102,
1.11713780738519,1.23479226625354,1.3811708606688,1.52754945508405,1.65101751692937,
1.77448557877469,1.88672613790418,1.99896669703368),.UNSPECIFIED.);
#327=B_SPLINE_CURVE_WITH_KNOTS('',3,(#2249,#2250,#2251,#2252,#2253,#2254,
#2255,#2256,#2257,#2258,#2259,#2260,#2261,#2262,#2263,#2264,#2265,#2266,
#2267,#2268),.UNSPECIFIED.,.F.,.F.,(4,2,2,2,2,2,2,2,2,4),(0.,0.112240559129498,
0.224481118258997,0.347949180104314,0.471417241949632,0.617795836364885,
0.764174430780139,0.881828889648489,0.940656119082664,0.999483348516839),
 .UNSPECIFIED.);
#328=B_SPLINE_CURVE_WITH_KNOTS('',3,(#2269,#2270,#2271,#2272,#2273,#2274,
#2275,#2276,#2277,#2278,#2279,#2280,#2281,#2282,#2283,#2284,#2285,#2286,
#2287,#2288),.UNSPECIFIED.,.F.,.F.,(4,2,2,2,2,2,2,2,2,4),(0.999483348516839,
1.05831057795101,1.11713780738519,1.23479226625354,1.38117086066879,1.52754945508405,
1.65101751692936,1.77448557877468,1.88672613790418,1.99896669703368),
 .UNSPECIFIED.);
#329=B_SPLINE_CURVE_WITH_KNOTS('',3,(#2293,#2294,#2295,#2296,#2297,#2298,
#2299,#2300,#2301,#2302,#2303,#2304,#2305,#2306,#2307,#2308,#2309,#2310,
#2311,#2312),.UNSPECIFIED.,.F.,.F.,(4,2,2,2,2,2,2,2,2,4),(0.,0.112240559129498,
0.224481118258996,0.347949180104314,0.471417241949631,0.617795836364884,
0.764174430780136,0.881828889648486,0.94065611908266,0.999483348516835),
 .UNSPECIFIED.);
#330=B_SPLINE_CURVE_WITH_KNOTS('',3,(#2313,#2314,#2315,#2316,#2317,#2318,
#2319,#2320,#2321,#2322,#2323,#2324,#2325,#2326,#2327,#2328,#2329,#2330,
#2331,#2332),.UNSPECIFIED.,.F.,.F.,(4,2,2,2,2,2,2,2,2,4),(0.999483348516835,
1.05831057795101,1.11713780738518,1.23479226625353,1.38117086066879,1.52754945508404,
1.65101751692936,1.77448557877467,1.88672613790417,1.99896669703367),
 .UNSPECIFIED.);
#331=B_SPLINE_CURVE_WITH_KNOTS('',3,(#2336,#2337,#2338,#2339,#2340,#2341,
#2342,#2343,#2344,#2345,#2346,#2347,#2348,#2349,#2350,#2351,#2352,#2353,
#2354,#2355,#2356,#2357,#2358,#2359,#2360,#2361,#2362,#2363,#2364,#2365,
#2366,#2367,#2368,#2369,#2370,#2371,#2372,#2373),.UNSPECIFIED.,.T.,.F.,
(4,2,2,2,2,2,2,2,2,2,2,2,2,2,2,2,2,2,4),(0.,0.112240559129498,0.224481118258997,
0.347949180104314,0.471417241949632,0.617795836364887,0.764174430780141,
0.88182888964849,0.940656119082665,0.999483348516839,1.05831057795101,1.11713780738519,
1.23479226625354,1.38117086066879,1.52754945508405,1.65101751692936,1.77448557877468,
1.88672613790418,1.99896669703368),.UNSPECIFIED.);
#332=LINE('',#1933,#471);
#333=LINE('',#1955,#472);
#334=LINE('',#1958,#473);
#335=LINE('',#1964,#474);
#336=LINE('',#1966,#475);
#337=LINE('',#1967,#476);
#338=LINE('',#1970,#477);
#339=LINE('',#1972,#478);
#340=LINE('',#1973,#479);
#341=LINE('',#1976,#480);
#342=LINE('',#1977,#481);
#343=LINE('',#1981,#482);
#344=LINE('',#1985,#483);
#345=LINE('',#2006,#484);
#346=LINE('',#2009,#485);
#347=LINE('',#2013,#486);
#348=LINE('',#2034,#487);
#349=LINE('',#2037,#488);
#350=LINE('',#2039,#489);
#351=LINE('',#2041,#490);
#352=LINE('',#2043,#491);
#353=LINE('',#2045,#492);
#354=LINE('',#2047,#493);
#355=LINE('',#2049,#494);
#356=LINE('',#2051,#495);
#357=LINE('',#2053,#496);
#358=LINE('',#2055,#497);
#359=LINE('',#2057,#498);
#360=LINE('',#2059,#499);
#361=LINE('',#2061,#500);
#362=LINE('',#2063,#501);
#363=LINE('',#2064,#502);
#364=LINE('',#2065,#503);
#365=LINE('',#2066,#504);
#366=LINE('',#2071,#505);
#367=LINE('',#2073,#506);
#368=LINE('',#2075,#507);
#369=LINE('',#2081,#508);
#370=LINE('',#2083,#509);
#371=LINE('',#2084,#510);
#372=LINE('',#2096,#511);
#373=LINE('',#2103,#512);
#374=LINE('',#2110,#513);
#375=LINE('',#2117,#514);
#376=LINE('',#2124,#515);
#377=LINE('',#2130,#516);
#378=LINE('',#2136,#517);
#379=LINE('',#2142,#518);
#380=LINE('',#2149,#519);
#381=LINE('',#2156,#520);
#382=LINE('',#2163,#521);
#383=LINE('',#2170,#522);
#384=LINE('',#2175,#523);
#385=LINE('',#2177,#524);
#386=LINE('',#2178,#525);
#387=LINE('',#2181,#526);
#388=LINE('',#2183,#527);
#389=LINE('',#2184,#528);
#390=LINE('',#2186,#529);
#391=LINE('',#2191,#530);
#392=LINE('',#2193,#531);
#393=LINE('',#2194,#532);
#394=LINE('',#2197,#533);
#395=LINE('',#2199,#534);
#396=LINE('',#2200,#535);
#397=LINE('',#2202,#536);
#398=LINE('',#2245,#537);
#399=LINE('',#2289,#538);
#400=LINE('',#2333,#539);
#401=LINE('',#2374,#540);
#402=LINE('',#2377,#541);
#403=LINE('',#2383,#542);
#404=LINE('',#2391,#543);
#405=LINE('',#2392,#544);
#406=LINE('',#2393,#545);
#407=LINE('',#2394,#546);
#408=LINE('',#2395,#547);
#409=LINE('',#2399,#548);
#410=LINE('',#2401,#549);
#411=LINE('',#2403,#550);
#412=LINE('',#2404,#551);
#413=LINE('',#2407,#552);
#414=LINE('',#2408,#553);
#415=LINE('',#2412,#554);
#416=LINE('',#2413,#555);
#417=LINE('',#2415,#556);
#418=LINE('',#2417,#557);
#419=LINE('',#2421,#558);
#420=LINE('',#2423,#559);
#421=LINE('',#2425,#560);
#422=LINE('',#2426,#561);
#423=LINE('',#2430,#562);
#424=LINE('',#2432,#563);
#425=LINE('',#2434,#564);
#426=LINE('',#2435,#565);
#427=LINE('',#2439,#566);
#428=LINE('',#2441,#567);
#429=LINE('',#2443,#568);
#430=LINE('',#2444,#569);
#431=LINE('',#2448,#570);
#432=LINE('',#2450,#571);
#433=LINE('',#2452,#572);
#434=LINE('',#2453,#573);
#435=LINE('',#2456,#574);
#436=LINE('',#2458,#575);
#437=LINE('',#2460,#576);
#438=LINE('',#2461,#577);
#439=LINE('',#2464,#578);
#440=LINE('',#2466,#579);
#441=LINE('',#2468,#580);
#442=LINE('',#2469,#581);
#443=LINE('',#2472,#582);
#444=LINE('',#2474,#583);
#445=LINE('',#2476,#584);
#446=LINE('',#2477,#585);
#447=LINE('',#2480,#586);
#448=LINE('',#2482,#587);
#449=LINE('',#2484,#588);
#450=LINE('',#2485,#589);
#451=LINE('',#2487,#590);
#452=LINE('',#2488,#591);
#453=LINE('',#2490,#592);
#454=LINE('',#2492,#593);
#455=LINE('',#2494,#594);
#456=LINE('',#2495,#595);
#457=LINE('',#2497,#596);
#458=LINE('',#2499,#597);
#459=LINE('',#2500,#598);
#460=LINE('',#2502,#599);
#461=LINE('',#2503,#600);
#462=LINE('',#2505,#601);
#463=LINE('',#2506,#602);
#464=LINE('',#2508,#603);
#465=LINE('',#2510,#604);
#466=LINE('',#2512,#605);
#467=LINE('',#2515,#606);
#468=LINE('',#2517,#607);
#469=LINE('',#2519,#608);
#470=LINE('',#2521,#609);
#471=VECTOR('',#1546,10.);
#472=VECTOR('',#1547,10.);
#473=VECTOR('',#1552,10.);
#474=VECTOR('',#1557,10.);
#475=VECTOR('',#1558,10.);
#476=VECTOR('',#1559,10.);
#477=VECTOR('',#1562,10.);
#478=VECTOR('',#1563,10.);
#479=VECTOR('',#1564,10.);
#480=VECTOR('',#1567,10.);
#481=VECTOR('',#1568,10.);
#482=VECTOR('',#1573,10.);
#483=VECTOR('',#1576,10.);
#484=VECTOR('',#1577,10.);
#485=VECTOR('',#1582,10.);
#486=VECTOR('',#1585,10.);
#487=VECTOR('',#1586,10.);
#488=VECTOR('',#1591,10.);
#489=VECTOR('',#1594,10.);
#490=VECTOR('',#1595,10.);
#491=VECTOR('',#1596,10.);
#492=VECTOR('',#1597,10.);
#493=VECTOR('',#1598,10.);
#494=VECTOR('',#1599,10.);
#495=VECTOR('',#1600,10.);
#496=VECTOR('',#1601,10.);
#497=VECTOR('',#1602,10.);
#498=VECTOR('',#1603,10.);
#499=VECTOR('',#1604,10.);
#500=VECTOR('',#1605,10.);
#501=VECTOR('',#1606,10.);
#502=VECTOR('',#1607,10.);
#503=VECTOR('',#1608,10.);
#504=VECTOR('',#1609,10.);
#505=VECTOR('',#1612,10.);
#506=VECTOR('',#1613,10.);
#507=VECTOR('',#1614,10.);
#508=VECTOR('',#1619,10.);
#509=VECTOR('',#1620,10.);
#510=VECTOR('',#1621,10.);
#511=VECTOR('',#1634,1.6);
#512=VECTOR('',#1643,1.6);
#513=VECTOR('',#1652,1.6);
#514=VECTOR('',#1661,1.59999999999999);
#515=VECTOR('',#1670,10.);
#516=VECTOR('',#1679,10.);
#517=VECTOR('',#1688,10.);
#518=VECTOR('',#1697,10.);
#519=VECTOR('',#1706,2.);
#520=VECTOR('',#1715,2.);
#521=VECTOR('',#1724,2.);
#522=VECTOR('',#1733,2.);
#523=VECTOR('',#1740,10.);
#524=VECTOR('',#1741,10.);
#525=VECTOR('',#1742,10.);
#526=VECTOR('',#1745,10.);
#527=VECTOR('',#1746,10.);
#528=VECTOR('',#1747,10.);
#529=VECTOR('',#1750,10.);
#530=VECTOR('',#1757,10.);
#531=VECTOR('',#1758,10.);
#532=VECTOR('',#1759,10.);
#533=VECTOR('',#1762,10.);
#534=VECTOR('',#1763,10.);
#535=VECTOR('',#1764,10.);
#536=VECTOR('',#1767,10.);
#537=VECTOR('',#1774,3.00000000000001);
#538=VECTOR('',#1777,3.);
#539=VECTOR('',#1780,3.);
#540=VECTOR('',#1783,3.);
#541=VECTOR('',#1786,50.);
#542=VECTOR('',#1793,50.);
#543=VECTOR('',#1802,10.);
#544=VECTOR('',#1803,10.);
#545=VECTOR('',#1804,10.);
#546=VECTOR('',#1805,10.);
#547=VECTOR('',#1806,10.);
#548=VECTOR('',#1809,10.);
#549=VECTOR('',#1810,10.);
#550=VECTOR('',#1811,10.);
#551=VECTOR('',#1812,10.);
#552=VECTOR('',#1815,10.);
#553=VECTOR('',#1816,10.);
#554=VECTOR('',#1821,10.);
#555=VECTOR('',#1822,10.);
#556=VECTOR('',#1825,10.);
#557=VECTOR('',#1828,10.);
#558=VECTOR('',#1831,10.);
#559=VECTOR('',#1832,10.);
#560=VECTOR('',#1833,10.);
#561=VECTOR('',#1834,10.);
#562=VECTOR('',#1837,10.);
#563=VECTOR('',#1838,10.);
#564=VECTOR('',#1839,10.);
#565=VECTOR('',#1840,10.);
#566=VECTOR('',#1843,10.);
#567=VECTOR('',#1844,10.);
#568=VECTOR('',#1845,10.);
#569=VECTOR('',#1846,10.);
#570=VECTOR('',#1849,10.);
#571=VECTOR('',#1850,10.);
#572=VECTOR('',#1851,10.);
#573=VECTOR('',#1852,10.);
#574=VECTOR('',#1853,10.);
#575=VECTOR('',#1854,10.);
#576=VECTOR('',#1855,10.);
#577=VECTOR('',#1856,10.);
#578=VECTOR('',#1857,10.);
#579=VECTOR('',#1858,10.);
#580=VECTOR('',#1859,10.);
#581=VECTOR('',#1860,10.);
#582=VECTOR('',#1861,10.);
#583=VECTOR('',#1862,10.);
#584=VECTOR('',#1863,10.);
#585=VECTOR('',#1864,10.);
#586=VECTOR('',#1865,10.);
#587=VECTOR('',#1866,10.);
#588=VECTOR('',#1867,10.);
#589=VECTOR('',#1868,10.);
#590=VECTOR('',#1871,10.);
#591=VECTOR('',#1872,10.);
#592=VECTOR('',#1875,10.);
#593=VECTOR('',#1878,10.);
#594=VECTOR('',#1881,10.);
#595=VECTOR('',#1882,10.);
#596=VECTOR('',#1885,10.);
#597=VECTOR('',#1888,10.);
#598=VECTOR('',#1889,10.);
#599=VECTOR('',#1892,10.);
#600=VECTOR('',#1893,10.);
#601=VECTOR('',#1896,10.);
#602=VECTOR('',#1897,10.);
#603=VECTOR('',#1900,10.);
#604=VECTOR('',#1903,10.);
#605=VECTOR('',#1906,10.);
#606=VECTOR('',#1911,10.);
#607=VECTOR('',#1914,10.);
#608=VECTOR('',#1917,10.);
#609=VECTOR('',#1920,10.);
#610=VERTEX_POINT('',#1931);
#611=VERTEX_POINT('',#1932);
#612=VERTEX_POINT('',#1934);
#613=VERTEX_POINT('',#1954);
#614=VERTEX_POINT('',#1960);
#615=VERTEX_POINT('',#1961);
#616=VERTEX_POINT('',#1963);
#617=VERTEX_POINT('',#1965);
#618=VERTEX_POINT('',#1969);
#619=VERTEX_POINT('',#1971);
#620=VERTEX_POINT('',#1975);
#621=VERTEX_POINT('',#1979);
#622=VERTEX_POINT('',#1983);
#623=VERTEX_POINT('',#1984);
#624=VERTEX_POINT('',#1986);
#625=VERTEX_POINT('',#2005);
#626=VERTEX_POINT('',#2011);
#627=VERTEX_POINT('',#2012);
#628=VERTEX_POINT('',#2014);
#629=VERTEX_POINT('',#2033);
#630=VERTEX_POINT('',#2040);
#631=VERTEX_POINT('',#2042);
#632=VERTEX_POINT('',#2044);
#633=VERTEX_POINT('',#2046);
#634=VERTEX_POINT('',#2048);
#635=VERTEX_POINT('',#2050);
#636=VERTEX_POINT('',#2052);
#637=VERTEX_POINT('',#2054);
#638=VERTEX_POINT('',#2056);
#639=VERTEX_POINT('',#2058);
#640=VERTEX_POINT('',#2060);
#641=VERTEX_POINT('',#2062);
#642=VERTEX_POINT('',#2067);
#643=VERTEX_POINT('',#2068);
#644=VERTEX_POINT('',#2070);
#645=VERTEX_POINT('',#2072);
#646=VERTEX_POINT('',#2074);
#647=VERTEX_POINT('',#2076);
#648=VERTEX_POINT('',#2078);
#649=VERTEX_POINT('',#2080);
#650=VERTEX_POINT('',#2082);
#651=VERTEX_POINT('',#2085);
#652=VERTEX_POINT('',#2087);
#653=VERTEX_POINT('',#2089);
#654=VERTEX_POINT('',#2091);
#655=VERTEX_POINT('',#2094);
#656=VERTEX_POINT('',#2098);
#657=VERTEX_POINT('',#2101);
#658=VERTEX_POINT('',#2105);
#659=VERTEX_POINT('',#2108);
#660=VERTEX_POINT('',#2112);
#661=VERTEX_POINT('',#2115);
#662=VERTEX_POINT('',#2119);
#663=VERTEX_POINT('',#2122);
#664=VERTEX_POINT('',#2128);
#665=VERTEX_POINT('',#2134);
#666=VERTEX_POINT('',#2140);
#667=VERTEX_POINT('',#2146);
#668=VERTEX_POINT('',#2148);
#669=VERTEX_POINT('',#2153);
#670=VERTEX_POINT('',#2155);
#671=VERTEX_POINT('',#2160);
#672=VERTEX_POINT('',#2162);
#673=VERTEX_POINT('',#2167);
#674=VERTEX_POINT('',#2169);
#675=VERTEX_POINT('',#2174);
#676=VERTEX_POINT('',#2176);
#677=VERTEX_POINT('',#2180);
#678=VERTEX_POINT('',#2182);
#679=VERTEX_POINT('',#2190);
#680=VERTEX_POINT('',#2192);
#681=VERTEX_POINT('',#2196);
#682=VERTEX_POINT('',#2198);
#683=VERTEX_POINT('',#2206);
#684=VERTEX_POINT('',#2247);
#685=VERTEX_POINT('',#2248);
#686=VERTEX_POINT('',#2291);
#687=VERTEX_POINT('',#2292);
#688=VERTEX_POINT('',#2335);
#689=VERTEX_POINT('',#2376);
#690=VERTEX_POINT('',#2380);
#691=VERTEX_POINT('',#2382);
#692=VERTEX_POINT('',#2384);
#693=VERTEX_POINT('',#2389);
#694=VERTEX_POINT('',#2390);
#695=VERTEX_POINT('',#2397);
#696=VERTEX_POINT('',#2398);
#697=VERTEX_POINT('',#2400);
#698=VERTEX_POINT('',#2402);
#699=VERTEX_POINT('',#2406);
#700=VERTEX_POINT('',#2411);
#701=VERTEX_POINT('',#2419);
#702=VERTEX_POINT('',#2420);
#703=VERTEX_POINT('',#2422);
#704=VERTEX_POINT('',#2424);
#705=VERTEX_POINT('',#2428);
#706=VERTEX_POINT('',#2429);
#707=VERTEX_POINT('',#2431);
#708=VERTEX_POINT('',#2433);
#709=VERTEX_POINT('',#2437);
#710=VERTEX_POINT('',#2438);
#711=VERTEX_POINT('',#2440);
#712=VERTEX_POINT('',#2442);
#713=VERTEX_POINT('',#2446);
#714=VERTEX_POINT('',#2447);
#715=VERTEX_POINT('',#2449);
#716=VERTEX_POINT('',#2451);
#717=VERTEX_POINT('',#2454);
#718=VERTEX_POINT('',#2455);
#719=VERTEX_POINT('',#2457);
#720=VERTEX_POINT('',#2459);
#721=VERTEX_POINT('',#2462);
#722=VERTEX_POINT('',#2463);
#723=VERTEX_POINT('',#2465);
#724=VERTEX_POINT('',#2467);
#725=VERTEX_POINT('',#2470);
#726=VERTEX_POINT('',#2471);
#727=VERTEX_POINT('',#2473);
#728=VERTEX_POINT('',#2475);
#729=VERTEX_POINT('',#2478);
#730=VERTEX_POINT('',#2479);
#731=VERTEX_POINT('',#2481);
#732=VERTEX_POINT('',#2483);
#733=EDGE_CURVE('',#610,#611,#332,.T.);
#734=EDGE_CURVE('',#612,#610,#323,.T.);
#735=EDGE_CURVE('',#613,#612,#333,.T.);
#736=EDGE_CURVE('',#613,#611,#281,.T.);
#737=EDGE_CURVE('',#611,#613,#334,.T.);
#738=EDGE_CURVE('',#614,#615,#282,.T.);
#739=EDGE_CURVE('',#614,#616,#335,.T.);
#740=EDGE_CURVE('',#616,#617,#336,.T.);
#741=EDGE_CURVE('',#615,#617,#337,.T.);
#742=EDGE_CURVE('',#617,#618,#338,.T.);
#743=EDGE_CURVE('',#619,#616,#339,.T.);
#744=EDGE_CURVE('',#618,#619,#340,.T.);
#745=EDGE_CURVE('',#620,#614,#341,.T.);
#746=EDGE_CURVE('',#620,#619,#342,.T.);
#747=EDGE_CURVE('',#621,#620,#283,.T.);
#748=EDGE_CURVE('',#618,#621,#343,.T.);
#749=EDGE_CURVE('',#622,#623,#344,.T.);
#750=EDGE_CURVE('',#624,#622,#324,.T.);
#751=EDGE_CURVE('',#625,#624,#345,.T.);
#752=EDGE_CURVE('',#625,#623,#284,.T.);
#753=EDGE_CURVE('',#623,#625,#346,.T.);
#754=EDGE_CURVE('',#626,#627,#347,.T.);
#755=EDGE_CURVE('',#628,#626,#325,.T.);
#756=EDGE_CURVE('',#629,#628,#348,.T.);
#757=EDGE_CURVE('',#629,#627,#285,.T.);
#758=EDGE_CURVE('',#627,#629,#349,.T.);
#759=EDGE_CURVE('',#615,#612,#350,.T.);
#760=EDGE_CURVE('',#630,#621,#351,.T.);
#761=EDGE_CURVE('',#630,#631,#352,.T.);
#762=EDGE_CURVE('',#631,#632,#353,.T.);
#763=EDGE_CURVE('',#633,#632,#354,.T.);
#764=EDGE_CURVE('',#633,#634,#355,.T.);
#765=EDGE_CURVE('',#634,#635,#356,.T.);
#766=EDGE_CURVE('',#636,#635,#357,.T.);
#767=EDGE_CURVE('',#636,#637,#358,.T.);
#768=EDGE_CURVE('',#637,#638,#359,.T.);
#769=EDGE_CURVE('',#639,#638,#360,.T.);
#770=EDGE_CURVE('',#639,#640,#361,.T.);
#771=EDGE_CURVE('',#640,#641,#362,.T.);
#772=EDGE_CURVE('',#626,#641,#363,.T.);
#773=EDGE_CURVE('',#622,#628,#364,.T.);
#774=EDGE_CURVE('',#610,#624,#365,.T.);
#775=EDGE_CURVE('',#642,#643,#286,.T.);
#776=EDGE_CURVE('',#643,#644,#366,.T.);
#777=EDGE_CURVE('',#645,#644,#367,.T.);
#778=EDGE_CURVE('',#646,#645,#368,.T.);
#779=EDGE_CURVE('',#646,#647,#287,.T.);
#780=EDGE_CURVE('',#647,#648,#288,.T.);
#781=EDGE_CURVE('',#649,#648,#369,.T.);
#782=EDGE_CURVE('',#650,#649,#370,.T.);
#783=EDGE_CURVE('',#650,#642,#371,.T.);
#784=EDGE_CURVE('',#651,#651,#289,.T.);
#785=EDGE_CURVE('',#652,#652,#290,.T.);
#786=EDGE_CURVE('',#653,#653,#291,.T.);
#787=EDGE_CURVE('',#654,#654,#292,.T.);
#788=EDGE_CURVE('',#655,#655,#293,.T.);
#789=EDGE_CURVE('',#655,#654,#372,.T.);
#790=EDGE_CURVE('',#656,#656,#294,.T.);
#791=EDGE_CURVE('',#657,#657,#295,.T.);
#792=EDGE_CURVE('',#657,#653,#373,.T.);
#793=EDGE_CURVE('',#658,#658,#296,.T.);
#794=EDGE_CURVE('',#659,#659,#297,.T.);
#795=EDGE_CURVE('',#659,#652,#374,.T.);
#796=EDGE_CURVE('',#660,#660,#298,.T.);
#797=EDGE_CURVE('',#661,#661,#299,.T.);
#798=EDGE_CURVE('',#661,#651,#375,.T.);
#799=EDGE_CURVE('',#662,#662,#300,.T.);
#800=EDGE_CURVE('',#663,#633,#301,.F.);
#801=EDGE_CURVE('',#663,#634,#376,.T.);
#802=EDGE_CURVE('',#635,#663,#302,.F.);
#803=EDGE_CURVE('',#664,#630,#303,.F.);
#804=EDGE_CURVE('',#664,#631,#377,.T.);
#805=EDGE_CURVE('',#632,#664,#304,.F.);
#806=EDGE_CURVE('',#665,#636,#305,.F.);
#807=EDGE_CURVE('',#665,#637,#378,.T.);
#808=EDGE_CURVE('',#638,#665,#306,.F.);
#809=EDGE_CURVE('',#666,#639,#307,.F.);
#810=EDGE_CURVE('',#666,#640,#379,.T.);
#811=EDGE_CURVE('',#641,#666,#308,.F.);
#812=EDGE_CURVE('',#667,#667,#309,.F.);
#813=EDGE_CURVE('',#667,#668,#380,.T.);
#814=EDGE_CURVE('',#668,#668,#310,.T.);
#815=EDGE_CURVE('',#669,#669,#311,.F.);
#816=EDGE_CURVE('',#669,#670,#381,.T.);
#817=EDGE_CURVE('',#670,#670,#312,.T.);
#818=EDGE_CURVE('',#671,#671,#313,.F.);
#819=EDGE_CURVE('',#671,#672,#382,.T.);
#820=EDGE_CURVE('',#672,#672,#314,.T.);
#821=EDGE_CURVE('',#673,#673,#315,.F.);
#822=EDGE_CURVE('',#673,#674,#383,.T.);
#823=EDGE_CURVE('',#674,#674,#316,.T.);
#824=EDGE_CURVE('',#645,#675,#384,.T.);
#825=EDGE_CURVE('',#676,#675,#385,.T.);
#826=EDGE_CURVE('',#646,#676,#386,.T.);
#827=EDGE_CURVE('',#677,#643,#387,.T.);
#828=EDGE_CURVE('',#678,#677,#388,.T.);
#829=EDGE_CURVE('',#644,#678,#389,.T.);
#830=EDGE_CURVE('',#675,#678,#390,.T.);
#831=EDGE_CURVE('',#676,#677,#317,.T.);
#832=EDGE_CURVE('',#650,#679,#391,.T.);
#833=EDGE_CURVE('',#680,#679,#392,.T.);
#834=EDGE_CURVE('',#642,#680,#393,.T.);
#835=EDGE_CURVE('',#681,#648,#394,.T.);
#836=EDGE_CURVE('',#682,#681,#395,.T.);
#837=EDGE_CURVE('',#649,#682,#396,.T.);
#838=EDGE_CURVE('',#679,#682,#397,.T.);
#839=EDGE_CURVE('',#680,#681,#318,.T.);
#840=EDGE_CURVE('',#683,#683,#326,.T.);
#841=EDGE_CURVE('',#683,#660,#398,.T.);
#842=EDGE_CURVE('',#684,#685,#327,.T.);
#843=EDGE_CURVE('',#685,#684,#328,.T.);
#844=EDGE_CURVE('',#685,#658,#399,.T.);
#845=EDGE_CURVE('',#686,#687,#329,.T.);
#846=EDGE_CURVE('',#687,#686,#330,.T.);
#847=EDGE_CURVE('',#687,#662,#400,.T.);
#848=EDGE_CURVE('',#688,#688,#331,.T.);
#849=EDGE_CURVE('',#688,#656,#401,.T.);
#850=EDGE_CURVE('',#647,#689,#402,.T.);
#851=EDGE_CURVE('',#689,#689,#319,.T.);
#852=EDGE_CURVE('',#690,#690,#320,.T.);
#853=EDGE_CURVE('',#690,#691,#403,.T.);
#854=EDGE_CURVE('',#692,#691,#321,.T.);
#855=EDGE_CURVE('',#691,#692,#322,.T.);
#856=EDGE_CURVE('',#693,#694,#404,.T.);
#857=EDGE_CURVE('',#665,#694,#405,.T.);
#858=EDGE_CURVE('',#692,#665,#406,.T.);
#859=EDGE_CURVE('',#663,#692,#407,.T.);
#860=EDGE_CURVE('',#693,#663,#408,.T.);
#861=EDGE_CURVE('',#695,#696,#409,.T.);
#862=EDGE_CURVE('',#696,#697,#410,.T.);
#863=EDGE_CURVE('',#697,#698,#411,.T.);
#864=EDGE_CURVE('',#698,#695,#412,.T.);
#865=EDGE_CURVE('',#694,#699,#413,.T.);
#866=EDGE_CURVE('',#699,#666,#414,.T.);
#867=EDGE_CURVE('',#664,#700,#415,.T.);
#868=EDGE_CURVE('',#700,#693,#416,.T.);
#869=EDGE_CURVE('',#666,#664,#417,.T.);
#870=EDGE_CURVE('',#699,#700,#418,.T.);
#871=EDGE_CURVE('',#701,#702,#419,.T.);
#872=EDGE_CURVE('',#702,#703,#420,.T.);
#873=EDGE_CURVE('',#703,#704,#421,.T.);
#874=EDGE_CURVE('',#704,#701,#422,.T.);
#875=EDGE_CURVE('',#705,#706,#423,.T.);
#876=EDGE_CURVE('',#706,#707,#424,.T.);
#877=EDGE_CURVE('',#707,#708,#425,.T.);
#878=EDGE_CURVE('',#708,#705,#426,.T.);
#879=EDGE_CURVE('',#709,#710,#427,.T.);
#880=EDGE_CURVE('',#710,#711,#428,.T.);
#881=EDGE_CURVE('',#711,#712,#429,.T.);
#882=EDGE_CURVE('',#712,#709,#430,.T.);
#883=EDGE_CURVE('',#713,#714,#431,.T.);
#884=EDGE_CURVE('',#714,#715,#432,.T.);
#885=EDGE_CURVE('',#715,#716,#433,.T.);
#886=EDGE_CURVE('',#716,#713,#434,.T.);
#887=EDGE_CURVE('',#717,#718,#435,.T.);
#888=EDGE_CURVE('',#718,#719,#436,.T.);
#889=EDGE_CURVE('',#719,#720,#437,.T.);
#890=EDGE_CURVE('',#720,#717,#438,.T.);
#891=EDGE_CURVE('',#721,#722,#439,.T.);
#892=EDGE_CURVE('',#721,#723,#440,.T.);
#893=EDGE_CURVE('',#723,#724,#441,.T.);
#894=EDGE_CURVE('',#722,#724,#442,.T.);
#895=EDGE_CURVE('',#725,#726,#443,.T.);
#896=EDGE_CURVE('',#725,#727,#444,.T.);
#897=EDGE_CURVE('',#727,#728,#445,.T.);
#898=EDGE_CURVE('',#728,#726,#446,.T.);
#899=EDGE_CURVE('',#729,#730,#447,.T.);
#900=EDGE_CURVE('',#730,#731,#448,.T.);
#901=EDGE_CURVE('',#731,#732,#449,.T.);
#902=EDGE_CURVE('',#729,#732,#450,.T.);
#903=EDGE_CURVE('',#693,#713,#451,.T.);
#904=EDGE_CURVE('',#694,#716,#452,.T.);
#905=EDGE_CURVE('',#700,#714,#453,.T.);
#906=EDGE_CURVE('',#699,#715,#454,.T.);
#907=EDGE_CURVE('',#702,#720,#455,.T.);
#908=EDGE_CURVE('',#703,#719,#456,.F.);
#909=EDGE_CURVE('',#718,#704,#457,.T.);
#910=EDGE_CURVE('',#711,#728,#458,.T.);
#911=EDGE_CURVE('',#712,#727,#459,.T.);
#912=EDGE_CURVE('',#721,#708,#460,.T.);
#913=EDGE_CURVE('',#707,#723,#461,.F.);
#914=EDGE_CURVE('',#697,#732,#462,.T.);
#915=EDGE_CURVE('',#698,#731,#463,.F.);
#916=EDGE_CURVE('',#696,#729,#464,.T.);
#917=EDGE_CURVE('',#717,#701,#465,.T.);
#918=EDGE_CURVE('',#725,#709,#466,.T.);
#919=EDGE_CURVE('',#730,#695,#467,.T.);
#920=EDGE_CURVE('',#706,#724,#468,.T.);
#921=EDGE_CURVE('',#722,#705,#469,.T.);
#922=EDGE_CURVE('',#710,#726,#470,.T.);
#923=ORIENTED_EDGE('',*,*,#733,.F.);
#924=ORIENTED_EDGE('',*,*,#734,.F.);
#925=ORIENTED_EDGE('',*,*,#735,.F.);
#926=ORIENTED_EDGE('',*,*,#736,.T.);
#927=ORIENTED_EDGE('',*,*,#737,.F.);
#928=ORIENTED_EDGE('',*,*,#736,.F.);
#929=ORIENTED_EDGE('',*,*,#738,.F.);
#930=ORIENTED_EDGE('',*,*,#739,.T.);
#931=ORIENTED_EDGE('',*,*,#740,.T.);
#932=ORIENTED_EDGE('',*,*,#741,.F.);
#933=ORIENTED_EDGE('',*,*,#742,.F.);
#934=ORIENTED_EDGE('',*,*,#740,.F.);
#935=ORIENTED_EDGE('',*,*,#743,.F.);
#936=ORIENTED_EDGE('',*,*,#744,.F.);
#937=ORIENTED_EDGE('',*,*,#745,.F.);
#938=ORIENTED_EDGE('',*,*,#746,.T.);
#939=ORIENTED_EDGE('',*,*,#743,.T.);
#940=ORIENTED_EDGE('',*,*,#739,.F.);
#941=ORIENTED_EDGE('',*,*,#747,.F.);
#942=ORIENTED_EDGE('',*,*,#748,.F.);
#943=ORIENTED_EDGE('',*,*,#744,.T.);
#944=ORIENTED_EDGE('',*,*,#746,.F.);
#945=ORIENTED_EDGE('',*,*,#749,.F.);
#946=ORIENTED_EDGE('',*,*,#750,.F.);
#947=ORIENTED_EDGE('',*,*,#751,.F.);
#948=ORIENTED_EDGE('',*,*,#752,.T.);
#949=ORIENTED_EDGE('',*,*,#753,.F.);
#950=ORIENTED_EDGE('',*,*,#752,.F.);
#951=ORIENTED_EDGE('',*,*,#754,.F.);
#952=ORIENTED_EDGE('',*,*,#755,.F.);
#953=ORIENTED_EDGE('',*,*,#756,.F.);
#954=ORIENTED_EDGE('',*,*,#757,.T.);
#955=ORIENTED_EDGE('',*,*,#758,.F.);
#956=ORIENTED_EDGE('',*,*,#757,.F.);
#957=ORIENTED_EDGE('',*,*,#733,.T.);
#958=ORIENTED_EDGE('',*,*,#737,.T.);
#959=ORIENTED_EDGE('',*,*,#735,.T.);
#960=ORIENTED_EDGE('',*,*,#759,.F.);
#961=ORIENTED_EDGE('',*,*,#741,.T.);
#962=ORIENTED_EDGE('',*,*,#742,.T.);
#963=ORIENTED_EDGE('',*,*,#748,.T.);
#964=ORIENTED_EDGE('',*,*,#760,.F.);
#965=ORIENTED_EDGE('',*,*,#761,.T.);
#966=ORIENTED_EDGE('',*,*,#762,.T.);
#967=ORIENTED_EDGE('',*,*,#763,.F.);
#968=ORIENTED_EDGE('',*,*,#764,.T.);
#969=ORIENTED_EDGE('',*,*,#765,.T.);
#970=ORIENTED_EDGE('',*,*,#766,.F.);
#971=ORIENTED_EDGE('',*,*,#767,.T.);
#972=ORIENTED_EDGE('',*,*,#768,.T.);
#973=ORIENTED_EDGE('',*,*,#769,.F.);
#974=ORIENTED_EDGE('',*,*,#770,.T.);
#975=ORIENTED_EDGE('',*,*,#771,.T.);
#976=ORIENTED_EDGE('',*,*,#772,.F.);
#977=ORIENTED_EDGE('',*,*,#754,.T.);
#978=ORIENTED_EDGE('',*,*,#758,.T.);
#979=ORIENTED_EDGE('',*,*,#756,.T.);
#980=ORIENTED_EDGE('',*,*,#773,.F.);
#981=ORIENTED_EDGE('',*,*,#749,.T.);
#982=ORIENTED_EDGE('',*,*,#753,.T.);
#983=ORIENTED_EDGE('',*,*,#751,.T.);
#984=ORIENTED_EDGE('',*,*,#774,.F.);
#985=ORIENTED_EDGE('',*,*,#775,.T.);
#986=ORIENTED_EDGE('',*,*,#776,.T.);
#987=ORIENTED_EDGE('',*,*,#777,.F.);
#988=ORIENTED_EDGE('',*,*,#778,.F.);
#989=ORIENTED_EDGE('',*,*,#779,.T.);
#990=ORIENTED_EDGE('',*,*,#780,.T.);
#991=ORIENTED_EDGE('',*,*,#781,.F.);
#992=ORIENTED_EDGE('',*,*,#782,.F.);
#993=ORIENTED_EDGE('',*,*,#783,.T.);
#994=ORIENTED_EDGE('',*,*,#784,.T.);
#995=ORIENTED_EDGE('',*,*,#785,.T.);
#996=ORIENTED_EDGE('',*,*,#786,.T.);
#997=ORIENTED_EDGE('',*,*,#787,.T.);
#998=ORIENTED_EDGE('',*,*,#788,.F.);
#999=ORIENTED_EDGE('',*,*,#789,.T.);
#1000=ORIENTED_EDGE('',*,*,#787,.F.);
#1001=ORIENTED_EDGE('',*,*,#789,.F.);
#1002=ORIENTED_EDGE('',*,*,#790,.F.);
#1003=ORIENTED_EDGE('',*,*,#788,.T.);
#1004=ORIENTED_EDGE('',*,*,#791,.F.);
#1005=ORIENTED_EDGE('',*,*,#792,.T.);
#1006=ORIENTED_EDGE('',*,*,#786,.F.);
#1007=ORIENTED_EDGE('',*,*,#792,.F.);
#1008=ORIENTED_EDGE('',*,*,#793,.F.);
#1009=ORIENTED_EDGE('',*,*,#791,.T.);
#1010=ORIENTED_EDGE('',*,*,#794,.F.);
#1011=ORIENTED_EDGE('',*,*,#795,.T.);
#1012=ORIENTED_EDGE('',*,*,#785,.F.);
#1013=ORIENTED_EDGE('',*,*,#795,.F.);
#1014=ORIENTED_EDGE('',*,*,#796,.F.);
#1015=ORIENTED_EDGE('',*,*,#794,.T.);
#1016=ORIENTED_EDGE('',*,*,#797,.F.);
#1017=ORIENTED_EDGE('',*,*,#798,.T.);
#1018=ORIENTED_EDGE('',*,*,#784,.F.);
#1019=ORIENTED_EDGE('',*,*,#798,.F.);
#1020=ORIENTED_EDGE('',*,*,#799,.F.);
#1021=ORIENTED_EDGE('',*,*,#797,.T.);
#1022=ORIENTED_EDGE('',*,*,#764,.F.);
#1023=ORIENTED_EDGE('',*,*,#800,.F.);
#1024=ORIENTED_EDGE('',*,*,#801,.T.);
#1025=ORIENTED_EDGE('',*,*,#765,.F.);
#1026=ORIENTED_EDGE('',*,*,#801,.F.);
#1027=ORIENTED_EDGE('',*,*,#802,.F.);
#1028=ORIENTED_EDGE('',*,*,#761,.F.);
#1029=ORIENTED_EDGE('',*,*,#803,.F.);
#1030=ORIENTED_EDGE('',*,*,#804,.T.);
#1031=ORIENTED_EDGE('',*,*,#762,.F.);
#1032=ORIENTED_EDGE('',*,*,#804,.F.);
#1033=ORIENTED_EDGE('',*,*,#805,.F.);
#1034=ORIENTED_EDGE('',*,*,#767,.F.);
#1035=ORIENTED_EDGE('',*,*,#806,.F.);
#1036=ORIENTED_EDGE('',*,*,#807,.T.);
#1037=ORIENTED_EDGE('',*,*,#768,.F.);
#1038=ORIENTED_EDGE('',*,*,#807,.F.);
#1039=ORIENTED_EDGE('',*,*,#808,.F.);
#1040=ORIENTED_EDGE('',*,*,#770,.F.);
#1041=ORIENTED_EDGE('',*,*,#809,.F.);
#1042=ORIENTED_EDGE('',*,*,#810,.T.);
#1043=ORIENTED_EDGE('',*,*,#771,.F.);
#1044=ORIENTED_EDGE('',*,*,#810,.F.);
#1045=ORIENTED_EDGE('',*,*,#811,.F.);
#1046=ORIENTED_EDGE('',*,*,#812,.F.);
#1047=ORIENTED_EDGE('',*,*,#813,.T.);
#1048=ORIENTED_EDGE('',*,*,#814,.T.);
#1049=ORIENTED_EDGE('',*,*,#813,.F.);
#1050=ORIENTED_EDGE('',*,*,#814,.F.);
#1051=ORIENTED_EDGE('',*,*,#815,.F.);
#1052=ORIENTED_EDGE('',*,*,#816,.T.);
#1053=ORIENTED_EDGE('',*,*,#817,.T.);
#1054=ORIENTED_EDGE('',*,*,#816,.F.);
#1055=ORIENTED_EDGE('',*,*,#817,.F.);
#1056=ORIENTED_EDGE('',*,*,#818,.F.);
#1057=ORIENTED_EDGE('',*,*,#819,.T.);
#1058=ORIENTED_EDGE('',*,*,#820,.T.);
#1059=ORIENTED_EDGE('',*,*,#819,.F.);
#1060=ORIENTED_EDGE('',*,*,#820,.F.);
#1061=ORIENTED_EDGE('',*,*,#821,.F.);
#1062=ORIENTED_EDGE('',*,*,#822,.T.);
#1063=ORIENTED_EDGE('',*,*,#823,.T.);
#1064=ORIENTED_EDGE('',*,*,#822,.F.);
#1065=ORIENTED_EDGE('',*,*,#823,.F.);
#1066=ORIENTED_EDGE('',*,*,#778,.T.);
#1067=ORIENTED_EDGE('',*,*,#824,.T.);
#1068=ORIENTED_EDGE('',*,*,#825,.F.);
#1069=ORIENTED_EDGE('',*,*,#826,.F.);
#1070=ORIENTED_EDGE('',*,*,#776,.F.);
#1071=ORIENTED_EDGE('',*,*,#827,.F.);
#1072=ORIENTED_EDGE('',*,*,#828,.F.);
#1073=ORIENTED_EDGE('',*,*,#829,.F.);
#1074=ORIENTED_EDGE('',*,*,#777,.T.);
#1075=ORIENTED_EDGE('',*,*,#829,.T.);
#1076=ORIENTED_EDGE('',*,*,#830,.F.);
#1077=ORIENTED_EDGE('',*,*,#824,.F.);
#1078=ORIENTED_EDGE('',*,*,#830,.T.);
#1079=ORIENTED_EDGE('',*,*,#828,.T.);
#1080=ORIENTED_EDGE('',*,*,#831,.F.);
#1081=ORIENTED_EDGE('',*,*,#825,.T.);
#1082=ORIENTED_EDGE('',*,*,#815,.T.);
#1083=ORIENTED_EDGE('',*,*,#821,.T.);
#1084=ORIENTED_EDGE('',*,*,#783,.F.);
#1085=ORIENTED_EDGE('',*,*,#832,.T.);
#1086=ORIENTED_EDGE('',*,*,#833,.F.);
#1087=ORIENTED_EDGE('',*,*,#834,.F.);
#1088=ORIENTED_EDGE('',*,*,#781,.T.);
#1089=ORIENTED_EDGE('',*,*,#835,.F.);
#1090=ORIENTED_EDGE('',*,*,#836,.F.);
#1091=ORIENTED_EDGE('',*,*,#837,.F.);
#1092=ORIENTED_EDGE('',*,*,#782,.T.);
#1093=ORIENTED_EDGE('',*,*,#837,.T.);
#1094=ORIENTED_EDGE('',*,*,#838,.F.);
#1095=ORIENTED_EDGE('',*,*,#832,.F.);
#1096=ORIENTED_EDGE('',*,*,#838,.T.);
#1097=ORIENTED_EDGE('',*,*,#836,.T.);
#1098=ORIENTED_EDGE('',*,*,#839,.F.);
#1099=ORIENTED_EDGE('',*,*,#833,.T.);
#1100=ORIENTED_EDGE('',*,*,#812,.T.);
#1101=ORIENTED_EDGE('',*,*,#818,.T.);
#1102=ORIENTED_EDGE('',*,*,#840,.F.);
#1103=ORIENTED_EDGE('',*,*,#841,.T.);
#1104=ORIENTED_EDGE('',*,*,#796,.T.);
#1105=ORIENTED_EDGE('',*,*,#841,.F.);
#1106=ORIENTED_EDGE('',*,*,#842,.F.);
#1107=ORIENTED_EDGE('',*,*,#843,.F.);
#1108=ORIENTED_EDGE('',*,*,#844,.T.);
#1109=ORIENTED_EDGE('',*,*,#793,.T.);
#1110=ORIENTED_EDGE('',*,*,#844,.F.);
#1111=ORIENTED_EDGE('',*,*,#845,.F.);
#1112=ORIENTED_EDGE('',*,*,#846,.F.);
#1113=ORIENTED_EDGE('',*,*,#847,.T.);
#1114=ORIENTED_EDGE('',*,*,#799,.T.);
#1115=ORIENTED_EDGE('',*,*,#847,.F.);
#1116=ORIENTED_EDGE('',*,*,#848,.F.);
#1117=ORIENTED_EDGE('',*,*,#849,.T.);
#1118=ORIENTED_EDGE('',*,*,#790,.T.);
#1119=ORIENTED_EDGE('',*,*,#849,.F.);
#1120=ORIENTED_EDGE('',*,*,#827,.T.);
#1121=ORIENTED_EDGE('',*,*,#775,.F.);
#1122=ORIENTED_EDGE('',*,*,#834,.T.);
#1123=ORIENTED_EDGE('',*,*,#839,.T.);
#1124=ORIENTED_EDGE('',*,*,#835,.T.);
#1125=ORIENTED_EDGE('',*,*,#780,.F.);
#1126=ORIENTED_EDGE('',*,*,#850,.T.);
#1127=ORIENTED_EDGE('',*,*,#851,.F.);
#1128=ORIENTED_EDGE('',*,*,#850,.F.);
#1129=ORIENTED_EDGE('',*,*,#779,.F.);
#1130=ORIENTED_EDGE('',*,*,#826,.T.);
#1131=ORIENTED_EDGE('',*,*,#831,.T.);
#1132=ORIENTED_EDGE('',*,*,#852,.F.);
#1133=ORIENTED_EDGE('',*,*,#853,.T.);
#1134=ORIENTED_EDGE('',*,*,#854,.F.);
#1135=ORIENTED_EDGE('',*,*,#855,.F.);
#1136=ORIENTED_EDGE('',*,*,#853,.F.);
#1137=ORIENTED_EDGE('',*,*,#852,.T.);
#1138=ORIENTED_EDGE('',*,*,#851,.T.);
#1139=ORIENTED_EDGE('',*,*,#856,.T.);
#1140=ORIENTED_EDGE('',*,*,#857,.F.);
#1141=ORIENTED_EDGE('',*,*,#858,.F.);
#1142=ORIENTED_EDGE('',*,*,#854,.T.);
#1143=ORIENTED_EDGE('',*,*,#855,.T.);
#1144=ORIENTED_EDGE('',*,*,#859,.F.);
#1145=ORIENTED_EDGE('',*,*,#860,.F.);
#1146=ORIENTED_EDGE('',*,*,#861,.T.);
#1147=ORIENTED_EDGE('',*,*,#862,.T.);
#1148=ORIENTED_EDGE('',*,*,#863,.T.);
#1149=ORIENTED_EDGE('',*,*,#864,.T.);
#1150=ORIENTED_EDGE('',*,*,#808,.T.);
#1151=ORIENTED_EDGE('',*,*,#857,.T.);
#1152=ORIENTED_EDGE('',*,*,#865,.T.);
#1153=ORIENTED_EDGE('',*,*,#866,.T.);
#1154=ORIENTED_EDGE('',*,*,#809,.T.);
#1155=ORIENTED_EDGE('',*,*,#769,.T.);
#1156=ORIENTED_EDGE('',*,*,#840,.T.);
#1157=ORIENTED_EDGE('',*,*,#848,.T.);
#1158=ORIENTED_EDGE('',*,*,#802,.T.);
#1159=ORIENTED_EDGE('',*,*,#859,.T.);
#1160=ORIENTED_EDGE('',*,*,#858,.T.);
#1161=ORIENTED_EDGE('',*,*,#806,.T.);
#1162=ORIENTED_EDGE('',*,*,#766,.T.);
#1163=ORIENTED_EDGE('',*,*,#805,.T.);
#1164=ORIENTED_EDGE('',*,*,#867,.T.);
#1165=ORIENTED_EDGE('',*,*,#868,.T.);
#1166=ORIENTED_EDGE('',*,*,#860,.T.);
#1167=ORIENTED_EDGE('',*,*,#800,.T.);
#1168=ORIENTED_EDGE('',*,*,#763,.T.);
#1169=ORIENTED_EDGE('',*,*,#842,.T.);
#1170=ORIENTED_EDGE('',*,*,#843,.T.);
#1171=ORIENTED_EDGE('',*,*,#845,.T.);
#1172=ORIENTED_EDGE('',*,*,#846,.T.);
#1173=ORIENTED_EDGE('',*,*,#734,.T.);
#1174=ORIENTED_EDGE('',*,*,#774,.T.);
#1175=ORIENTED_EDGE('',*,*,#750,.T.);
#1176=ORIENTED_EDGE('',*,*,#773,.T.);
#1177=ORIENTED_EDGE('',*,*,#755,.T.);
#1178=ORIENTED_EDGE('',*,*,#772,.T.);
#1179=ORIENTED_EDGE('',*,*,#811,.T.);
#1180=ORIENTED_EDGE('',*,*,#869,.T.);
#1181=ORIENTED_EDGE('',*,*,#803,.T.);
#1182=ORIENTED_EDGE('',*,*,#760,.T.);
#1183=ORIENTED_EDGE('',*,*,#747,.T.);
#1184=ORIENTED_EDGE('',*,*,#745,.T.);
#1185=ORIENTED_EDGE('',*,*,#738,.T.);
#1186=ORIENTED_EDGE('',*,*,#759,.T.);
#1187=ORIENTED_EDGE('',*,*,#870,.T.);
#1188=ORIENTED_EDGE('',*,*,#867,.F.);
#1189=ORIENTED_EDGE('',*,*,#869,.F.);
#1190=ORIENTED_EDGE('',*,*,#866,.F.);
#1191=ORIENTED_EDGE('',*,*,#871,.T.);
#1192=ORIENTED_EDGE('',*,*,#872,.T.);
#1193=ORIENTED_EDGE('',*,*,#873,.T.);
#1194=ORIENTED_EDGE('',*,*,#874,.T.);
#1195=ORIENTED_EDGE('',*,*,#875,.T.);
#1196=ORIENTED_EDGE('',*,*,#876,.T.);
#1197=ORIENTED_EDGE('',*,*,#877,.T.);
#1198=ORIENTED_EDGE('',*,*,#878,.T.);
#1199=ORIENTED_EDGE('',*,*,#879,.T.);
#1200=ORIENTED_EDGE('',*,*,#880,.T.);
#1201=ORIENTED_EDGE('',*,*,#881,.T.);
#1202=ORIENTED_EDGE('',*,*,#882,.T.);
#1203=ORIENTED_EDGE('',*,*,#883,.T.);
#1204=ORIENTED_EDGE('',*,*,#884,.T.);
#1205=ORIENTED_EDGE('',*,*,#885,.T.);
#1206=ORIENTED_EDGE('',*,*,#886,.T.);
#1207=ORIENTED_EDGE('',*,*,#887,.T.);
#1208=ORIENTED_EDGE('',*,*,#888,.T.);
#1209=ORIENTED_EDGE('',*,*,#889,.T.);
#1210=ORIENTED_EDGE('',*,*,#890,.T.);
#1211=ORIENTED_EDGE('',*,*,#891,.F.);
#1212=ORIENTED_EDGE('',*,*,#892,.T.);
#1213=ORIENTED_EDGE('',*,*,#893,.T.);
#1214=ORIENTED_EDGE('',*,*,#894,.F.);
#1215=ORIENTED_EDGE('',*,*,#895,.F.);
#1216=ORIENTED_EDGE('',*,*,#896,.T.);
#1217=ORIENTED_EDGE('',*,*,#897,.T.);
#1218=ORIENTED_EDGE('',*,*,#898,.T.);
#1219=ORIENTED_EDGE('',*,*,#899,.T.);
#1220=ORIENTED_EDGE('',*,*,#900,.T.);
#1221=ORIENTED_EDGE('',*,*,#901,.T.);
#1222=ORIENTED_EDGE('',*,*,#902,.F.);
#1223=ORIENTED_EDGE('',*,*,#856,.F.);
#1224=ORIENTED_EDGE('',*,*,#903,.T.);
#1225=ORIENTED_EDGE('',*,*,#886,.F.);
#1226=ORIENTED_EDGE('',*,*,#904,.F.);
#1227=ORIENTED_EDGE('',*,*,#883,.F.);
#1228=ORIENTED_EDGE('',*,*,#903,.F.);
#1229=ORIENTED_EDGE('',*,*,#868,.F.);
#1230=ORIENTED_EDGE('',*,*,#905,.T.);
#1231=ORIENTED_EDGE('',*,*,#870,.F.);
#1232=ORIENTED_EDGE('',*,*,#906,.T.);
#1233=ORIENTED_EDGE('',*,*,#884,.F.);
#1234=ORIENTED_EDGE('',*,*,#905,.F.);
#1235=ORIENTED_EDGE('',*,*,#907,.T.);
#1236=ORIENTED_EDGE('',*,*,#889,.F.);
#1237=ORIENTED_EDGE('',*,*,#908,.F.);
#1238=ORIENTED_EDGE('',*,*,#872,.F.);
#1239=ORIENTED_EDGE('',*,*,#909,.T.);
#1240=ORIENTED_EDGE('',*,*,#873,.F.);
#1241=ORIENTED_EDGE('',*,*,#908,.T.);
#1242=ORIENTED_EDGE('',*,*,#888,.F.);
#1243=ORIENTED_EDGE('',*,*,#910,.T.);
#1244=ORIENTED_EDGE('',*,*,#897,.F.);
#1245=ORIENTED_EDGE('',*,*,#911,.F.);
#1246=ORIENTED_EDGE('',*,*,#881,.F.);
#1247=ORIENTED_EDGE('',*,*,#912,.T.);
#1248=ORIENTED_EDGE('',*,*,#877,.F.);
#1249=ORIENTED_EDGE('',*,*,#913,.T.);
#1250=ORIENTED_EDGE('',*,*,#892,.F.);
#1251=ORIENTED_EDGE('',*,*,#914,.T.);
#1252=ORIENTED_EDGE('',*,*,#901,.F.);
#1253=ORIENTED_EDGE('',*,*,#915,.F.);
#1254=ORIENTED_EDGE('',*,*,#863,.F.);
#1255=ORIENTED_EDGE('',*,*,#916,.T.);
#1256=ORIENTED_EDGE('',*,*,#902,.T.);
#1257=ORIENTED_EDGE('',*,*,#914,.F.);
#1258=ORIENTED_EDGE('',*,*,#862,.F.);
#1259=ORIENTED_EDGE('',*,*,#917,.T.);
#1260=ORIENTED_EDGE('',*,*,#874,.F.);
#1261=ORIENTED_EDGE('',*,*,#909,.F.);
#1262=ORIENTED_EDGE('',*,*,#887,.F.);
#1263=ORIENTED_EDGE('',*,*,#918,.T.);
#1264=ORIENTED_EDGE('',*,*,#882,.F.);
#1265=ORIENTED_EDGE('',*,*,#911,.T.);
#1266=ORIENTED_EDGE('',*,*,#896,.F.);
#1267=ORIENTED_EDGE('',*,*,#865,.F.);
#1268=ORIENTED_EDGE('',*,*,#904,.T.);
#1269=ORIENTED_EDGE('',*,*,#885,.F.);
#1270=ORIENTED_EDGE('',*,*,#906,.F.);
#1271=ORIENTED_EDGE('',*,*,#919,.T.);
#1272=ORIENTED_EDGE('',*,*,#864,.F.);
#1273=ORIENTED_EDGE('',*,*,#915,.T.);
#1274=ORIENTED_EDGE('',*,*,#900,.F.);
#1275=ORIENTED_EDGE('',*,*,#920,.T.);
#1276=ORIENTED_EDGE('',*,*,#893,.F.);
#1277=ORIENTED_EDGE('',*,*,#913,.F.);
#1278=ORIENTED_EDGE('',*,*,#876,.F.);
#1279=ORIENTED_EDGE('',*,*,#921,.T.);
#1280=ORIENTED_EDGE('',*,*,#878,.F.);
#1281=ORIENTED_EDGE('',*,*,#912,.F.);
#1282=ORIENTED_EDGE('',*,*,#891,.T.);
#1283=ORIENTED_EDGE('',*,*,#922,.T.);
#1284=ORIENTED_EDGE('',*,*,#898,.F.);
#1285=ORIENTED_EDGE('',*,*,#910,.F.);
#1286=ORIENTED_EDGE('',*,*,#880,.F.);
#1287=ORIENTED_EDGE('',*,*,#922,.F.);
#1288=ORIENTED_EDGE('',*,*,#879,.F.);
#1289=ORIENTED_EDGE('',*,*,#918,.F.);
#1290=ORIENTED_EDGE('',*,*,#895,.T.);
#1291=ORIENTED_EDGE('',*,*,#921,.F.);
#1292=ORIENTED_EDGE('',*,*,#894,.T.);
#1293=ORIENTED_EDGE('',*,*,#920,.F.);
#1294=ORIENTED_EDGE('',*,*,#875,.F.);
#1295=ORIENTED_EDGE('',*,*,#917,.F.);
#1296=ORIENTED_EDGE('',*,*,#890,.F.);
#1297=ORIENTED_EDGE('',*,*,#907,.F.);
#1298=ORIENTED_EDGE('',*,*,#871,.F.);
#1299=ORIENTED_EDGE('',*,*,#916,.F.);
#1300=ORIENTED_EDGE('',*,*,#861,.F.);
#1301=ORIENTED_EDGE('',*,*,#919,.F.);
#1302=ORIENTED_EDGE('',*,*,#899,.F.);
#1303=CYLINDRICAL_SURFACE('',#1419,6.6);
#1304=CYLINDRICAL_SURFACE('',#1428,8.);
#1305=CYLINDRICAL_SURFACE('',#1431,8.5);
#1306=CYLINDRICAL_SURFACE('',#1442,1.6);
#1307=CYLINDRICAL_SURFACE('',#1446,1.6);
#1308=CYLINDRICAL_SURFACE('',#1450,1.6);
#1309=CYLINDRICAL_SURFACE('',#1454,1.59999999999999);
#1310=CYLINDRICAL_SURFACE('',#1474,1.6);
#1311=CYLINDRICAL_SURFACE('',#1478,1.6);
#1312=CYLINDRICAL_SURFACE('',#1482,1.6);
#1313=CYLINDRICAL_SURFACE('',#1486,1.6);
#1314=CYLINDRICAL_SURFACE('',#1500,3.00000000000001);
#1315=CYLINDRICAL_SURFACE('',#1501,3.);
#1316=CYLINDRICAL_SURFACE('',#1502,3.);
#1317=CYLINDRICAL_SURFACE('',#1503,3.);
#1318=CYLINDRICAL_SURFACE('',#1504,47.);
#1319=CYLINDRICAL_SURFACE('',#1506,50.);
#1320=CYLINDRICAL_SURFACE('',#1513,10.);
#1321=CYLINDRICAL_SURFACE('',#1514,10.);
#1322=CYLINDRICAL_SURFACE('',#1515,10.);
#1323=CYLINDRICAL_SURFACE('',#1516,10.);
#1324=ADVANCED_FACE('',(#97),#1303,.F.);
#1325=ADVANCED_FACE('',(#98),#37,.T.);
#1326=ADVANCED_FACE('',(#99),#38,.F.);
#1327=ADVANCED_FACE('',(#100),#39,.F.);
#1328=ADVANCED_FACE('',(#101),#40,.F.);
#1329=ADVANCED_FACE('',(#102),#41,.F.);
#1330=ADVANCED_FACE('',(#103),#1304,.F.);
#1331=ADVANCED_FACE('',(#104),#42,.T.);
#1332=ADVANCED_FACE('',(#105),#1305,.F.);
#1333=ADVANCED_FACE('',(#106),#43,.T.);
#1334=ADVANCED_FACE('',(#107,#15,#16,#17,#18,#19),#44,.T.);
#1335=ADVANCED_FACE('',(#108),#1306,.F.);
#1336=ADVANCED_FACE('',(#109,#20),#45,.F.);
#1337=ADVANCED_FACE('',(#110),#1307,.F.);
#1338=ADVANCED_FACE('',(#111,#21),#46,.F.);
#1339=ADVANCED_FACE('',(#112),#1308,.F.);
#1340=ADVANCED_FACE('',(#113,#22),#47,.F.);
#1341=ADVANCED_FACE('',(#114),#1309,.F.);
#1342=ADVANCED_FACE('',(#115,#23),#48,.F.);
#1343=ADVANCED_FACE('',(#116),#49,.F.);
#1344=ADVANCED_FACE('',(#117),#50,.F.);
#1345=ADVANCED_FACE('',(#118),#51,.F.);
#1346=ADVANCED_FACE('',(#119),#52,.F.);
#1347=ADVANCED_FACE('',(#120),#53,.F.);
#1348=ADVANCED_FACE('',(#121),#54,.F.);
#1349=ADVANCED_FACE('',(#122),#55,.F.);
#1350=ADVANCED_FACE('',(#123),#56,.F.);
#1351=ADVANCED_FACE('',(#124),#1310,.F.);
#1352=ADVANCED_FACE('',(#125),#57,.T.);
#1353=ADVANCED_FACE('',(#126),#1311,.F.);
#1354=ADVANCED_FACE('',(#127),#58,.T.);
#1355=ADVANCED_FACE('',(#128),#1312,.F.);
#1356=ADVANCED_FACE('',(#129),#59,.T.);
#1357=ADVANCED_FACE('',(#130),#1313,.F.);
#1358=ADVANCED_FACE('',(#131),#60,.T.);
#1359=ADVANCED_FACE('',(#132),#61,.T.);
#1360=ADVANCED_FACE('',(#133),#62,.T.);
#1361=ADVANCED_FACE('',(#134),#63,.T.);
#1362=ADVANCED_FACE('',(#135,#24,#25),#64,.F.);
#1363=ADVANCED_FACE('',(#136),#65,.T.);
#1364=ADVANCED_FACE('',(#137),#66,.T.);
#1365=ADVANCED_FACE('',(#138),#67,.T.);
#1366=ADVANCED_FACE('',(#139,#26,#27),#68,.F.);
#1367=ADVANCED_FACE('',(#140),#1314,.F.);
#1368=ADVANCED_FACE('',(#141),#1315,.F.);
#1369=ADVANCED_FACE('',(#142),#1316,.F.);
#1370=ADVANCED_FACE('',(#143),#1317,.F.);
#1371=ADVANCED_FACE('',(#144),#1318,.F.);
#1372=ADVANCED_FACE('',(#145),#1319,.T.);
#1373=ADVANCED_FACE('',(#146,#28),#69,.T.);
#1374=ADVANCED_FACE('',(#147),#70,.T.);
#1375=ADVANCED_FACE('',(#148),#71,.T.);
#1376=ADVANCED_FACE('',(#149,#29,#30),#1320,.T.);
#1377=ADVANCED_FACE('',(#150),#1321,.T.);
#1378=ADVANCED_FACE('',(#151,#31,#32),#1322,.T.);
#1379=ADVANCED_FACE('',(#152),#1323,.T.);
#1380=ADVANCED_FACE('',(#153),#72,.T.);
#1381=ADVANCED_FACE('',(#154),#73,.T.);
#1382=ADVANCED_FACE('',(#155),#74,.T.);
#1383=ADVANCED_FACE('',(#156),#75,.T.);
#1384=ADVANCED_FACE('',(#157,#33,#34,#35,#36),#76,.T.);
#1385=ADVANCED_FACE('',(#158),#77,.T.);
#1386=ADVANCED_FACE('',(#159),#78,.T.);
#1387=ADVANCED_FACE('',(#160),#79,.T.);
#1388=ADVANCED_FACE('',(#161),#80,.F.);
#1389=ADVANCED_FACE('',(#162),#81,.F.);
#1390=ADVANCED_FACE('',(#163),#82,.F.);
#1391=ADVANCED_FACE('',(#164),#83,.F.);
#1392=ADVANCED_FACE('',(#165),#84,.F.);
#1393=ADVANCED_FACE('',(#166),#85,.F.);
#1394=ADVANCED_FACE('',(#167),#86,.T.);
#1395=ADVANCED_FACE('',(#168),#87,.F.);
#1396=ADVANCED_FACE('',(#169),#88,.T.);
#1397=ADVANCED_FACE('',(#170),#89,.F.);
#1398=ADVANCED_FACE('',(#171),#90,.F.);
#1399=ADVANCED_FACE('',(#172),#91,.F.);
#1400=ADVANCED_FACE('',(#173),#92,.T.);
#1401=ADVANCED_FACE('',(#174),#93,.F.);
#1402=ADVANCED_FACE('',(#175),#94,.F.);
#1403=ADVANCED_FACE('',(#176),#95,.T.);
#1404=ADVANCED_FACE('',(#177),#96,.T.);
#1405=CLOSED_SHELL('',(#1324,#1325,#1326,#1327,#1328,#1329,#1330,#1331,
#1332,#1333,#1334,#1335,#1336,#1337,#1338,#1339,#1340,#1341,#1342,#1343,
#1344,#1345,#1346,#1347,#1348,#1349,#1350,#1351,#1352,#1353,#1354,#1355,
#1356,#1357,#1358,#1359,#1360,#1361,#1362,#1363,#1364,#1365,#1366,#1367,
#1368,#1369,#1370,#1371,#1372,#1373,#1374,#1375,#1376,#1377,#1378,#1379,
#1380,#1381,#1382,#1383,#1384,#1385,#1386,#1387,#1388,#1389,#1390,#1391,
#1392,#1393,#1394,#1395,#1396,#1397,#1398,#1399,#1400,#1401,#1402,#1403,
#1404));
#1406=DERIVED_UNIT_ELEMENT(#1408,1.);
#1407=DERIVED_UNIT_ELEMENT(#2531,-3.);
#1408=(
MASS_UNIT()
NAMED_UNIT(*)
SI_UNIT(.KILO.,.GRAM.)
);
#1409=DERIVED_UNIT((#1406,#1407));
#1410=MEASURE_REPRESENTATION_ITEM('density measure',
POSITIVE_RATIO_MEASURE(7850.),#1409);
#1411=PROPERTY_DEFINITION_REPRESENTATION(#1416,#1413);
#1412=PROPERTY_DEFINITION_REPRESENTATION(#1417,#1414);
#1413=REPRESENTATION('material name',(#1415),#2528);
#1414=REPRESENTATION('density',(#1410),#2528);
#1415=DESCRIPTIVE_REPRESENTATION_ITEM('Steel','Steel');
#1416=PROPERTY_DEFINITION('material property','material name',#2538);
#1417=PROPERTY_DEFINITION('material property','density of part',#2538);
#1418=AXIS2_PLACEMENT_3D('',#1929,#1542,#1543);
#1419=AXIS2_PLACEMENT_3D('',#1930,#1544,#1545);
#1420=AXIS2_PLACEMENT_3D('',#1956,#1548,#1549);
#1421=AXIS2_PLACEMENT_3D('',#1957,#1550,#1551);
#1422=AXIS2_PLACEMENT_3D('',#1959,#1553,#1554);
#1423=AXIS2_PLACEMENT_3D('',#1962,#1555,#1556);
#1424=AXIS2_PLACEMENT_3D('',#1968,#1560,#1561);
#1425=AXIS2_PLACEMENT_3D('',#1974,#1565,#1566);
#1426=AXIS2_PLACEMENT_3D('',#1978,#1569,#1570);
#1427=AXIS2_PLACEMENT_3D('',#1980,#1571,#1572);
#1428=AXIS2_PLACEMENT_3D('',#1982,#1574,#1575);
#1429=AXIS2_PLACEMENT_3D('',#2007,#1578,#1579);
#1430=AXIS2_PLACEMENT_3D('',#2008,#1580,#1581);
#1431=AXIS2_PLACEMENT_3D('',#2010,#1583,#1584);
#1432=AXIS2_PLACEMENT_3D('',#2035,#1587,#1588);
#1433=AXIS2_PLACEMENT_3D('',#2036,#1589,#1590);
#1434=AXIS2_PLACEMENT_3D('',#2038,#1592,#1593);
#1435=AXIS2_PLACEMENT_3D('',#2069,#1610,#1611);
#1436=AXIS2_PLACEMENT_3D('',#2077,#1615,#1616);
#1437=AXIS2_PLACEMENT_3D('',#2079,#1617,#1618);
#1438=AXIS2_PLACEMENT_3D('',#2086,#1622,#1623);
#1439=AXIS2_PLACEMENT_3D('',#2088,#1624,#1625);
#1440=AXIS2_PLACEMENT_3D('',#2090,#1626,#1627);
#1441=AXIS2_PLACEMENT_3D('',#2092,#1628,#1629);
#1442=AXIS2_PLACEMENT_3D('',#2093,#1630,#1631);
#1443=AXIS2_PLACEMENT_3D('',#2095,#1632,#1633);
#1444=AXIS2_PLACEMENT_3D('',#2097,#1635,#1636);
#1445=AXIS2_PLACEMENT_3D('',#2099,#1637,#1638);
#1446=AXIS2_PLACEMENT_3D('',#2100,#1639,#1640);
#1447=AXIS2_PLACEMENT_3D('',#2102,#1641,#1642);
#1448=AXIS2_PLACEMENT_3D('',#2104,#1644,#1645);
#1449=AXIS2_PLACEMENT_3D('',#2106,#1646,#1647);
#1450=AXIS2_PLACEMENT_3D('',#2107,#1648,#1649);
#1451=AXIS2_PLACEMENT_3D('',#2109,#1650,#1651);
#1452=AXIS2_PLACEMENT_3D('',#2111,#1653,#1654);
#1453=AXIS2_PLACEMENT_3D('',#2113,#1655,#1656);
#1454=AXIS2_PLACEMENT_3D('',#2114,#1657,#1658);
#1455=AXIS2_PLACEMENT_3D('',#2116,#1659,#1660);
#1456=AXIS2_PLACEMENT_3D('',#2118,#1662,#1663);
#1457=AXIS2_PLACEMENT_3D('',#2120,#1664,#1665);
#1458=AXIS2_PLACEMENT_3D('',#2121,#1666,#1667);
#1459=AXIS2_PLACEMENT_3D('',#2123,#1668,#1669);
#1460=AXIS2_PLACEMENT_3D('',#2125,#1671,#1672);
#1461=AXIS2_PLACEMENT_3D('',#2126,#1673,#1674);
#1462=AXIS2_PLACEMENT_3D('',#2127,#1675,#1676);
#1463=AXIS2_PLACEMENT_3D('',#2129,#1677,#1678);
#1464=AXIS2_PLACEMENT_3D('',#2131,#1680,#1681);
#1465=AXIS2_PLACEMENT_3D('',#2132,#1682,#1683);
#1466=AXIS2_PLACEMENT_3D('',#2133,#1684,#1685);
#1467=AXIS2_PLACEMENT_3D('',#2135,#1686,#1687);
#1468=AXIS2_PLACEMENT_3D('',#2137,#1689,#1690);
#1469=AXIS2_PLACEMENT_3D('',#2138,#1691,#1692);
#1470=AXIS2_PLACEMENT_3D('',#2139,#1693,#1694);
#1471=AXIS2_PLACEMENT_3D('',#2141,#1695,#1696);
#1472=AXIS2_PLACEMENT_3D('',#2143,#1698,#1699);
#1473=AXIS2_PLACEMENT_3D('',#2144,#1700,#1701);
#1474=AXIS2_PLACEMENT_3D('',#2145,#1702,#1703);
#1475=AXIS2_PLACEMENT_3D('',#2147,#1704,#1705);
#1476=AXIS2_PLACEMENT_3D('',#2150,#1707,#1708);
#1477=AXIS2_PLACEMENT_3D('',#2151,#1709,#1710);
#1478=AXIS2_PLACEMENT_3D('',#2152,#1711,#1712);
#1479=AXIS2_PLACEMENT_3D('',#2154,#1713,#1714);
#1480=AXIS2_PLACEMENT_3D('',#2157,#1716,#1717);
#1481=AXIS2_PLACEMENT_3D('',#2158,#1718,#1719);
#1482=AXIS2_PLACEMENT_3D('',#2159,#1720,#1721);
#1483=AXIS2_PLACEMENT_3D('',#2161,#1722,#1723);
#1484=AXIS2_PLACEMENT_3D('',#2164,#1725,#1726);
#1485=AXIS2_PLACEMENT_3D('',#2165,#1727,#1728);
#1486=AXIS2_PLACEMENT_3D('',#2166,#1729,#1730);
#1487=AXIS2_PLACEMENT_3D('',#2168,#1731,#1732);
#1488=AXIS2_PLACEMENT_3D('',#2171,#1734,#1735);
#1489=AXIS2_PLACEMENT_3D('',#2172,#1736,#1737);
#1490=AXIS2_PLACEMENT_3D('',#2173,#1738,#1739);
#1491=AXIS2_PLACEMENT_3D('',#2179,#1743,#1744);
#1492=AXIS2_PLACEMENT_3D('',#2185,#1748,#1749);
#1493=AXIS2_PLACEMENT_3D('',#2187,#1751,#1752);
#1494=AXIS2_PLACEMENT_3D('',#2188,#1753,#1754);
#1495=AXIS2_PLACEMENT_3D('',#2189,#1755,#1756);
#1496=AXIS2_PLACEMENT_3D('',#2195,#1760,#1761);
#1497=AXIS2_PLACEMENT_3D('',#2201,#1765,#1766);
#1498=AXIS2_PLACEMENT_3D('',#2203,#1768,#1769);
#1499=AXIS2_PLACEMENT_3D('',#2204,#1770,#1771);
#1500=AXIS2_PLACEMENT_3D('',#2205,#1772,#1773);
#1501=AXIS2_PLACEMENT_3D('',#2246,#1775,#1776);
#1502=AXIS2_PLACEMENT_3D('',#2290,#1778,#1779);
#1503=AXIS2_PLACEMENT_3D('',#2334,#1781,#1782);
#1504=AXIS2_PLACEMENT_3D('',#2375,#1784,#1785);
#1505=AXIS2_PLACEMENT_3D('',#2378,#1787,#1788);
#1506=AXIS2_PLACEMENT_3D('',#2379,#1789,#1790);
#1507=AXIS2_PLACEMENT_3D('',#2381,#1791,#1792);
#1508=AXIS2_PLACEMENT_3D('',#2385,#1794,#1795);
#1509=AXIS2_PLACEMENT_3D('',#2386,#1796,#1797);
#1510=AXIS2_PLACEMENT_3D('',#2387,#1798,#1799);
#1511=AXIS2_PLACEMENT_3D('',#2388,#1800,#1801);
#1512=AXIS2_PLACEMENT_3D('',#2396,#1807,#1808);
#1513=AXIS2_PLACEMENT_3D('',#2405,#1813,#1814);
#1514=AXIS2_PLACEMENT_3D('',#2409,#1817,#1818);
#1515=AXIS2_PLACEMENT_3D('',#2410,#1819,#1820);
#1516=AXIS2_PLACEMENT_3D('',#2414,#1823,#1824);
#1517=AXIS2_PLACEMENT_3D('',#2416,#1826,#1827);
#1518=AXIS2_PLACEMENT_3D('',#2418,#1829,#1830);
#1519=AXIS2_PLACEMENT_3D('',#2427,#1835,#1836);
#1520=AXIS2_PLACEMENT_3D('',#2436,#1841,#1842);
#1521=AXIS2_PLACEMENT_3D('',#2445,#1847,#1848);
#1522=AXIS2_PLACEMENT_3D('',#2486,#1869,#1870);
#1523=AXIS2_PLACEMENT_3D('',#2489,#1873,#1874);
#1524=AXIS2_PLACEMENT_3D('',#2491,#1876,#1877);
#1525=AXIS2_PLACEMENT_3D('',#2493,#1879,#1880);
#1526=AXIS2_PLACEMENT_3D('',#2496,#1883,#1884);
#1527=AXIS2_PLACEMENT_3D('',#2498,#1886,#1887);
#1528=AXIS2_PLACEMENT_3D('',#2501,#1890,#1891);
#1529=AXIS2_PLACEMENT_3D('',#2504,#1894,#1895);
#1530=AXIS2_PLACEMENT_3D('',#2507,#1898,#1899);
#1531=AXIS2_PLACEMENT_3D('',#2509,#1901,#1902);
#1532=AXIS2_PLACEMENT_3D('',#2511,#1904,#1905);
#1533=AXIS2_PLACEMENT_3D('',#2513,#1907,#1908);
#1534=AXIS2_PLACEMENT_3D('',#2514,#1909,#1910);
#1535=AXIS2_PLACEMENT_3D('',#2516,#1912,#1913);
#1536=AXIS2_PLACEMENT_3D('',#2518,#1915,#1916);
#1537=AXIS2_PLACEMENT_3D('',#2520,#1918,#1919);
#1538=AXIS2_PLACEMENT_3D('',#2522,#1921,#1922);
#1539=AXIS2_PLACEMENT_3D('',#2523,#1923,#1924);
#1540=AXIS2_PLACEMENT_3D('',#2524,#1925,#1926);
#1541=AXIS2_PLACEMENT_3D('',#2525,#1927,#1928);
#1542=DIRECTION('axis',(0.,0.,1.));
#1543=DIRECTION('refdir',(1.,0.,0.));
#1544=DIRECTION('center_axis',(0.,0.,1.));
#1545=DIRECTION('ref_axis',(-1.,-3.17816803025019E-47,0.));
#1546=DIRECTION('',(0.,0.,1.));
#1547=DIRECTION('',(0.,0.,-1.));
#1548=DIRECTION('center_axis',(-7.51538584151294E-92,2.36469115854813E-45,
1.));
#1549=DIRECTION('ref_axis',(-1.,-3.17816803025019E-47,0.));
#1550=DIRECTION('center_axis',(7.51538584151294E-92,-2.36469115854813E-45,
-1.));
#1551=DIRECTION('ref_axis',(-1.,-3.17816803025019E-47,0.));
#1552=DIRECTION('',(1.,0.,7.51538584151294E-92));
#1553=DIRECTION('center_axis',(-1.,1.28102656687518E-15,0.));
#1554=DIRECTION('ref_axis',(-1.28102656687518E-15,-1.,2.36469115854813E-45));
#1555=DIRECTION('center_axis',(-1.,1.28102656687518E-15,0.));
#1556=DIRECTION('ref_axis',(0.,0.707106781186547,-0.707106781186547));
#1557=DIRECTION('',(0.,0.,1.));
#1558=DIRECTION('',(-1.28102656687518E-15,-1.,2.36469115854813E-45));
#1559=DIRECTION('',(0.,0.,1.));
#1560=DIRECTION('center_axis',(0.,0.,1.));
#1561=DIRECTION('ref_axis',(1.,0.,0.));
#1562=DIRECTION('',(1.,0.,0.));
#1563=DIRECTION('',(-1.,-5.53382192959581E-16,1.3085779789895E-60));
#1564=DIRECTION('',(1.28102656687518E-15,1.,-2.36469115854813E-45));
#1565=DIRECTION('center_axis',(-5.53382192959581E-16,1.,0.));
#1566=DIRECTION('ref_axis',(-1.,-5.53382192959581E-16,1.3085779789895E-60));
#1567=DIRECTION('',(-1.,0.,0.));
#1568=DIRECTION('',(0.,0.,1.));
#1569=DIRECTION('center_axis',(1.,-1.28102656687518E-15,0.));
#1570=DIRECTION('ref_axis',(1.28102656687518E-15,1.,-2.36469115854813E-45));
#1571=DIRECTION('center_axis',(1.,-1.28102656687518E-15,0.));
#1572=DIRECTION('ref_axis',(0.,0.707106781186547,-0.707106781186547));
#1573=DIRECTION('',(0.,0.,-1.));
#1574=DIRECTION('center_axis',(0.,0.,1.));
#1575=DIRECTION('ref_axis',(-1.,-3.17816803025019E-47,0.));
#1576=DIRECTION('',(0.,0.,1.));
#1577=DIRECTION('',(0.,0.,-1.));
#1578=DIRECTION('center_axis',(-7.51538584151294E-92,2.36469115854813E-45,
1.));
#1579=DIRECTION('ref_axis',(-1.,-3.17816803025019E-47,0.));
#1580=DIRECTION('center_axis',(7.51538584151294E-92,-2.36469115854813E-45,
-1.));
#1581=DIRECTION('ref_axis',(-1.,-3.17816803025019E-47,0.));
#1582=DIRECTION('',(1.,0.,7.51538584151294E-92));
#1583=DIRECTION('center_axis',(0.,0.,1.));
#1584=DIRECTION('ref_axis',(-1.,-3.17816803025019E-47,0.));
#1585=DIRECTION('',(0.,0.,1.));
#1586=DIRECTION('',(0.,0.,-1.));
#1587=DIRECTION('center_axis',(-7.51538584151294E-92,2.36469115854813E-45,
1.));
#1588=DIRECTION('ref_axis',(-1.,-3.17816803025019E-47,0.));
#1589=DIRECTION('center_axis',(7.51538584151294E-92,-2.36469115854813E-45,
-1.));
#1590=DIRECTION('ref_axis',(-1.,-3.17816803025019E-47,0.));
#1591=DIRECTION('',(1.,0.,7.51538584151294E-92));
#1592=DIRECTION('center_axis',(0.,-1.,0.));
#1593=DIRECTION('ref_axis',(0.,0.,-1.));
#1594=DIRECTION('',(-1.,0.,0.));
#1595=DIRECTION('',(-1.,0.,0.));
#1596=DIRECTION('',(0.,0.,1.));
#1597=DIRECTION('',(1.,0.,0.));
#1598=DIRECTION('',(3.70074341541719E-16,0.,-1.));
#1599=DIRECTION('',(-1.,0.,0.));
#1600=DIRECTION('',(0.,0.,1.));
#1601=DIRECTION('',(1.,0.,0.));
#1602=DIRECTION('',(0.,0.,-1.));
#1603=DIRECTION('',(-1.,0.,0.));
#1604=DIRECTION('',(-1.48029736616688E-16,0.,1.));
#1605=DIRECTION('',(1.,0.,0.));
#1606=DIRECTION('',(0.,0.,-1.));
#1607=DIRECTION('',(-1.,0.,0.));
#1608=DIRECTION('',(-1.,0.,0.));
#1609=DIRECTION('',(-1.,0.,0.));
#1610=DIRECTION('center_axis',(0.,1.,0.));
#1611=DIRECTION('ref_axis',(-1.,0.,0.));
#1612=DIRECTION('',(0.,0.,-1.));
#1613=DIRECTION('',(-1.,0.,0.));
#1614=DIRECTION('',(0.,0.,-1.));
#1615=DIRECTION('center_axis',(0.,1.,0.));
#1616=DIRECTION('ref_axis',(-1.,0.,0.));
#1617=DIRECTION('center_axis',(0.,1.,0.));
#1618=DIRECTION('ref_axis',(-1.,0.,0.));
#1619=DIRECTION('',(0.,0.,-1.));
#1620=DIRECTION('',(1.,0.,0.));
#1621=DIRECTION('',(0.,0.,-1.));
#1622=DIRECTION('center_axis',(0.,1.,0.));
#1623=DIRECTION('ref_axis',(1.,0.,0.));
#1624=DIRECTION('center_axis',(0.,1.,0.));
#1625=DIRECTION('ref_axis',(1.,0.,0.));
#1626=DIRECTION('center_axis',(0.,1.,0.));
#1627=DIRECTION('ref_axis',(1.,0.,0.));
#1628=DIRECTION('center_axis',(0.,1.,0.));
#1629=DIRECTION('ref_axis',(1.,0.,0.));
#1630=DIRECTION('center_axis',(0.,1.,0.));
#1631=DIRECTION('ref_axis',(1.,0.,0.));
#1632=DIRECTION('center_axis',(0.,-1.,0.));
#1633=DIRECTION('ref_axis',(1.,0.,0.));
#1634=DIRECTION('',(0.,-1.,0.));
#1635=DIRECTION('center_axis',(0.,-1.,0.));
#1636=DIRECTION('ref_axis',(1.,0.,0.));
#1637=DIRECTION('center_axis',(0.,-1.,0.));
#1638=DIRECTION('ref_axis',(-1.,0.,0.));
#1639=DIRECTION('center_axis',(0.,1.,0.));
#1640=DIRECTION('ref_axis',(1.,0.,0.));
#1641=DIRECTION('center_axis',(0.,-1.,0.));
#1642=DIRECTION('ref_axis',(1.,0.,0.));
#1643=DIRECTION('',(0.,-1.,0.));
#1644=DIRECTION('center_axis',(0.,-1.,0.));
#1645=DIRECTION('ref_axis',(1.,0.,0.));
#1646=DIRECTION('center_axis',(0.,-1.,0.));
#1647=DIRECTION('ref_axis',(-1.,0.,0.));
#1648=DIRECTION('center_axis',(0.,1.,0.));
#1649=DIRECTION('ref_axis',(1.,0.,0.));
#1650=DIRECTION('center_axis',(0.,-1.,0.));
#1651=DIRECTION('ref_axis',(1.,0.,0.));
#1652=DIRECTION('',(0.,-1.,0.));
#1653=DIRECTION('center_axis',(0.,-1.,0.));
#1654=DIRECTION('ref_axis',(1.,0.,0.));
#1655=DIRECTION('center_axis',(0.,-1.,0.));
#1656=DIRECTION('ref_axis',(-1.,0.,0.));
#1657=DIRECTION('center_axis',(0.,1.,0.));
#1658=DIRECTION('ref_axis',(1.,0.,0.));
#1659=DIRECTION('center_axis',(0.,-1.,0.));
#1660=DIRECTION('ref_axis',(1.,0.,0.));
#1661=DIRECTION('',(0.,-1.,0.));
#1662=DIRECTION('center_axis',(0.,-1.,0.));
#1663=DIRECTION('ref_axis',(1.,0.,0.));
#1664=DIRECTION('center_axis',(0.,-1.,0.));
#1665=DIRECTION('ref_axis',(-1.,0.,0.));
#1666=DIRECTION('center_axis',(0.,0.,-1.));
#1667=DIRECTION('ref_axis',(1.,0.,0.));
#1668=DIRECTION('center_axis',(0.,0.,1.));
#1669=DIRECTION('ref_axis',(0.,1.,0.));
#1670=DIRECTION('',(0.,-1.,0.));
#1671=DIRECTION('center_axis',(-1.,0.,0.));
#1672=DIRECTION('ref_axis',(0.,0.,-1.));
#1673=DIRECTION('center_axis',(1.,0.,0.));
#1674=DIRECTION('ref_axis',(0.,0.,1.));
#1675=DIRECTION('center_axis',(-1.,0.,0.));
#1676=DIRECTION('ref_axis',(0.,0.,-1.));
#1677=DIRECTION('center_axis',(1.,0.,0.));
#1678=DIRECTION('ref_axis',(0.,1.,0.));
#1679=DIRECTION('',(0.,-1.,0.));
#1680=DIRECTION('center_axis',(0.,0.,1.));
#1681=DIRECTION('ref_axis',(-1.,0.,0.));
#1682=DIRECTION('center_axis',(0.,0.,-1.));
#1683=DIRECTION('ref_axis',(1.,0.,0.));
#1684=DIRECTION('center_axis',(1.,0.,0.));
#1685=DIRECTION('ref_axis',(0.,0.,1.));
#1686=DIRECTION('center_axis',(-1.,0.,0.));
#1687=DIRECTION('ref_axis',(0.,1.,0.));
#1688=DIRECTION('',(0.,-1.,0.));
#1689=DIRECTION('center_axis',(0.,0.,-1.));
#1690=DIRECTION('ref_axis',(1.,0.,0.));
#1691=DIRECTION('center_axis',(0.,0.,1.));
#1692=DIRECTION('ref_axis',(-1.,0.,0.));
#1693=DIRECTION('center_axis',(0.,0.,1.));
#1694=DIRECTION('ref_axis',(-1.,0.,0.));
#1695=DIRECTION('center_axis',(0.,0.,-1.));
#1696=DIRECTION('ref_axis',(0.,1.,0.));
#1697=DIRECTION('',(0.,-1.,0.));
#1698=DIRECTION('center_axis',(1.,0.,0.));
#1699=DIRECTION('ref_axis',(0.,0.,1.));
#1700=DIRECTION('center_axis',(-1.,0.,0.));
#1701=DIRECTION('ref_axis',(0.,0.,-1.));
#1702=DIRECTION('center_axis',(0.,-1.,0.));
#1703=DIRECTION('ref_axis',(-1.,0.,0.));
#1704=DIRECTION('center_axis',(0.,1.,0.));
#1705=DIRECTION('ref_axis',(-1.,0.,0.));
#1706=DIRECTION('',(0.,-1.,0.));
#1707=DIRECTION('center_axis',(0.,-1.,0.));
#1708=DIRECTION('ref_axis',(-1.,0.,0.));
#1709=DIRECTION('center_axis',(0.,1.,0.));
#1710=DIRECTION('ref_axis',(-1.,0.,0.));
#1711=DIRECTION('center_axis',(0.,-1.,0.));
#1712=DIRECTION('ref_axis',(-1.,0.,0.));
#1713=DIRECTION('center_axis',(0.,1.,0.));
#1714=DIRECTION('ref_axis',(-1.,0.,0.));
#1715=DIRECTION('',(0.,-1.,0.));
#1716=DIRECTION('center_axis',(0.,-1.,0.));
#1717=DIRECTION('ref_axis',(-1.,0.,0.));
#1718=DIRECTION('center_axis',(0.,1.,0.));
#1719=DIRECTION('ref_axis',(-1.,0.,0.));
#1720=DIRECTION('center_axis',(0.,-1.,0.));
#1721=DIRECTION('ref_axis',(-1.,0.,0.));
#1722=DIRECTION('center_axis',(0.,1.,0.));
#1723=DIRECTION('ref_axis',(-1.,0.,0.));
#1724=DIRECTION('',(0.,-1.,0.));
#1725=DIRECTION('center_axis',(0.,-1.,0.));
#1726=DIRECTION('ref_axis',(-1.,0.,0.));
#1727=DIRECTION('center_axis',(0.,1.,0.));
#1728=DIRECTION('ref_axis',(-1.,0.,0.));
#1729=DIRECTION('center_axis',(0.,-1.,0.));
#1730=DIRECTION('ref_axis',(-1.,0.,0.));
#1731=DIRECTION('center_axis',(0.,1.,0.));
#1732=DIRECTION('ref_axis',(-1.,0.,0.));
#1733=DIRECTION('',(0.,-1.,0.));
#1734=DIRECTION('center_axis',(0.,-1.,0.));
#1735=DIRECTION('ref_axis',(-1.,0.,0.));
#1736=DIRECTION('center_axis',(0.,1.,0.));
#1737=DIRECTION('ref_axis',(-1.,0.,0.));
#1738=DIRECTION('center_axis',(1.,0.,0.));
#1739=DIRECTION('ref_axis',(0.,0.,-1.));
#1740=DIRECTION('',(0.,1.,0.));
#1741=DIRECTION('',(0.,0.,-1.));
#1742=DIRECTION('',(0.,1.,0.));
#1743=DIRECTION('center_axis',(-1.,0.,0.));
#1744=DIRECTION('ref_axis',(0.,0.,1.));
#1745=DIRECTION('',(0.,-1.,0.));
#1746=DIRECTION('',(0.,0.,1.));
#1747=DIRECTION('',(0.,1.,0.));
#1748=DIRECTION('center_axis',(0.,0.,-1.));
#1749=DIRECTION('ref_axis',(-1.,0.,0.));
#1750=DIRECTION('',(-1.,0.,0.));
#1751=DIRECTION('center_axis',(0.,-1.,0.));
#1752=DIRECTION('ref_axis',(1.,0.,0.));
#1753=DIRECTION('center_axis',(0.,-1.,0.));
#1754=DIRECTION('ref_axis',(-1.,0.,0.));
#1755=DIRECTION('center_axis',(-1.,0.,0.));
#1756=DIRECTION('ref_axis',(0.,0.,1.));
#1757=DIRECTION('',(0.,1.,0.));
#1758=DIRECTION('',(0.,0.,1.));
#1759=DIRECTION('',(0.,1.,0.));
#1760=DIRECTION('center_axis',(1.,0.,0.));
#1761=DIRECTION('ref_axis',(0.,0.,-1.));
#1762=DIRECTION('',(0.,-1.,0.));
#1763=DIRECTION('',(0.,0.,-1.));
#1764=DIRECTION('',(0.,1.,0.));
#1765=DIRECTION('center_axis',(0.,0.,1.));
#1766=DIRECTION('ref_axis',(1.,0.,0.));
#1767=DIRECTION('',(1.,0.,0.));
#1768=DIRECTION('center_axis',(0.,-1.,0.));
#1769=DIRECTION('ref_axis',(1.,0.,0.));
#1770=DIRECTION('center_axis',(0.,-1.,0.));
#1771=DIRECTION('ref_axis',(-1.,0.,0.));
#1772=DIRECTION('center_axis',(0.,-1.,0.));
#1773=DIRECTION('ref_axis',(-1.,0.,0.));
#1774=DIRECTION('',(0.,-1.,0.));
#1775=DIRECTION('center_axis',(0.,-1.,0.));
#1776=DIRECTION('ref_axis',(-1.,0.,0.));
#1777=DIRECTION('',(0.,-1.,0.));
#1778=DIRECTION('center_axis',(0.,-1.,0.));
#1779=DIRECTION('ref_axis',(-1.,0.,0.));
#1780=DIRECTION('',(0.,-1.,0.));
#1781=DIRECTION('center_axis',(0.,-1.,0.));
#1782=DIRECTION('ref_axis',(-1.,0.,0.));
#1783=DIRECTION('',(0.,-1.,0.));
#1784=DIRECTION('center_axis',(0.,1.,0.));
#1785=DIRECTION('ref_axis',(-1.,0.,0.));
#1786=DIRECTION('',(0.,1.,0.));
#1787=DIRECTION('center_axis',(0.,-1.,0.));
#1788=DIRECTION('ref_axis',(-1.,0.,0.));
#1789=DIRECTION('center_axis',(0.,1.,0.));
#1790=DIRECTION('ref_axis',(-1.,0.,0.));
#1791=DIRECTION('center_axis',(0.,1.,0.));
#1792=DIRECTION('ref_axis',(-1.,0.,0.));
#1793=DIRECTION('',(0.,-1.,0.));
#1794=DIRECTION('center_axis',(0.,-1.,0.));
#1795=DIRECTION('ref_axis',(-1.,0.,0.));
#1796=DIRECTION('center_axis',(0.,-1.,0.));
#1797=DIRECTION('ref_axis',(-1.,0.,0.));
#1798=DIRECTION('center_axis',(0.,1.,0.));
#1799=DIRECTION('ref_axis',(-1.,0.,0.));
#1800=DIRECTION('center_axis',(0.,1.,0.));
#1801=DIRECTION('ref_axis',(0.,0.,1.));
#1802=DIRECTION('',(-1.,0.,-2.96059473233375E-16));
#1803=DIRECTION('',(1.48029736616688E-16,0.,-1.));
#1804=DIRECTION('',(-1.,0.,0.));
#1805=DIRECTION('',(-1.,0.,0.));
#1806=DIRECTION('',(-3.70074341541719E-16,0.,1.));
#1807=DIRECTION('center_axis',(0.,1.,0.));
#1808=DIRECTION('ref_axis',(0.,0.,1.));
#1809=DIRECTION('',(-1.,0.,-7.40148683083438E-17));
#1810=DIRECTION('',(-2.43508344782646E-16,0.,1.));
#1811=DIRECTION('',(1.,0.,2.96059473233375E-16));
#1812=DIRECTION('',(2.42230478100034E-16,0.,-1.));
#1813=DIRECTION('center_axis',(-1.48029736616688E-16,0.,1.));
#1814=DIRECTION('ref_axis',(-0.707106781186547,0.707106781186547,0.));
#1815=DIRECTION('',(1.48029736616688E-16,0.,-1.));
#1816=DIRECTION('',(1.48029736616688E-16,0.,-1.));
#1817=DIRECTION('center_axis',(1.,0.,0.));
#1818=DIRECTION('ref_axis',(0.,0.707106781186547,0.707106781186547));
#1819=DIRECTION('center_axis',(3.70074341541719E-16,0.,-1.));
#1820=DIRECTION('ref_axis',(0.707106781186547,0.707106781186547,0.));
#1821=DIRECTION('',(-3.70074341541719E-16,0.,1.));
#1822=DIRECTION('',(-3.70074341541719E-16,0.,1.));
#1823=DIRECTION('center_axis',(-1.,0.,0.));
#1824=DIRECTION('ref_axis',(0.,0.707106781186547,-0.707106781186547));
#1825=DIRECTION('',(1.,0.,0.));
#1826=DIRECTION('center_axis',(0.,1.,0.));
#1827=DIRECTION('ref_axis',(0.,0.,1.));
#1828=DIRECTION('',(1.,0.,0.));
#1829=DIRECTION('center_axis',(0.,1.,0.));
#1830=DIRECTION('ref_axis',(0.,0.,1.));
#1831=DIRECTION('',(-1.,0.,-7.40148683083438E-17));
#1832=DIRECTION('',(-1.61486985400023E-16,0.,1.));
#1833=DIRECTION('',(1.,0.,2.96059473233375E-16));
#1834=DIRECTION('',(2.43508344782646E-16,0.,-1.));
#1835=DIRECTION('center_axis',(0.,1.,0.));
#1836=DIRECTION('ref_axis',(0.,0.,1.));
#1837=DIRECTION('',(1.,0.,7.40148683083438E-17));
#1838=DIRECTION('',(2.42230478100034E-16,0.,-1.));
#1839=DIRECTION('',(-1.,0.,0.));
#1840=DIRECTION('',(-2.43508344782646E-16,0.,1.));
#1841=DIRECTION('center_axis',(0.,1.,0.));
#1842=DIRECTION('ref_axis',(0.,0.,1.));
#1843=DIRECTION('',(1.,0.,7.40148683083438E-17));
#1844=DIRECTION('',(2.43508344782646E-16,0.,-1.));
#1845=DIRECTION('',(-1.,0.,0.));
#1846=DIRECTION('',(-1.61486985400023E-16,0.,1.));
#1847=DIRECTION('center_axis',(0.,1.,0.));
#1848=DIRECTION('ref_axis',(0.,0.,1.));
#1849=DIRECTION('',(2.42230478100034E-16,0.,-1.));
#1850=DIRECTION('',(-1.,0.,0.));
#1851=DIRECTION('',(-1.61486985400023E-16,0.,1.));
#1852=DIRECTION('',(1.,0.,2.96059473233375E-16));
#1853=DIRECTION('',(-2.43508344782646E-16,0.,1.));
#1854=DIRECTION('',(-1.,0.,-2.96059473233375E-16));
#1855=DIRECTION('',(1.61486985400023E-16,0.,-1.));
#1856=DIRECTION('',(1.,0.,7.40148683083438E-17));
#1857=DIRECTION('',(-2.43508344782646E-16,0.,1.));
#1858=DIRECTION('',(1.,0.,0.));
#1859=DIRECTION('',(-2.42230478100034E-16,0.,1.));
#1860=DIRECTION('',(1.,0.,7.40148683083438E-17));
#1861=DIRECTION('',(1.,0.,7.40148683083438E-17));
#1862=DIRECTION('',(1.61486985400023E-16,0.,-1.));
#1863=DIRECTION('',(1.,0.,0.));
#1864=DIRECTION('',(-2.43508344782646E-16,0.,1.));
#1865=DIRECTION('',(1.,0.,7.40148683083438E-17));
#1866=DIRECTION('',(-2.42230478100034E-16,0.,1.));
#1867=DIRECTION('',(-1.,0.,-2.96059473233375E-16));
#1868=DIRECTION('',(-2.43508344782646E-16,0.,1.));
#1869=DIRECTION('center_axis',(-2.96059473233375E-16,0.,1.));
#1870=DIRECTION('ref_axis',(1.,0.,2.96059473233375E-16));
#1871=DIRECTION('',(0.,1.,0.));
#1872=DIRECTION('',(0.,1.,0.));
#1873=DIRECTION('center_axis',(1.,0.,2.42230478100034E-16));
#1874=DIRECTION('ref_axis',(2.42230478100034E-16,0.,-1.));
#1875=DIRECTION('',(0.,1.,0.));
#1876=DIRECTION('center_axis',(0.,0.,-1.));
#1877=DIRECTION('ref_axis',(-1.,0.,0.));
#1878=DIRECTION('',(0.,1.,0.));
#1879=DIRECTION('center_axis',(-1.,0.,-1.61486985400023E-16));
#1880=DIRECTION('ref_axis',(-1.61486985400023E-16,0.,1.));
#1881=DIRECTION('',(0.,1.,0.));
#1882=DIRECTION('',(0.,-1.,0.));
#1883=DIRECTION('center_axis',(-2.96059473233375E-16,0.,1.));
#1884=DIRECTION('ref_axis',(1.,0.,2.96059473233375E-16));
#1885=DIRECTION('',(0.,-1.,0.));
#1886=DIRECTION('center_axis',(0.,0.,-1.));
#1887=DIRECTION('ref_axis',(-1.,0.,0.));
#1888=DIRECTION('',(0.,1.,0.));
#1889=DIRECTION('',(0.,1.,0.));
#1890=DIRECTION('center_axis',(0.,0.,-1.));
#1891=DIRECTION('ref_axis',(-1.,0.,0.));
#1892=DIRECTION('',(0.,-1.,0.));
#1893=DIRECTION('',(0.,-1.,0.));
#1894=DIRECTION('center_axis',(-2.96059473233375E-16,0.,1.));
#1895=DIRECTION('ref_axis',(1.,0.,2.96059473233375E-16));
#1896=DIRECTION('',(0.,1.,0.));
#1897=DIRECTION('',(0.,-1.,0.));
#1898=DIRECTION('center_axis',(-1.,0.,-2.43508344782646E-16));
#1899=DIRECTION('ref_axis',(-2.43508344782646E-16,0.,1.));
#1900=DIRECTION('',(0.,1.,0.));
#1901=DIRECTION('center_axis',(-1.,0.,-2.43508344782646E-16));
#1902=DIRECTION('ref_axis',(-2.43508344782646E-16,0.,1.));
#1903=DIRECTION('',(0.,-1.,0.));
#1904=DIRECTION('center_axis',(-1.,0.,-1.61486985400023E-16));
#1905=DIRECTION('ref_axis',(-1.61486985400023E-16,0.,1.));
#1906=DIRECTION('',(0.,-1.,0.));
#1907=DIRECTION('center_axis',(-1.,0.,-1.61486985400023E-16));
#1908=DIRECTION('ref_axis',(-1.61486985400023E-16,0.,1.));
#1909=DIRECTION('center_axis',(1.,0.,2.42230478100034E-16));
#1910=DIRECTION('ref_axis',(2.42230478100034E-16,0.,-1.));
#1911=DIRECTION('',(0.,-1.,0.));
#1912=DIRECTION('center_axis',(1.,0.,2.42230478100034E-16));
#1913=DIRECTION('ref_axis',(2.42230478100034E-16,0.,-1.));
#1914=DIRECTION('',(0.,1.,0.));
#1915=DIRECTION('center_axis',(-1.,0.,-2.43508344782646E-16));
#1916=DIRECTION('ref_axis',(-2.43508344782646E-16,0.,1.));
#1917=DIRECTION('',(0.,-1.,0.));
#1918=DIRECTION('center_axis',(-1.,0.,-2.43508344782646E-16));
#1919=DIRECTION('ref_axis',(-2.43508344782646E-16,0.,1.));
#1920=DIRECTION('',(0.,1.,0.));
#1921=DIRECTION('center_axis',(-7.40148683083438E-17,0.,1.));
#1922=DIRECTION('ref_axis',(1.,0.,7.40148683083438E-17));
#1923=DIRECTION('center_axis',(-7.40148683083438E-17,0.,1.));
#1924=DIRECTION('ref_axis',(1.,0.,7.40148683083438E-17));
#1925=DIRECTION('center_axis',(-7.40148683083438E-17,0.,1.));
#1926=DIRECTION('ref_axis',(1.,0.,7.40148683083438E-17));
#1927=DIRECTION('center_axis',(-7.40148683083438E-17,0.,1.));
#1928=DIRECTION('ref_axis',(1.,0.,7.40148683083438E-17));
#1929=CARTESIAN_POINT('',(0.,0.,0.));
#1930=CARTESIAN_POINT('Origin',(-8.6230472103319,37.8467539194906,-120.));
#1931=CARTESIAN_POINT('',(-14.8619198101508,40.,-120.));
#1932=CARTESIAN_POINT('',(-14.8619198101508,40.,-117.));
#1933=CARTESIAN_POINT('',(-14.8619198101508,40.,-120.));
#1934=CARTESIAN_POINT('',(-2.384174610513,40.,-120.));
#1935=CARTESIAN_POINT('Ctrl Pts',(-2.384174610513,40.,-120.));
#1936=CARTESIAN_POINT('Ctrl Pts',(-2.42358090792061,40.1141768566919,-120.));
#1937=CARTESIAN_POINT('Ctrl Pts',(-2.4661743105242,40.227413870801,-119.998041652956));
#1938=CARTESIAN_POINT('Ctrl Pts',(-2.84117099474552,41.1467921473078,-119.966820538533));
#1939=CARTESIAN_POINT('Ctrl Pts',(-3.34002170519286,41.8858559589767,-119.838920356534));
#1940=CARTESIAN_POINT('Ctrl Pts',(-4.49721264565994,43.065828875803,-119.538413897272));
#1941=CARTESIAN_POINT('Ctrl Pts',(-5.23861266301618,43.5821187196568,-119.34395059043));
#1942=CARTESIAN_POINT('Ctrl Pts',(-6.87513300528592,44.2727622442744,-119.049005807141));
#1943=CARTESIAN_POINT('Ctrl Pts',(-7.77190766197111,44.4467539194906,-118.956917973248));
#1944=CARTESIAN_POINT('Ctrl Pts',(-8.6230472103319,44.4467539194906,-118.956917973248));
#1945=CARTESIAN_POINT('Ctrl Pts',(-9.47418675869268,44.4467539194906,-118.956917973248));
#1946=CARTESIAN_POINT('Ctrl Pts',(-10.3709614153779,44.2727622442744,-119.049005807141));
#1947=CARTESIAN_POINT('Ctrl Pts',(-12.0074817576476,43.5821187196568,-119.34395059043));
#1948=CARTESIAN_POINT('Ctrl Pts',(-12.7488817750039,43.065828875803,-119.538413897272));
#1949=CARTESIAN_POINT('Ctrl Pts',(-13.9060727154709,41.8858559589767,-119.838920356534));
#1950=CARTESIAN_POINT('Ctrl Pts',(-14.4049234259183,41.1467921473078,-119.966820538533));
#1951=CARTESIAN_POINT('Ctrl Pts',(-14.7799201101396,40.227413870801,-119.998041652956));
#1952=CARTESIAN_POINT('Ctrl Pts',(-14.8225135127432,40.1141768566919,-120.));
#1953=CARTESIAN_POINT('Ctrl Pts',(-14.8619198101508,40.,-120.));
#1954=CARTESIAN_POINT('',(-2.384174610513,40.,-117.));
#1955=CARTESIAN_POINT('',(-2.384174610513,40.,-120.));
#1956=CARTESIAN_POINT('Origin',(-8.6230472103319,37.8467539194906,-117.));
#1957=CARTESIAN_POINT('Origin',(-8.6230472103319,37.8467539194906,-117.));
#1958=CARTESIAN_POINT('',(-4.31152360516594,40.,-117.));
#1959=CARTESIAN_POINT('Origin',(18.1455377924451,45.2717231953677,-120.));
#1960=CARTESIAN_POINT('',(18.1455377924451,45.2717231953677,-118.497584042034));
#1961=CARTESIAN_POINT('',(18.1455377924451,40.,-120.));
#1962=CARTESIAN_POINT('Origin',(18.1455377924451,40.,-110.));
#1963=CARTESIAN_POINT('',(18.1455377924451,45.2717231953677,-117.));
#1964=CARTESIAN_POINT('',(18.1455377924451,45.2717231953677,-120.));
#1965=CARTESIAN_POINT('',(18.1455377924451,40.,-117.));
#1966=CARTESIAN_POINT('',(18.1455377924451,24.4717231953677,-117.));
#1967=CARTESIAN_POINT('',(18.1455377924451,40.,-60.));
#1968=CARTESIAN_POINT('Origin',(34.1955377924451,34.8717231953677,-117.));
#1969=CARTESIAN_POINT('',(50.245537792445,40.,-117.));
#1970=CARTESIAN_POINT('',(17.0977688962225,40.,-117.));
#1971=CARTESIAN_POINT('',(50.245537792445,45.2717231953677,-117.));
#1972=CARTESIAN_POINT('',(18.1455377924451,45.2717231953677,-117.));
#1973=CARTESIAN_POINT('',(50.245537792445,45.2717231953677,-117.));
#1974=CARTESIAN_POINT('Origin',(50.245537792445,45.2717231953677,-120.));
#1975=CARTESIAN_POINT('',(50.245537792445,45.2717231953677,-118.497584042034));
#1976=CARTESIAN_POINT('',(35.,45.2717231953677,-118.497584042034));
#1977=CARTESIAN_POINT('',(50.245537792445,45.2717231953677,-120.));
#1978=CARTESIAN_POINT('Origin',(50.245537792445,24.4717231953677,-120.));
#1979=CARTESIAN_POINT('',(50.245537792445,40.,-120.));
#1980=CARTESIAN_POINT('Origin',(50.245537792445,40.,-110.));
#1981=CARTESIAN_POINT('',(50.245537792445,40.,-60.));
#1982=CARTESIAN_POINT('Origin',(-26.7179622217903,36.6602021154605,-120.));
#1983=CARTESIAN_POINT('',(-33.9874704644726,40.,-120.));
#1984=CARTESIAN_POINT('',(-33.9874704644726,40.,-117.));
#1985=CARTESIAN_POINT('',(-33.9874704644726,40.,-120.));
#1986=CARTESIAN_POINT('',(-19.448453979108,40.,-120.));
#1987=CARTESIAN_POINT('Ctrl Pts',(-19.448453979108,40.,-120.));
#1988=CARTESIAN_POINT('Ctrl Pts',(-19.6470614819934,40.4322952852829,-120.));
#1989=CARTESIAN_POINT('Ctrl Pts',(-19.8890251610646,40.8554022241101,-119.971347166798));
#1990=CARTESIAN_POINT('Ctrl Pts',(-20.6624220600923,41.9589251622858,-119.832134648159));
#1991=CARTESIAN_POINT('Ctrl Pts',(-21.2768732544375,42.5788685172467,-119.674832540645));
#1992=CARTESIAN_POINT('Ctrl Pts',(-22.5643028996509,43.5454814169274,-119.364401306768));
#1993=CARTESIAN_POINT('Ctrl Pts',(-23.342975734193,43.9662448161862,-119.184971573551));
#1994=CARTESIAN_POINT('Ctrl Pts',(-25.0055793185893,44.5238223207342,-118.923555699838));
#1995=CARTESIAN_POINT('Ctrl Pts',(-25.8906200930661,44.6602021154606,-118.847740742306));
#1996=CARTESIAN_POINT('Ctrl Pts',(-27.5453043505145,44.6602021154606,-118.847740742306));
#1997=CARTESIAN_POINT('Ctrl Pts',(-28.4303451249913,44.5238223207342,-118.923555699838));
#1998=CARTESIAN_POINT('Ctrl Pts',(-30.0929487093876,43.9662448161862,-119.184971573551));
#1999=CARTESIAN_POINT('Ctrl Pts',(-30.8716215439297,43.5454814169274,-119.364401306768));
#2000=CARTESIAN_POINT('Ctrl Pts',(-32.1590511891431,42.5788685172467,-119.674832540645));
#2001=CARTESIAN_POINT('Ctrl Pts',(-32.7735023834883,41.9589251622858,-119.832134648159));
#2002=CARTESIAN_POINT('Ctrl Pts',(-33.5468992825161,40.8554022241101,-119.971347166798));
#2003=CARTESIAN_POINT('Ctrl Pts',(-33.7888629615872,40.4322952852829,-120.));
#2004=CARTESIAN_POINT('Ctrl Pts',(-33.9874704644726,40.,-120.));
#2005=CARTESIAN_POINT('',(-19.448453979108,40.,-117.));
#2006=CARTESIAN_POINT('',(-19.448453979108,40.,-120.));
#2007=CARTESIAN_POINT('Origin',(-26.7179622217903,36.6602021154605,-117.));
#2008=CARTESIAN_POINT('Origin',(-26.7179622217903,36.6602021154605,-117.));
#2009=CARTESIAN_POINT('',(-13.3589811108951,40.,-117.));
#2010=CARTESIAN_POINT('Origin',(-47.3342998168126,37.6984349439868,-120.));
#2011=CARTESIAN_POINT('',(-55.5167687775199,40.,-120.));
#2012=CARTESIAN_POINT('',(-55.5167687775199,40.,-117.));
#2013=CARTESIAN_POINT('',(-55.5167687775199,40.,-120.));
#2014=CARTESIAN_POINT('',(-39.1518308561052,40.,-120.));
#2015=CARTESIAN_POINT('Ctrl Pts',(-39.1518308561052,40.,-120.));
#2016=CARTESIAN_POINT('Ctrl Pts',(-39.3654320460194,40.759389834268,-120.));
#2017=CARTESIAN_POINT('Ctrl Pts',(-39.6976857025311,41.5179785151791,-119.90918918202));
#2018=CARTESIAN_POINT('Ctrl Pts',(-40.6431634070875,43.0299536251357,-119.56736708888));
#2019=CARTESIAN_POINT('Ctrl Pts',(-41.3016274810427,43.752470452825,-119.289996580586));
#2020=CARTESIAN_POINT('Ctrl Pts',(-42.6989113722063,44.8804354767971,-118.750874186845));
#2021=CARTESIAN_POINT('Ctrl Pts',(-43.5508333024639,45.3726881575533,-118.443649283413));
#2022=CARTESIAN_POINT('Ctrl Pts',(-45.3948609517699,46.0319409121071,-117.986032265083));
#2023=CARTESIAN_POINT('Ctrl Pts',(-46.3900102590991,46.1984349439868,-117.847254567373));
#2024=CARTESIAN_POINT('Ctrl Pts',(-48.278589374526,46.1984349439868,-117.847254567373));
#2025=CARTESIAN_POINT('Ctrl Pts',(-49.2737386818552,46.0319409121071,-117.986032265083));
#2026=CARTESIAN_POINT('Ctrl Pts',(-51.1177663311612,45.3726881575533,-118.443649283413));
#2027=CARTESIAN_POINT('Ctrl Pts',(-51.9696882614188,44.8804354767971,-118.750874186845));
#2028=CARTESIAN_POINT('Ctrl Pts',(-53.3669721525824,43.752470452825,-119.289996580586));
#2029=CARTESIAN_POINT('Ctrl Pts',(-54.0254362265376,43.0299536251357,-119.56736708888));
#2030=CARTESIAN_POINT('Ctrl Pts',(-54.970913931094,41.5179785151791,-119.90918918202));
#2031=CARTESIAN_POINT('Ctrl Pts',(-55.3031675876057,40.759389834268,-120.));
#2032=CARTESIAN_POINT('Ctrl Pts',(-55.5167687775199,40.,-120.));
#2033=CARTESIAN_POINT('',(-39.1518308561052,40.,-117.));
#2034=CARTESIAN_POINT('',(-39.1518308561052,40.,-120.));
#2035=CARTESIAN_POINT('Origin',(-47.3342998168126,37.6984349439868,-117.));
#2036=CARTESIAN_POINT('Origin',(-47.3342998168126,37.6984349439868,-117.));
#2037=CARTESIAN_POINT('',(-23.6671499084063,40.,-117.));
#2038=CARTESIAN_POINT('Origin',(2.22044604925031E-14,40.,-3.5527136788005E-14));
#2039=CARTESIAN_POINT('',(35.,40.,-120.));
#2040=CARTESIAN_POINT('',(60.,40.,-120.));
#2041=CARTESIAN_POINT('',(35.,40.,-120.));
#2042=CARTESIAN_POINT('',(60.,40.,-110.));
#2043=CARTESIAN_POINT('',(60.,40.,-55.));
#2044=CARTESIAN_POINT('',(70.,40.,-110.));
#2045=CARTESIAN_POINT('',(35.,40.,-110.));
#2046=CARTESIAN_POINT('',(70.,40.,110.));
#2047=CARTESIAN_POINT('',(70.,40.,60.));
#2048=CARTESIAN_POINT('',(60.,40.,110.));
#2049=CARTESIAN_POINT('',(30.,40.,110.));
#2050=CARTESIAN_POINT('',(60.,40.,120.));
#2051=CARTESIAN_POINT('',(60.,40.,60.));
#2052=CARTESIAN_POINT('',(-60.,40.,120.));
#2053=CARTESIAN_POINT('',(-35.,40.,120.));
#2054=CARTESIAN_POINT('',(-60.,40.,110.));
#2055=CARTESIAN_POINT('',(-60.,40.,55.));
#2056=CARTESIAN_POINT('',(-70.,40.,110.));
#2057=CARTESIAN_POINT('',(-35.,40.,110.));
#2058=CARTESIAN_POINT('',(-70.,40.,-110.));
#2059=CARTESIAN_POINT('',(-70.,40.,-60.));
#2060=CARTESIAN_POINT('',(-60.,40.,-110.));
#2061=CARTESIAN_POINT('',(-30.,40.,-110.));
#2062=CARTESIAN_POINT('',(-60.,40.,-120.));
#2063=CARTESIAN_POINT('',(-60.,40.,-60.));
#2064=CARTESIAN_POINT('',(35.,40.,-120.));
#2065=CARTESIAN_POINT('',(35.,40.,-120.));
#2066=CARTESIAN_POINT('',(35.,40.,-120.));
#2067=CARTESIAN_POINT('',(-15.,40.,15.4578850973598));
#2068=CARTESIAN_POINT('',(-15.,40.,104.54211490264));
#2069=CARTESIAN_POINT('Origin',(0.,40.,60.));
#2070=CARTESIAN_POINT('',(-15.0000002235174,40.,70.3));
#2071=CARTESIAN_POINT('',(-15.,40.,107.));
#2072=CARTESIAN_POINT('',(15.0000002235174,40.,70.3));
#2073=CARTESIAN_POINT('',(0.,40.,70.3));
#2074=CARTESIAN_POINT('',(15.,40.,104.54211490264));
#2075=CARTESIAN_POINT('',(15.,40.,107.));
#2076=CARTESIAN_POINT('',(47.,40.,60.));
#2077=CARTESIAN_POINT('Origin',(0.,40.,60.));
#2078=CARTESIAN_POINT('',(15.,40.,15.4578850973598));
#2079=CARTESIAN_POINT('Origin',(0.,40.,60.));
#2080=CARTESIAN_POINT('',(15.0000002235174,40.,29.6999999999999));
#2081=CARTESIAN_POINT('',(15.,40.,107.));
#2082=CARTESIAN_POINT('',(-15.0000002235174,40.,29.6999999999999));
#2083=CARTESIAN_POINT('',(0.,40.,29.6999999999999));
#2084=CARTESIAN_POINT('',(-15.,40.,107.));
#2085=CARTESIAN_POINT('',(63.4000009536743,40.,-103.000001832843));
#2086=CARTESIAN_POINT('Origin',(65.0000009536743,40.,-103.000001832843));
#2087=CARTESIAN_POINT('',(-66.6000009536743,40.,-103.000001683831));
#2088=CARTESIAN_POINT('Origin',(-65.0000009536743,40.,-103.000001683831));
#2089=CARTESIAN_POINT('',(63.4000009536743,40.,103.000001683831));
#2090=CARTESIAN_POINT('Origin',(65.0000009536743,40.,103.000001683831));
#2091=CARTESIAN_POINT('',(-66.6000009536744,40.,103.000001683831));
#2092=CARTESIAN_POINT('Origin',(-65.0000009536744,40.,103.000001683831));
#2093=CARTESIAN_POINT('Origin',(-65.0000009536744,40.,103.000001683831));
#2094=CARTESIAN_POINT('',(-66.6000009536744,42.,103.000001683831));
#2095=CARTESIAN_POINT('Origin',(-65.0000009536744,42.,103.000001683831));
#2096=CARTESIAN_POINT('',(-66.6000009536744,40.,103.000001683831));
#2097=CARTESIAN_POINT('Origin',(-65.0000009536744,42.,103.000001683831));
#2098=CARTESIAN_POINT('',(-62.0000009536744,42.,103.000001683831));
#2099=CARTESIAN_POINT('Origin',(-65.0000009536744,42.,103.000001683831));
#2100=CARTESIAN_POINT('Origin',(65.0000009536743,40.,103.000001683831));
#2101=CARTESIAN_POINT('',(63.4000009536743,42.,103.000001683831));
#2102=CARTESIAN_POINT('Origin',(65.0000009536743,42.,103.000001683831));
#2103=CARTESIAN_POINT('',(63.4000009536743,40.,103.000001683831));
#2104=CARTESIAN_POINT('Origin',(65.0000009536743,42.,103.000001683831));
#2105=CARTESIAN_POINT('',(68.0000009536743,42.,103.000001683831));
#2106=CARTESIAN_POINT('Origin',(65.0000009536743,42.,103.000001683831));
#2107=CARTESIAN_POINT('Origin',(-65.0000009536743,40.,-103.000001683831));
#2108=CARTESIAN_POINT('',(-66.6000009536743,42.,-103.000001683831));
#2109=CARTESIAN_POINT('Origin',(-65.0000009536743,42.,-103.000001683831));
#2110=CARTESIAN_POINT('',(-66.6000009536743,40.,-103.000001683831));
#2111=CARTESIAN_POINT('Origin',(-65.0000009536743,42.,-103.000001683831));
#2112=CARTESIAN_POINT('',(-62.0000009536743,42.,-103.000001683831));
#2113=CARTESIAN_POINT('Origin',(-65.0000009536743,42.,-103.000001683831));
#2114=CARTESIAN_POINT('Origin',(65.0000009536743,40.,-103.000001832843));
#2115=CARTESIAN_POINT('',(63.4000009536743,42.,-103.000001832843));
#2116=CARTESIAN_POINT('Origin',(65.0000009536743,42.,-103.000001832843));
#2117=CARTESIAN_POINT('',(63.4000009536743,40.,-103.000001832843));
#2118=CARTESIAN_POINT('Origin',(65.0000009536743,42.,-103.000001832843));
#2119=CARTESIAN_POINT('',(68.0000009536743,42.,-103.000001832843));
#2120=CARTESIAN_POINT('Origin',(65.0000009536743,42.,-103.000001832843));
#2121=CARTESIAN_POINT('Origin',(60.,50.,110.));
#2122=CARTESIAN_POINT('',(60.,50.,110.));
#2123=CARTESIAN_POINT('Origin',(60.,40.,110.));
#2124=CARTESIAN_POINT('',(60.,50.,110.));
#2125=CARTESIAN_POINT('Origin',(60.,50.,120.));
#2126=CARTESIAN_POINT('Origin',(60.,40.,110.));
#2127=CARTESIAN_POINT('Origin',(60.,50.,-110.));
#2128=CARTESIAN_POINT('',(60.,50.,-110.));
#2129=CARTESIAN_POINT('Origin',(60.,40.,-110.));
#2130=CARTESIAN_POINT('',(60.,50.,-110.));
#2131=CARTESIAN_POINT('Origin',(70.,50.,-110.));
#2132=CARTESIAN_POINT('Origin',(60.,40.,-110.));
#2133=CARTESIAN_POINT('Origin',(-60.,50.,110.));
#2134=CARTESIAN_POINT('',(-60.,50.,110.));
#2135=CARTESIAN_POINT('Origin',(-60.,40.,110.));
#2136=CARTESIAN_POINT('',(-60.,50.,110.));
#2137=CARTESIAN_POINT('Origin',(-70.,50.,110.));
#2138=CARTESIAN_POINT('Origin',(-60.,40.,110.));
#2139=CARTESIAN_POINT('Origin',(-60.,50.,-110.));
#2140=CARTESIAN_POINT('',(-60.,50.,-110.));
#2141=CARTESIAN_POINT('Origin',(-60.,40.,-110.));
#2142=CARTESIAN_POINT('',(-60.,50.,-110.));
#2143=CARTESIAN_POINT('Origin',(-60.,50.,-120.));
#2144=CARTESIAN_POINT('Origin',(-60.,40.,-110.));
#2145=CARTESIAN_POINT('Origin',(-5.1,109.0999958038,26.1000000000409));
#2146=CARTESIAN_POINT('',(-3.5,109.0999958038,26.1000000000409));
#2147=CARTESIAN_POINT('Origin',(-5.1,109.0999958038,26.1000000000409));
#2148=CARTESIAN_POINT('',(-3.5,105.0999958038,26.1000000000409));
#2149=CARTESIAN_POINT('',(-3.5,109.0999958038,26.1000000000409));
#2150=CARTESIAN_POINT('Origin',(-5.1,105.0999958038,26.1000000000409));
#2151=CARTESIAN_POINT('Origin',(-5.1,105.0999958038,26.1000000000409));
#2152=CARTESIAN_POINT('Origin',(-5.1,109.0999958038,73.90000000004));
#2153=CARTESIAN_POINT('',(-3.5,109.0999958038,73.90000000004));
#2154=CARTESIAN_POINT('Origin',(-5.1,109.0999958038,73.90000000004));
#2155=CARTESIAN_POINT('',(-3.5,105.0999958038,73.90000000004));
#2156=CARTESIAN_POINT('',(-3.5,109.0999958038,73.90000000004));
#2157=CARTESIAN_POINT('Origin',(-5.1,105.0999958038,73.90000000004));
#2158=CARTESIAN_POINT('Origin',(-5.1,105.0999958038,73.90000000004));
#2159=CARTESIAN_POINT('Origin',(5.1,109.0999958038,26.1000000000409));
#2160=CARTESIAN_POINT('',(6.7,109.0999958038,26.1000000000409));
#2161=CARTESIAN_POINT('Origin',(5.1,109.0999958038,26.1000000000409));
#2162=CARTESIAN_POINT('',(6.7,105.0999958038,26.1000000000409));
#2163=CARTESIAN_POINT('',(6.7,109.0999958038,26.1000000000409));
#2164=CARTESIAN_POINT('Origin',(5.1,105.0999958038,26.1000000000409));
#2165=CARTESIAN_POINT('Origin',(5.1,105.0999958038,26.1000000000409));
#2166=CARTESIAN_POINT('Origin',(5.1,109.0999958038,73.90000000004));
#2167=CARTESIAN_POINT('',(6.7,109.0999958038,73.90000000004));
#2168=CARTESIAN_POINT('Origin',(5.1,109.0999958038,73.90000000004));
#2169=CARTESIAN_POINT('',(6.7,105.0999958038,73.90000000004));
#2170=CARTESIAN_POINT('',(6.7,109.0999958038,73.90000000004));
#2171=CARTESIAN_POINT('Origin',(5.1,105.0999958038,73.90000000004));
#2172=CARTESIAN_POINT('Origin',(5.1,105.0999958038,73.90000000004));
#2173=CARTESIAN_POINT('Origin',(15.,40.,104.54211490264));
#2174=CARTESIAN_POINT('',(15.0000002235174,109.0999958038,70.3));
#2175=CARTESIAN_POINT('',(15.0000002235174,40.,70.3));
#2176=CARTESIAN_POINT('',(15.,109.0999958038,104.54211490264));
#2177=CARTESIAN_POINT('',(15.,109.0999958038,107.));
#2178=CARTESIAN_POINT('',(15.,50.,104.54211490264));
#2179=CARTESIAN_POINT('Origin',(-15.,40.,70.3));
#2180=CARTESIAN_POINT('',(-15.,109.0999958038,104.54211490264));
#2181=CARTESIAN_POINT('',(-15.,50.,104.54211490264));
#2182=CARTESIAN_POINT('',(-15.0000002235174,109.0999958038,70.3));
#2183=CARTESIAN_POINT('',(-15.,109.0999958038,107.));
#2184=CARTESIAN_POINT('',(-15.0000002235174,40.,70.3));
#2185=CARTESIAN_POINT('Origin',(15.0000002235174,40.,70.3));
#2186=CARTESIAN_POINT('',(0.,109.0999958038,70.3));
#2187=CARTESIAN_POINT('Origin',(0.,109.0999958038,88.65));
#2188=CARTESIAN_POINT('Origin',(0.,109.0999958038,60.));
#2189=CARTESIAN_POINT('Origin',(-15.,40.,15.4578850973598));
#2190=CARTESIAN_POINT('',(-15.0000002235174,109.0999958038,29.6999999999999));
#2191=CARTESIAN_POINT('',(-15.0000002235174,40.,29.6999999999999));
#2192=CARTESIAN_POINT('',(-15.,109.0999958038,15.4578850973598));
#2193=CARTESIAN_POINT('',(-15.,109.0999958038,107.));
#2194=CARTESIAN_POINT('',(-15.,50.,15.4578850973598));
#2195=CARTESIAN_POINT('Origin',(15.,40.,29.6999999999999));
#2196=CARTESIAN_POINT('',(15.,109.0999958038,15.4578850973598));
#2197=CARTESIAN_POINT('',(15.,50.,15.4578850973598));
#2198=CARTESIAN_POINT('',(15.0000002235174,109.0999958038,29.6999999999999));
#2199=CARTESIAN_POINT('',(15.,109.0999958038,107.));
#2200=CARTESIAN_POINT('',(15.0000002235174,40.,29.6999999999999));
#2201=CARTESIAN_POINT('Origin',(-15.0000002235174,40.,29.6999999999999));
#2202=CARTESIAN_POINT('',(0.,109.0999958038,29.6999999999999));
#2203=CARTESIAN_POINT('Origin',(0.,109.0999958038,21.35));
#2204=CARTESIAN_POINT('Origin',(0.,109.0999958038,60.));
#2205=CARTESIAN_POINT('Origin',(-65.0000009536743,50.,-103.000001683831));
#2206=CARTESIAN_POINT('',(-62.0000009536743,49.7979587764647,-103.000001683831));
#2207=CARTESIAN_POINT('Ctrl Pts',(-62.0000009536743,49.7979587764647,-103.000001683831));
#2208=CARTESIAN_POINT('Ctrl Pts',(-62.0000009536743,49.7979587764647,-102.625866486733));
#2209=CARTESIAN_POINT('Ctrl Pts',(-62.0744208020585,49.7836836217196,-102.227160234419));
#2210=CARTESIAN_POINT('Ctrl Pts',(-62.3745218956184,49.7152114462783,-101.495620778988));
#2211=CARTESIAN_POINT('Ctrl Pts',(-62.6001715747802,49.6597410332645,-101.162894374524));
#2212=CARTESIAN_POINT('Ctrl Pts',(-63.1382722911736,49.499355430998,-100.613311492431));
#2213=CARTESIAN_POINT('Ctrl Pts',(-63.493392538846,49.378857232865,-100.374100427796));
#2214=CARTESIAN_POINT('Ctrl Pts',(-64.2464691532872,49.0627951059751,-100.067866757224));
#2215=CARTESIAN_POINT('Ctrl Pts',(-64.6435793826214,48.8660336295651,-100.000001683831));
#2216=CARTESIAN_POINT('Ctrl Pts',(-65.422559531255,48.4162891166822,-100.000001683831));
#2217=CARTESIAN_POINT('Ctrl Pts',(-65.8525863554826,48.1233641319773,-100.092922610423));
#2218=CARTESIAN_POINT('Ctrl Pts',(-66.6213445793609,47.5099671519415,-100.440850322386));
#2219=CARTESIAN_POINT('Ctrl Pts',(-66.9609482552798,47.1899327041005,-100.694699533051));
#2220=CARTESIAN_POINT('Ctrl Pts',(-67.4435729313728,46.6850643350933,-101.230213563435));
#2221=CARTESIAN_POINT('Ctrl Pts',(-67.6423005901191,46.4532350053384,-101.531710363741));
#2222=CARTESIAN_POINT('Ctrl Pts',(-67.8508560272441,46.194861596289,-102.04761979211));
#2223=CARTESIAN_POINT('Ctrl Pts',(-67.9059830294048,46.1236591501143,-102.230325080434));
#2224=CARTESIAN_POINT('Ctrl Pts',(-67.9805737603273,46.0261274063078,-102.608441181083));
#2225=CARTESIAN_POINT('Ctrl Pts',(-68.0000009536743,45.999998728434,-102.803910919051));
#2226=CARTESIAN_POINT('Ctrl Pts',(-68.0000009536743,45.999998728434,-103.196092448612));
#2227=CARTESIAN_POINT('Ctrl Pts',(-67.9805737603273,46.0261274063078,-103.391562186579));
#2228=CARTESIAN_POINT('Ctrl Pts',(-67.9059830294048,46.1236591501143,-103.769678287228));
#2229=CARTESIAN_POINT('Ctrl Pts',(-67.8508560272441,46.194861596289,-103.952383575552));
#2230=CARTESIAN_POINT('Ctrl Pts',(-67.6423005901191,46.4532350053384,-104.468293003922));
#2231=CARTESIAN_POINT('Ctrl Pts',(-67.4435729313728,46.6850643350933,-104.769789804228));
#2232=CARTESIAN_POINT('Ctrl Pts',(-66.9609482552798,47.1899327041005,-105.305303834612));
#2233=CARTESIAN_POINT('Ctrl Pts',(-66.6213445793609,47.5099671519415,-105.559153045277));
#2234=CARTESIAN_POINT('Ctrl Pts',(-65.8525863554826,48.1233641319773,-105.907080757239));
#2235=CARTESIAN_POINT('Ctrl Pts',(-65.422559531255,48.4162891166822,-106.000001683831));
#2236=CARTESIAN_POINT('Ctrl Pts',(-64.6435793826214,48.8660336295651,-106.000001683831));
#2237=CARTESIAN_POINT('Ctrl Pts',(-64.2464691532872,49.0627951059751,-105.932136610439));
#2238=CARTESIAN_POINT('Ctrl Pts',(-63.493392538846,49.3788572328651,-105.625902939866));
#2239=CARTESIAN_POINT('Ctrl Pts',(-63.1382722911736,49.499355430998,-105.386691875231));
#2240=CARTESIAN_POINT('Ctrl Pts',(-62.6001715747802,49.6597410332645,-104.837108993138));
#2241=CARTESIAN_POINT('Ctrl Pts',(-62.3745218956184,49.7152114462783,-104.504382588675));
#2242=CARTESIAN_POINT('Ctrl Pts',(-62.0744208020585,49.7836836217196,-103.772843133243));
#2243=CARTESIAN_POINT('Ctrl Pts',(-62.0000009536743,49.7979587764647,-103.37413688093));
#2244=CARTESIAN_POINT('Ctrl Pts',(-62.0000009536743,49.7979587764647,-103.000001683831));
#2245=CARTESIAN_POINT('',(-62.0000009536743,50.,-103.000001683831));
#2246=CARTESIAN_POINT('Origin',(65.0000009536743,50.,103.000001683831));
#2247=CARTESIAN_POINT('',(62.0000009536743,49.7979587764647,103.000001683831));
#2248=CARTESIAN_POINT('',(68.0000009536743,45.999998728434,103.000001683831));
#2249=CARTESIAN_POINT('Ctrl Pts',(62.0000009536743,49.7979587764647,103.000001683831));
#2250=CARTESIAN_POINT('Ctrl Pts',(62.0000009536743,49.7979587764647,102.625866486733));
#2251=CARTESIAN_POINT('Ctrl Pts',(62.0744208020586,49.7836836217196,102.227160234419));
#2252=CARTESIAN_POINT('Ctrl Pts',(62.3745218956184,49.7152114462783,101.495620778988));
#2253=CARTESIAN_POINT('Ctrl Pts',(62.6001715747802,49.6597410332645,101.162894374524));
#2254=CARTESIAN_POINT('Ctrl Pts',(63.1382722911736,49.499355430998,100.613311492431));
#2255=CARTESIAN_POINT('Ctrl Pts',(63.493392538846,49.378857232865,100.374100427796));
#2256=CARTESIAN_POINT('Ctrl Pts',(64.2464691532872,49.0627951059751,100.067866757224));
#2257=CARTESIAN_POINT('Ctrl Pts',(64.6435793826214,48.8660336295651,100.000001683831));
#2258=CARTESIAN_POINT('Ctrl Pts',(65.422559531255,48.4162891166822,100.000001683831));
#2259=CARTESIAN_POINT('Ctrl Pts',(65.8525863554826,48.1233641319773,100.092922610423));
#2260=CARTESIAN_POINT('Ctrl Pts',(66.6213445793609,47.5099671519415,100.440850322386));
#2261=CARTESIAN_POINT('Ctrl Pts',(66.9609482552798,47.1899327041005,100.694699533051));
#2262=CARTESIAN_POINT('Ctrl Pts',(67.4435729313728,46.6850643350933,101.230213563435));
#2263=CARTESIAN_POINT('Ctrl Pts',(67.6423005901191,46.4532350053384,101.531710363741));
#2264=CARTESIAN_POINT('Ctrl Pts',(67.8508560272441,46.194861596289,102.04761979211));
#2265=CARTESIAN_POINT('Ctrl Pts',(67.9059830294048,46.1236591501143,102.230325080434));
#2266=CARTESIAN_POINT('Ctrl Pts',(67.9805737603273,46.0261274063078,102.608441181083));
#2267=CARTESIAN_POINT('Ctrl Pts',(68.0000009536743,45.999998728434,102.803910919051));
#2268=CARTESIAN_POINT('Ctrl Pts',(68.0000009536743,45.999998728434,103.000001683831));
#2269=CARTESIAN_POINT('Ctrl Pts',(68.0000009536743,45.999998728434,103.000001683831));
#2270=CARTESIAN_POINT('Ctrl Pts',(68.0000009536743,45.999998728434,103.196092448612));
#2271=CARTESIAN_POINT('Ctrl Pts',(67.9805737603273,46.0261274063078,103.391562186579));
#2272=CARTESIAN_POINT('Ctrl Pts',(67.9059830294048,46.1236591501143,103.769678287228));
#2273=CARTESIAN_POINT('Ctrl Pts',(67.8508560272441,46.194861596289,103.952383575552));
#2274=CARTESIAN_POINT('Ctrl Pts',(67.6423005901191,46.4532350053384,104.468293003922));
#2275=CARTESIAN_POINT('Ctrl Pts',(67.4435729313728,46.6850643350933,104.769789804228));
#2276=CARTESIAN_POINT('Ctrl Pts',(66.9609482552798,47.1899327041005,105.305303834612));
#2277=CARTESIAN_POINT('Ctrl Pts',(66.6213445793609,47.5099671519415,105.559153045277));
#2278=CARTESIAN_POINT('Ctrl Pts',(65.8525863554826,48.1233641319773,105.907080757239));
#2279=CARTESIAN_POINT('Ctrl Pts',(65.422559531255,48.4162891166822,106.000001683831));
#2280=CARTESIAN_POINT('Ctrl Pts',(64.6435793826214,48.8660336295651,106.000001683831));
#2281=CARTESIAN_POINT('Ctrl Pts',(64.2464691532872,49.0627951059751,105.932136610439));
#2282=CARTESIAN_POINT('Ctrl Pts',(63.493392538846,49.378857232865,105.625902939866));
#2283=CARTESIAN_POINT('Ctrl Pts',(63.1382722911736,49.499355430998,105.386691875231));
#2284=CARTESIAN_POINT('Ctrl Pts',(62.6001715747802,49.6597410332645,104.837108993138));
#2285=CARTESIAN_POINT('Ctrl Pts',(62.3745218956184,49.7152114462783,104.504382588675));
#2286=CARTESIAN_POINT('Ctrl Pts',(62.0744208020585,49.7836836217196,103.772843133243));
#2287=CARTESIAN_POINT('Ctrl Pts',(62.0000009536743,49.7979587764647,103.37413688093));
#2288=CARTESIAN_POINT('Ctrl Pts',(62.0000009536743,49.7979587764647,103.000001683831));
#2289=CARTESIAN_POINT('',(68.0000009536743,50.,103.000001683831));
#2290=CARTESIAN_POINT('Origin',(65.0000009536743,50.,-103.000001832843));
#2291=CARTESIAN_POINT('',(62.0000009536743,49.7979587764647,-103.000001832843));
#2292=CARTESIAN_POINT('',(68.0000009536743,45.9999987284341,-103.000001832843));
#2293=CARTESIAN_POINT('Ctrl Pts',(62.0000009536743,49.7979587764647,-103.000001832843));
#2294=CARTESIAN_POINT('Ctrl Pts',(62.0000009536743,49.7979587764647,-103.374137029941));
#2295=CARTESIAN_POINT('Ctrl Pts',(62.0744208020585,49.7836836217196,-103.772843282255));
#2296=CARTESIAN_POINT('Ctrl Pts',(62.3745218956184,49.7152114462783,-104.504382737686));
#2297=CARTESIAN_POINT('Ctrl Pts',(62.6001715747801,49.6597410332646,-104.83710914215));
#2298=CARTESIAN_POINT('Ctrl Pts',(63.1382722911736,49.499355430998,-105.386692024243));
#2299=CARTESIAN_POINT('Ctrl Pts',(63.493392538846,49.3788572328651,-105.625903088878));
#2300=CARTESIAN_POINT('Ctrl Pts',(64.2464691532872,49.0627951059752,-105.93213675945));
#2301=CARTESIAN_POINT('Ctrl Pts',(64.6435793826214,48.8660336295652,-106.000001832843));
#2302=CARTESIAN_POINT('Ctrl Pts',(65.422559531255,48.4162891166823,-106.000001832843));
#2303=CARTESIAN_POINT('Ctrl Pts',(65.8525863554825,48.1233641319774,-105.907080906251));
#2304=CARTESIAN_POINT('Ctrl Pts',(66.6213445793609,47.5099671519416,-105.559153194288));
#2305=CARTESIAN_POINT('Ctrl Pts',(66.9609482552798,47.1899327041006,-105.305303983623));
#2306=CARTESIAN_POINT('Ctrl Pts',(67.4435729313728,46.6850643350934,-104.769789953239));
#2307=CARTESIAN_POINT('Ctrl Pts',(67.6423005901191,46.4532350053385,-104.468293152933));
#2308=CARTESIAN_POINT('Ctrl Pts',(67.8508560272441,46.1948615962891,-103.952383724564));
#2309=CARTESIAN_POINT('Ctrl Pts',(67.9059830294047,46.1236591501145,-103.76967843624));
#2310=CARTESIAN_POINT('Ctrl Pts',(67.9805737603273,46.026127406308,-103.391562335591));
#2311=CARTESIAN_POINT('Ctrl Pts',(68.0000009536743,45.9999987284341,-103.196092597623));
#2312=CARTESIAN_POINT('Ctrl Pts',(68.0000009536743,45.9999987284341,-103.000001832843));
#2313=CARTESIAN_POINT('Ctrl Pts',(68.0000009536743,45.9999987284341,-103.000001832843));
#2314=CARTESIAN_POINT('Ctrl Pts',(68.0000009536743,45.9999987284341,-102.803911068062));
#2315=CARTESIAN_POINT('Ctrl Pts',(67.9805737603273,46.0261274063079,-102.608441330095));
#2316=CARTESIAN_POINT('Ctrl Pts',(67.9059830294047,46.1236591501145,-102.230325229446));
#2317=CARTESIAN_POINT('Ctrl Pts',(67.8508560272441,46.1948615962891,-102.047619941122));
#2318=CARTESIAN_POINT('Ctrl Pts',(67.6423005901191,46.4532350053385,-101.531710512752));
#2319=CARTESIAN_POINT('Ctrl Pts',(67.4435729313728,46.6850643350934,-101.230213712446));
#2320=CARTESIAN_POINT('Ctrl Pts',(66.9609482552798,47.1899327041006,-100.694699682062));
#2321=CARTESIAN_POINT('Ctrl Pts',(66.6213445793609,47.5099671519416,-100.440850471397));
#2322=CARTESIAN_POINT('Ctrl Pts',(65.8525863554826,48.1233641319774,-100.092922759435));
#2323=CARTESIAN_POINT('Ctrl Pts',(65.422559531255,48.4162891166823,-100.000001832843));
#2324=CARTESIAN_POINT('Ctrl Pts',(64.6435793826214,48.8660336295652,-100.000001832843));
#2325=CARTESIAN_POINT('Ctrl Pts',(64.2464691532872,49.0627951059752,-100.067866906235));
#2326=CARTESIAN_POINT('Ctrl Pts',(63.493392538846,49.3788572328651,-100.374100576808));
#2327=CARTESIAN_POINT('Ctrl Pts',(63.1382722911736,49.499355430998,-100.613311641443));
#2328=CARTESIAN_POINT('Ctrl Pts',(62.6001715747801,49.6597410332646,-101.162894523536));
#2329=CARTESIAN_POINT('Ctrl Pts',(62.3745218956184,49.7152114462783,-101.495620927999));
#2330=CARTESIAN_POINT('Ctrl Pts',(62.0744208020585,49.7836836217196,-102.227160383431));
#2331=CARTESIAN_POINT('Ctrl Pts',(62.0000009536743,49.7979587764647,-102.625866635744));
#2332=CARTESIAN_POINT('Ctrl Pts',(62.0000009536743,49.7979587764647,-103.000001832843));
#2333=CARTESIAN_POINT('',(68.0000009536743,50.,-103.000001832843));
#2334=CARTESIAN_POINT('Origin',(-65.0000009536744,50.,103.000001683831));
#2335=CARTESIAN_POINT('',(-62.0000009536744,49.7979587764647,103.000001683831));
#2336=CARTESIAN_POINT('Ctrl Pts',(-62.0000009536744,49.7979587764647,103.000001683831));
#2337=CARTESIAN_POINT('Ctrl Pts',(-62.0000009536744,49.7979587764647,103.37413688093));
#2338=CARTESIAN_POINT('Ctrl Pts',(-62.0744208020586,49.7836836217196,103.772843133243));
#2339=CARTESIAN_POINT('Ctrl Pts',(-62.3745218956185,49.7152114462783,104.504382588675));
#2340=CARTESIAN_POINT('Ctrl Pts',(-62.6001715747802,49.6597410332645,104.837108993138));
#2341=CARTESIAN_POINT('Ctrl Pts',(-63.1382722911736,49.499355430998,105.386691875231));
#2342=CARTESIAN_POINT('Ctrl Pts',(-63.4933925388461,49.378857232865,105.625902939867));
#2343=CARTESIAN_POINT('Ctrl Pts',(-64.2464691532873,49.0627951059751,105.932136610439));
#2344=CARTESIAN_POINT('Ctrl Pts',(-64.6435793826215,48.8660336295651,106.000001683831));
#2345=CARTESIAN_POINT('Ctrl Pts',(-65.422559531255,48.4162891166822,106.000001683831));
#2346=CARTESIAN_POINT('Ctrl Pts',(-65.8525863554826,48.1233641319773,105.907080757239));
#2347=CARTESIAN_POINT('Ctrl Pts',(-66.6213445793609,47.5099671519415,105.559153045277));
#2348=CARTESIAN_POINT('Ctrl Pts',(-66.9609482552799,47.1899327041005,105.305303834612));
#2349=CARTESIAN_POINT('Ctrl Pts',(-67.4435729313729,46.6850643350933,104.769789804228));
#2350=CARTESIAN_POINT('Ctrl Pts',(-67.6423005901191,46.4532350053384,104.468293003922));
#2351=CARTESIAN_POINT('Ctrl Pts',(-67.8508560272442,46.194861596289,103.952383575552));
#2352=CARTESIAN_POINT('Ctrl Pts',(-67.9059830294048,46.1236591501143,103.769678287228));
#2353=CARTESIAN_POINT('Ctrl Pts',(-67.9805737603273,46.0261274063078,103.39156218658));
#2354=CARTESIAN_POINT('Ctrl Pts',(-68.0000009536744,45.999998728434,103.196092448612));
#2355=CARTESIAN_POINT('Ctrl Pts',(-68.0000009536744,45.999998728434,102.803910919051));
#2356=CARTESIAN_POINT('Ctrl Pts',(-67.9805737603273,46.0261274063078,102.608441181083));
#2357=CARTESIAN_POINT('Ctrl Pts',(-67.9059830294048,46.1236591501143,102.230325080434));
#2358=CARTESIAN_POINT('Ctrl Pts',(-67.8508560272442,46.194861596289,102.04761979211));
#2359=CARTESIAN_POINT('Ctrl Pts',(-67.6423005901191,46.4532350053384,101.531710363741));
#2360=CARTESIAN_POINT('Ctrl Pts',(-67.4435729313729,46.6850643350933,101.230213563435));
#2361=CARTESIAN_POINT('Ctrl Pts',(-66.9609482552799,47.1899327041005,100.694699533051));
#2362=CARTESIAN_POINT('Ctrl Pts',(-66.6213445793609,47.5099671519415,100.440850322386));
#2363=CARTESIAN_POINT('Ctrl Pts',(-65.8525863554826,48.1233641319773,100.092922610423));
#2364=CARTESIAN_POINT('Ctrl Pts',(-65.422559531255,48.4162891166822,100.000001683831));
#2365=CARTESIAN_POINT('Ctrl Pts',(-64.6435793826215,48.8660336295651,100.000001683831));
#2366=CARTESIAN_POINT('Ctrl Pts',(-64.2464691532873,49.0627951059751,100.067866757224));
#2367=CARTESIAN_POINT('Ctrl Pts',(-63.4933925388461,49.378857232865,100.374100427796));
#2368=CARTESIAN_POINT('Ctrl Pts',(-63.1382722911736,49.499355430998,100.613311492431));
#2369=CARTESIAN_POINT('Ctrl Pts',(-62.6001715747802,49.6597410332645,101.162894374524));
#2370=CARTESIAN_POINT('Ctrl Pts',(-62.3745218956185,49.7152114462783,101.495620778988));
#2371=CARTESIAN_POINT('Ctrl Pts',(-62.0744208020586,49.7836836217196,102.227160234419));
#2372=CARTESIAN_POINT('Ctrl Pts',(-62.0000009536744,49.7979587764647,102.625866486733));
#2373=CARTESIAN_POINT('Ctrl Pts',(-62.0000009536744,49.7979587764647,103.000001683831));
#2374=CARTESIAN_POINT('',(-62.0000009536744,50.,103.000001683831));
#2375=CARTESIAN_POINT('Origin',(0.,50.,60.));
#2376=CARTESIAN_POINT('',(47.,120.,60.));
#2377=CARTESIAN_POINT('',(47.,50.,60.));
#2378=CARTESIAN_POINT('Origin',(0.,120.,60.));
#2379=CARTESIAN_POINT('Origin',(0.,50.,60.));
#2380=CARTESIAN_POINT('',(50.,120.,60.));
#2381=CARTESIAN_POINT('Origin',(0.,120.,60.));
#2382=CARTESIAN_POINT('',(50.,50.,60.));
#2383=CARTESIAN_POINT('',(50.,50.,60.));
#2384=CARTESIAN_POINT('',(0.,50.,110.));
#2385=CARTESIAN_POINT('Origin',(0.,50.,60.));
#2386=CARTESIAN_POINT('Origin',(0.,50.,60.));
#2387=CARTESIAN_POINT('Origin',(0.,120.,60.));
#2388=CARTESIAN_POINT('Origin',(1.77635683940025E-14,50.,-3.5527136788005E-14));
#2389=CARTESIAN_POINT('',(60.,50.,0.577250587501712));
#2390=CARTESIAN_POINT('',(-60.,50.,0.57725058750167));
#2391=CARTESIAN_POINT('',(-30.,50.,0.577250587501685));
#2392=CARTESIAN_POINT('',(-60.,50.,-60.));
#2393=CARTESIAN_POINT('',(-35.,50.,110.));
#2394=CARTESIAN_POINT('',(-35.,50.,110.));
#2395=CARTESIAN_POINT('',(60.,50.,60.));
#2396=CARTESIAN_POINT('Origin',(1.77635683940025E-14,50.,-3.5527136788005E-14));
#2397=CARTESIAN_POINT('',(58.,50.,-54.4227494124983));
#2398=CARTESIAN_POINT('',(2.00000000000001,50.,-54.4227494124983));
#2399=CARTESIAN_POINT('',(-30.,50.,-54.4227494124983));
#2400=CARTESIAN_POINT('',(2.,50.,-1.42274941249831));
#2401=CARTESIAN_POINT('',(2.00000000000001,50.,-54.7113747062492));
#2402=CARTESIAN_POINT('',(58.,50.,-1.42274941249829));
#2403=CARTESIAN_POINT('',(-30.,50.,-1.42274941249831));
#2404=CARTESIAN_POINT('',(58.,50.,0.288625293750845));
#2405=CARTESIAN_POINT('Origin',(-60.,40.,-60.));
#2406=CARTESIAN_POINT('',(-59.9999999999999,50.,-109.422749412498));
#2407=CARTESIAN_POINT('',(-60.,50.,-60.));
#2408=CARTESIAN_POINT('',(-60.,50.,-60.));
#2409=CARTESIAN_POINT('Origin',(-35.,40.,110.));
#2410=CARTESIAN_POINT('Origin',(60.,40.,60.));
#2411=CARTESIAN_POINT('',(60.,50.,-109.422749412498));
#2412=CARTESIAN_POINT('',(60.,50.,60.));
#2413=CARTESIAN_POINT('',(60.,50.,60.));
#2414=CARTESIAN_POINT('Origin',(35.,40.,-110.));
#2415=CARTESIAN_POINT('',(35.,50.,-110.));
#2416=CARTESIAN_POINT('Origin',(1.77635683940025E-14,50.,-3.5527136788005E-14));
#2417=CARTESIAN_POINT('',(30.,50.,-109.422749412498));
#2418=CARTESIAN_POINT('Origin',(1.77635683940025E-14,50.,-3.5527136788005E-14));
#2419=CARTESIAN_POINT('',(8.88178419700125E-15,50.,-54.4227494124983));
#2420=CARTESIAN_POINT('',(-58.,50.,-54.4227494124983));
#2421=CARTESIAN_POINT('',(-30.,50.,-54.4227494124983));
#2422=CARTESIAN_POINT('',(-58.,50.,-1.42274941249832));
#2423=CARTESIAN_POINT('',(-58.,50.,-54.7113747062492));
#2424=CARTESIAN_POINT('',(3.46451354477945E-16,50.,-1.42274941249831));
#2425=CARTESIAN_POINT('',(-30.,50.,-1.42274941249831));
#2426=CARTESIAN_POINT('',(1.33226762955019E-14,50.,-54.7113747062492));
#2427=CARTESIAN_POINT('Origin',(1.77635683940025E-14,50.,-3.5527136788005E-14));
#2428=CARTESIAN_POINT('',(2.00000000000002,50.,-56.4227494124983));
#2429=CARTESIAN_POINT('',(58.,50.,-56.4227494124983));
#2430=CARTESIAN_POINT('',(-30.,50.,-56.4227494124983));
#2431=CARTESIAN_POINT('',(58.,50.,-107.422749412498));
#2432=CARTESIAN_POINT('',(58.,50.,0.288625293750845));
#2433=CARTESIAN_POINT('',(2.00000000000003,50.,-107.422749412498));
#2434=CARTESIAN_POINT('',(30.,50.,-107.422749412498));
#2435=CARTESIAN_POINT('',(2.00000000000001,50.,-54.7113747062492));
#2436=CARTESIAN_POINT('Origin',(1.77635683940025E-14,50.,-3.5527136788005E-14));
#2437=CARTESIAN_POINT('',(-58.,50.,-56.4227494124983));
#2438=CARTESIAN_POINT('',(1.77635683940025E-14,50.,-56.4227494124983));
#2439=CARTESIAN_POINT('',(-30.,50.,-56.4227494124983));
#2440=CARTESIAN_POINT('',(2.61583359014385E-14,50.,-107.422749412498));
#2441=CARTESIAN_POINT('',(1.33226762955019E-14,50.,-54.7113747062492));
#2442=CARTESIAN_POINT('',(-57.9999999999999,50.,-107.422749412498));
#2443=CARTESIAN_POINT('',(30.,50.,-107.422749412498));
#2444=CARTESIAN_POINT('',(-58.,50.,-54.7113747062492));
#2445=CARTESIAN_POINT('Origin',(2.66453525910038E-14,110.,-54.4227494124983));
#2446=CARTESIAN_POINT('',(60.,110.,0.577250587501705));
#2447=CARTESIAN_POINT('',(60.,110.,-109.422749412498));
#2448=CARTESIAN_POINT('',(60.,110.,0.577250587501712));
#2449=CARTESIAN_POINT('',(-59.9999999999999,110.,-109.422749412498));
#2450=CARTESIAN_POINT('',(60.,110.,-109.422749412498));
#2451=CARTESIAN_POINT('',(-60.,110.,0.57725058750167));
#2452=CARTESIAN_POINT('',(-59.9999999999999,110.,-109.422749412498));
#2453=CARTESIAN_POINT('',(-60.,110.,0.577250587501676));
#2454=CARTESIAN_POINT('',(8.88178419700125E-15,110.,-54.4227494124983));
#2455=CARTESIAN_POINT('',(3.46451354477945E-16,110.,-1.42274941249831));
#2456=CARTESIAN_POINT('',(2.66453525910038E-14,110.,-109.422749412498));
#2457=CARTESIAN_POINT('',(-58.,110.,-1.42274941249832));
#2458=CARTESIAN_POINT('',(-30.,110.,-1.42274941249831));
#2459=CARTESIAN_POINT('',(-58.,110.,-54.4227494124983));
#2460=CARTESIAN_POINT('',(-58.,110.,-81.9227494124983));
#2461=CARTESIAN_POINT('',(-60.,110.,-54.4227494124983));
#2462=CARTESIAN_POINT('',(2.00000000000003,110.,-107.422749412498));
#2463=CARTESIAN_POINT('',(2.00000000000002,110.,-56.4227494124983));
#2464=CARTESIAN_POINT('',(2.00000000000003,110.,-109.422749412498));
#2465=CARTESIAN_POINT('',(58.,110.,-107.422749412498));
#2466=CARTESIAN_POINT('',(30.,110.,-107.422749412498));
#2467=CARTESIAN_POINT('',(58.,110.,-56.4227494124983));
#2468=CARTESIAN_POINT('',(58.,110.,-26.9227494124983));
#2469=CARTESIAN_POINT('',(-60.,110.,-56.4227494124983));
#2470=CARTESIAN_POINT('',(-58.,110.,-56.4227494124983));
#2471=CARTESIAN_POINT('',(1.77635683940025E-14,110.,-56.4227494124983));
#2472=CARTESIAN_POINT('',(-60.,110.,-56.4227494124983));
#2473=CARTESIAN_POINT('',(-57.9999999999999,110.,-107.422749412498));
#2474=CARTESIAN_POINT('',(-58.,110.,-81.9227494124983));
#2475=CARTESIAN_POINT('',(2.61583359014385E-14,110.,-107.422749412498));
#2476=CARTESIAN_POINT('',(30.,110.,-107.422749412498));
#2477=CARTESIAN_POINT('',(2.66453525910038E-14,110.,-109.422749412498));
#2478=CARTESIAN_POINT('',(2.00000000000001,110.,-54.4227494124983));
#2479=CARTESIAN_POINT('',(58.,110.,-54.4227494124983));
#2480=CARTESIAN_POINT('',(-60.,110.,-54.4227494124983));
#2481=CARTESIAN_POINT('',(58.,110.,-1.42274941249829));
#2482=CARTESIAN_POINT('',(58.,110.,-26.9227494124983));
#2483=CARTESIAN_POINT('',(2.,110.,-1.42274941249831));
#2484=CARTESIAN_POINT('',(-30.,110.,-1.42274941249831));
#2485=CARTESIAN_POINT('',(2.00000000000003,110.,-109.422749412498));
#2486=CARTESIAN_POINT('Origin',(-60.,50.,0.577250587501676));
#2487=CARTESIAN_POINT('',(60.,50.,0.577250587501712));
#2488=CARTESIAN_POINT('',(-60.,50.,0.57725058750167));
#2489=CARTESIAN_POINT('Origin',(60.,50.,0.577250587501712));
#2490=CARTESIAN_POINT('',(60.,50.,-109.422749412498));
#2491=CARTESIAN_POINT('Origin',(60.,50.,-109.422749412498));
#2492=CARTESIAN_POINT('',(-59.9999999999999,50.,-109.422749412498));
#2493=CARTESIAN_POINT('Origin',(-57.9999999999999,50.,-109.422749412498));
#2494=CARTESIAN_POINT('',(-58.,50.,-54.4227494124983));
#2495=CARTESIAN_POINT('',(-58.,50.,-1.42274941249832));
#2496=CARTESIAN_POINT('Origin',(-60.,50.,-1.42274941249832));
#2497=CARTESIAN_POINT('',(1.73225677238972E-16,50.,-1.42274941249831));
#2498=CARTESIAN_POINT('Origin',(60.,50.,-107.422749412498));
#2499=CARTESIAN_POINT('',(2.64018442462211E-14,50.,-107.422749412498));
#2500=CARTESIAN_POINT('',(-57.9999999999999,50.,-107.422749412498));
#2501=CARTESIAN_POINT('Origin',(60.,50.,-107.422749412498));
#2502=CARTESIAN_POINT('',(2.00000000000003,50.,-107.422749412498));
#2503=CARTESIAN_POINT('',(58.,50.,-107.422749412498));
#2504=CARTESIAN_POINT('Origin',(-60.,50.,-1.42274941249832));
#2505=CARTESIAN_POINT('',(2.,50.,-1.42274941249831));
#2506=CARTESIAN_POINT('',(58.,50.,-1.42274941249829));
#2507=CARTESIAN_POINT('Origin',(2.00000000000003,50.,-109.422749412498));
#2508=CARTESIAN_POINT('',(2.00000000000002,50.,-54.4227494124983));
#2509=CARTESIAN_POINT('Origin',(2.66453525910038E-14,50.,-109.422749412498));
#2510=CARTESIAN_POINT('',(1.33226762955019E-14,50.,-54.4227494124983));
#2511=CARTESIAN_POINT('Origin',(-57.9999999999999,50.,-109.422749412498));
#2512=CARTESIAN_POINT('',(-58.,50.,-56.4227494124983));
#2513=CARTESIAN_POINT('Origin',(-59.9999999999999,50.,-109.422749412498));
#2514=CARTESIAN_POINT('Origin',(58.,50.,0.577250587501712));
#2515=CARTESIAN_POINT('',(58.,50.,-54.4227494124983));
#2516=CARTESIAN_POINT('Origin',(58.,50.,0.577250587501712));
#2517=CARTESIAN_POINT('',(58.,50.,-56.4227494124983));
#2518=CARTESIAN_POINT('Origin',(2.00000000000003,50.,-109.422749412498));
#2519=CARTESIAN_POINT('',(2.00000000000002,50.,-56.4227494124983));
#2520=CARTESIAN_POINT('Origin',(2.66453525910038E-14,50.,-109.422749412498));
#2521=CARTESIAN_POINT('',(1.33226762955019E-14,50.,-56.4227494124983));
#2522=CARTESIAN_POINT('Origin',(-60.,50.,-56.4227494124983));
#2523=CARTESIAN_POINT('Origin',(-60.,50.,-56.4227494124983));
#2524=CARTESIAN_POINT('Origin',(-60.,50.,-54.4227494124983));
#2525=CARTESIAN_POINT('Origin',(-60.,50.,-54.4227494124983));
#2526=UNCERTAINTY_MEASURE_WITH_UNIT(LENGTH_MEASURE(0.01),#2530,
'DISTANCE_ACCURACY_VALUE',
'Maximum model space distance between geometric entities at asserted c
onnectivities');
#2527=UNCERTAINTY_MEASURE_WITH_UNIT(LENGTH_MEASURE(0.01),#2530,
'DISTANCE_ACCURACY_VALUE',
'Maximum model space distance between geometric entities at asserted c
onnectivities');
#2528=(
GEOMETRIC_REPRESENTATION_CONTEXT(3)
GLOBAL_UNCERTAINTY_ASSIGNED_CONTEXT((#2526))
GLOBAL_UNIT_ASSIGNED_CONTEXT((#2530,#2532,#2533))
REPRESENTATION_CONTEXT('','3D')
);
#2529=(
GEOMETRIC_REPRESENTATION_CONTEXT(3)
GLOBAL_UNCERTAINTY_ASSIGNED_CONTEXT((#2527))
GLOBAL_UNIT_ASSIGNED_CONTEXT((#2530,#2532,#2533))
REPRESENTATION_CONTEXT('','3D')
);
#2530=(
LENGTH_UNIT()
NAMED_UNIT(*)
SI_UNIT(.MILLI.,.METRE.)
);
#2531=(
LENGTH_UNIT()
NAMED_UNIT(*)
SI_UNIT($,.METRE.)
);
#2532=(
NAMED_UNIT(*)
PLANE_ANGLE_UNIT()
SI_UNIT($,.RADIAN.)
);
#2533=(
NAMED_UNIT(*)
SI_UNIT($,.STERADIAN.)
SOLID_ANGLE_UNIT()
);
#2534=SHAPE_DEFINITION_REPRESENTATION(#2535,#2536);
#2535=PRODUCT_DEFINITION_SHAPE('',$,#2538);
#2536=SHAPE_REPRESENTATION('',(#1418),#2528);
#2537=PRODUCT_DEFINITION_CONTEXT('part definition',#2542,'design');
#2538=PRODUCT_DEFINITION('Cover','Cover',#2539,#2537);
#2539=PRODUCT_DEFINITION_FORMATION('',$,#2544);
#2540=PRODUCT_RELATED_PRODUCT_CATEGORY('Cover','Cover',(#2544));
#2541=APPLICATION_PROTOCOL_DEFINITION('international standard',
'automotive_design',2009,#2542);
#2542=APPLICATION_CONTEXT(
'Core Data for Automotive Mechanical Design Process');
#2543=PRODUCT_CONTEXT('part definition',#2542,'mechanical');
#2544=PRODUCT('Cover','Cover',$,(#2543));
#2545=PRESENTATION_STYLE_ASSIGNMENT((#2547));
#2546=PRESENTATION_STYLE_ASSIGNMENT((#2548));
#2547=SURFACE_STYLE_USAGE(.BOTH.,#2549);
#2548=SURFACE_STYLE_USAGE(.BOTH.,#2550);
#2549=SURFACE_SIDE_STYLE('',(#2551));
#2550=SURFACE_SIDE_STYLE('',(#2552));
#2551=SURFACE_STYLE_FILL_AREA(#2553);
#2552=SURFACE_STYLE_FILL_AREA(#2554);
#2553=FILL_AREA_STYLE('Steel - Satin',(#2555));
#2554=FILL_AREA_STYLE('Plastic - Translucent Matte (Blue)(1)',(#2556));
#2555=FILL_AREA_STYLE_COLOUR('Steel - Satin',#2557);
#2556=FILL_AREA_STYLE_COLOUR('Plastic - Translucent Matte (Blue)(1)',#2558);
#2557=COLOUR_RGB('Steel - Satin',0.627450980392157,0.627450980392157,0.627450980392157);
#2558=COLOUR_RGB('Plastic - Translucent Matte (Blue)(1)',0.,0.,0.);
ENDSEC;
END-ISO-10303-21;
