ISO-10303-21;
HEADER;
/* Generated by software containing ST-Developer
 * from STEP Tools, Inc. (www.steptools.com) 
 */

FILE_DESCRIPTION(
/* description */ (''),
/* implementation_level */ '2;1');

FILE_NAME(
/* name */ 'Gripper Assembly.step',
/* time_stamp */ '2026-05-12T09:20:22+03:00',
/* author */ (''),
/* organization */ (''),
/* preprocessor_version */ 'ST-DEVELOPER v20.1',
/* originating_system */ 'Autodesk Translation Framework v15.8.0.0',
/* authorisation */ '');

FILE_SCHEMA (('AUTOMOTIVE_DESIGN { 1 0 10303 214 3 1 1 }'));
ENDSEC;

DATA;
#10=MECHANICAL_DESIGN_GEOMETRIC_PRESENTATION_REPRESENTATION('',(#17,#18),
#18078);
#11=ITEM_DEFINED_TRANSFORMATION($,$,#10445,#11639);
#12=(
REPRESENTATION_RELATIONSHIP($,$,#18089,#18088)
REPRESENTATION_RELATIONSHIP_WITH_TRANSFORMATION(#11)
SHAPE_REPRESENTATION_RELATIONSHIP()
);
#13=CONTEXT_DEPENDENT_SHAPE_REPRESENTATION(#12,#18087);
#14=NEXT_ASSEMBLY_USAGE_OCCURRENCE('gear1:1','gear1:1','gear1:1',#18091,
#18092,'gear1:1');
#15=SHAPE_REPRESENTATION_RELATIONSHIP('SRR','None',#18089,#16);
#16=ADVANCED_BREP_SHAPE_REPRESENTATION('',(#19,#20),#18077);
#17=STYLED_ITEM('',(#18103),#19);
#18=STYLED_ITEM('',(#18103),#20);
#19=MANIFOLD_SOLID_BREP('Body1',#10430);
#20=MANIFOLD_SOLID_BREP('Body2',#10431);
#21=ELLIPSE('',#10991,7.50000011175871,3.92613839156522);
#22=ELLIPSE('',#10992,7.50000011175871,3.92613839156522);
#23=(
BOUNDED_SURFACE()
B_SPLINE_SURFACE(1,2,((#16216,#16217,#16218,#16219,#16220),(#16221,#16222,
#16223,#16224,#16225)),.UNSPECIFIED.,.F.,.F.,.F.)
B_SPLINE_SURFACE_WITH_KNOTS((2,2),(3,2,3),(-5.18104070438054E-16,0.186666663885117),
(-1.07240011345852,0.000210623560640277,1.0728213605798),.UNSPECIFIED.)
GEOMETRIC_REPRESENTATION_ITEM()
RATIONAL_B_SPLINE_SURFACE(((1.,0.859602366082849,1.,0.859602366082849,1.),
(1.,0.859602366082849,1.,0.859602366082849,1.)))
REPRESENTATION_ITEM('')
SURFACE()
);
#24=B_SPLINE_SURFACE_WITH_KNOTS('',3,1,((#15163,#15164),(#15165,#15166),
(#15167,#15168),(#15169,#15170)),.UNSPECIFIED.,.F.,.F.,.F.,(4,4),(2,2),
(0.,1.),(0.,0.6),.UNSPECIFIED.);
#25=B_SPLINE_SURFACE_WITH_KNOTS('',3,1,((#15245,#15246),(#15247,#15248),
(#15249,#15250),(#15251,#15252)),.UNSPECIFIED.,.F.,.F.,.F.,(4,4),(2,2),
(0.,1.),(0.,0.6),.UNSPECIFIED.);
#26=B_SPLINE_CURVE_WITH_KNOTS('',3,(#15048,#15049,#15050,#15051),
 .UNSPECIFIED.,.F.,.F.,(4,4),(0.,1.),.UNSPECIFIED.);
#27=B_SPLINE_CURVE_WITH_KNOTS('',3,(#15088,#15089,#15090,#15091),
 .UNSPECIFIED.,.F.,.F.,(4,4),(0.,1.),.UNSPECIFIED.);
#28=B_SPLINE_CURVE_WITH_KNOTS('',3,(#15143,#15144,#15145,#15146),
 .UNSPECIFIED.,.F.,.F.,(4,4),(0.,1.),.UNSPECIFIED.);
#29=B_SPLINE_CURVE_WITH_KNOTS('',3,(#15236,#15237,#15238,#15239),
 .UNSPECIFIED.,.F.,.F.,(4,4),(0.,1.),.UNSPECIFIED.);
#30=CYLINDRICAL_SURFACE('',#10463,3.);
#31=CYLINDRICAL_SURFACE('',#10466,3.);
#32=CYLINDRICAL_SURFACE('',#10468,4.);
#33=CYLINDRICAL_SURFACE('',#10470,3.);
#34=CYLINDRICAL_SURFACE('',#10473,3.);
#35=CYLINDRICAL_SURFACE('',#10475,4.);
#36=CYLINDRICAL_SURFACE('',#10477,1.75);
#37=CYLINDRICAL_SURFACE('',#10478,1.75);
#38=CYLINDRICAL_SURFACE('',#10498,5.00000000000001);
#39=CYLINDRICAL_SURFACE('',#10503,5.);
#40=CYLINDRICAL_SURFACE('',#10507,1.8);
#41=CYLINDRICAL_SURFACE('',#10519,0.0395025291814546);
#42=CYLINDRICAL_SURFACE('',#10524,5.00000000000001);
#43=CYLINDRICAL_SURFACE('',#10528,5.);
#44=CYLINDRICAL_SURFACE('',#10532,1.8);
#45=CYLINDRICAL_SURFACE('',#10543,0.0395025291814546);
#46=CYLINDRICAL_SURFACE('',#10560,3.);
#47=CYLINDRICAL_SURFACE('',#10562,3.);
#48=CYLINDRICAL_SURFACE('',#10564,4.);
#49=CYLINDRICAL_SURFACE('',#10566,3.);
#50=CYLINDRICAL_SURFACE('',#10569,3.);
#51=CYLINDRICAL_SURFACE('',#10570,4.);
#52=CYLINDRICAL_SURFACE('',#10571,1.75);
#53=CYLINDRICAL_SURFACE('',#10572,1.75);
#54=CYLINDRICAL_SURFACE('',#10714,3.);
#55=CYLINDRICAL_SURFACE('',#10716,3.);
#56=CYLINDRICAL_SURFACE('',#10717,4.);
#57=CYLINDRICAL_SURFACE('',#10718,3.);
#58=CYLINDRICAL_SURFACE('',#10720,3.);
#59=CYLINDRICAL_SURFACE('',#10721,4.);
#60=CYLINDRICAL_SURFACE('',#10722,1.75);
#61=CYLINDRICAL_SURFACE('',#10723,1.75);
#62=CYLINDRICAL_SURFACE('',#10754,12.09275);
#63=CYLINDRICAL_SURFACE('',#10756,12.09275);
#64=CYLINDRICAL_SURFACE('',#10848,5.4);
#65=CYLINDRICAL_SURFACE('',#10849,14.625);
#66=CYLINDRICAL_SURFACE('',#10850,5.4);
#67=CYLINDRICAL_SURFACE('',#10851,12.09275);
#68=CYLINDRICAL_SURFACE('',#10852,5.4);
#69=CYLINDRICAL_SURFACE('',#10853,14.625);
#70=CYLINDRICAL_SURFACE('',#10854,5.4);
#71=CYLINDRICAL_SURFACE('',#10855,12.09275);
#72=CYLINDRICAL_SURFACE('',#10856,5.4);
#73=CYLINDRICAL_SURFACE('',#10857,14.625);
#74=CYLINDRICAL_SURFACE('',#10858,5.4);
#75=CYLINDRICAL_SURFACE('',#10859,12.09275);
#76=CYLINDRICAL_SURFACE('',#10860,5.4);
#77=CYLINDRICAL_SURFACE('',#10861,14.625);
#78=CYLINDRICAL_SURFACE('',#10862,5.4);
#79=CYLINDRICAL_SURFACE('',#10863,12.09275);
#80=CYLINDRICAL_SURFACE('',#10864,5.4);
#81=CYLINDRICAL_SURFACE('',#10865,14.625);
#82=CYLINDRICAL_SURFACE('',#10866,5.4);
#83=CYLINDRICAL_SURFACE('',#10867,12.09275);
#84=CYLINDRICAL_SURFACE('',#10868,5.4);
#85=CYLINDRICAL_SURFACE('',#10869,14.625);
#86=CYLINDRICAL_SURFACE('',#10870,5.4);
#87=CYLINDRICAL_SURFACE('',#10871,12.09275);
#88=CYLINDRICAL_SURFACE('',#10872,5.4);
#89=CYLINDRICAL_SURFACE('',#10873,14.625);
#90=CYLINDRICAL_SURFACE('',#10874,5.4);
#91=CYLINDRICAL_SURFACE('',#10875,12.09275);
#92=CYLINDRICAL_SURFACE('',#10876,5.4);
#93=CYLINDRICAL_SURFACE('',#10877,14.625);
#94=CYLINDRICAL_SURFACE('',#10878,5.4);
#95=CYLINDRICAL_SURFACE('',#10879,12.09275);
#96=CYLINDRICAL_SURFACE('',#10880,5.4);
#97=CYLINDRICAL_SURFACE('',#10881,14.625);
#98=CYLINDRICAL_SURFACE('',#10882,5.4);
#99=CYLINDRICAL_SURFACE('',#10883,12.09275);
#100=CYLINDRICAL_SURFACE('',#10884,5.4);
#101=CYLINDRICAL_SURFACE('',#10885,14.625);
#102=CYLINDRICAL_SURFACE('',#10886,5.4);
#103=CYLINDRICAL_SURFACE('',#10887,12.09275);
#104=CYLINDRICAL_SURFACE('',#10889,12.09275);
#105=CYLINDRICAL_SURFACE('',#10891,5.4);
#106=CYLINDRICAL_SURFACE('',#10893,14.625);
#107=CYLINDRICAL_SURFACE('',#10894,5.4);
#108=CYLINDRICAL_SURFACE('',#10896,12.09275);
#109=CYLINDRICAL_SURFACE('',#10898,5.4);
#110=CYLINDRICAL_SURFACE('',#10900,14.625);
#111=CYLINDRICAL_SURFACE('',#10901,5.4);
#112=CYLINDRICAL_SURFACE('',#10903,12.09275);
#113=CYLINDRICAL_SURFACE('',#10905,5.4);
#114=CYLINDRICAL_SURFACE('',#10907,14.625);
#115=CYLINDRICAL_SURFACE('',#10908,5.4);
#116=CYLINDRICAL_SURFACE('',#10909,12.09275);
#117=CYLINDRICAL_SURFACE('',#10910,5.4);
#118=CYLINDRICAL_SURFACE('',#10911,14.625);
#119=CYLINDRICAL_SURFACE('',#10912,5.4);
#120=CYLINDRICAL_SURFACE('',#10913,12.09275);
#121=CYLINDRICAL_SURFACE('',#10914,5.4);
#122=CYLINDRICAL_SURFACE('',#10915,14.625);
#123=CYLINDRICAL_SURFACE('',#10916,5.4);
#124=CYLINDRICAL_SURFACE('',#10917,12.09275);
#125=CYLINDRICAL_SURFACE('',#10918,5.4);
#126=CYLINDRICAL_SURFACE('',#10919,14.625);
#127=CYLINDRICAL_SURFACE('',#10920,5.4);
#128=CYLINDRICAL_SURFACE('',#10921,12.09275);
#129=CYLINDRICAL_SURFACE('',#10922,5.4);
#130=CYLINDRICAL_SURFACE('',#10923,14.625);
#131=CYLINDRICAL_SURFACE('',#10924,5.4);
#132=CYLINDRICAL_SURFACE('',#10925,12.09275);
#133=CYLINDRICAL_SURFACE('',#10926,5.4);
#134=CYLINDRICAL_SURFACE('',#10927,14.625);
#135=CYLINDRICAL_SURFACE('',#10928,5.4);
#136=CYLINDRICAL_SURFACE('',#10929,12.09275);
#137=CYLINDRICAL_SURFACE('',#10932,4.);
#138=CYLINDRICAL_SURFACE('',#10933,1.8);
#139=CYLINDRICAL_SURFACE('',#10934,14.6250000000001);
#140=CYLINDRICAL_SURFACE('',#10935,5.4);
#141=CYLINDRICAL_SURFACE('',#10936,12.09275);
#142=CYLINDRICAL_SURFACE('',#10938,5.4);
#143=CYLINDRICAL_SURFACE('',#10940,10.);
#144=CYLINDRICAL_SURFACE('',#10943,3.35106326409992);
#145=CYLINDRICAL_SURFACE('',#10945,10.);
#146=CYLINDRICAL_SURFACE('',#10948,3.35106326409992);
#147=CYLINDRICAL_SURFACE('',#10949,5.4);
#148=CYLINDRICAL_SURFACE('',#10950,14.625);
#149=CYLINDRICAL_SURFACE('',#10951,5.4);
#150=CYLINDRICAL_SURFACE('',#10952,5.4);
#151=CYLINDRICAL_SURFACE('',#10953,14.625);
#152=CYLINDRICAL_SURFACE('',#10954,5.4);
#153=CYLINDRICAL_SURFACE('',#10977,3.);
#154=CYLINDRICAL_SURFACE('',#10979,3.);
#155=CYLINDRICAL_SURFACE('',#10980,4.);
#156=CYLINDRICAL_SURFACE('',#10981,3.);
#157=CYLINDRICAL_SURFACE('',#10983,3.);
#158=CYLINDRICAL_SURFACE('',#10984,4.);
#159=CYLINDRICAL_SURFACE('',#10985,1.75);
#160=CYLINDRICAL_SURFACE('',#10986,1.75);
#161=CYLINDRICAL_SURFACE('',#10993,1.);
#162=CYLINDRICAL_SURFACE('',#10996,1.);
#163=CYLINDRICAL_SURFACE('',#10999,1.);
#164=CYLINDRICAL_SURFACE('',#11002,1.);
#165=CYLINDRICAL_SURFACE('',#11005,10.);
#166=CYLINDRICAL_SURFACE('',#11014,10.);
#167=CYLINDRICAL_SURFACE('',#11016,4.5);
#168=CYLINDRICAL_SURFACE('',#11027,3.);
#169=CYLINDRICAL_SURFACE('',#11029,4.45000000000001);
#170=CYLINDRICAL_SURFACE('',#11031,3.);
#171=CYLINDRICAL_SURFACE('',#11038,1.125);
#172=CYLINDRICAL_SURFACE('',#11042,1.125);
#173=CYLINDRICAL_SURFACE('',#11044,4.);
#174=CYLINDRICAL_SURFACE('',#11055,1.8);
#175=CYLINDRICAL_SURFACE('',#11057,1.8);
#176=CYLINDRICAL_SURFACE('',#11061,5.4);
#177=CYLINDRICAL_SURFACE('',#11062,4.);
#178=CYLINDRICAL_SURFACE('',#11185,4.);
#179=CYLINDRICAL_SURFACE('',#11187,5.4);
#180=CYLINDRICAL_SURFACE('',#11188,14.625);
#181=CYLINDRICAL_SURFACE('',#11189,5.4);
#182=CYLINDRICAL_SURFACE('',#11190,12.09275);
#183=CYLINDRICAL_SURFACE('',#11191,5.4);
#184=CYLINDRICAL_SURFACE('',#11192,14.625);
#185=CYLINDRICAL_SURFACE('',#11193,5.4);
#186=CYLINDRICAL_SURFACE('',#11194,12.09275);
#187=CYLINDRICAL_SURFACE('',#11195,5.4);
#188=CYLINDRICAL_SURFACE('',#11196,14.625);
#189=CYLINDRICAL_SURFACE('',#11197,5.4);
#190=CYLINDRICAL_SURFACE('',#11198,12.09275);
#191=CYLINDRICAL_SURFACE('',#11199,5.4);
#192=CYLINDRICAL_SURFACE('',#11200,14.625);
#193=CYLINDRICAL_SURFACE('',#11201,5.4);
#194=CYLINDRICAL_SURFACE('',#11202,12.09275);
#195=CYLINDRICAL_SURFACE('',#11203,5.4);
#196=CYLINDRICAL_SURFACE('',#11204,14.625);
#197=CYLINDRICAL_SURFACE('',#11205,5.4);
#198=CYLINDRICAL_SURFACE('',#11206,12.09275);
#199=CYLINDRICAL_SURFACE('',#11207,5.4);
#200=CYLINDRICAL_SURFACE('',#11208,14.625);
#201=CYLINDRICAL_SURFACE('',#11209,5.4);
#202=CYLINDRICAL_SURFACE('',#11210,12.09275);
#203=CYLINDRICAL_SURFACE('',#11211,5.4);
#204=CYLINDRICAL_SURFACE('',#11212,14.625);
#205=CYLINDRICAL_SURFACE('',#11213,5.4);
#206=CYLINDRICAL_SURFACE('',#11214,12.09275);
#207=CYLINDRICAL_SURFACE('',#11215,5.4);
#208=CYLINDRICAL_SURFACE('',#11216,14.625);
#209=CYLINDRICAL_SURFACE('',#11217,5.4);
#210=CYLINDRICAL_SURFACE('',#11218,12.09275);
#211=CYLINDRICAL_SURFACE('',#11219,5.4);
#212=CYLINDRICAL_SURFACE('',#11220,14.625);
#213=CYLINDRICAL_SURFACE('',#11221,5.4);
#214=CYLINDRICAL_SURFACE('',#11222,12.09275);
#215=CYLINDRICAL_SURFACE('',#11223,5.4);
#216=CYLINDRICAL_SURFACE('',#11224,14.625);
#217=CYLINDRICAL_SURFACE('',#11225,5.4);
#218=CYLINDRICAL_SURFACE('',#11226,12.09275);
#219=CYLINDRICAL_SURFACE('',#11227,5.4);
#220=CYLINDRICAL_SURFACE('',#11228,14.625);
#221=CYLINDRICAL_SURFACE('',#11229,5.4);
#222=CYLINDRICAL_SURFACE('',#11230,12.09275);
#223=CYLINDRICAL_SURFACE('',#11231,5.4);
#224=CYLINDRICAL_SURFACE('',#11232,14.625);
#225=CYLINDRICAL_SURFACE('',#11233,5.4);
#226=CYLINDRICAL_SURFACE('',#11234,12.09275);
#227=CYLINDRICAL_SURFACE('',#11235,5.4);
#228=CYLINDRICAL_SURFACE('',#11236,14.625);
#229=CYLINDRICAL_SURFACE('',#11237,5.4);
#230=CYLINDRICAL_SURFACE('',#11238,12.09275);
#231=CYLINDRICAL_SURFACE('',#11239,5.4);
#232=CYLINDRICAL_SURFACE('',#11240,14.625);
#233=CYLINDRICAL_SURFACE('',#11241,5.4);
#234=CYLINDRICAL_SURFACE('',#11242,12.09275);
#235=CYLINDRICAL_SURFACE('',#11243,5.4);
#236=CYLINDRICAL_SURFACE('',#11244,14.625);
#237=CYLINDRICAL_SURFACE('',#11245,5.4);
#238=CYLINDRICAL_SURFACE('',#11246,12.09275);
#239=CYLINDRICAL_SURFACE('',#11247,5.4);
#240=CYLINDRICAL_SURFACE('',#11248,14.625);
#241=CYLINDRICAL_SURFACE('',#11249,5.4);
#242=CYLINDRICAL_SURFACE('',#11250,12.09275);
#243=CYLINDRICAL_SURFACE('',#11251,5.4);
#244=CYLINDRICAL_SURFACE('',#11252,14.625);
#245=CYLINDRICAL_SURFACE('',#11253,5.4);
#246=CYLINDRICAL_SURFACE('',#11254,12.09275);
#247=CYLINDRICAL_SURFACE('',#11255,5.4);
#248=CYLINDRICAL_SURFACE('',#11256,14.625);
#249=CYLINDRICAL_SURFACE('',#11257,5.4);
#250=CYLINDRICAL_SURFACE('',#11258,12.09275);
#251=CYLINDRICAL_SURFACE('',#11259,5.4);
#252=CYLINDRICAL_SURFACE('',#11260,14.625);
#253=CYLINDRICAL_SURFACE('',#11261,5.4);
#254=CYLINDRICAL_SURFACE('',#11262,12.09275);
#255=CYLINDRICAL_SURFACE('',#11263,5.4);
#256=CYLINDRICAL_SURFACE('',#11264,14.625);
#257=CYLINDRICAL_SURFACE('',#11265,5.4);
#258=CYLINDRICAL_SURFACE('',#11266,12.09275);
#259=CYLINDRICAL_SURFACE('',#11267,5.4);
#260=CYLINDRICAL_SURFACE('',#11268,14.625);
#261=CYLINDRICAL_SURFACE('',#11269,5.4);
#262=CYLINDRICAL_SURFACE('',#11270,12.09275);
#263=CYLINDRICAL_SURFACE('',#11272,1.8);
#264=CYLINDRICAL_SURFACE('',#11273,1.8);
#265=CYLINDRICAL_SURFACE('',#11274,2.47500000000001);
#266=CYLINDRICAL_SURFACE('',#11277,2.47500000000001);
#267=CYLINDRICAL_SURFACE('',#11280,2.47500000000001);
#268=CYLINDRICAL_SURFACE('',#11283,2.47500000000001);
#269=CYLINDRICAL_SURFACE('',#11286,2.47500000000001);
#270=CYLINDRICAL_SURFACE('',#11289,2.47500000000001);
#271=CYLINDRICAL_SURFACE('',#11292,2.47500000000001);
#272=CYLINDRICAL_SURFACE('',#11295,2.47500000000001);
#273=CYLINDRICAL_SURFACE('',#11298,2.47500000000001);
#274=CYLINDRICAL_SURFACE('',#11301,2.47500000000001);
#275=CYLINDRICAL_SURFACE('',#11304,2.47500000000001);
#276=CYLINDRICAL_SURFACE('',#11307,2.47500000000001);
#277=CYLINDRICAL_SURFACE('',#11310,2.47500000000001);
#278=CYLINDRICAL_SURFACE('',#11313,2.47500000000001);
#279=CYLINDRICAL_SURFACE('',#11316,2.47500000000001);
#280=CYLINDRICAL_SURFACE('',#11319,2.47500000000001);
#281=CYLINDRICAL_SURFACE('',#11322,2.47500000000001);
#282=CYLINDRICAL_SURFACE('',#11325,2.47500000000001);
#283=CYLINDRICAL_SURFACE('',#11328,2.47500000000001);
#284=CYLINDRICAL_SURFACE('',#11331,2.47500000000001);
#285=CYLINDRICAL_SURFACE('',#11334,2.47500000000001);
#286=CYLINDRICAL_SURFACE('',#11337,2.47500000000001);
#287=CYLINDRICAL_SURFACE('',#11340,2.47500000000001);
#288=CYLINDRICAL_SURFACE('',#11343,2.47500000000001);
#289=CYLINDRICAL_SURFACE('',#11346,2.47500000000001);
#290=CYLINDRICAL_SURFACE('',#11349,2.47500000000001);
#291=CYLINDRICAL_SURFACE('',#11352,2.47500000000001);
#292=CYLINDRICAL_SURFACE('',#11355,2.47500000000001);
#293=CYLINDRICAL_SURFACE('',#11358,2.47500000000001);
#294=CYLINDRICAL_SURFACE('',#11361,2.47500000000001);
#295=CYLINDRICAL_SURFACE('',#11364,2.47500000000001);
#296=CYLINDRICAL_SURFACE('',#11367,2.47500000000001);
#297=CYLINDRICAL_SURFACE('',#11370,2.47500000000001);
#298=CYLINDRICAL_SURFACE('',#11373,2.47500000000001);
#299=CYLINDRICAL_SURFACE('',#11376,2.47500000000001);
#300=CYLINDRICAL_SURFACE('',#11379,2.47500000000001);
#301=CYLINDRICAL_SURFACE('',#11382,2.47500000000001);
#302=CYLINDRICAL_SURFACE('',#11385,2.47500000000001);
#303=CYLINDRICAL_SURFACE('',#11388,2.47500000000001);
#304=CYLINDRICAL_SURFACE('',#11391,2.47500000000001);
#305=CYLINDRICAL_SURFACE('',#11394,2.47500000000001);
#306=CYLINDRICAL_SURFACE('',#11397,2.47500000000001);
#307=CYLINDRICAL_SURFACE('',#11400,2.47500000000001);
#308=CYLINDRICAL_SURFACE('',#11403,2.47500000000001);
#309=CYLINDRICAL_SURFACE('',#11406,2.47500000000001);
#310=CYLINDRICAL_SURFACE('',#11409,2.47500000000001);
#311=CYLINDRICAL_SURFACE('',#11412,2.47500000000001);
#312=CYLINDRICAL_SURFACE('',#11415,2.47500000000001);
#313=CYLINDRICAL_SURFACE('',#11418,2.47500000000001);
#314=CYLINDRICAL_SURFACE('',#11421,2.47500000000001);
#315=CYLINDRICAL_SURFACE('',#11424,2.47500000000001);
#316=CYLINDRICAL_SURFACE('',#11427,2.47500000000001);
#317=CYLINDRICAL_SURFACE('',#11430,2.47500000000001);
#318=CYLINDRICAL_SURFACE('',#11433,2.47500000000001);
#319=CYLINDRICAL_SURFACE('',#11436,2.47500000000001);
#320=CYLINDRICAL_SURFACE('',#11439,2.47500000000001);
#321=CYLINDRICAL_SURFACE('',#11442,2.47500000000001);
#322=CYLINDRICAL_SURFACE('',#11445,2.47500000000001);
#323=CYLINDRICAL_SURFACE('',#11448,2.47500000000001);
#324=CYLINDRICAL_SURFACE('',#11460,3.45);
#325=CYLINDRICAL_SURFACE('',#11467,2.);
#326=CYLINDRICAL_SURFACE('',#11487,0.600000000000014);
#327=CYLINDRICAL_SURFACE('',#11488,0.600000000000014);
#328=CYLINDRICAL_SURFACE('',#11489,0.600000000000014);
#329=CYLINDRICAL_SURFACE('',#11490,0.600000000000014);
#330=CYLINDRICAL_SURFACE('',#11491,0.600000000000014);
#331=CYLINDRICAL_SURFACE('',#11492,0.600000000000014);
#332=CYLINDRICAL_SURFACE('',#11494,2.);
#333=CYLINDRICAL_SURFACE('',#11504,0.600000000000014);
#334=CYLINDRICAL_SURFACE('',#11505,0.600000000000014);
#335=CYLINDRICAL_SURFACE('',#11506,0.600000000000014);
#336=CYLINDRICAL_SURFACE('',#11507,0.600000000000014);
#337=CYLINDRICAL_SURFACE('',#11508,0.600000000000013);
#338=CYLINDRICAL_SURFACE('',#11509,0.600000000000013);
#339=CYLINDRICAL_SURFACE('',#11513,2.47500000000001);
#340=CYLINDRICAL_SURFACE('',#11517,2.30000000000001);
#341=CYLINDRICAL_SURFACE('',#11518,1.05000000000001);
#342=LINE('',#14939,#1234);
#343=LINE('',#14941,#1235);
#344=LINE('',#14945,#1236);
#345=LINE('',#14946,#1237);
#346=LINE('',#14956,#1238);
#347=LINE('',#14963,#1239);
#348=LINE('',#14970,#1240);
#349=LINE('',#14973,#1241);
#350=LINE('',#14976,#1242);
#351=LINE('',#14977,#1243);
#352=LINE('',#14978,#1244);
#353=LINE('',#14981,#1245);
#354=LINE('',#14985,#1246);
#355=LINE('',#14989,#1247);
#356=LINE('',#14992,#1248);
#357=LINE('',#14993,#1249);
#358=LINE('',#14996,#1250);
#359=LINE('',#15001,#1251);
#360=LINE('',#15003,#1252);
#361=LINE('',#15006,#1253);
#362=LINE('',#15008,#1254);
#363=LINE('',#15010,#1255);
#364=LINE('',#15012,#1256);
#365=LINE('',#15020,#1257);
#366=LINE('',#15022,#1258);
#367=LINE('',#15024,#1259);
#368=LINE('',#15026,#1260);
#369=LINE('',#15028,#1261);
#370=LINE('',#15032,#1262);
#371=LINE('',#15034,#1263);
#372=LINE('',#15036,#1264);
#373=LINE('',#15037,#1265);
#374=LINE('',#15042,#1266);
#375=LINE('',#15046,#1267);
#376=LINE('',#15055,#1268);
#377=LINE('',#15057,#1269);
#378=LINE('',#15059,#1270);
#379=LINE('',#15061,#1271);
#380=LINE('',#15068,#1272);
#381=LINE('',#15078,#1273);
#382=LINE('',#15080,#1274);
#383=LINE('',#15082,#1275);
#384=LINE('',#15084,#1276);
#385=LINE('',#15093,#1277);
#386=LINE('',#15096,#1278);
#387=LINE('',#15101,#1279);
#388=LINE('',#15105,#1280);
#389=LINE('',#15111,#1281);
#390=LINE('',#15113,#1282);
#391=LINE('',#15114,#1283);
#392=LINE('',#15120,#1284);
#393=LINE('',#15123,#1285);
#394=LINE('',#15125,#1286);
#395=LINE('',#15126,#1287);
#396=LINE('',#15127,#1288);
#397=LINE('',#15132,#1289);
#398=LINE('',#15136,#1290);
#399=LINE('',#15138,#1291);
#400=LINE('',#15141,#1292);
#401=LINE('',#15150,#1293);
#402=LINE('',#15152,#1294);
#403=LINE('',#15154,#1295);
#404=LINE('',#15155,#1296);
#405=LINE('',#15162,#1297);
#406=LINE('',#15171,#1298);
#407=LINE('',#15173,#1299);
#408=LINE('',#15175,#1300);
#409=LINE('',#15177,#1301);
#410=LINE('',#15183,#1302);
#411=LINE('',#15184,#1303);
#412=LINE('',#15185,#1304);
#413=LINE('',#15188,#1305);
#414=LINE('',#15193,#1306);
#415=LINE('',#15196,#1307);
#416=LINE('',#15198,#1308);
#417=LINE('',#15199,#1309);
#418=LINE('',#15202,#1310);
#419=LINE('',#15208,#1311);
#420=LINE('',#15210,#1312);
#421=LINE('',#15211,#1313);
#422=LINE('',#15215,#1314);
#423=LINE('',#15218,#1315);
#424=LINE('',#15220,#1316);
#425=LINE('',#15227,#1317);
#426=LINE('',#15229,#1318);
#427=LINE('',#15231,#1319);
#428=LINE('',#15233,#1320);
#429=LINE('',#15241,#1321);
#430=LINE('',#15244,#1322);
#431=LINE('',#15253,#1323);
#432=LINE('',#15255,#1324);
#433=LINE('',#15257,#1325);
#434=LINE('',#15259,#1326);
#435=LINE('',#15271,#1327);
#436=LINE('',#15273,#1328);
#437=LINE('',#15274,#1329);
#438=LINE('',#15280,#1330);
#439=LINE('',#15288,#1331);
#440=LINE('',#15297,#1332);
#441=LINE('',#15298,#1333);
#442=LINE('',#15301,#1334);
#443=LINE('',#15302,#1335);
#444=LINE('',#15306,#1336);
#445=LINE('',#15310,#1337);
#446=LINE('',#15314,#1338);
#447=LINE('',#15316,#1339);
#448=LINE('',#15317,#1340);
#449=LINE('',#15319,#1341);
#450=LINE('',#15322,#1342);
#451=LINE('',#15324,#1343);
#452=LINE('',#15327,#1344);
#453=LINE('',#15329,#1345);
#454=LINE('',#15331,#1346);
#455=LINE('',#15333,#1347);
#456=LINE('',#15341,#1348);
#457=LINE('',#15343,#1349);
#458=LINE('',#15411,#1350);
#459=LINE('',#15481,#1351);
#460=LINE('',#15483,#1352);
#461=LINE('',#15485,#1353);
#462=LINE('',#15598,#1354);
#463=LINE('',#15616,#1355);
#464=LINE('',#15623,#1356);
#465=LINE('',#15629,#1357);
#466=LINE('',#15630,#1358);
#467=LINE('',#15632,#1359);
#468=LINE('',#15634,#1360);
#469=LINE('',#15636,#1361);
#470=LINE('',#15638,#1362);
#471=LINE('',#15640,#1363);
#472=LINE('',#15642,#1364);
#473=LINE('',#15645,#1365);
#474=LINE('',#15647,#1366);
#475=LINE('',#15653,#1367);
#476=LINE('',#15657,#1368);
#477=LINE('',#15661,#1369);
#478=LINE('',#15670,#1370);
#479=LINE('',#15679,#1371);
#480=LINE('',#15688,#1372);
#481=LINE('',#15704,#1373);
#482=LINE('',#15707,#1374);
#483=LINE('',#15711,#1375);
#484=LINE('',#15712,#1376);
#485=LINE('',#15718,#1377);
#486=LINE('',#15721,#1378);
#487=LINE('',#15726,#1379);
#488=LINE('',#15727,#1380);
#489=LINE('',#15732,#1381);
#490=LINE('',#15733,#1382);
#491=LINE('',#15737,#1383);
#492=LINE('',#15823,#1384);
#493=LINE('',#15905,#1385);
#494=LINE('',#15913,#1386);
#495=LINE('',#15917,#1387);
#496=LINE('',#15921,#1388);
#497=LINE('',#15924,#1389);
#498=LINE('',#15926,#1390);
#499=LINE('',#15927,#1391);
#500=LINE('',#15929,#1392);
#501=LINE('',#15931,#1393);
#502=LINE('',#15933,#1394);
#503=LINE('',#15935,#1395);
#504=LINE('',#15937,#1396);
#505=LINE('',#15939,#1397);
#506=LINE('',#15941,#1398);
#507=LINE('',#15943,#1399);
#508=LINE('',#15945,#1400);
#509=LINE('',#15947,#1401);
#510=LINE('',#15949,#1402);
#511=LINE('',#15951,#1403);
#512=LINE('',#15953,#1404);
#513=LINE('',#15955,#1405);
#514=LINE('',#15957,#1406);
#515=LINE('',#15959,#1407);
#516=LINE('',#15961,#1408);
#517=LINE('',#15963,#1409);
#518=LINE('',#15965,#1410);
#519=LINE('',#15967,#1411);
#520=LINE('',#15969,#1412);
#521=LINE('',#15971,#1413);
#522=LINE('',#15973,#1414);
#523=LINE('',#15975,#1415);
#524=LINE('',#15977,#1416);
#525=LINE('',#15979,#1417);
#526=LINE('',#15981,#1418);
#527=LINE('',#15983,#1419);
#528=LINE('',#15985,#1420);
#529=LINE('',#15987,#1421);
#530=LINE('',#15989,#1422);
#531=LINE('',#15991,#1423);
#532=LINE('',#15993,#1424);
#533=LINE('',#15995,#1425);
#534=LINE('',#15997,#1426);
#535=LINE('',#15999,#1427);
#536=LINE('',#16001,#1428);
#537=LINE('',#16003,#1429);
#538=LINE('',#16007,#1430);
#539=LINE('',#16012,#1431);
#540=LINE('',#16013,#1432);
#541=LINE('',#16016,#1433);
#542=LINE('',#16018,#1434);
#543=LINE('',#16022,#1435);
#544=LINE('',#16026,#1436);
#545=LINE('',#16029,#1437);
#546=LINE('',#16031,#1438);
#547=LINE('',#16035,#1439);
#548=LINE('',#16039,#1440);
#549=LINE('',#16042,#1441);
#550=LINE('',#16044,#1442);
#551=LINE('',#16046,#1443);
#552=LINE('',#16048,#1444);
#553=LINE('',#16050,#1445);
#554=LINE('',#16052,#1446);
#555=LINE('',#16054,#1447);
#556=LINE('',#16056,#1448);
#557=LINE('',#16058,#1449);
#558=LINE('',#16060,#1450);
#559=LINE('',#16062,#1451);
#560=LINE('',#16064,#1452);
#561=LINE('',#16066,#1453);
#562=LINE('',#16068,#1454);
#563=LINE('',#16070,#1455);
#564=LINE('',#16072,#1456);
#565=LINE('',#16074,#1457);
#566=LINE('',#16076,#1458);
#567=LINE('',#16078,#1459);
#568=LINE('',#16080,#1460);
#569=LINE('',#16082,#1461);
#570=LINE('',#16084,#1462);
#571=LINE('',#16086,#1463);
#572=LINE('',#16088,#1464);
#573=LINE('',#16090,#1465);
#574=LINE('',#16091,#1466);
#575=LINE('',#16093,#1467);
#576=LINE('',#16094,#1468);
#577=LINE('',#16097,#1469);
#578=LINE('',#16099,#1470);
#579=LINE('',#16100,#1471);
#580=LINE('',#16102,#1472);
#581=LINE('',#16104,#1473);
#582=LINE('',#16108,#1474);
#583=LINE('',#16110,#1475);
#584=LINE('',#16111,#1476);
#585=LINE('',#16115,#1477);
#586=LINE('',#16117,#1478);
#587=LINE('',#16118,#1479);
#588=LINE('',#16120,#1480);
#589=LINE('',#16123,#1481);
#590=LINE('',#16124,#1482);
#591=LINE('',#16128,#1483);
#592=LINE('',#16130,#1484);
#593=LINE('',#16131,#1485);
#594=LINE('',#16134,#1486);
#595=LINE('',#16136,#1487);
#596=LINE('',#16139,#1488);
#597=LINE('',#16141,#1489);
#598=LINE('',#16146,#1490);
#599=LINE('',#16149,#1491);
#600=LINE('',#16152,#1492);
#601=LINE('',#16154,#1493);
#602=LINE('',#16163,#1494);
#603=LINE('',#16164,#1495);
#604=LINE('',#16165,#1496);
#605=LINE('',#16171,#1497);
#606=LINE('',#16179,#1498);
#607=LINE('',#16188,#1499);
#608=LINE('',#16189,#1500);
#609=LINE('',#16191,#1501);
#610=LINE('',#16193,#1502);
#611=LINE('',#16195,#1503);
#612=LINE('',#16197,#1504);
#613=LINE('',#16199,#1505);
#614=LINE('',#16201,#1506);
#615=LINE('',#16204,#1507);
#616=LINE('',#16206,#1508);
#617=LINE('',#16212,#1509);
#618=LINE('',#16228,#1510);
#619=LINE('',#16232,#1511);
#620=LINE('',#16238,#1512);
#621=LINE('',#16244,#1513);
#622=LINE('',#16250,#1514);
#623=LINE('',#16256,#1515);
#624=LINE('',#16263,#1516);
#625=LINE('',#16266,#1517);
#626=LINE('',#16269,#1518);
#627=LINE('',#16271,#1519);
#628=LINE('',#16272,#1520);
#629=LINE('',#16275,#1521);
#630=LINE('',#16276,#1522);
#631=LINE('',#16278,#1523);
#632=LINE('',#16281,#1524);
#633=LINE('',#16285,#1525);
#634=LINE('',#16289,#1526);
#635=LINE('',#16292,#1527);
#636=LINE('',#16296,#1528);
#637=LINE('',#16302,#1529);
#638=LINE('',#16309,#1530);
#639=LINE('',#16312,#1531);
#640=LINE('',#16315,#1532);
#641=LINE('',#16318,#1533);
#642=LINE('',#16320,#1534);
#643=LINE('',#16323,#1535);
#644=LINE('',#16325,#1536);
#645=LINE('',#16327,#1537);
#646=LINE('',#16329,#1538);
#647=LINE('',#16331,#1539);
#648=LINE('',#16333,#1540);
#649=LINE('',#16335,#1541);
#650=LINE('',#16339,#1542);
#651=LINE('',#16340,#1543);
#652=LINE('',#16343,#1544);
#653=LINE('',#16344,#1545);
#654=LINE('',#16346,#1546);
#655=LINE('',#16347,#1547);
#656=LINE('',#16353,#1548);
#657=LINE('',#16360,#1549);
#658=LINE('',#16366,#1550);
#659=LINE('',#16367,#1551);
#660=LINE('',#16371,#1552);
#661=LINE('',#16373,#1553);
#662=LINE('',#16375,#1554);
#663=LINE('',#16376,#1555);
#664=LINE('',#16382,#1556);
#665=LINE('',#16384,#1557);
#666=LINE('',#16387,#1558);
#667=LINE('',#16388,#1559);
#668=LINE('',#16391,#1560);
#669=LINE('',#16393,#1561);
#670=LINE('',#16395,#1562);
#671=LINE('',#16396,#1563);
#672=LINE('',#16398,#1564);
#673=LINE('',#16399,#1565);
#674=LINE('',#16401,#1566);
#675=LINE('',#16402,#1567);
#676=LINE('',#16404,#1568);
#677=LINE('',#16406,#1569);
#678=LINE('',#16408,#1570);
#679=LINE('',#16410,#1571);
#680=LINE('',#16412,#1572);
#681=LINE('',#16414,#1573);
#682=LINE('',#16416,#1574);
#683=LINE('',#16418,#1575);
#684=LINE('',#16420,#1576);
#685=LINE('',#16422,#1577);
#686=LINE('',#16423,#1578);
#687=LINE('',#16425,#1579);
#688=LINE('',#16427,#1580);
#689=LINE('',#16430,#1581);
#690=LINE('',#16438,#1582);
#691=LINE('',#16492,#1583);
#692=LINE('',#16498,#1584);
#693=LINE('',#16502,#1585);
#694=LINE('',#16673,#1586);
#695=LINE('',#16674,#1587);
#696=LINE('',#16676,#1588);
#697=LINE('',#16678,#1589);
#698=LINE('',#16680,#1590);
#699=LINE('',#16682,#1591);
#700=LINE('',#16684,#1592);
#701=LINE('',#16686,#1593);
#702=LINE('',#16688,#1594);
#703=LINE('',#16690,#1595);
#704=LINE('',#16692,#1596);
#705=LINE('',#16694,#1597);
#706=LINE('',#16696,#1598);
#707=LINE('',#16698,#1599);
#708=LINE('',#16700,#1600);
#709=LINE('',#16702,#1601);
#710=LINE('',#16704,#1602);
#711=LINE('',#16706,#1603);
#712=LINE('',#16708,#1604);
#713=LINE('',#16710,#1605);
#714=LINE('',#16712,#1606);
#715=LINE('',#16714,#1607);
#716=LINE('',#16716,#1608);
#717=LINE('',#16718,#1609);
#718=LINE('',#16720,#1610);
#719=LINE('',#16722,#1611);
#720=LINE('',#16724,#1612);
#721=LINE('',#16726,#1613);
#722=LINE('',#16728,#1614);
#723=LINE('',#16730,#1615);
#724=LINE('',#16732,#1616);
#725=LINE('',#16734,#1617);
#726=LINE('',#16736,#1618);
#727=LINE('',#16738,#1619);
#728=LINE('',#16740,#1620);
#729=LINE('',#16742,#1621);
#730=LINE('',#16744,#1622);
#731=LINE('',#16746,#1623);
#732=LINE('',#16748,#1624);
#733=LINE('',#16750,#1625);
#734=LINE('',#16752,#1626);
#735=LINE('',#16754,#1627);
#736=LINE('',#16756,#1628);
#737=LINE('',#16758,#1629);
#738=LINE('',#16760,#1630);
#739=LINE('',#16762,#1631);
#740=LINE('',#16764,#1632);
#741=LINE('',#16766,#1633);
#742=LINE('',#16768,#1634);
#743=LINE('',#16770,#1635);
#744=LINE('',#16772,#1636);
#745=LINE('',#16774,#1637);
#746=LINE('',#16776,#1638);
#747=LINE('',#16778,#1639);
#748=LINE('',#16780,#1640);
#749=LINE('',#16782,#1641);
#750=LINE('',#16784,#1642);
#751=LINE('',#16786,#1643);
#752=LINE('',#16788,#1644);
#753=LINE('',#16790,#1645);
#754=LINE('',#16792,#1646);
#755=LINE('',#16794,#1647);
#756=LINE('',#16796,#1648);
#757=LINE('',#16798,#1649);
#758=LINE('',#16800,#1650);
#759=LINE('',#16802,#1651);
#760=LINE('',#16804,#1652);
#761=LINE('',#16806,#1653);
#762=LINE('',#16808,#1654);
#763=LINE('',#16810,#1655);
#764=LINE('',#16812,#1656);
#765=LINE('',#16814,#1657);
#766=LINE('',#16816,#1658);
#767=LINE('',#16818,#1659);
#768=LINE('',#16820,#1660);
#769=LINE('',#16822,#1661);
#770=LINE('',#16824,#1662);
#771=LINE('',#16826,#1663);
#772=LINE('',#16828,#1664);
#773=LINE('',#16830,#1665);
#774=LINE('',#16832,#1666);
#775=LINE('',#16834,#1667);
#776=LINE('',#16836,#1668);
#777=LINE('',#16838,#1669);
#778=LINE('',#16840,#1670);
#779=LINE('',#16842,#1671);
#780=LINE('',#16844,#1672);
#781=LINE('',#16847,#1673);
#782=LINE('',#16849,#1674);
#783=LINE('',#16855,#1675);
#784=LINE('',#16858,#1676);
#785=LINE('',#16864,#1677);
#786=LINE('',#16867,#1678);
#787=LINE('',#16873,#1679);
#788=LINE('',#16876,#1680);
#789=LINE('',#16882,#1681);
#790=LINE('',#16885,#1682);
#791=LINE('',#16891,#1683);
#792=LINE('',#16894,#1684);
#793=LINE('',#16900,#1685);
#794=LINE('',#16903,#1686);
#795=LINE('',#16909,#1687);
#796=LINE('',#16912,#1688);
#797=LINE('',#16918,#1689);
#798=LINE('',#16921,#1690);
#799=LINE('',#16927,#1691);
#800=LINE('',#16930,#1692);
#801=LINE('',#16936,#1693);
#802=LINE('',#16939,#1694);
#803=LINE('',#16945,#1695);
#804=LINE('',#16948,#1696);
#805=LINE('',#16954,#1697);
#806=LINE('',#16957,#1698);
#807=LINE('',#16963,#1699);
#808=LINE('',#16966,#1700);
#809=LINE('',#16972,#1701);
#810=LINE('',#16975,#1702);
#811=LINE('',#16981,#1703);
#812=LINE('',#16984,#1704);
#813=LINE('',#16990,#1705);
#814=LINE('',#16993,#1706);
#815=LINE('',#16999,#1707);
#816=LINE('',#17002,#1708);
#817=LINE('',#17008,#1709);
#818=LINE('',#17011,#1710);
#819=LINE('',#17017,#1711);
#820=LINE('',#17020,#1712);
#821=LINE('',#17026,#1713);
#822=LINE('',#17029,#1714);
#823=LINE('',#17035,#1715);
#824=LINE('',#17038,#1716);
#825=LINE('',#17044,#1717);
#826=LINE('',#17047,#1718);
#827=LINE('',#17053,#1719);
#828=LINE('',#17056,#1720);
#829=LINE('',#17062,#1721);
#830=LINE('',#17065,#1722);
#831=LINE('',#17071,#1723);
#832=LINE('',#17074,#1724);
#833=LINE('',#17080,#1725);
#834=LINE('',#17083,#1726);
#835=LINE('',#17089,#1727);
#836=LINE('',#17092,#1728);
#837=LINE('',#17098,#1729);
#838=LINE('',#17101,#1730);
#839=LINE('',#17107,#1731);
#840=LINE('',#17110,#1732);
#841=LINE('',#17116,#1733);
#842=LINE('',#17119,#1734);
#843=LINE('',#17125,#1735);
#844=LINE('',#17128,#1736);
#845=LINE('',#17134,#1737);
#846=LINE('',#17137,#1738);
#847=LINE('',#17143,#1739);
#848=LINE('',#17146,#1740);
#849=LINE('',#17152,#1741);
#850=LINE('',#17155,#1742);
#851=LINE('',#17161,#1743);
#852=LINE('',#17164,#1744);
#853=LINE('',#17170,#1745);
#854=LINE('',#17173,#1746);
#855=LINE('',#17179,#1747);
#856=LINE('',#17182,#1748);
#857=LINE('',#17188,#1749);
#858=LINE('',#17191,#1750);
#859=LINE('',#17197,#1751);
#860=LINE('',#17200,#1752);
#861=LINE('',#17206,#1753);
#862=LINE('',#17209,#1754);
#863=LINE('',#17215,#1755);
#864=LINE('',#17218,#1756);
#865=LINE('',#17224,#1757);
#866=LINE('',#17227,#1758);
#867=LINE('',#17233,#1759);
#868=LINE('',#17236,#1760);
#869=LINE('',#17242,#1761);
#870=LINE('',#17245,#1762);
#871=LINE('',#17251,#1763);
#872=LINE('',#17254,#1764);
#873=LINE('',#17260,#1765);
#874=LINE('',#17263,#1766);
#875=LINE('',#17269,#1767);
#876=LINE('',#17272,#1768);
#877=LINE('',#17278,#1769);
#878=LINE('',#17281,#1770);
#879=LINE('',#17287,#1771);
#880=LINE('',#17290,#1772);
#881=LINE('',#17296,#1773);
#882=LINE('',#17299,#1774);
#883=LINE('',#17305,#1775);
#884=LINE('',#17308,#1776);
#885=LINE('',#17314,#1777);
#886=LINE('',#17317,#1778);
#887=LINE('',#17323,#1779);
#888=LINE('',#17326,#1780);
#889=LINE('',#17332,#1781);
#890=LINE('',#17335,#1782);
#891=LINE('',#17341,#1783);
#892=LINE('',#17344,#1784);
#893=LINE('',#17350,#1785);
#894=LINE('',#17353,#1786);
#895=LINE('',#17359,#1787);
#896=LINE('',#17362,#1788);
#897=LINE('',#17368,#1789);
#898=LINE('',#17371,#1790);
#899=LINE('',#17377,#1791);
#900=LINE('',#17380,#1792);
#901=LINE('',#17386,#1793);
#902=LINE('',#17389,#1794);
#903=LINE('',#17404,#1795);
#904=LINE('',#17406,#1796);
#905=LINE('',#17410,#1797);
#906=LINE('',#17415,#1798);
#907=LINE('',#17419,#1799);
#908=LINE('',#17423,#1800);
#909=LINE('',#17424,#1801);
#910=LINE('',#17428,#1802);
#911=LINE('',#17430,#1803);
#912=LINE('',#17433,#1804);
#913=LINE('',#17436,#1805);
#914=LINE('',#17468,#1806);
#915=LINE('',#17469,#1807);
#916=LINE('',#17471,#1808);
#917=LINE('',#17472,#1809);
#918=LINE('',#17474,#1810);
#919=LINE('',#17475,#1811);
#920=LINE('',#17477,#1812);
#921=LINE('',#17478,#1813);
#922=LINE('',#17480,#1814);
#923=LINE('',#17481,#1815);
#924=LINE('',#17483,#1816);
#925=LINE('',#17484,#1817);
#926=LINE('',#17486,#1818);
#927=LINE('',#17487,#1819);
#928=LINE('',#17489,#1820);
#929=LINE('',#17490,#1821);
#930=LINE('',#17492,#1822);
#931=LINE('',#17493,#1823);
#932=LINE('',#17495,#1824);
#933=LINE('',#17496,#1825);
#934=LINE('',#17498,#1826);
#935=LINE('',#17499,#1827);
#936=LINE('',#17501,#1828);
#937=LINE('',#17502,#1829);
#938=LINE('',#17504,#1830);
#939=LINE('',#17505,#1831);
#940=LINE('',#17507,#1832);
#941=LINE('',#17508,#1833);
#942=LINE('',#17510,#1834);
#943=LINE('',#17511,#1835);
#944=LINE('',#17513,#1836);
#945=LINE('',#17514,#1837);
#946=LINE('',#17516,#1838);
#947=LINE('',#17517,#1839);
#948=LINE('',#17519,#1840);
#949=LINE('',#17520,#1841);
#950=LINE('',#17522,#1842);
#951=LINE('',#17523,#1843);
#952=LINE('',#17525,#1844);
#953=LINE('',#17526,#1845);
#954=LINE('',#17528,#1846);
#955=LINE('',#17529,#1847);
#956=LINE('',#17531,#1848);
#957=LINE('',#17532,#1849);
#958=LINE('',#17534,#1850);
#959=LINE('',#17535,#1851);
#960=LINE('',#17537,#1852);
#961=LINE('',#17538,#1853);
#962=LINE('',#17540,#1854);
#963=LINE('',#17541,#1855);
#964=LINE('',#17543,#1856);
#965=LINE('',#17544,#1857);
#966=LINE('',#17546,#1858);
#967=LINE('',#17547,#1859);
#968=LINE('',#17549,#1860);
#969=LINE('',#17550,#1861);
#970=LINE('',#17552,#1862);
#971=LINE('',#17553,#1863);
#972=LINE('',#17555,#1864);
#973=LINE('',#17556,#1865);
#974=LINE('',#17558,#1866);
#975=LINE('',#17559,#1867);
#976=LINE('',#17561,#1868);
#977=LINE('',#17562,#1869);
#978=LINE('',#17564,#1870);
#979=LINE('',#17565,#1871);
#980=LINE('',#17567,#1872);
#981=LINE('',#17568,#1873);
#982=LINE('',#17570,#1874);
#983=LINE('',#17571,#1875);
#984=LINE('',#17573,#1876);
#985=LINE('',#17574,#1877);
#986=LINE('',#17576,#1878);
#987=LINE('',#17577,#1879);
#988=LINE('',#17579,#1880);
#989=LINE('',#17580,#1881);
#990=LINE('',#17582,#1882);
#991=LINE('',#17583,#1883);
#992=LINE('',#17585,#1884);
#993=LINE('',#17586,#1885);
#994=LINE('',#17588,#1886);
#995=LINE('',#17589,#1887);
#996=LINE('',#17591,#1888);
#997=LINE('',#17592,#1889);
#998=LINE('',#17594,#1890);
#999=LINE('',#17595,#1891);
#1000=LINE('',#17597,#1892);
#1001=LINE('',#17598,#1893);
#1002=LINE('',#17600,#1894);
#1003=LINE('',#17601,#1895);
#1004=LINE('',#17603,#1896);
#1005=LINE('',#17604,#1897);
#1006=LINE('',#17606,#1898);
#1007=LINE('',#17607,#1899);
#1008=LINE('',#17609,#1900);
#1009=LINE('',#17610,#1901);
#1010=LINE('',#17612,#1902);
#1011=LINE('',#17613,#1903);
#1012=LINE('',#17615,#1904);
#1013=LINE('',#17616,#1905);
#1014=LINE('',#17618,#1906);
#1015=LINE('',#17619,#1907);
#1016=LINE('',#17621,#1908);
#1017=LINE('',#17622,#1909);
#1018=LINE('',#17624,#1910);
#1019=LINE('',#17625,#1911);
#1020=LINE('',#17627,#1912);
#1021=LINE('',#17628,#1913);
#1022=LINE('',#17630,#1914);
#1023=LINE('',#17631,#1915);
#1024=LINE('',#17633,#1916);
#1025=LINE('',#17634,#1917);
#1026=LINE('',#17636,#1918);
#1027=LINE('',#17637,#1919);
#1028=LINE('',#17639,#1920);
#1029=LINE('',#17640,#1921);
#1030=LINE('',#17642,#1922);
#1031=LINE('',#17643,#1923);
#1032=LINE('',#17645,#1924);
#1033=LINE('',#17646,#1925);
#1034=LINE('',#17648,#1926);
#1035=LINE('',#17650,#1927);
#1036=LINE('',#17652,#1928);
#1037=LINE('',#17654,#1929);
#1038=LINE('',#17656,#1930);
#1039=LINE('',#17658,#1931);
#1040=LINE('',#17661,#1932);
#1041=LINE('',#17662,#1933);
#1042=LINE('',#17665,#1934);
#1043=LINE('',#17668,#1935);
#1044=LINE('',#17683,#1936);
#1045=LINE('',#17685,#1937);
#1046=LINE('',#17687,#1938);
#1047=LINE('',#17689,#1939);
#1048=LINE('',#17691,#1940);
#1049=LINE('',#17693,#1941);
#1050=LINE('',#17697,#1942);
#1051=LINE('',#17698,#1943);
#1052=LINE('',#17700,#1944);
#1053=LINE('',#17701,#1945);
#1054=LINE('',#17703,#1946);
#1055=LINE('',#17704,#1947);
#1056=LINE('',#17706,#1948);
#1057=LINE('',#17707,#1949);
#1058=LINE('',#17709,#1950);
#1059=LINE('',#17710,#1951);
#1060=LINE('',#17712,#1952);
#1061=LINE('',#17713,#1953);
#1062=LINE('',#17715,#1954);
#1063=LINE('',#17716,#1955);
#1064=LINE('',#17718,#1956);
#1065=LINE('',#17719,#1957);
#1066=LINE('',#17721,#1958);
#1067=LINE('',#17722,#1959);
#1068=LINE('',#17724,#1960);
#1069=LINE('',#17725,#1961);
#1070=LINE('',#17727,#1962);
#1071=LINE('',#17728,#1963);
#1072=LINE('',#17730,#1964);
#1073=LINE('',#17731,#1965);
#1074=LINE('',#17733,#1966);
#1075=LINE('',#17734,#1967);
#1076=LINE('',#17736,#1968);
#1077=LINE('',#17737,#1969);
#1078=LINE('',#17739,#1970);
#1079=LINE('',#17740,#1971);
#1080=LINE('',#17742,#1972);
#1081=LINE('',#17743,#1973);
#1082=LINE('',#17745,#1974);
#1083=LINE('',#17746,#1975);
#1084=LINE('',#17748,#1976);
#1085=LINE('',#17749,#1977);
#1086=LINE('',#17751,#1978);
#1087=LINE('',#17752,#1979);
#1088=LINE('',#17754,#1980);
#1089=LINE('',#17755,#1981);
#1090=LINE('',#17757,#1982);
#1091=LINE('',#17758,#1983);
#1092=LINE('',#17760,#1984);
#1093=LINE('',#17761,#1985);
#1094=LINE('',#17763,#1986);
#1095=LINE('',#17764,#1987);
#1096=LINE('',#17766,#1988);
#1097=LINE('',#17767,#1989);
#1098=LINE('',#17769,#1990);
#1099=LINE('',#17770,#1991);
#1100=LINE('',#17772,#1992);
#1101=LINE('',#17773,#1993);
#1102=LINE('',#17775,#1994);
#1103=LINE('',#17776,#1995);
#1104=LINE('',#17778,#1996);
#1105=LINE('',#17779,#1997);
#1106=LINE('',#17781,#1998);
#1107=LINE('',#17782,#1999);
#1108=LINE('',#17784,#2000);
#1109=LINE('',#17785,#2001);
#1110=LINE('',#17787,#2002);
#1111=LINE('',#17788,#2003);
#1112=LINE('',#17790,#2004);
#1113=LINE('',#17791,#2005);
#1114=LINE('',#17793,#2006);
#1115=LINE('',#17794,#2007);
#1116=LINE('',#17796,#2008);
#1117=LINE('',#17797,#2009);
#1118=LINE('',#17799,#2010);
#1119=LINE('',#17800,#2011);
#1120=LINE('',#17802,#2012);
#1121=LINE('',#17803,#2013);
#1122=LINE('',#17805,#2014);
#1123=LINE('',#17806,#2015);
#1124=LINE('',#17808,#2016);
#1125=LINE('',#17809,#2017);
#1126=LINE('',#17811,#2018);
#1127=LINE('',#17812,#2019);
#1128=LINE('',#17814,#2020);
#1129=LINE('',#17815,#2021);
#1130=LINE('',#17817,#2022);
#1131=LINE('',#17818,#2023);
#1132=LINE('',#17820,#2024);
#1133=LINE('',#17821,#2025);
#1134=LINE('',#17823,#2026);
#1135=LINE('',#17824,#2027);
#1136=LINE('',#17826,#2028);
#1137=LINE('',#17827,#2029);
#1138=LINE('',#17829,#2030);
#1139=LINE('',#17830,#2031);
#1140=LINE('',#17832,#2032);
#1141=LINE('',#17833,#2033);
#1142=LINE('',#17835,#2034);
#1143=LINE('',#17836,#2035);
#1144=LINE('',#17838,#2036);
#1145=LINE('',#17839,#2037);
#1146=LINE('',#17841,#2038);
#1147=LINE('',#17842,#2039);
#1148=LINE('',#17844,#2040);
#1149=LINE('',#17845,#2041);
#1150=LINE('',#17847,#2042);
#1151=LINE('',#17848,#2043);
#1152=LINE('',#17850,#2044);
#1153=LINE('',#17851,#2045);
#1154=LINE('',#17853,#2046);
#1155=LINE('',#17854,#2047);
#1156=LINE('',#17856,#2048);
#1157=LINE('',#17857,#2049);
#1158=LINE('',#17859,#2050);
#1159=LINE('',#17860,#2051);
#1160=LINE('',#17862,#2052);
#1161=LINE('',#17863,#2053);
#1162=LINE('',#17865,#2054);
#1163=LINE('',#17866,#2055);
#1164=LINE('',#17868,#2056);
#1165=LINE('',#17869,#2057);
#1166=LINE('',#17871,#2058);
#1167=LINE('',#17872,#2059);
#1168=LINE('',#17874,#2060);
#1169=LINE('',#17876,#2061);
#1170=LINE('',#17881,#2062);
#1171=LINE('',#17882,#2063);
#1172=LINE('',#17889,#2064);
#1173=LINE('',#17891,#2065);
#1174=LINE('',#17893,#2066);
#1175=LINE('',#17896,#2067);
#1176=LINE('',#17899,#2068);
#1177=LINE('',#17902,#2069);
#1178=LINE('',#17905,#2070);
#1179=LINE('',#17908,#2071);
#1180=LINE('',#17911,#2072);
#1181=LINE('',#17914,#2073);
#1182=LINE('',#17917,#2074);
#1183=LINE('',#17920,#2075);
#1184=LINE('',#17923,#2076);
#1185=LINE('',#17926,#2077);
#1186=LINE('',#17929,#2078);
#1187=LINE('',#17932,#2079);
#1188=LINE('',#17935,#2080);
#1189=LINE('',#17938,#2081);
#1190=LINE('',#17941,#2082);
#1191=LINE('',#17944,#2083);
#1192=LINE('',#17947,#2084);
#1193=LINE('',#17950,#2085);
#1194=LINE('',#17953,#2086);
#1195=LINE('',#17956,#2087);
#1196=LINE('',#17959,#2088);
#1197=LINE('',#17962,#2089);
#1198=LINE('',#17965,#2090);
#1199=LINE('',#17968,#2091);
#1200=LINE('',#17971,#2092);
#1201=LINE('',#17974,#2093);
#1202=LINE('',#17977,#2094);
#1203=LINE('',#17980,#2095);
#1204=LINE('',#17983,#2096);
#1205=LINE('',#17986,#2097);
#1206=LINE('',#17989,#2098);
#1207=LINE('',#17992,#2099);
#1208=LINE('',#17995,#2100);
#1209=LINE('',#17998,#2101);
#1210=LINE('',#18001,#2102);
#1211=LINE('',#18004,#2103);
#1212=LINE('',#18007,#2104);
#1213=LINE('',#18010,#2105);
#1214=LINE('',#18013,#2106);
#1215=LINE('',#18016,#2107);
#1216=LINE('',#18019,#2108);
#1217=LINE('',#18022,#2109);
#1218=LINE('',#18025,#2110);
#1219=LINE('',#18028,#2111);
#1220=LINE('',#18031,#2112);
#1221=LINE('',#18034,#2113);
#1222=LINE('',#18037,#2114);
#1223=LINE('',#18040,#2115);
#1224=LINE('',#18043,#2116);
#1225=LINE('',#18046,#2117);
#1226=LINE('',#18049,#2118);
#1227=LINE('',#18052,#2119);
#1228=LINE('',#18055,#2120);
#1229=LINE('',#18058,#2121);
#1230=LINE('',#18061,#2122);
#1231=LINE('',#18064,#2123);
#1232=LINE('',#18067,#2124);
#1233=LINE('',#18070,#2125);
#1234=VECTOR('',#11658,18.0277563773199);
#1235=VECTOR('',#11659,29.8397459621556);
#1236=VECTOR('',#11662,21.7);
#1237=VECTOR('',#11663,29.8397459621556);
#1238=VECTOR('',#11672,29.8397459621556);
#1239=VECTOR('',#11679,29.8397459621556);
#1240=VECTOR('',#11686,4.);
#1241=VECTOR('',#11689,4.);
#1242=VECTOR('',#11692,4.);
#1243=VECTOR('',#11693,10.);
#1244=VECTOR('',#11694,10.);
#1245=VECTOR('',#11697,4.);
#1246=VECTOR('',#11702,4.);
#1247=VECTOR('',#11707,4.);
#1248=VECTOR('',#11712,4.);
#1249=VECTOR('',#11713,10.);
#1250=VECTOR('',#11716,4.);
#1251=VECTOR('',#11725,1.75);
#1252=VECTOR('',#11728,1.75);
#1253=VECTOR('',#11731,18.0277563773199);
#1254=VECTOR('',#11732,16.);
#1255=VECTOR('',#11733,18.0277563773199);
#1256=VECTOR('',#11734,10.);
#1257=VECTOR('',#11741,10.);
#1258=VECTOR('',#11742,18.0277563773199);
#1259=VECTOR('',#11743,16.);
#1260=VECTOR('',#11744,41.45);
#1261=VECTOR('',#11745,10.);
#1262=VECTOR('',#11748,34.95);
#1263=VECTOR('',#11749,18.);
#1264=VECTOR('',#11750,27.05);
#1265=VECTOR('',#11751,18.0277563773199);
#1266=VECTOR('',#11756,21.7);
#1267=VECTOR('',#11759,8.69497475868377);
#1268=VECTOR('',#11762,4.04885254470014);
#1269=VECTOR('',#11763,31.2307178958087);
#1270=VECTOR('',#11764,2.00468364443943);
#1271=VECTOR('',#11765,7.66236727511125);
#1272=VECTOR('',#11772,29.8397459621556);
#1273=VECTOR('',#11781,7.66236727511125);
#1274=VECTOR('',#11782,2.00468364443943);
#1275=VECTOR('',#11783,31.2307178958087);
#1276=VECTOR('',#11784,4.04885254470014);
#1277=VECTOR('',#11787,8.69497475868377);
#1278=VECTOR('',#11790,21.7);
#1279=VECTOR('',#11795,5.);
#1280=VECTOR('',#11798,5.);
#1281=VECTOR('',#11805,5.);
#1282=VECTOR('',#11806,8.69497475868377);
#1283=VECTOR('',#11807,5.);
#1284=VECTOR('',#11814,5.);
#1285=VECTOR('',#11817,10.);
#1286=VECTOR('',#11818,21.7);
#1287=VECTOR('',#11819,10.);
#1288=VECTOR('',#11820,10.);
#1289=VECTOR('',#11825,1.8);
#1290=VECTOR('',#11830,29.8397459621556);
#1291=VECTOR('',#11831,26.3120155099745);
#1292=VECTOR('',#11834,27.0879623834085);
#1293=VECTOR('',#11837,4.04885254470014);
#1294=VECTOR('',#11838,31.2307178958087);
#1295=VECTOR('',#11839,2.00468364443943);
#1296=VECTOR('',#11840,7.66236727511125);
#1297=VECTOR('',#11849,5.);
#1298=VECTOR('',#11850,5.);
#1299=VECTOR('',#11853,5.);
#1300=VECTOR('',#11856,5.);
#1301=VECTOR('',#11859,5.);
#1302=VECTOR('',#11868,29.8397459621556);
#1303=VECTOR('',#11869,18.0277563773199);
#1304=VECTOR('',#11870,29.8397459621556);
#1305=VECTOR('',#11873,5.);
#1306=VECTOR('',#11878,5.);
#1307=VECTOR('',#11881,5.);
#1308=VECTOR('',#11882,5.);
#1309=VECTOR('',#11883,8.69497475868377);
#1310=VECTOR('',#11886,5.);
#1311=VECTOR('',#11893,10.);
#1312=VECTOR('',#11894,21.7);
#1313=VECTOR('',#11895,10.);
#1314=VECTOR('',#11900,1.8);
#1315=VECTOR('',#11903,27.0879623834085);
#1316=VECTOR('',#11904,29.8397459621556);
#1317=VECTOR('',#11911,7.66236727511125);
#1318=VECTOR('',#11912,2.00468364443943);
#1319=VECTOR('',#11913,31.2307178958087);
#1320=VECTOR('',#11914,4.04885254470014);
#1321=VECTOR('',#11917,27.0879623834085);
#1322=VECTOR('',#11922,5.);
#1323=VECTOR('',#11923,5.);
#1324=VECTOR('',#11926,5.);
#1325=VECTOR('',#11929,5.);
#1326=VECTOR('',#11932,5.);
#1327=VECTOR('',#11947,29.8397459621556);
#1328=VECTOR('',#11948,18.0277563773199);
#1329=VECTOR('',#11949,29.8397459621556);
#1330=VECTOR('',#11954,29.8397459621556);
#1331=VECTOR('',#11961,29.8397459621556);
#1332=VECTOR('',#11972,4.);
#1333=VECTOR('',#11973,4.);
#1334=VECTOR('',#11976,10.);
#1335=VECTOR('',#11977,4.);
#1336=VECTOR('',#11982,4.);
#1337=VECTOR('',#11987,4.);
#1338=VECTOR('',#11992,4.);
#1339=VECTOR('',#11995,10.);
#1340=VECTOR('',#11996,4.);
#1341=VECTOR('',#11999,4.);
#1342=VECTOR('',#12004,1.75);
#1343=VECTOR('',#12007,1.75);
#1344=VECTOR('',#12010,18.0277563773199);
#1345=VECTOR('',#12011,16.);
#1346=VECTOR('',#12012,18.0277563773199);
#1347=VECTOR('',#12013,10.);
#1348=VECTOR('',#12020,10.);
#1349=VECTOR('',#12021,18.0277563773199);
#1350=VECTOR('',#12088,10.);
#1351=VECTOR('',#12157,10.);
#1352=VECTOR('',#12158,10.);
#1353=VECTOR('',#12159,10.);
#1354=VECTOR('',#12272,18.0277563773199);
#1355=VECTOR('',#12291,29.8397459621556);
#1356=VECTOR('',#12298,29.8397459621556);
#1357=VECTOR('',#12305,4.);
#1358=VECTOR('',#12306,4.);
#1359=VECTOR('',#12309,4.);
#1360=VECTOR('',#12312,4.);
#1361=VECTOR('',#12315,4.);
#1362=VECTOR('',#12318,4.);
#1363=VECTOR('',#12321,4.);
#1364=VECTOR('',#12324,4.);
#1365=VECTOR('',#12329,1.75);
#1366=VECTOR('',#12332,1.75);
#1367=VECTOR('',#12337,7.54193739878897);
#1368=VECTOR('',#12340,7.54193739878897);
#1369=VECTOR('',#12345,10.);
#1370=VECTOR('',#12354,10.);
#1371=VECTOR('',#12363,10.);
#1372=VECTOR('',#12372,3.95);
#1373=VECTOR('',#12389,18.0277563773199);
#1374=VECTOR('',#12392,27.0879623834085);
#1375=VECTOR('',#12395,10.);
#1376=VECTOR('',#12396,27.0879623834085);
#1377=VECTOR('',#12401,7.57324415292662);
#1378=VECTOR('',#12404,7.54193739878897);
#1379=VECTOR('',#12409,4.);
#1380=VECTOR('',#12410,4.);
#1381=VECTOR('',#12415,4.);
#1382=VECTOR('',#12416,4.);
#1383=VECTOR('',#12419,27.0879623834085);
#1384=VECTOR('',#12506,0.757674799805365);
#1385=VECTOR('',#12587,27.0879623834085);
#1386=VECTOR('',#12594,7.57324415292662);
#1387=VECTOR('',#12597,7.54193739878897);
#1388=VECTOR('',#12600,7.54193739878897);
#1389=VECTOR('',#12603,7.54193739878897);
#1390=VECTOR('',#12606,4.);
#1391=VECTOR('',#12607,4.);
#1392=VECTOR('',#12610,4.);
#1393=VECTOR('',#12613,4.);
#1394=VECTOR('',#12616,4.);
#1395=VECTOR('',#12619,4.);
#1396=VECTOR('',#12622,4.);
#1397=VECTOR('',#12625,4.);
#1398=VECTOR('',#12628,4.);
#1399=VECTOR('',#12631,4.);
#1400=VECTOR('',#12634,4.);
#1401=VECTOR('',#12637,4.);
#1402=VECTOR('',#12640,4.);
#1403=VECTOR('',#12643,4.);
#1404=VECTOR('',#12646,4.);
#1405=VECTOR('',#12649,4.);
#1406=VECTOR('',#12652,4.);
#1407=VECTOR('',#12655,4.);
#1408=VECTOR('',#12658,4.);
#1409=VECTOR('',#12661,4.);
#1410=VECTOR('',#12664,4.);
#1411=VECTOR('',#12667,4.);
#1412=VECTOR('',#12670,4.);
#1413=VECTOR('',#12673,4.);
#1414=VECTOR('',#12676,4.);
#1415=VECTOR('',#12679,4.);
#1416=VECTOR('',#12682,4.);
#1417=VECTOR('',#12685,4.);
#1418=VECTOR('',#12688,4.);
#1419=VECTOR('',#12691,4.);
#1420=VECTOR('',#12694,4.);
#1421=VECTOR('',#12697,4.);
#1422=VECTOR('',#12700,4.);
#1423=VECTOR('',#12703,4.);
#1424=VECTOR('',#12706,4.);
#1425=VECTOR('',#12709,4.);
#1426=VECTOR('',#12712,4.);
#1427=VECTOR('',#12715,4.);
#1428=VECTOR('',#12718,4.);
#1429=VECTOR('',#12721,4.);
#1430=VECTOR('',#12726,4.);
#1431=VECTOR('',#12731,4.);
#1432=VECTOR('',#12732,4.);
#1433=VECTOR('',#12737,4.);
#1434=VECTOR('',#12740,4.);
#1435=VECTOR('',#12745,4.);
#1436=VECTOR('',#12750,4.);
#1437=VECTOR('',#12755,4.);
#1438=VECTOR('',#12758,4.);
#1439=VECTOR('',#12763,4.);
#1440=VECTOR('',#12768,4.);
#1441=VECTOR('',#12773,4.);
#1442=VECTOR('',#12776,4.);
#1443=VECTOR('',#12779,4.);
#1444=VECTOR('',#12782,4.);
#1445=VECTOR('',#12785,4.);
#1446=VECTOR('',#12788,4.);
#1447=VECTOR('',#12791,4.);
#1448=VECTOR('',#12794,4.);
#1449=VECTOR('',#12797,4.);
#1450=VECTOR('',#12800,4.);
#1451=VECTOR('',#12803,4.);
#1452=VECTOR('',#12806,4.);
#1453=VECTOR('',#12809,4.);
#1454=VECTOR('',#12812,4.);
#1455=VECTOR('',#12815,4.);
#1456=VECTOR('',#12818,4.);
#1457=VECTOR('',#12821,4.);
#1458=VECTOR('',#12824,4.);
#1459=VECTOR('',#12827,4.);
#1460=VECTOR('',#12830,4.);
#1461=VECTOR('',#12833,4.);
#1462=VECTOR('',#12836,4.);
#1463=VECTOR('',#12839,4.);
#1464=VECTOR('',#12842,4.);
#1465=VECTOR('',#12845,10.);
#1466=VECTOR('',#12846,4.);
#1467=VECTOR('',#12849,10.);
#1468=VECTOR('',#12850,4.);
#1469=VECTOR('',#12855,1.8);
#1470=VECTOR('',#12858,4.);
#1471=VECTOR('',#12859,4.);
#1472=VECTOR('',#12862,4.);
#1473=VECTOR('',#12865,4.);
#1474=VECTOR('',#12872,4.);
#1475=VECTOR('',#12873,10.);
#1476=VECTOR('',#12874,4.);
#1477=VECTOR('',#12879,4.);
#1478=VECTOR('',#12882,10.);
#1479=VECTOR('',#12883,4.);
#1480=VECTOR('',#12886,4.);
#1481=VECTOR('',#12889,10.);
#1482=VECTOR('',#12890,4.);
#1483=VECTOR('',#12895,4.);
#1484=VECTOR('',#12898,10.);
#1485=VECTOR('',#12899,4.);
#1486=VECTOR('',#12904,4.);
#1487=VECTOR('',#12907,4.);
#1488=VECTOR('',#12912,4.);
#1489=VECTOR('',#12915,4.);
#1490=VECTOR('',#12924,10.);
#1491=VECTOR('',#12927,3.95);
#1492=VECTOR('',#12932,10.);
#1493=VECTOR('',#12935,10.);
#1494=VECTOR('',#12948,29.8397459621556);
#1495=VECTOR('',#12949,18.0277563773199);
#1496=VECTOR('',#12950,29.8397459621556);
#1497=VECTOR('',#12955,29.8397459621556);
#1498=VECTOR('',#12962,29.8397459621556);
#1499=VECTOR('',#12973,4.);
#1500=VECTOR('',#12974,4.);
#1501=VECTOR('',#12977,4.);
#1502=VECTOR('',#12980,4.);
#1503=VECTOR('',#12983,4.);
#1504=VECTOR('',#12986,4.);
#1505=VECTOR('',#12989,4.);
#1506=VECTOR('',#12992,4.);
#1507=VECTOR('',#12997,1.75);
#1508=VECTOR('',#13000,1.75);
#1509=VECTOR('',#13005,18.0277563773199);
#1510=VECTOR('',#13010,10.);
#1511=VECTOR('',#13013,10.);
#1512=VECTOR('',#13020,1.);
#1513=VECTOR('',#13027,1.);
#1514=VECTOR('',#13034,1.);
#1515=VECTOR('',#13041,1.);
#1516=VECTOR('',#13048,10.);
#1517=VECTOR('',#13051,10.);
#1518=VECTOR('',#13054,10.);
#1519=VECTOR('',#13055,10.);
#1520=VECTOR('',#13056,10.);
#1521=VECTOR('',#13059,10.);
#1522=VECTOR('',#13060,10.);
#1523=VECTOR('',#13061,10.);
#1524=VECTOR('',#13064,10.);
#1525=VECTOR('',#13067,10.);
#1526=VECTOR('',#13070,10.);
#1527=VECTOR('',#13073,10.);
#1528=VECTOR('',#13078,10.);
#1529=VECTOR('',#13083,4.5);
#1530=VECTOR('',#13092,10.);
#1531=VECTOR('',#13095,10.);
#1532=VECTOR('',#13098,10.);
#1533=VECTOR('',#13101,10.);
#1534=VECTOR('',#13102,10.);
#1535=VECTOR('',#13105,10.);
#1536=VECTOR('',#13108,10.);
#1537=VECTOR('',#13111,10.);
#1538=VECTOR('',#13114,10.);
#1539=VECTOR('',#13117,10.);
#1540=VECTOR('',#13120,10.);
#1541=VECTOR('',#13123,10.);
#1542=VECTOR('',#13128,10.);
#1543=VECTOR('',#13129,10.);
#1544=VECTOR('',#13132,10.);
#1545=VECTOR('',#13133,10.);
#1546=VECTOR('',#13136,10.);
#1547=VECTOR('',#13137,10.);
#1548=VECTOR('',#13144,1.125);
#1549=VECTOR('',#13153,1.125);
#1550=VECTOR('',#13160,10.5);
#1551=VECTOR('',#13161,10.5);
#1552=VECTOR('',#13164,12.9999999999989);
#1553=VECTOR('',#13165,22.9999999999998);
#1554=VECTOR('',#13166,12.9999999999995);
#1555=VECTOR('',#13167,22.9999999999998);
#1556=VECTOR('',#13172,18.);
#1557=VECTOR('',#13173,34.95);
#1558=VECTOR('',#13176,12.);
#1559=VECTOR('',#13177,31.);
#1560=VECTOR('',#13178,12.9999999999995);
#1561=VECTOR('',#13179,22.9999999999998);
#1562=VECTOR('',#13180,12.9999999999989);
#1563=VECTOR('',#13181,23.);
#1564=VECTOR('',#13184,9.);
#1565=VECTOR('',#13185,9.);
#1566=VECTOR('',#13188,5.5);
#1567=VECTOR('',#13189,10.);
#1568=VECTOR('',#13192,5.5);
#1569=VECTOR('',#13195,9.);
#1570=VECTOR('',#13198,9.);
#1571=VECTOR('',#13201,1.8);
#1572=VECTOR('',#13204,5.);
#1573=VECTOR('',#13207,1.8);
#1574=VECTOR('',#13210,5.);
#1575=VECTOR('',#13213,5.);
#1576=VECTOR('',#13216,10.);
#1577=VECTOR('',#13217,10.);
#1578=VECTOR('',#13218,5.);
#1579=VECTOR('',#13221,5.4);
#1580=VECTOR('',#13224,5.5);
#1581=VECTOR('',#13229,10.);
#1582=VECTOR('',#13240,27.0879623834085);
#1583=VECTOR('',#13295,26.3120155099745);
#1584=VECTOR('',#13300,27.0879623834085);
#1585=VECTOR('',#13303,26.3120155099745);
#1586=VECTOR('',#13476,4.);
#1587=VECTOR('',#13477,4.);
#1588=VECTOR('',#13480,4.);
#1589=VECTOR('',#13483,4.);
#1590=VECTOR('',#13486,4.);
#1591=VECTOR('',#13489,4.);
#1592=VECTOR('',#13492,4.);
#1593=VECTOR('',#13495,4.);
#1594=VECTOR('',#13498,4.);
#1595=VECTOR('',#13501,4.);
#1596=VECTOR('',#13504,4.);
#1597=VECTOR('',#13507,4.);
#1598=VECTOR('',#13510,4.);
#1599=VECTOR('',#13513,4.);
#1600=VECTOR('',#13516,4.);
#1601=VECTOR('',#13519,4.);
#1602=VECTOR('',#13522,4.);
#1603=VECTOR('',#13525,4.);
#1604=VECTOR('',#13528,4.);
#1605=VECTOR('',#13531,4.);
#1606=VECTOR('',#13534,4.);
#1607=VECTOR('',#13537,4.);
#1608=VECTOR('',#13540,4.);
#1609=VECTOR('',#13543,4.);
#1610=VECTOR('',#13546,4.);
#1611=VECTOR('',#13549,4.);
#1612=VECTOR('',#13552,4.);
#1613=VECTOR('',#13555,4.);
#1614=VECTOR('',#13558,4.);
#1615=VECTOR('',#13561,4.);
#1616=VECTOR('',#13564,4.);
#1617=VECTOR('',#13567,4.);
#1618=VECTOR('',#13570,4.);
#1619=VECTOR('',#13573,4.);
#1620=VECTOR('',#13576,4.);
#1621=VECTOR('',#13579,4.);
#1622=VECTOR('',#13582,4.);
#1623=VECTOR('',#13585,4.);
#1624=VECTOR('',#13588,4.);
#1625=VECTOR('',#13591,4.);
#1626=VECTOR('',#13594,4.);
#1627=VECTOR('',#13597,4.);
#1628=VECTOR('',#13600,4.);
#1629=VECTOR('',#13603,4.);
#1630=VECTOR('',#13606,4.);
#1631=VECTOR('',#13609,4.);
#1632=VECTOR('',#13612,4.);
#1633=VECTOR('',#13615,4.);
#1634=VECTOR('',#13618,4.);
#1635=VECTOR('',#13621,4.);
#1636=VECTOR('',#13624,4.);
#1637=VECTOR('',#13627,4.);
#1638=VECTOR('',#13630,4.);
#1639=VECTOR('',#13633,4.);
#1640=VECTOR('',#13636,4.);
#1641=VECTOR('',#13639,4.);
#1642=VECTOR('',#13642,4.);
#1643=VECTOR('',#13645,4.);
#1644=VECTOR('',#13648,4.);
#1645=VECTOR('',#13651,4.);
#1646=VECTOR('',#13654,4.);
#1647=VECTOR('',#13657,4.);
#1648=VECTOR('',#13660,4.);
#1649=VECTOR('',#13663,4.);
#1650=VECTOR('',#13666,4.);
#1651=VECTOR('',#13669,4.);
#1652=VECTOR('',#13672,4.);
#1653=VECTOR('',#13675,4.);
#1654=VECTOR('',#13678,4.);
#1655=VECTOR('',#13681,4.);
#1656=VECTOR('',#13684,4.);
#1657=VECTOR('',#13687,4.);
#1658=VECTOR('',#13690,4.);
#1659=VECTOR('',#13693,4.);
#1660=VECTOR('',#13696,4.);
#1661=VECTOR('',#13699,4.);
#1662=VECTOR('',#13702,4.);
#1663=VECTOR('',#13705,4.);
#1664=VECTOR('',#13708,4.);
#1665=VECTOR('',#13711,4.);
#1666=VECTOR('',#13714,4.);
#1667=VECTOR('',#13717,4.);
#1668=VECTOR('',#13720,4.);
#1669=VECTOR('',#13723,4.);
#1670=VECTOR('',#13726,4.);
#1671=VECTOR('',#13729,4.);
#1672=VECTOR('',#13732,4.);
#1673=VECTOR('',#13737,1.8);
#1674=VECTOR('',#13740,1.8);
#1675=VECTOR('',#13745,2.);
#1676=VECTOR('',#13748,2.);
#1677=VECTOR('',#13753,2.);
#1678=VECTOR('',#13756,2.);
#1679=VECTOR('',#13761,2.);
#1680=VECTOR('',#13764,2.);
#1681=VECTOR('',#13769,2.);
#1682=VECTOR('',#13772,2.);
#1683=VECTOR('',#13777,2.);
#1684=VECTOR('',#13780,2.);
#1685=VECTOR('',#13785,2.);
#1686=VECTOR('',#13788,2.);
#1687=VECTOR('',#13793,2.);
#1688=VECTOR('',#13796,2.);
#1689=VECTOR('',#13801,2.);
#1690=VECTOR('',#13804,2.);
#1691=VECTOR('',#13809,2.);
#1692=VECTOR('',#13812,2.);
#1693=VECTOR('',#13817,2.);
#1694=VECTOR('',#13820,2.);
#1695=VECTOR('',#13825,2.);
#1696=VECTOR('',#13828,2.);
#1697=VECTOR('',#13833,2.);
#1698=VECTOR('',#13836,2.);
#1699=VECTOR('',#13841,2.);
#1700=VECTOR('',#13844,2.);
#1701=VECTOR('',#13849,2.);
#1702=VECTOR('',#13852,2.);
#1703=VECTOR('',#13857,2.);
#1704=VECTOR('',#13860,2.);
#1705=VECTOR('',#13865,2.);
#1706=VECTOR('',#13868,2.);
#1707=VECTOR('',#13873,2.);
#1708=VECTOR('',#13876,2.);
#1709=VECTOR('',#13881,2.);
#1710=VECTOR('',#13884,2.);
#1711=VECTOR('',#13889,2.);
#1712=VECTOR('',#13892,2.);
#1713=VECTOR('',#13897,2.);
#1714=VECTOR('',#13900,2.);
#1715=VECTOR('',#13905,2.);
#1716=VECTOR('',#13908,2.);
#1717=VECTOR('',#13913,2.);
#1718=VECTOR('',#13916,2.);
#1719=VECTOR('',#13921,2.);
#1720=VECTOR('',#13924,2.);
#1721=VECTOR('',#13929,2.);
#1722=VECTOR('',#13932,2.);
#1723=VECTOR('',#13937,2.);
#1724=VECTOR('',#13940,2.);
#1725=VECTOR('',#13945,2.);
#1726=VECTOR('',#13948,2.);
#1727=VECTOR('',#13953,2.);
#1728=VECTOR('',#13956,2.);
#1729=VECTOR('',#13961,2.);
#1730=VECTOR('',#13964,2.);
#1731=VECTOR('',#13969,2.);
#1732=VECTOR('',#13972,2.);
#1733=VECTOR('',#13977,2.);
#1734=VECTOR('',#13980,2.);
#1735=VECTOR('',#13985,2.);
#1736=VECTOR('',#13988,2.);
#1737=VECTOR('',#13993,2.);
#1738=VECTOR('',#13996,2.);
#1739=VECTOR('',#14001,2.);
#1740=VECTOR('',#14004,2.);
#1741=VECTOR('',#14009,2.);
#1742=VECTOR('',#14012,2.);
#1743=VECTOR('',#14017,2.);
#1744=VECTOR('',#14020,2.);
#1745=VECTOR('',#14025,2.);
#1746=VECTOR('',#14028,2.);
#1747=VECTOR('',#14033,2.);
#1748=VECTOR('',#14036,2.);
#1749=VECTOR('',#14041,2.);
#1750=VECTOR('',#14044,2.);
#1751=VECTOR('',#14049,2.);
#1752=VECTOR('',#14052,2.);
#1753=VECTOR('',#14057,2.);
#1754=VECTOR('',#14060,2.);
#1755=VECTOR('',#14065,2.);
#1756=VECTOR('',#14068,2.);
#1757=VECTOR('',#14073,2.);
#1758=VECTOR('',#14076,2.);
#1759=VECTOR('',#14081,2.);
#1760=VECTOR('',#14084,2.);
#1761=VECTOR('',#14089,2.);
#1762=VECTOR('',#14092,2.);
#1763=VECTOR('',#14097,2.);
#1764=VECTOR('',#14100,2.);
#1765=VECTOR('',#14105,2.);
#1766=VECTOR('',#14108,2.);
#1767=VECTOR('',#14113,2.);
#1768=VECTOR('',#14116,2.);
#1769=VECTOR('',#14121,2.);
#1770=VECTOR('',#14124,2.);
#1771=VECTOR('',#14129,2.);
#1772=VECTOR('',#14132,2.);
#1773=VECTOR('',#14137,2.);
#1774=VECTOR('',#14140,2.);
#1775=VECTOR('',#14145,2.);
#1776=VECTOR('',#14148,2.);
#1777=VECTOR('',#14153,2.);
#1778=VECTOR('',#14156,2.);
#1779=VECTOR('',#14161,2.);
#1780=VECTOR('',#14164,2.);
#1781=VECTOR('',#14169,2.);
#1782=VECTOR('',#14172,2.);
#1783=VECTOR('',#14177,2.);
#1784=VECTOR('',#14180,2.);
#1785=VECTOR('',#14185,2.);
#1786=VECTOR('',#14188,2.);
#1787=VECTOR('',#14193,2.);
#1788=VECTOR('',#14196,2.);
#1789=VECTOR('',#14201,2.);
#1790=VECTOR('',#14204,2.);
#1791=VECTOR('',#14209,2.);
#1792=VECTOR('',#14212,2.);
#1793=VECTOR('',#14217,11.9678766321937);
#1794=VECTOR('',#14220,11.9678766321937);
#1795=VECTOR('',#14235,1.4);
#1796=VECTOR('',#14236,1.4);
#1797=VECTOR('',#14239,3.45);
#1798=VECTOR('',#14244,1.4);
#1799=VECTOR('',#14247,1.4);
#1800=VECTOR('',#14252,11.9678766321937);
#1801=VECTOR('',#14253,1.4);
#1802=VECTOR('',#14258,1.4);
#1803=VECTOR('',#14261,11.9678766321937);
#1804=VECTOR('',#14264,11.9678766321937);
#1805=VECTOR('',#14267,11.9678766321937);
#1806=VECTOR('',#14298,0.138673236627057);
#1807=VECTOR('',#14299,0.138673236627057);
#1808=VECTOR('',#14300,0.138673236627058);
#1809=VECTOR('',#14301,0.138673236627057);
#1810=VECTOR('',#14302,0.138673236627057);
#1811=VECTOR('',#14303,0.138673236627057);
#1812=VECTOR('',#14304,0.138673236627057);
#1813=VECTOR('',#14305,0.138673236627057);
#1814=VECTOR('',#14306,0.138673236627057);
#1815=VECTOR('',#14307,0.138673236627057);
#1816=VECTOR('',#14308,0.138673236627057);
#1817=VECTOR('',#14309,0.138673236627057);
#1818=VECTOR('',#14310,0.138673236627058);
#1819=VECTOR('',#14311,0.138673236627057);
#1820=VECTOR('',#14312,0.138673236627057);
#1821=VECTOR('',#14313,0.138673236627057);
#1822=VECTOR('',#14314,0.138673236627058);
#1823=VECTOR('',#14315,0.138673236627057);
#1824=VECTOR('',#14316,0.138673236627058);
#1825=VECTOR('',#14317,0.138673236627057);
#1826=VECTOR('',#14318,0.138673236627057);
#1827=VECTOR('',#14319,0.138673236627057);
#1828=VECTOR('',#14320,0.138673236627057);
#1829=VECTOR('',#14321,0.138673236627057);
#1830=VECTOR('',#14322,0.138673236627057);
#1831=VECTOR('',#14323,0.138673236627057);
#1832=VECTOR('',#14324,0.138673236627057);
#1833=VECTOR('',#14325,0.138673236627057);
#1834=VECTOR('',#14326,0.138673236627058);
#1835=VECTOR('',#14327,0.138673236627057);
#1836=VECTOR('',#14328,0.138673236627057);
#1837=VECTOR('',#14329,0.138673236627057);
#1838=VECTOR('',#14330,0.138673236627057);
#1839=VECTOR('',#14331,0.138673236627057);
#1840=VECTOR('',#14332,0.138673236627057);
#1841=VECTOR('',#14333,0.138673236627057);
#1842=VECTOR('',#14334,0.138673236627058);
#1843=VECTOR('',#14335,0.138673236627057);
#1844=VECTOR('',#14336,0.138673236627057);
#1845=VECTOR('',#14337,0.138673236627057);
#1846=VECTOR('',#14338,0.138673236627057);
#1847=VECTOR('',#14339,0.138673236627057);
#1848=VECTOR('',#14340,0.138673236627057);
#1849=VECTOR('',#14341,0.138673236627057);
#1850=VECTOR('',#14342,0.138673236627057);
#1851=VECTOR('',#14343,0.138673236627057);
#1852=VECTOR('',#14344,0.138673236627058);
#1853=VECTOR('',#14345,0.138673236627057);
#1854=VECTOR('',#14346,0.138673236627057);
#1855=VECTOR('',#14347,0.138673236627057);
#1856=VECTOR('',#14348,0.138673236627057);
#1857=VECTOR('',#14349,0.138673236627057);
#1858=VECTOR('',#14350,0.138673236627057);
#1859=VECTOR('',#14351,0.138673236627057);
#1860=VECTOR('',#14352,0.138673236627058);
#1861=VECTOR('',#14353,0.138673236627057);
#1862=VECTOR('',#14354,0.138673236627057);
#1863=VECTOR('',#14355,0.138673236627057);
#1864=VECTOR('',#14356,0.138673236627057);
#1865=VECTOR('',#14357,0.138673236627057);
#1866=VECTOR('',#14358,0.138673236627057);
#1867=VECTOR('',#14359,0.138673236627057);
#1868=VECTOR('',#14360,0.138673236627057);
#1869=VECTOR('',#14361,0.138673236627057);
#1870=VECTOR('',#14362,0.138673236627058);
#1871=VECTOR('',#14363,0.138673236627057);
#1872=VECTOR('',#14364,0.138673236627057);
#1873=VECTOR('',#14365,0.138673236627057);
#1874=VECTOR('',#14366,0.138673236627058);
#1875=VECTOR('',#14367,0.138673236627057);
#1876=VECTOR('',#14368,0.138673236627057);
#1877=VECTOR('',#14369,0.138673236627057);
#1878=VECTOR('',#14370,0.138673236627057);
#1879=VECTOR('',#14371,0.138673236627057);
#1880=VECTOR('',#14372,0.138673236627057);
#1881=VECTOR('',#14373,0.138673236627057);
#1882=VECTOR('',#14374,0.138673236627058);
#1883=VECTOR('',#14375,0.138673236627057);
#1884=VECTOR('',#14376,0.138673236627057);
#1885=VECTOR('',#14377,0.138673236627057);
#1886=VECTOR('',#14378,0.138673236627057);
#1887=VECTOR('',#14379,0.138673236627057);
#1888=VECTOR('',#14380,0.138673236627057);
#1889=VECTOR('',#14381,0.138673236627057);
#1890=VECTOR('',#14382,0.138673236627057);
#1891=VECTOR('',#14383,0.138673236627056);
#1892=VECTOR('',#14384,0.138673236627058);
#1893=VECTOR('',#14385,0.138673236627057);
#1894=VECTOR('',#14386,0.138673236627058);
#1895=VECTOR('',#14387,0.138673236627057);
#1896=VECTOR('',#14388,0.138673236627057);
#1897=VECTOR('',#14389,0.138673236627057);
#1898=VECTOR('',#14390,0.138673236627058);
#1899=VECTOR('',#14391,0.138673236627057);
#1900=VECTOR('',#14392,0.138673236627057);
#1901=VECTOR('',#14393,0.138673236627057);
#1902=VECTOR('',#14394,0.138673236627058);
#1903=VECTOR('',#14395,0.138673236627057);
#1904=VECTOR('',#14396,0.138673236627058);
#1905=VECTOR('',#14397,0.138673236627057);
#1906=VECTOR('',#14398,0.138673236627058);
#1907=VECTOR('',#14399,0.138673236627057);
#1908=VECTOR('',#14400,0.138673236627057);
#1909=VECTOR('',#14401,0.138673236627057);
#1910=VECTOR('',#14402,0.138673236627057);
#1911=VECTOR('',#14403,0.138673236627057);
#1912=VECTOR('',#14404,0.138673236627057);
#1913=VECTOR('',#14405,0.138673236627057);
#1914=VECTOR('',#14406,0.138673236627057);
#1915=VECTOR('',#14407,0.138673236627057);
#1916=VECTOR('',#14408,0.138673236627057);
#1917=VECTOR('',#14409,0.138673236627057);
#1918=VECTOR('',#14410,0.138673236627057);
#1919=VECTOR('',#14411,0.138673236627057);
#1920=VECTOR('',#14412,0.138673236627057);
#1921=VECTOR('',#14413,0.138673236627056);
#1922=VECTOR('',#14414,0.138673236627058);
#1923=VECTOR('',#14415,0.138673236627057);
#1924=VECTOR('',#14416,0.138673236627058);
#1925=VECTOR('',#14417,0.138673236627057);
#1926=VECTOR('',#14420,0.600000000000014);
#1927=VECTOR('',#14423,0.600000000000014);
#1928=VECTOR('',#14426,0.600000000000014);
#1929=VECTOR('',#14429,0.600000000000014);
#1930=VECTOR('',#14432,0.600000000000014);
#1931=VECTOR('',#14435,0.600000000000014);
#1932=VECTOR('',#14438,1.4);
#1933=VECTOR('',#14439,11.9678766321937);
#1934=VECTOR('',#14442,1.4);
#1935=VECTOR('',#14447,11.9678766321937);
#1936=VECTOR('',#14464,0.600000000000014);
#1937=VECTOR('',#14467,0.600000000000014);
#1938=VECTOR('',#14470,0.600000000000014);
#1939=VECTOR('',#14473,0.600000000000014);
#1940=VECTOR('',#14476,0.600000000000013);
#1941=VECTOR('',#14479,0.600000000000013);
#1942=VECTOR('',#14482,0.138673236627057);
#1943=VECTOR('',#14483,0.138673236627057);
#1944=VECTOR('',#14484,0.138673236627058);
#1945=VECTOR('',#14485,0.138673236627058);
#1946=VECTOR('',#14486,0.138673236627057);
#1947=VECTOR('',#14487,0.138673236627057);
#1948=VECTOR('',#14488,0.138673236627057);
#1949=VECTOR('',#14489,0.138673236627057);
#1950=VECTOR('',#14490,0.138673236627058);
#1951=VECTOR('',#14491,0.138673236627057);
#1952=VECTOR('',#14492,0.138673236627057);
#1953=VECTOR('',#14493,0.138673236627057);
#1954=VECTOR('',#14494,0.138673236627057);
#1955=VECTOR('',#14495,0.138673236627057);
#1956=VECTOR('',#14496,0.138673236627057);
#1957=VECTOR('',#14497,0.138673236627057);
#1958=VECTOR('',#14498,0.138673236627057);
#1959=VECTOR('',#14499,0.138673236627057);
#1960=VECTOR('',#14500,0.138673236627058);
#1961=VECTOR('',#14501,0.138673236627058);
#1962=VECTOR('',#14502,0.138673236627057);
#1963=VECTOR('',#14503,0.138673236627058);
#1964=VECTOR('',#14504,0.138673236627058);
#1965=VECTOR('',#14505,0.138673236627058);
#1966=VECTOR('',#14506,0.138673236627057);
#1967=VECTOR('',#14507,0.138673236627057);
#1968=VECTOR('',#14508,0.138673236627057);
#1969=VECTOR('',#14509,0.138673236627058);
#1970=VECTOR('',#14510,0.138673236627057);
#1971=VECTOR('',#14511,0.138673236627057);
#1972=VECTOR('',#14512,0.138673236627057);
#1973=VECTOR('',#14513,0.138673236627057);
#1974=VECTOR('',#14514,0.138673236627057);
#1975=VECTOR('',#14515,0.138673236627058);
#1976=VECTOR('',#14516,0.138673236627057);
#1977=VECTOR('',#14517,0.138673236627057);
#1978=VECTOR('',#14518,0.138673236627057);
#1979=VECTOR('',#14519,0.138673236627057);
#1980=VECTOR('',#14520,0.138673236627057);
#1981=VECTOR('',#14521,0.138673236627057);
#1982=VECTOR('',#14522,0.138673236627057);
#1983=VECTOR('',#14523,0.138673236627057);
#1984=VECTOR('',#14524,0.138673236627056);
#1985=VECTOR('',#14525,0.138673236627058);
#1986=VECTOR('',#14526,0.138673236627056);
#1987=VECTOR('',#14527,0.138673236627057);
#1988=VECTOR('',#14528,0.138673236627057);
#1989=VECTOR('',#14529,0.138673236627057);
#1990=VECTOR('',#14530,0.138673236627057);
#1991=VECTOR('',#14531,0.138673236627057);
#1992=VECTOR('',#14532,0.138673236627057);
#1993=VECTOR('',#14533,0.138673236627058);
#1994=VECTOR('',#14534,0.138673236627057);
#1995=VECTOR('',#14535,0.138673236627057);
#1996=VECTOR('',#14536,0.138673236627057);
#1997=VECTOR('',#14537,0.138673236627058);
#1998=VECTOR('',#14538,0.138673236627057);
#1999=VECTOR('',#14539,0.138673236627057);
#2000=VECTOR('',#14540,0.138673236627057);
#2001=VECTOR('',#14541,0.138673236627057);
#2002=VECTOR('',#14542,0.138673236627057);
#2003=VECTOR('',#14543,0.138673236627057);
#2004=VECTOR('',#14544,0.138673236627058);
#2005=VECTOR('',#14545,0.138673236627057);
#2006=VECTOR('',#14546,0.138673236627058);
#2007=VECTOR('',#14547,0.138673236627057);
#2008=VECTOR('',#14548,0.138673236627057);
#2009=VECTOR('',#14549,0.138673236627057);
#2010=VECTOR('',#14550,0.138673236627057);
#2011=VECTOR('',#14551,0.138673236627057);
#2012=VECTOR('',#14552,0.138673236627057);
#2013=VECTOR('',#14553,0.138673236627057);
#2014=VECTOR('',#14554,0.138673236627057);
#2015=VECTOR('',#14555,0.138673236627058);
#2016=VECTOR('',#14556,0.138673236627057);
#2017=VECTOR('',#14557,0.138673236627057);
#2018=VECTOR('',#14558,0.138673236627057);
#2019=VECTOR('',#14559,0.138673236627057);
#2020=VECTOR('',#14560,0.138673236627056);
#2021=VECTOR('',#14561,0.138673236627057);
#2022=VECTOR('',#14562,0.138673236627057);
#2023=VECTOR('',#14563,0.138673236627057);
#2024=VECTOR('',#14564,0.138673236627057);
#2025=VECTOR('',#14565,0.138673236627058);
#2026=VECTOR('',#14566,0.138673236627056);
#2027=VECTOR('',#14567,0.138673236627057);
#2028=VECTOR('',#14568,0.138673236627057);
#2029=VECTOR('',#14569,0.138673236627057);
#2030=VECTOR('',#14570,0.138673236627057);
#2031=VECTOR('',#14571,0.138673236627057);
#2032=VECTOR('',#14572,0.138673236627056);
#2033=VECTOR('',#14573,0.138673236627057);
#2034=VECTOR('',#14574,0.138673236627057);
#2035=VECTOR('',#14575,0.138673236627057);
#2036=VECTOR('',#14576,0.138673236627057);
#2037=VECTOR('',#14577,0.138673236627057);
#2038=VECTOR('',#14578,0.138673236627057);
#2039=VECTOR('',#14579,0.138673236627057);
#2040=VECTOR('',#14580,0.138673236627057);
#2041=VECTOR('',#14581,0.138673236627057);
#2042=VECTOR('',#14582,0.138673236627057);
#2043=VECTOR('',#14583,0.138673236627058);
#2044=VECTOR('',#14584,0.138673236627057);
#2045=VECTOR('',#14585,0.138673236627058);
#2046=VECTOR('',#14586,0.138673236627056);
#2047=VECTOR('',#14587,0.138673236627057);
#2048=VECTOR('',#14588,0.138673236627057);
#2049=VECTOR('',#14589,0.138673236627057);
#2050=VECTOR('',#14590,0.138673236627058);
#2051=VECTOR('',#14591,0.138673236627057);
#2052=VECTOR('',#14592,0.138673236627057);
#2053=VECTOR('',#14593,0.138673236627057);
#2054=VECTOR('',#14594,0.138673236627057);
#2055=VECTOR('',#14595,0.138673236627057);
#2056=VECTOR('',#14596,0.138673236627057);
#2057=VECTOR('',#14597,0.138673236627057);
#2058=VECTOR('',#14598,0.138673236627057);
#2059=VECTOR('',#14599,0.138673236627058);
#2060=VECTOR('',#14600,0.138673236627057);
#2061=VECTOR('',#14601,0.138673236627057);
#2062=VECTOR('',#14608,2.);
#2063=VECTOR('',#14609,2.);
#2064=VECTOR('',#14618,2.30000000000001);
#2065=VECTOR('',#14621,1.05000000000001);
#2066=VECTOR('',#14624,2.);
#2067=VECTOR('',#14629,2.);
#2068=VECTOR('',#14634,2.);
#2069=VECTOR('',#14639,2.);
#2070=VECTOR('',#14644,2.);
#2071=VECTOR('',#14649,2.);
#2072=VECTOR('',#14654,2.);
#2073=VECTOR('',#14659,2.);
#2074=VECTOR('',#14664,2.);
#2075=VECTOR('',#14669,2.);
#2076=VECTOR('',#14674,2.);
#2077=VECTOR('',#14679,2.);
#2078=VECTOR('',#14684,2.);
#2079=VECTOR('',#14689,2.);
#2080=VECTOR('',#14694,2.);
#2081=VECTOR('',#14699,2.);
#2082=VECTOR('',#14704,2.);
#2083=VECTOR('',#14709,2.);
#2084=VECTOR('',#14714,2.);
#2085=VECTOR('',#14719,2.);
#2086=VECTOR('',#14724,2.);
#2087=VECTOR('',#14729,2.);
#2088=VECTOR('',#14734,2.);
#2089=VECTOR('',#14739,2.);
#2090=VECTOR('',#14744,2.);
#2091=VECTOR('',#14749,2.);
#2092=VECTOR('',#14754,2.);
#2093=VECTOR('',#14759,2.);
#2094=VECTOR('',#14764,2.);
#2095=VECTOR('',#14769,2.);
#2096=VECTOR('',#14774,2.);
#2097=VECTOR('',#14779,2.);
#2098=VECTOR('',#14784,2.);
#2099=VECTOR('',#14789,2.);
#2100=VECTOR('',#14794,2.);
#2101=VECTOR('',#14799,2.);
#2102=VECTOR('',#14804,2.);
#2103=VECTOR('',#14809,2.);
#2104=VECTOR('',#14814,2.);
#2105=VECTOR('',#14819,2.);
#2106=VECTOR('',#14824,2.);
#2107=VECTOR('',#14829,2.);
#2108=VECTOR('',#14834,2.);
#2109=VECTOR('',#14839,2.);
#2110=VECTOR('',#14844,2.);
#2111=VECTOR('',#14849,2.);
#2112=VECTOR('',#14854,2.);
#2113=VECTOR('',#14859,2.);
#2114=VECTOR('',#14864,2.);
#2115=VECTOR('',#14869,2.);
#2116=VECTOR('',#14874,2.);
#2117=VECTOR('',#14879,2.);
#2118=VECTOR('',#14884,2.);
#2119=VECTOR('',#14889,2.);
#2120=VECTOR('',#14894,2.);
#2121=VECTOR('',#14899,2.);
#2122=VECTOR('',#14904,2.);
#2123=VECTOR('',#14909,2.);
#2124=VECTOR('',#14914,2.);
#2125=VECTOR('',#14919,2.);
#2126=FACE_BOUND('',#2733,.T.);
#2127=FACE_BOUND('',#2735,.T.);
#2128=FACE_BOUND('',#2738,.T.);
#2129=FACE_BOUND('',#2739,.T.);
#2130=FACE_BOUND('',#2751,.T.);
#2131=FACE_BOUND('',#2753,.T.);
#2132=FACE_BOUND('',#2755,.T.);
#2133=FACE_BOUND('',#2769,.T.);
#2134=FACE_BOUND('',#2784,.T.);
#2135=FACE_BOUND('',#2786,.T.);
#2136=FACE_BOUND('',#2789,.T.);
#2137=FACE_BOUND('',#2790,.T.);
#2138=FACE_BOUND('',#2803,.T.);
#2139=FACE_BOUND('',#2805,.T.);
#2140=FACE_BOUND('',#2807,.T.);
#2141=FACE_BOUND('',#2808,.T.);
#2142=FACE_BOUND('',#2829,.T.);
#2143=FACE_BOUND('',#2830,.T.);
#2144=FACE_BOUND('',#2934,.T.);
#2145=FACE_BOUND('',#2937,.T.);
#2146=FACE_BOUND('',#2938,.T.);
#2147=FACE_BOUND('',#2958,.T.);
#2148=FACE_BOUND('',#2959,.T.);
#2149=FACE_BOUND('',#2960,.T.);
#2150=FACE_BOUND('',#2961,.T.);
#2151=FACE_BOUND('',#2962,.T.);
#2152=FACE_BOUND('',#2977,.T.);
#2153=FACE_BOUND('',#2978,.T.);
#2154=FACE_BOUND('',#2979,.T.);
#2155=FACE_BOUND('',#2980,.T.);
#2156=FACE_BOUND('',#2981,.T.);
#2157=FACE_BOUND('',#2988,.T.);
#2158=FACE_BOUND('',#2990,.T.);
#2159=FACE_BOUND('',#2991,.T.);
#2160=FACE_BOUND('',#2992,.T.);
#2161=FACE_BOUND('',#3012,.T.);
#2162=FACE_BOUND('',#3013,.T.);
#2163=FACE_BOUND('',#3163,.T.);
#2164=FACE_BOUND('',#3164,.T.);
#2165=FACE_BOUND('',#3165,.T.);
#2166=FACE_BOUND('',#3166,.T.);
#2167=FACE_BOUND('',#3167,.T.);
#2168=FACE_BOUND('',#3168,.T.);
#2169=FACE_BOUND('',#3174,.T.);
#2170=FACE_BOUND('',#3175,.T.);
#2171=FACE_BOUND('',#3176,.T.);
#2172=FACE_BOUND('',#3177,.T.);
#2173=FACE_BOUND('',#3178,.T.);
#2174=FACE_BOUND('',#3179,.T.);
#2175=FACE_BOUND('',#3180,.T.);
#2176=FACE_BOUND('',#3181,.T.);
#2177=FACE_BOUND('',#3182,.T.);
#2178=FACE_BOUND('',#3183,.T.);
#2179=FACE_BOUND('',#3184,.T.);
#2180=FACE_BOUND('',#3185,.T.);
#2181=FACE_BOUND('',#3186,.T.);
#2182=FACE_BOUND('',#3188,.T.);
#2183=FACE_BOUND('',#3199,.T.);
#2184=FACE_BOUND('',#3200,.T.);
#2185=FACE_BOUND('',#3201,.T.);
#2186=FACE_BOUND('',#3202,.T.);
#2187=FACE_BOUND('',#3203,.T.);
#2188=FACE_BOUND('',#3204,.T.);
#2189=FACE_BOUND('',#3212,.T.);
#2190=FACE_BOUND('',#3215,.T.);
#2191=FACE_OUTER_BOUND('',#2732,.T.);
#2192=FACE_OUTER_BOUND('',#2734,.T.);
#2193=FACE_OUTER_BOUND('',#2736,.T.);
#2194=FACE_OUTER_BOUND('',#2737,.T.);
#2195=FACE_OUTER_BOUND('',#2740,.T.);
#2196=FACE_OUTER_BOUND('',#2741,.T.);
#2197=FACE_OUTER_BOUND('',#2742,.T.);
#2198=FACE_OUTER_BOUND('',#2743,.T.);
#2199=FACE_OUTER_BOUND('',#2744,.T.);
#2200=FACE_OUTER_BOUND('',#2745,.T.);
#2201=FACE_OUTER_BOUND('',#2746,.T.);
#2202=FACE_OUTER_BOUND('',#2747,.T.);
#2203=FACE_OUTER_BOUND('',#2748,.T.);
#2204=FACE_OUTER_BOUND('',#2749,.T.);
#2205=FACE_OUTER_BOUND('',#2750,.T.);
#2206=FACE_OUTER_BOUND('',#2752,.T.);
#2207=FACE_OUTER_BOUND('',#2754,.T.);
#2208=FACE_OUTER_BOUND('',#2756,.T.);
#2209=FACE_OUTER_BOUND('',#2757,.T.);
#2210=FACE_OUTER_BOUND('',#2758,.T.);
#2211=FACE_OUTER_BOUND('',#2759,.T.);
#2212=FACE_OUTER_BOUND('',#2760,.T.);
#2213=FACE_OUTER_BOUND('',#2761,.T.);
#2214=FACE_OUTER_BOUND('',#2762,.T.);
#2215=FACE_OUTER_BOUND('',#2763,.T.);
#2216=FACE_OUTER_BOUND('',#2764,.T.);
#2217=FACE_OUTER_BOUND('',#2765,.T.);
#2218=FACE_OUTER_BOUND('',#2766,.T.);
#2219=FACE_OUTER_BOUND('',#2767,.T.);
#2220=FACE_OUTER_BOUND('',#2768,.T.);
#2221=FACE_OUTER_BOUND('',#2770,.T.);
#2222=FACE_OUTER_BOUND('',#2771,.T.);
#2223=FACE_OUTER_BOUND('',#2772,.T.);
#2224=FACE_OUTER_BOUND('',#2773,.T.);
#2225=FACE_OUTER_BOUND('',#2774,.T.);
#2226=FACE_OUTER_BOUND('',#2775,.T.);
#2227=FACE_OUTER_BOUND('',#2776,.T.);
#2228=FACE_OUTER_BOUND('',#2777,.T.);
#2229=FACE_OUTER_BOUND('',#2778,.T.);
#2230=FACE_OUTER_BOUND('',#2779,.T.);
#2231=FACE_OUTER_BOUND('',#2780,.T.);
#2232=FACE_OUTER_BOUND('',#2781,.T.);
#2233=FACE_OUTER_BOUND('',#2782,.T.);
#2234=FACE_OUTER_BOUND('',#2783,.T.);
#2235=FACE_OUTER_BOUND('',#2785,.T.);
#2236=FACE_OUTER_BOUND('',#2787,.T.);
#2237=FACE_OUTER_BOUND('',#2788,.T.);
#2238=FACE_OUTER_BOUND('',#2791,.T.);
#2239=FACE_OUTER_BOUND('',#2792,.T.);
#2240=FACE_OUTER_BOUND('',#2793,.T.);
#2241=FACE_OUTER_BOUND('',#2794,.T.);
#2242=FACE_OUTER_BOUND('',#2795,.T.);
#2243=FACE_OUTER_BOUND('',#2796,.T.);
#2244=FACE_OUTER_BOUND('',#2797,.T.);
#2245=FACE_OUTER_BOUND('',#2798,.T.);
#2246=FACE_OUTER_BOUND('',#2799,.T.);
#2247=FACE_OUTER_BOUND('',#2800,.T.);
#2248=FACE_OUTER_BOUND('',#2801,.T.);
#2249=FACE_OUTER_BOUND('',#2802,.T.);
#2250=FACE_OUTER_BOUND('',#2804,.T.);
#2251=FACE_OUTER_BOUND('',#2806,.T.);
#2252=FACE_OUTER_BOUND('',#2809,.T.);
#2253=FACE_OUTER_BOUND('',#2810,.T.);
#2254=FACE_OUTER_BOUND('',#2811,.T.);
#2255=FACE_OUTER_BOUND('',#2812,.T.);
#2256=FACE_OUTER_BOUND('',#2813,.T.);
#2257=FACE_OUTER_BOUND('',#2814,.T.);
#2258=FACE_OUTER_BOUND('',#2815,.T.);
#2259=FACE_OUTER_BOUND('',#2816,.T.);
#2260=FACE_OUTER_BOUND('',#2817,.T.);
#2261=FACE_OUTER_BOUND('',#2818,.T.);
#2262=FACE_OUTER_BOUND('',#2819,.T.);
#2263=FACE_OUTER_BOUND('',#2820,.T.);
#2264=FACE_OUTER_BOUND('',#2821,.T.);
#2265=FACE_OUTER_BOUND('',#2822,.T.);
#2266=FACE_OUTER_BOUND('',#2823,.T.);
#2267=FACE_OUTER_BOUND('',#2824,.T.);
#2268=FACE_OUTER_BOUND('',#2825,.T.);
#2269=FACE_OUTER_BOUND('',#2826,.T.);
#2270=FACE_OUTER_BOUND('',#2827,.T.);
#2271=FACE_OUTER_BOUND('',#2828,.T.);
#2272=FACE_OUTER_BOUND('',#2831,.T.);
#2273=FACE_OUTER_BOUND('',#2832,.T.);
#2274=FACE_OUTER_BOUND('',#2833,.T.);
#2275=FACE_OUTER_BOUND('',#2834,.T.);
#2276=FACE_OUTER_BOUND('',#2835,.T.);
#2277=FACE_OUTER_BOUND('',#2836,.T.);
#2278=FACE_OUTER_BOUND('',#2837,.T.);
#2279=FACE_OUTER_BOUND('',#2838,.T.);
#2280=FACE_OUTER_BOUND('',#2839,.T.);
#2281=FACE_OUTER_BOUND('',#2840,.T.);
#2282=FACE_OUTER_BOUND('',#2841,.T.);
#2283=FACE_OUTER_BOUND('',#2842,.T.);
#2284=FACE_OUTER_BOUND('',#2843,.T.);
#2285=FACE_OUTER_BOUND('',#2844,.T.);
#2286=FACE_OUTER_BOUND('',#2845,.T.);
#2287=FACE_OUTER_BOUND('',#2846,.T.);
#2288=FACE_OUTER_BOUND('',#2847,.T.);
#2289=FACE_OUTER_BOUND('',#2848,.T.);
#2290=FACE_OUTER_BOUND('',#2849,.T.);
#2291=FACE_OUTER_BOUND('',#2850,.T.);
#2292=FACE_OUTER_BOUND('',#2851,.T.);
#2293=FACE_OUTER_BOUND('',#2852,.T.);
#2294=FACE_OUTER_BOUND('',#2853,.T.);
#2295=FACE_OUTER_BOUND('',#2854,.T.);
#2296=FACE_OUTER_BOUND('',#2855,.T.);
#2297=FACE_OUTER_BOUND('',#2856,.T.);
#2298=FACE_OUTER_BOUND('',#2857,.T.);
#2299=FACE_OUTER_BOUND('',#2858,.T.);
#2300=FACE_OUTER_BOUND('',#2859,.T.);
#2301=FACE_OUTER_BOUND('',#2860,.T.);
#2302=FACE_OUTER_BOUND('',#2861,.T.);
#2303=FACE_OUTER_BOUND('',#2862,.T.);
#2304=FACE_OUTER_BOUND('',#2863,.T.);
#2305=FACE_OUTER_BOUND('',#2864,.T.);
#2306=FACE_OUTER_BOUND('',#2865,.T.);
#2307=FACE_OUTER_BOUND('',#2866,.T.);
#2308=FACE_OUTER_BOUND('',#2867,.T.);
#2309=FACE_OUTER_BOUND('',#2868,.T.);
#2310=FACE_OUTER_BOUND('',#2869,.T.);
#2311=FACE_OUTER_BOUND('',#2870,.T.);
#2312=FACE_OUTER_BOUND('',#2871,.T.);
#2313=FACE_OUTER_BOUND('',#2872,.T.);
#2314=FACE_OUTER_BOUND('',#2873,.T.);
#2315=FACE_OUTER_BOUND('',#2874,.T.);
#2316=FACE_OUTER_BOUND('',#2875,.T.);
#2317=FACE_OUTER_BOUND('',#2876,.T.);
#2318=FACE_OUTER_BOUND('',#2877,.T.);
#2319=FACE_OUTER_BOUND('',#2878,.T.);
#2320=FACE_OUTER_BOUND('',#2879,.T.);
#2321=FACE_OUTER_BOUND('',#2880,.T.);
#2322=FACE_OUTER_BOUND('',#2881,.T.);
#2323=FACE_OUTER_BOUND('',#2882,.T.);
#2324=FACE_OUTER_BOUND('',#2883,.T.);
#2325=FACE_OUTER_BOUND('',#2884,.T.);
#2326=FACE_OUTER_BOUND('',#2885,.T.);
#2327=FACE_OUTER_BOUND('',#2886,.T.);
#2328=FACE_OUTER_BOUND('',#2887,.T.);
#2329=FACE_OUTER_BOUND('',#2888,.T.);
#2330=FACE_OUTER_BOUND('',#2889,.T.);
#2331=FACE_OUTER_BOUND('',#2890,.T.);
#2332=FACE_OUTER_BOUND('',#2891,.T.);
#2333=FACE_OUTER_BOUND('',#2892,.T.);
#2334=FACE_OUTER_BOUND('',#2893,.T.);
#2335=FACE_OUTER_BOUND('',#2894,.T.);
#2336=FACE_OUTER_BOUND('',#2895,.T.);
#2337=FACE_OUTER_BOUND('',#2896,.T.);
#2338=FACE_OUTER_BOUND('',#2897,.T.);
#2339=FACE_OUTER_BOUND('',#2898,.T.);
#2340=FACE_OUTER_BOUND('',#2899,.T.);
#2341=FACE_OUTER_BOUND('',#2900,.T.);
#2342=FACE_OUTER_BOUND('',#2901,.T.);
#2343=FACE_OUTER_BOUND('',#2902,.T.);
#2344=FACE_OUTER_BOUND('',#2903,.T.);
#2345=FACE_OUTER_BOUND('',#2904,.T.);
#2346=FACE_OUTER_BOUND('',#2905,.T.);
#2347=FACE_OUTER_BOUND('',#2906,.T.);
#2348=FACE_OUTER_BOUND('',#2907,.T.);
#2349=FACE_OUTER_BOUND('',#2908,.T.);
#2350=FACE_OUTER_BOUND('',#2909,.T.);
#2351=FACE_OUTER_BOUND('',#2910,.T.);
#2352=FACE_OUTER_BOUND('',#2911,.T.);
#2353=FACE_OUTER_BOUND('',#2912,.T.);
#2354=FACE_OUTER_BOUND('',#2913,.T.);
#2355=FACE_OUTER_BOUND('',#2914,.T.);
#2356=FACE_OUTER_BOUND('',#2915,.T.);
#2357=FACE_OUTER_BOUND('',#2916,.T.);
#2358=FACE_OUTER_BOUND('',#2917,.T.);
#2359=FACE_OUTER_BOUND('',#2918,.T.);
#2360=FACE_OUTER_BOUND('',#2919,.T.);
#2361=FACE_OUTER_BOUND('',#2920,.T.);
#2362=FACE_OUTER_BOUND('',#2921,.T.);
#2363=FACE_OUTER_BOUND('',#2922,.T.);
#2364=FACE_OUTER_BOUND('',#2923,.T.);
#2365=FACE_OUTER_BOUND('',#2924,.T.);
#2366=FACE_OUTER_BOUND('',#2925,.T.);
#2367=FACE_OUTER_BOUND('',#2926,.T.);
#2368=FACE_OUTER_BOUND('',#2927,.T.);
#2369=FACE_OUTER_BOUND('',#2928,.T.);
#2370=FACE_OUTER_BOUND('',#2929,.T.);
#2371=FACE_OUTER_BOUND('',#2930,.T.);
#2372=FACE_OUTER_BOUND('',#2931,.T.);
#2373=FACE_OUTER_BOUND('',#2932,.T.);
#2374=FACE_OUTER_BOUND('',#2933,.T.);
#2375=FACE_OUTER_BOUND('',#2935,.T.);
#2376=FACE_OUTER_BOUND('',#2936,.T.);
#2377=FACE_OUTER_BOUND('',#2939,.T.);
#2378=FACE_OUTER_BOUND('',#2940,.T.);
#2379=FACE_OUTER_BOUND('',#2941,.T.);
#2380=FACE_OUTER_BOUND('',#2942,.T.);
#2381=FACE_OUTER_BOUND('',#2943,.T.);
#2382=FACE_OUTER_BOUND('',#2944,.T.);
#2383=FACE_OUTER_BOUND('',#2945,.T.);
#2384=FACE_OUTER_BOUND('',#2946,.T.);
#2385=FACE_OUTER_BOUND('',#2947,.T.);
#2386=FACE_OUTER_BOUND('',#2948,.T.);
#2387=FACE_OUTER_BOUND('',#2949,.T.);
#2388=FACE_OUTER_BOUND('',#2950,.T.);
#2389=FACE_OUTER_BOUND('',#2951,.T.);
#2390=FACE_OUTER_BOUND('',#2952,.T.);
#2391=FACE_OUTER_BOUND('',#2953,.T.);
#2392=FACE_OUTER_BOUND('',#2954,.T.);
#2393=FACE_OUTER_BOUND('',#2955,.T.);
#2394=FACE_OUTER_BOUND('',#2956,.T.);
#2395=FACE_OUTER_BOUND('',#2957,.T.);
#2396=FACE_OUTER_BOUND('',#2963,.T.);
#2397=FACE_OUTER_BOUND('',#2964,.T.);
#2398=FACE_OUTER_BOUND('',#2965,.T.);
#2399=FACE_OUTER_BOUND('',#2966,.T.);
#2400=FACE_OUTER_BOUND('',#2967,.T.);
#2401=FACE_OUTER_BOUND('',#2968,.T.);
#2402=FACE_OUTER_BOUND('',#2969,.T.);
#2403=FACE_OUTER_BOUND('',#2970,.T.);
#2404=FACE_OUTER_BOUND('',#2971,.T.);
#2405=FACE_OUTER_BOUND('',#2972,.T.);
#2406=FACE_OUTER_BOUND('',#2973,.T.);
#2407=FACE_OUTER_BOUND('',#2974,.T.);
#2408=FACE_OUTER_BOUND('',#2975,.T.);
#2409=FACE_OUTER_BOUND('',#2976,.T.);
#2410=FACE_OUTER_BOUND('',#2982,.T.);
#2411=FACE_OUTER_BOUND('',#2983,.T.);
#2412=FACE_OUTER_BOUND('',#2984,.T.);
#2413=FACE_OUTER_BOUND('',#2985,.T.);
#2414=FACE_OUTER_BOUND('',#2986,.T.);
#2415=FACE_OUTER_BOUND('',#2987,.T.);
#2416=FACE_OUTER_BOUND('',#2989,.T.);
#2417=FACE_OUTER_BOUND('',#2993,.T.);
#2418=FACE_OUTER_BOUND('',#2994,.T.);
#2419=FACE_OUTER_BOUND('',#2995,.T.);
#2420=FACE_OUTER_BOUND('',#2996,.T.);
#2421=FACE_OUTER_BOUND('',#2997,.T.);
#2422=FACE_OUTER_BOUND('',#2998,.T.);
#2423=FACE_OUTER_BOUND('',#2999,.T.);
#2424=FACE_OUTER_BOUND('',#3000,.T.);
#2425=FACE_OUTER_BOUND('',#3001,.T.);
#2426=FACE_OUTER_BOUND('',#3002,.T.);
#2427=FACE_OUTER_BOUND('',#3003,.T.);
#2428=FACE_OUTER_BOUND('',#3004,.T.);
#2429=FACE_OUTER_BOUND('',#3005,.T.);
#2430=FACE_OUTER_BOUND('',#3006,.T.);
#2431=FACE_OUTER_BOUND('',#3007,.T.);
#2432=FACE_OUTER_BOUND('',#3008,.T.);
#2433=FACE_OUTER_BOUND('',#3009,.T.);
#2434=FACE_OUTER_BOUND('',#3010,.T.);
#2435=FACE_OUTER_BOUND('',#3011,.T.);
#2436=FACE_OUTER_BOUND('',#3014,.T.);
#2437=FACE_OUTER_BOUND('',#3015,.T.);
#2438=FACE_OUTER_BOUND('',#3016,.T.);
#2439=FACE_OUTER_BOUND('',#3017,.T.);
#2440=FACE_OUTER_BOUND('',#3018,.T.);
#2441=FACE_OUTER_BOUND('',#3019,.T.);
#2442=FACE_OUTER_BOUND('',#3020,.T.);
#2443=FACE_OUTER_BOUND('',#3021,.T.);
#2444=FACE_OUTER_BOUND('',#3022,.T.);
#2445=FACE_OUTER_BOUND('',#3023,.T.);
#2446=FACE_OUTER_BOUND('',#3024,.T.);
#2447=FACE_OUTER_BOUND('',#3025,.T.);
#2448=FACE_OUTER_BOUND('',#3026,.T.);
#2449=FACE_OUTER_BOUND('',#3027,.T.);
#2450=FACE_OUTER_BOUND('',#3028,.T.);
#2451=FACE_OUTER_BOUND('',#3029,.T.);
#2452=FACE_OUTER_BOUND('',#3030,.T.);
#2453=FACE_OUTER_BOUND('',#3031,.T.);
#2454=FACE_OUTER_BOUND('',#3032,.T.);
#2455=FACE_OUTER_BOUND('',#3033,.T.);
#2456=FACE_OUTER_BOUND('',#3034,.T.);
#2457=FACE_OUTER_BOUND('',#3035,.T.);
#2458=FACE_OUTER_BOUND('',#3036,.T.);
#2459=FACE_OUTER_BOUND('',#3037,.T.);
#2460=FACE_OUTER_BOUND('',#3038,.T.);
#2461=FACE_OUTER_BOUND('',#3039,.T.);
#2462=FACE_OUTER_BOUND('',#3040,.T.);
#2463=FACE_OUTER_BOUND('',#3041,.T.);
#2464=FACE_OUTER_BOUND('',#3042,.T.);
#2465=FACE_OUTER_BOUND('',#3043,.T.);
#2466=FACE_OUTER_BOUND('',#3044,.T.);
#2467=FACE_OUTER_BOUND('',#3045,.T.);
#2468=FACE_OUTER_BOUND('',#3046,.T.);
#2469=FACE_OUTER_BOUND('',#3047,.T.);
#2470=FACE_OUTER_BOUND('',#3048,.T.);
#2471=FACE_OUTER_BOUND('',#3049,.T.);
#2472=FACE_OUTER_BOUND('',#3050,.T.);
#2473=FACE_OUTER_BOUND('',#3051,.T.);
#2474=FACE_OUTER_BOUND('',#3052,.T.);
#2475=FACE_OUTER_BOUND('',#3053,.T.);
#2476=FACE_OUTER_BOUND('',#3054,.T.);
#2477=FACE_OUTER_BOUND('',#3055,.T.);
#2478=FACE_OUTER_BOUND('',#3056,.T.);
#2479=FACE_OUTER_BOUND('',#3057,.T.);
#2480=FACE_OUTER_BOUND('',#3058,.T.);
#2481=FACE_OUTER_BOUND('',#3059,.T.);
#2482=FACE_OUTER_BOUND('',#3060,.T.);
#2483=FACE_OUTER_BOUND('',#3061,.T.);
#2484=FACE_OUTER_BOUND('',#3062,.T.);
#2485=FACE_OUTER_BOUND('',#3063,.T.);
#2486=FACE_OUTER_BOUND('',#3064,.T.);
#2487=FACE_OUTER_BOUND('',#3065,.T.);
#2488=FACE_OUTER_BOUND('',#3066,.T.);
#2489=FACE_OUTER_BOUND('',#3067,.T.);
#2490=FACE_OUTER_BOUND('',#3068,.T.);
#2491=FACE_OUTER_BOUND('',#3069,.T.);
#2492=FACE_OUTER_BOUND('',#3070,.T.);
#2493=FACE_OUTER_BOUND('',#3071,.T.);
#2494=FACE_OUTER_BOUND('',#3072,.T.);
#2495=FACE_OUTER_BOUND('',#3073,.T.);
#2496=FACE_OUTER_BOUND('',#3074,.T.);
#2497=FACE_OUTER_BOUND('',#3075,.T.);
#2498=FACE_OUTER_BOUND('',#3076,.T.);
#2499=FACE_OUTER_BOUND('',#3077,.T.);
#2500=FACE_OUTER_BOUND('',#3078,.T.);
#2501=FACE_OUTER_BOUND('',#3079,.T.);
#2502=FACE_OUTER_BOUND('',#3080,.T.);
#2503=FACE_OUTER_BOUND('',#3081,.T.);
#2504=FACE_OUTER_BOUND('',#3082,.T.);
#2505=FACE_OUTER_BOUND('',#3083,.T.);
#2506=FACE_OUTER_BOUND('',#3084,.T.);
#2507=FACE_OUTER_BOUND('',#3085,.T.);
#2508=FACE_OUTER_BOUND('',#3086,.T.);
#2509=FACE_OUTER_BOUND('',#3087,.T.);
#2510=FACE_OUTER_BOUND('',#3088,.T.);
#2511=FACE_OUTER_BOUND('',#3089,.T.);
#2512=FACE_OUTER_BOUND('',#3090,.T.);
#2513=FACE_OUTER_BOUND('',#3091,.T.);
#2514=FACE_OUTER_BOUND('',#3092,.T.);
#2515=FACE_OUTER_BOUND('',#3093,.T.);
#2516=FACE_OUTER_BOUND('',#3094,.T.);
#2517=FACE_OUTER_BOUND('',#3095,.T.);
#2518=FACE_OUTER_BOUND('',#3096,.T.);
#2519=FACE_OUTER_BOUND('',#3097,.T.);
#2520=FACE_OUTER_BOUND('',#3098,.T.);
#2521=FACE_OUTER_BOUND('',#3099,.T.);
#2522=FACE_OUTER_BOUND('',#3100,.T.);
#2523=FACE_OUTER_BOUND('',#3101,.T.);
#2524=FACE_OUTER_BOUND('',#3102,.T.);
#2525=FACE_OUTER_BOUND('',#3103,.T.);
#2526=FACE_OUTER_BOUND('',#3104,.T.);
#2527=FACE_OUTER_BOUND('',#3105,.T.);
#2528=FACE_OUTER_BOUND('',#3106,.T.);
#2529=FACE_OUTER_BOUND('',#3107,.T.);
#2530=FACE_OUTER_BOUND('',#3108,.T.);
#2531=FACE_OUTER_BOUND('',#3109,.T.);
#2532=FACE_OUTER_BOUND('',#3110,.T.);
#2533=FACE_OUTER_BOUND('',#3111,.T.);
#2534=FACE_OUTER_BOUND('',#3112,.T.);
#2535=FACE_OUTER_BOUND('',#3113,.T.);
#2536=FACE_OUTER_BOUND('',#3114,.T.);
#2537=FACE_OUTER_BOUND('',#3115,.T.);
#2538=FACE_OUTER_BOUND('',#3116,.T.);
#2539=FACE_OUTER_BOUND('',#3117,.T.);
#2540=FACE_OUTER_BOUND('',#3118,.T.);
#2541=FACE_OUTER_BOUND('',#3119,.T.);
#2542=FACE_OUTER_BOUND('',#3120,.T.);
#2543=FACE_OUTER_BOUND('',#3121,.T.);
#2544=FACE_OUTER_BOUND('',#3122,.T.);
#2545=FACE_OUTER_BOUND('',#3123,.T.);
#2546=FACE_OUTER_BOUND('',#3124,.T.);
#2547=FACE_OUTER_BOUND('',#3125,.T.);
#2548=FACE_OUTER_BOUND('',#3126,.T.);
#2549=FACE_OUTER_BOUND('',#3127,.T.);
#2550=FACE_OUTER_BOUND('',#3128,.T.);
#2551=FACE_OUTER_BOUND('',#3129,.T.);
#2552=FACE_OUTER_BOUND('',#3130,.T.);
#2553=FACE_OUTER_BOUND('',#3131,.T.);
#2554=FACE_OUTER_BOUND('',#3132,.T.);
#2555=FACE_OUTER_BOUND('',#3133,.T.);
#2556=FACE_OUTER_BOUND('',#3134,.T.);
#2557=FACE_OUTER_BOUND('',#3135,.T.);
#2558=FACE_OUTER_BOUND('',#3136,.T.);
#2559=FACE_OUTER_BOUND('',#3137,.T.);
#2560=FACE_OUTER_BOUND('',#3138,.T.);
#2561=FACE_OUTER_BOUND('',#3139,.T.);
#2562=FACE_OUTER_BOUND('',#3140,.T.);
#2563=FACE_OUTER_BOUND('',#3141,.T.);
#2564=FACE_OUTER_BOUND('',#3142,.T.);
#2565=FACE_OUTER_BOUND('',#3143,.T.);
#2566=FACE_OUTER_BOUND('',#3144,.T.);
#2567=FACE_OUTER_BOUND('',#3145,.T.);
#2568=FACE_OUTER_BOUND('',#3146,.T.);
#2569=FACE_OUTER_BOUND('',#3147,.T.);
#2570=FACE_OUTER_BOUND('',#3148,.T.);
#2571=FACE_OUTER_BOUND('',#3149,.T.);
#2572=FACE_OUTER_BOUND('',#3150,.T.);
#2573=FACE_OUTER_BOUND('',#3151,.T.);
#2574=FACE_OUTER_BOUND('',#3152,.T.);
#2575=FACE_OUTER_BOUND('',#3153,.T.);
#2576=FACE_OUTER_BOUND('',#3154,.T.);
#2577=FACE_OUTER_BOUND('',#3155,.T.);
#2578=FACE_OUTER_BOUND('',#3156,.T.);
#2579=FACE_OUTER_BOUND('',#3157,.T.);
#2580=FACE_OUTER_BOUND('',#3158,.T.);
#2581=FACE_OUTER_BOUND('',#3159,.T.);
#2582=FACE_OUTER_BOUND('',#3160,.T.);
#2583=FACE_OUTER_BOUND('',#3161,.T.);
#2584=FACE_OUTER_BOUND('',#3162,.T.);
#2585=FACE_OUTER_BOUND('',#3169,.T.);
#2586=FACE_OUTER_BOUND('',#3170,.T.);
#2587=FACE_OUTER_BOUND('',#3171,.T.);
#2588=FACE_OUTER_BOUND('',#3172,.T.);
#2589=FACE_OUTER_BOUND('',#3173,.T.);
#2590=FACE_OUTER_BOUND('',#3187,.T.);
#2591=FACE_OUTER_BOUND('',#3189,.T.);
#2592=FACE_OUTER_BOUND('',#3190,.T.);
#2593=FACE_OUTER_BOUND('',#3191,.T.);
#2594=FACE_OUTER_BOUND('',#3192,.T.);
#2595=FACE_OUTER_BOUND('',#3193,.T.);
#2596=FACE_OUTER_BOUND('',#3194,.T.);
#2597=FACE_OUTER_BOUND('',#3195,.T.);
#2598=FACE_OUTER_BOUND('',#3196,.T.);
#2599=FACE_OUTER_BOUND('',#3197,.T.);
#2600=FACE_OUTER_BOUND('',#3198,.T.);
#2601=FACE_OUTER_BOUND('',#3205,.T.);
#2602=FACE_OUTER_BOUND('',#3206,.T.);
#2603=FACE_OUTER_BOUND('',#3207,.T.);
#2604=FACE_OUTER_BOUND('',#3208,.T.);
#2605=FACE_OUTER_BOUND('',#3209,.T.);
#2606=FACE_OUTER_BOUND('',#3210,.T.);
#2607=FACE_OUTER_BOUND('',#3211,.T.);
#2608=FACE_OUTER_BOUND('',#3213,.T.);
#2609=FACE_OUTER_BOUND('',#3214,.T.);
#2610=FACE_OUTER_BOUND('',#3216,.T.);
#2611=FACE_OUTER_BOUND('',#3217,.T.);
#2612=FACE_OUTER_BOUND('',#3218,.T.);
#2613=FACE_OUTER_BOUND('',#3219,.T.);
#2614=FACE_OUTER_BOUND('',#3220,.T.);
#2615=FACE_OUTER_BOUND('',#3221,.T.);
#2616=FACE_OUTER_BOUND('',#3222,.T.);
#2617=FACE_OUTER_BOUND('',#3223,.T.);
#2618=FACE_OUTER_BOUND('',#3224,.T.);
#2619=FACE_OUTER_BOUND('',#3225,.T.);
#2620=FACE_OUTER_BOUND('',#3226,.T.);
#2621=FACE_OUTER_BOUND('',#3227,.T.);
#2622=FACE_OUTER_BOUND('',#3228,.T.);
#2623=FACE_OUTER_BOUND('',#3229,.T.);
#2624=FACE_OUTER_BOUND('',#3230,.T.);
#2625=FACE_OUTER_BOUND('',#3231,.T.);
#2626=FACE_OUTER_BOUND('',#3232,.T.);
#2627=FACE_OUTER_BOUND('',#3233,.T.);
#2628=FACE_OUTER_BOUND('',#3234,.T.);
#2629=FACE_OUTER_BOUND('',#3235,.T.);
#2630=FACE_OUTER_BOUND('',#3236,.T.);
#2631=FACE_OUTER_BOUND('',#3237,.T.);
#2632=FACE_OUTER_BOUND('',#3238,.T.);
#2633=FACE_OUTER_BOUND('',#3239,.T.);
#2634=FACE_OUTER_BOUND('',#3240,.T.);
#2635=FACE_OUTER_BOUND('',#3241,.T.);
#2636=FACE_OUTER_BOUND('',#3242,.T.);
#2637=FACE_OUTER_BOUND('',#3243,.T.);
#2638=FACE_OUTER_BOUND('',#3244,.T.);
#2639=FACE_OUTER_BOUND('',#3245,.T.);
#2640=FACE_OUTER_BOUND('',#3246,.T.);
#2641=FACE_OUTER_BOUND('',#3247,.T.);
#2642=FACE_OUTER_BOUND('',#3248,.T.);
#2643=FACE_OUTER_BOUND('',#3249,.T.);
#2644=FACE_OUTER_BOUND('',#3250,.T.);
#2645=FACE_OUTER_BOUND('',#3251,.T.);
#2646=FACE_OUTER_BOUND('',#3252,.T.);
#2647=FACE_OUTER_BOUND('',#3253,.T.);
#2648=FACE_OUTER_BOUND('',#3254,.T.);
#2649=FACE_OUTER_BOUND('',#3255,.T.);
#2650=FACE_OUTER_BOUND('',#3256,.T.);
#2651=FACE_OUTER_BOUND('',#3257,.T.);
#2652=FACE_OUTER_BOUND('',#3258,.T.);
#2653=FACE_OUTER_BOUND('',#3259,.T.);
#2654=FACE_OUTER_BOUND('',#3260,.T.);
#2655=FACE_OUTER_BOUND('',#3261,.T.);
#2656=FACE_OUTER_BOUND('',#3262,.T.);
#2657=FACE_OUTER_BOUND('',#3263,.T.);
#2658=FACE_OUTER_BOUND('',#3264,.T.);
#2659=FACE_OUTER_BOUND('',#3265,.T.);
#2660=FACE_OUTER_BOUND('',#3266,.T.);
#2661=FACE_OUTER_BOUND('',#3267,.T.);
#2662=FACE_OUTER_BOUND('',#3268,.T.);
#2663=FACE_OUTER_BOUND('',#3269,.T.);
#2664=FACE_OUTER_BOUND('',#3270,.T.);
#2665=FACE_OUTER_BOUND('',#3271,.T.);
#2666=FACE_OUTER_BOUND('',#3272,.T.);
#2667=FACE_OUTER_BOUND('',#3273,.T.);
#2668=FACE_OUTER_BOUND('',#3274,.T.);
#2669=FACE_OUTER_BOUND('',#3275,.T.);
#2670=FACE_OUTER_BOUND('',#3276,.T.);
#2671=FACE_OUTER_BOUND('',#3277,.T.);
#2672=FACE_OUTER_BOUND('',#3278,.T.);
#2673=FACE_OUTER_BOUND('',#3279,.T.);
#2674=FACE_OUTER_BOUND('',#3280,.T.);
#2675=FACE_OUTER_BOUND('',#3281,.T.);
#2676=FACE_OUTER_BOUND('',#3282,.T.);
#2677=FACE_OUTER_BOUND('',#3283,.T.);
#2678=FACE_OUTER_BOUND('',#3284,.T.);
#2679=FACE_OUTER_BOUND('',#3285,.T.);
#2680=FACE_OUTER_BOUND('',#3286,.T.);
#2681=FACE_OUTER_BOUND('',#3287,.T.);
#2682=FACE_OUTER_BOUND('',#3288,.T.);
#2683=FACE_OUTER_BOUND('',#3289,.T.);
#2684=FACE_OUTER_BOUND('',#3290,.T.);
#2685=FACE_OUTER_BOUND('',#3291,.T.);
#2686=FACE_OUTER_BOUND('',#3292,.T.);
#2687=FACE_OUTER_BOUND('',#3293,.T.);
#2688=FACE_OUTER_BOUND('',#3294,.T.);
#2689=FACE_OUTER_BOUND('',#3295,.T.);
#2690=FACE_OUTER_BOUND('',#3296,.T.);
#2691=FACE_OUTER_BOUND('',#3297,.T.);
#2692=FACE_OUTER_BOUND('',#3298,.T.);
#2693=FACE_OUTER_BOUND('',#3299,.T.);
#2694=FACE_OUTER_BOUND('',#3300,.T.);
#2695=FACE_OUTER_BOUND('',#3301,.T.);
#2696=FACE_OUTER_BOUND('',#3302,.T.);
#2697=FACE_OUTER_BOUND('',#3303,.T.);
#2698=FACE_OUTER_BOUND('',#3304,.T.);
#2699=FACE_OUTER_BOUND('',#3305,.T.);
#2700=FACE_OUTER_BOUND('',#3306,.T.);
#2701=FACE_OUTER_BOUND('',#3307,.T.);
#2702=FACE_OUTER_BOUND('',#3308,.T.);
#2703=FACE_OUTER_BOUND('',#3309,.T.);
#2704=FACE_OUTER_BOUND('',#3310,.T.);
#2705=FACE_OUTER_BOUND('',#3311,.T.);
#2706=FACE_OUTER_BOUND('',#3312,.T.);
#2707=FACE_OUTER_BOUND('',#3313,.T.);
#2708=FACE_OUTER_BOUND('',#3314,.T.);
#2709=FACE_OUTER_BOUND('',#3315,.T.);
#2710=FACE_OUTER_BOUND('',#3316,.T.);
#2711=FACE_OUTER_BOUND('',#3317,.T.);
#2712=FACE_OUTER_BOUND('',#3318,.T.);
#2713=FACE_OUTER_BOUND('',#3319,.T.);
#2714=FACE_OUTER_BOUND('',#3320,.T.);
#2715=FACE_OUTER_BOUND('',#3321,.T.);
#2716=FACE_OUTER_BOUND('',#3322,.T.);
#2717=FACE_OUTER_BOUND('',#3323,.T.);
#2718=FACE_OUTER_BOUND('',#3324,.T.);
#2719=FACE_OUTER_BOUND('',#3325,.T.);
#2720=FACE_OUTER_BOUND('',#3326,.T.);
#2721=FACE_OUTER_BOUND('',#3327,.T.);
#2722=FACE_OUTER_BOUND('',#3328,.T.);
#2723=FACE_OUTER_BOUND('',#3329,.T.);
#2724=FACE_OUTER_BOUND('',#3330,.T.);
#2725=FACE_OUTER_BOUND('',#3331,.T.);
#2726=FACE_OUTER_BOUND('',#3332,.T.);
#2727=FACE_OUTER_BOUND('',#3333,.T.);
#2728=FACE_OUTER_BOUND('',#3334,.T.);
#2729=FACE_OUTER_BOUND('',#3335,.T.);
#2730=FACE_OUTER_BOUND('',#3336,.T.);
#2731=FACE_OUTER_BOUND('',#3337,.T.);
#2732=EDGE_LOOP('',(#6561));
#2733=EDGE_LOOP('',(#6562));
#2734=EDGE_LOOP('',(#6563));
#2735=EDGE_LOOP('',(#6564));
#2736=EDGE_LOOP('',(#6565,#6566,#6567,#6568,#6569));
#2737=EDGE_LOOP('',(#6570,#6571,#6572,#6573,#6574,#6575,#6576,#6577));
#2738=EDGE_LOOP('',(#6578));
#2739=EDGE_LOOP('',(#6579));
#2740=EDGE_LOOP('',(#6580,#6581,#6582,#6583));
#2741=EDGE_LOOP('',(#6584,#6585,#6586,#6587,#6588,#6589));
#2742=EDGE_LOOP('',(#6590,#6591,#6592,#6593));
#2743=EDGE_LOOP('',(#6594,#6595,#6596,#6597));
#2744=EDGE_LOOP('',(#6598,#6599,#6600,#6601));
#2745=EDGE_LOOP('',(#6602,#6603,#6604,#6605,#6606));
#2746=EDGE_LOOP('',(#6607,#6608,#6609,#6610));
#2747=EDGE_LOOP('',(#6611,#6612,#6613,#6614));
#2748=EDGE_LOOP('',(#6615,#6616,#6617,#6618));
#2749=EDGE_LOOP('',(#6619,#6620,#6621,#6622));
#2750=EDGE_LOOP('',(#6623,#6624,#6625,#6626,#6627,#6628,#6629,#6630,#6631,
#6632,#6633,#6634,#6635,#6636,#6637,#6638,#6639,#6640,#6641,#6642,#6643,
#6644));
#2751=EDGE_LOOP('',(#6645));
#2752=EDGE_LOOP('',(#6646,#6647,#6648,#6649,#6650,#6651,#6652,#6653,#6654,
#6655,#6656,#6657,#6658,#6659));
#2753=EDGE_LOOP('',(#6660));
#2754=EDGE_LOOP('',(#6661,#6662,#6663,#6664,#6665,#6666,#6667,#6668,#6669,
#6670,#6671,#6672,#6673,#6674));
#2755=EDGE_LOOP('',(#6675));
#2756=EDGE_LOOP('',(#6676,#6677,#6678,#6679,#6680,#6681));
#2757=EDGE_LOOP('',(#6682,#6683,#6684,#6685));
#2758=EDGE_LOOP('',(#6686,#6687,#6688,#6689,#6690));
#2759=EDGE_LOOP('',(#6691,#6692,#6693,#6694,#6695,#6696,#6697));
#2760=EDGE_LOOP('',(#6698,#6699,#6700,#6701));
#2761=EDGE_LOOP('',(#6702,#6703,#6704,#6705,#6706,#6707,#6708,#6709,#6710,
#6711,#6712,#6713,#6714,#6715,#6716,#6717,#6718));
#2762=EDGE_LOOP('',(#6719,#6720,#6721,#6722));
#2763=EDGE_LOOP('',(#6723,#6724,#6725,#6726));
#2764=EDGE_LOOP('',(#6727,#6728,#6729,#6730));
#2765=EDGE_LOOP('',(#6731,#6732,#6733,#6734));
#2766=EDGE_LOOP('',(#6735,#6736,#6737,#6738));
#2767=EDGE_LOOP('',(#6739,#6740,#6741,#6742));
#2768=EDGE_LOOP('',(#6743));
#2769=EDGE_LOOP('',(#6744));
#2770=EDGE_LOOP('',(#6745,#6746,#6747,#6748,#6749));
#2771=EDGE_LOOP('',(#6750,#6751,#6752,#6753,#6754,#6755));
#2772=EDGE_LOOP('',(#6756,#6757,#6758,#6759));
#2773=EDGE_LOOP('',(#6760,#6761,#6762,#6763,#6764));
#2774=EDGE_LOOP('',(#6765,#6766,#6767,#6768,#6769,#6770,#6771));
#2775=EDGE_LOOP('',(#6772,#6773,#6774,#6775));
#2776=EDGE_LOOP('',(#6776,#6777,#6778,#6779,#6780,#6781,#6782,#6783,#6784,
#6785,#6786,#6787,#6788,#6789,#6790,#6791,#6792));
#2777=EDGE_LOOP('',(#6793,#6794,#6795,#6796));
#2778=EDGE_LOOP('',(#6797,#6798,#6799,#6800));
#2779=EDGE_LOOP('',(#6801,#6802,#6803,#6804));
#2780=EDGE_LOOP('',(#6805,#6806,#6807,#6808));
#2781=EDGE_LOOP('',(#6809,#6810,#6811,#6812));
#2782=EDGE_LOOP('',(#6813,#6814,#6815,#6816));
#2783=EDGE_LOOP('',(#6817));
#2784=EDGE_LOOP('',(#6818));
#2785=EDGE_LOOP('',(#6819));
#2786=EDGE_LOOP('',(#6820));
#2787=EDGE_LOOP('',(#6821,#6822,#6823,#6824,#6825));
#2788=EDGE_LOOP('',(#6826,#6827,#6828,#6829,#6830,#6831,#6832,#6833));
#2789=EDGE_LOOP('',(#6834));
#2790=EDGE_LOOP('',(#6835));
#2791=EDGE_LOOP('',(#6836,#6837,#6838,#6839));
#2792=EDGE_LOOP('',(#6840,#6841,#6842,#6843,#6844));
#2793=EDGE_LOOP('',(#6845,#6846,#6847,#6848));
#2794=EDGE_LOOP('',(#6849,#6850,#6851,#6852));
#2795=EDGE_LOOP('',(#6853,#6854,#6855,#6856));
#2796=EDGE_LOOP('',(#6857,#6858,#6859,#6860,#6861,#6862));
#2797=EDGE_LOOP('',(#6863,#6864,#6865,#6866));
#2798=EDGE_LOOP('',(#6867,#6868,#6869,#6870));
#2799=EDGE_LOOP('',(#6871,#6872,#6873,#6874));
#2800=EDGE_LOOP('',(#6875,#6876,#6877,#6878));
#2801=EDGE_LOOP('',(#6879,#6880,#6881,#6882,#6883,#6884,#6885,#6886,#6887,
#6888,#6889,#6890,#6891,#6892,#6893,#6894,#6895,#6896,#6897,#6898,#6899,
#6900,#6901,#6902,#6903,#6904,#6905,#6906,#6907,#6908,#6909,#6910,#6911,
#6912,#6913,#6914,#6915,#6916,#6917,#6918,#6919,#6920,#6921,#6922,#6923,
#6924,#6925,#6926,#6927,#6928,#6929,#6930,#6931,#6932,#6933,#6934,#6935,
#6936,#6937,#6938,#6939,#6940,#6941,#6942,#6943,#6944,#6945,#6946,#6947,
#6948,#6949,#6950,#6951,#6952,#6953,#6954,#6955,#6956,#6957,#6958,#6959,
#6960,#6961,#6962,#6963,#6964,#6965,#6966,#6967,#6968,#6969,#6970,#6971,
#6972,#6973,#6974,#6975,#6976,#6977,#6978,#6979,#6980,#6981,#6982,#6983,
#6984,#6985,#6986,#6987,#6988,#6989,#6990,#6991,#6992,#6993,#6994,#6995,
#6996,#6997,#6998,#6999,#7000,#7001,#7002,#7003,#7004,#7005,#7006,#7007,
#7008,#7009,#7010,#7011,#7012,#7013,#7014,#7015,#7016,#7017,#7018,#7019,
#7020));
#2802=EDGE_LOOP('',(#7021));
#2803=EDGE_LOOP('',(#7022));
#2804=EDGE_LOOP('',(#7023));
#2805=EDGE_LOOP('',(#7024));
#2806=EDGE_LOOP('',(#7025,#7026,#7027,#7028,#7029,#7030,#7031,#7032));
#2807=EDGE_LOOP('',(#7033));
#2808=EDGE_LOOP('',(#7034));
#2809=EDGE_LOOP('',(#7035,#7036,#7037,#7038));
#2810=EDGE_LOOP('',(#7039,#7040,#7041,#7042,#7043));
#2811=EDGE_LOOP('',(#7044,#7045,#7046,#7047));
#2812=EDGE_LOOP('',(#7048,#7049,#7050,#7051));
#2813=EDGE_LOOP('',(#7052,#7053,#7054,#7055));
#2814=EDGE_LOOP('',(#7056,#7057,#7058,#7059,#7060,#7061));
#2815=EDGE_LOOP('',(#7062,#7063,#7064,#7065));
#2816=EDGE_LOOP('',(#7066,#7067,#7068,#7069));
#2817=EDGE_LOOP('',(#7070,#7071,#7072,#7073));
#2818=EDGE_LOOP('',(#7074,#7075,#7076,#7077));
#2819=EDGE_LOOP('',(#7078,#7079,#7080,#7081,#7082));
#2820=EDGE_LOOP('',(#7083,#7084,#7085,#7086));
#2821=EDGE_LOOP('',(#7087,#7088,#7089,#7090));
#2822=EDGE_LOOP('',(#7091,#7092,#7093,#7094));
#2823=EDGE_LOOP('',(#7095,#7096,#7097,#7098,#7099,#7100,#7101,#7102,#7103,
#7104));
#2824=EDGE_LOOP('',(#7105,#7106,#7107,#7108,#7109,#7110));
#2825=EDGE_LOOP('',(#7111,#7112,#7113,#7114));
#2826=EDGE_LOOP('',(#7115,#7116,#7117,#7118));
#2827=EDGE_LOOP('',(#7119,#7120,#7121,#7122));
#2828=EDGE_LOOP('',(#7123,#7124,#7125,#7126,#7127,#7128,#7129,#7130,#7131,
#7132,#7133,#7134,#7135,#7136,#7137,#7138,#7139,#7140,#7141,#7142,#7143,
#7144,#7145,#7146,#7147,#7148,#7149,#7150,#7151,#7152,#7153,#7154,#7155,
#7156,#7157,#7158,#7159,#7160,#7161,#7162,#7163,#7164,#7165,#7166,#7167,
#7168,#7169,#7170,#7171,#7172,#7173,#7174,#7175,#7176,#7177,#7178,#7179,
#7180,#7181,#7182,#7183,#7184,#7185,#7186,#7187,#7188,#7189,#7190,#7191,
#7192,#7193,#7194,#7195,#7196,#7197,#7198,#7199,#7200,#7201,#7202,#7203,
#7204,#7205,#7206,#7207,#7208,#7209,#7210,#7211));
#2829=EDGE_LOOP('',(#7212));
#2830=EDGE_LOOP('',(#7213,#7214,#7215,#7216,#7217,#7218,#7219,#7220));
#2831=EDGE_LOOP('',(#7221,#7222,#7223,#7224));
#2832=EDGE_LOOP('',(#7225,#7226,#7227,#7228));
#2833=EDGE_LOOP('',(#7229,#7230,#7231,#7232));
#2834=EDGE_LOOP('',(#7233,#7234,#7235,#7236));
#2835=EDGE_LOOP('',(#7237,#7238,#7239,#7240));
#2836=EDGE_LOOP('',(#7241,#7242,#7243,#7244));
#2837=EDGE_LOOP('',(#7245,#7246,#7247,#7248));
#2838=EDGE_LOOP('',(#7249,#7250,#7251,#7252));
#2839=EDGE_LOOP('',(#7253,#7254,#7255,#7256));
#2840=EDGE_LOOP('',(#7257,#7258,#7259,#7260));
#2841=EDGE_LOOP('',(#7261,#7262,#7263,#7264));
#2842=EDGE_LOOP('',(#7265,#7266,#7267,#7268));
#2843=EDGE_LOOP('',(#7269,#7270,#7271,#7272));
#2844=EDGE_LOOP('',(#7273,#7274,#7275,#7276));
#2845=EDGE_LOOP('',(#7277,#7278,#7279,#7280));
#2846=EDGE_LOOP('',(#7281,#7282,#7283,#7284));
#2847=EDGE_LOOP('',(#7285,#7286,#7287,#7288));
#2848=EDGE_LOOP('',(#7289,#7290,#7291,#7292));
#2849=EDGE_LOOP('',(#7293,#7294,#7295,#7296));
#2850=EDGE_LOOP('',(#7297,#7298,#7299,#7300));
#2851=EDGE_LOOP('',(#7301,#7302,#7303,#7304));
#2852=EDGE_LOOP('',(#7305,#7306,#7307,#7308));
#2853=EDGE_LOOP('',(#7309,#7310,#7311,#7312));
#2854=EDGE_LOOP('',(#7313,#7314,#7315,#7316));
#2855=EDGE_LOOP('',(#7317,#7318,#7319,#7320));
#2856=EDGE_LOOP('',(#7321,#7322,#7323,#7324));
#2857=EDGE_LOOP('',(#7325,#7326,#7327,#7328));
#2858=EDGE_LOOP('',(#7329,#7330,#7331,#7332));
#2859=EDGE_LOOP('',(#7333,#7334,#7335,#7336));
#2860=EDGE_LOOP('',(#7337,#7338,#7339,#7340));
#2861=EDGE_LOOP('',(#7341,#7342,#7343,#7344));
#2862=EDGE_LOOP('',(#7345,#7346,#7347,#7348));
#2863=EDGE_LOOP('',(#7349,#7350,#7351,#7352,#7353));
#2864=EDGE_LOOP('',(#7354,#7355,#7356,#7357));
#2865=EDGE_LOOP('',(#7358,#7359,#7360,#7361));
#2866=EDGE_LOOP('',(#7362,#7363,#7364,#7365));
#2867=EDGE_LOOP('',(#7366,#7367,#7368,#7369));
#2868=EDGE_LOOP('',(#7370,#7371,#7372,#7373));
#2869=EDGE_LOOP('',(#7374,#7375,#7376,#7377));
#2870=EDGE_LOOP('',(#7378,#7379,#7380,#7381,#7382));
#2871=EDGE_LOOP('',(#7383,#7384,#7385,#7386));
#2872=EDGE_LOOP('',(#7387,#7388,#7389,#7390,#7391));
#2873=EDGE_LOOP('',(#7392,#7393,#7394,#7395));
#2874=EDGE_LOOP('',(#7396,#7397,#7398,#7399,#7400));
#2875=EDGE_LOOP('',(#7401,#7402,#7403,#7404));
#2876=EDGE_LOOP('',(#7405,#7406,#7407,#7408,#7409));
#2877=EDGE_LOOP('',(#7410,#7411,#7412,#7413));
#2878=EDGE_LOOP('',(#7414,#7415,#7416,#7417,#7418));
#2879=EDGE_LOOP('',(#7419,#7420,#7421,#7422));
#2880=EDGE_LOOP('',(#7423,#7424,#7425,#7426,#7427));
#2881=EDGE_LOOP('',(#7428,#7429,#7430,#7431));
#2882=EDGE_LOOP('',(#7432,#7433,#7434,#7435,#7436));
#2883=EDGE_LOOP('',(#7437,#7438,#7439,#7440));
#2884=EDGE_LOOP('',(#7441,#7442,#7443,#7444));
#2885=EDGE_LOOP('',(#7445,#7446,#7447,#7448));
#2886=EDGE_LOOP('',(#7449,#7450,#7451,#7452));
#2887=EDGE_LOOP('',(#7453,#7454,#7455,#7456));
#2888=EDGE_LOOP('',(#7457,#7458,#7459,#7460));
#2889=EDGE_LOOP('',(#7461,#7462,#7463,#7464));
#2890=EDGE_LOOP('',(#7465,#7466,#7467,#7468));
#2891=EDGE_LOOP('',(#7469,#7470,#7471,#7472));
#2892=EDGE_LOOP('',(#7473,#7474,#7475,#7476));
#2893=EDGE_LOOP('',(#7477,#7478,#7479,#7480));
#2894=EDGE_LOOP('',(#7481,#7482,#7483,#7484));
#2895=EDGE_LOOP('',(#7485,#7486,#7487,#7488));
#2896=EDGE_LOOP('',(#7489,#7490,#7491,#7492));
#2897=EDGE_LOOP('',(#7493,#7494,#7495,#7496));
#2898=EDGE_LOOP('',(#7497,#7498,#7499,#7500));
#2899=EDGE_LOOP('',(#7501,#7502,#7503,#7504));
#2900=EDGE_LOOP('',(#7505,#7506,#7507,#7508));
#2901=EDGE_LOOP('',(#7509,#7510,#7511,#7512));
#2902=EDGE_LOOP('',(#7513,#7514,#7515,#7516));
#2903=EDGE_LOOP('',(#7517,#7518,#7519,#7520));
#2904=EDGE_LOOP('',(#7521,#7522,#7523,#7524,#7525,#7526));
#2905=EDGE_LOOP('',(#7527,#7528,#7529,#7530,#7531,#7532));
#2906=EDGE_LOOP('',(#7533,#7534,#7535,#7536));
#2907=EDGE_LOOP('',(#7537,#7538,#7539,#7540));
#2908=EDGE_LOOP('',(#7541,#7542,#7543,#7544));
#2909=EDGE_LOOP('',(#7545,#7546,#7547,#7548));
#2910=EDGE_LOOP('',(#7549,#7550,#7551,#7552));
#2911=EDGE_LOOP('',(#7553,#7554,#7555,#7556));
#2912=EDGE_LOOP('',(#7557,#7558,#7559,#7560));
#2913=EDGE_LOOP('',(#7561,#7562,#7563,#7564,#7565));
#2914=EDGE_LOOP('',(#7566,#7567,#7568,#7569));
#2915=EDGE_LOOP('',(#7570,#7571,#7572,#7573,#7574));
#2916=EDGE_LOOP('',(#7575,#7576,#7577,#7578));
#2917=EDGE_LOOP('',(#7579,#7580,#7581,#7582,#7583));
#2918=EDGE_LOOP('',(#7584,#7585,#7586,#7587));
#2919=EDGE_LOOP('',(#7588,#7589,#7590,#7591,#7592));
#2920=EDGE_LOOP('',(#7593,#7594,#7595,#7596));
#2921=EDGE_LOOP('',(#7597,#7598,#7599,#7600));
#2922=EDGE_LOOP('',(#7601,#7602,#7603,#7604));
#2923=EDGE_LOOP('',(#7605,#7606,#7607,#7608));
#2924=EDGE_LOOP('',(#7609,#7610,#7611,#7612));
#2925=EDGE_LOOP('',(#7613,#7614,#7615,#7616));
#2926=EDGE_LOOP('',(#7617,#7618,#7619,#7620));
#2927=EDGE_LOOP('',(#7621,#7622,#7623,#7624));
#2928=EDGE_LOOP('',(#7625,#7626,#7627,#7628));
#2929=EDGE_LOOP('',(#7629,#7630,#7631,#7632));
#2930=EDGE_LOOP('',(#7633,#7634,#7635,#7636));
#2931=EDGE_LOOP('',(#7637,#7638,#7639,#7640));
#2932=EDGE_LOOP('',(#7641,#7642,#7643,#7644));
#2933=EDGE_LOOP('',(#7645));
#2934=EDGE_LOOP('',(#7646));
#2935=EDGE_LOOP('',(#7647,#7648,#7649,#7650,#7651));
#2936=EDGE_LOOP('',(#7652,#7653,#7654,#7655,#7656,#7657,#7658,#7659));
#2937=EDGE_LOOP('',(#7660));
#2938=EDGE_LOOP('',(#7661));
#2939=EDGE_LOOP('',(#7662,#7663,#7664,#7665));
#2940=EDGE_LOOP('',(#7666,#7667,#7668,#7669,#7670,#7671));
#2941=EDGE_LOOP('',(#7672,#7673,#7674,#7675));
#2942=EDGE_LOOP('',(#7676,#7677,#7678,#7679));
#2943=EDGE_LOOP('',(#7680,#7681,#7682,#7683));
#2944=EDGE_LOOP('',(#7684,#7685,#7686,#7687,#7688));
#2945=EDGE_LOOP('',(#7689,#7690,#7691,#7692));
#2946=EDGE_LOOP('',(#7693,#7694,#7695,#7696));
#2947=EDGE_LOOP('',(#7697,#7698,#7699,#7700));
#2948=EDGE_LOOP('',(#7701,#7702,#7703,#7704));
#2949=EDGE_LOOP('',(#7705,#7706,#7707,#7708));
#2950=EDGE_LOOP('',(#7709,#7710,#7711,#7712));
#2951=EDGE_LOOP('',(#7713,#7714,#7715,#7716));
#2952=EDGE_LOOP('',(#7717,#7718,#7719,#7720));
#2953=EDGE_LOOP('',(#7721,#7722,#7723,#7724));
#2954=EDGE_LOOP('',(#7725,#7726,#7727,#7728));
#2955=EDGE_LOOP('',(#7729,#7730,#7731,#7732));
#2956=EDGE_LOOP('',(#7733,#7734,#7735,#7736));
#2957=EDGE_LOOP('',(#7737,#7738,#7739,#7740,#7741,#7742,#7743));
#2958=EDGE_LOOP('',(#7744,#7745,#7746,#7747,#7748,#7749,#7750,#7751));
#2959=EDGE_LOOP('',(#7752));
#2960=EDGE_LOOP('',(#7753));
#2961=EDGE_LOOP('',(#7754));
#2962=EDGE_LOOP('',(#7755));
#2963=EDGE_LOOP('',(#7756,#7757,#7758,#7759));
#2964=EDGE_LOOP('',(#7760,#7761,#7762,#7763,#7764,#7765));
#2965=EDGE_LOOP('',(#7766,#7767,#7768,#7769,#7770));
#2966=EDGE_LOOP('',(#7771,#7772,#7773,#7774,#7775,#7776,#7777,#7778));
#2967=EDGE_LOOP('',(#7779,#7780,#7781,#7782));
#2968=EDGE_LOOP('',(#7783,#7784,#7785,#7786));
#2969=EDGE_LOOP('',(#7787,#7788,#7789,#7790,#7791));
#2970=EDGE_LOOP('',(#7792,#7793,#7794,#7795));
#2971=EDGE_LOOP('',(#7796,#7797,#7798,#7799,#7800));
#2972=EDGE_LOOP('',(#7801,#7802,#7803,#7804));
#2973=EDGE_LOOP('',(#7805,#7806,#7807,#7808));
#2974=EDGE_LOOP('',(#7809,#7810,#7811,#7812));
#2975=EDGE_LOOP('',(#7813,#7814,#7815,#7816));
#2976=EDGE_LOOP('',(#7817,#7818,#7819,#7820,#7821,#7822,#7823,#7824));
#2977=EDGE_LOOP('',(#7825));
#2978=EDGE_LOOP('',(#7826));
#2979=EDGE_LOOP('',(#7827));
#2980=EDGE_LOOP('',(#7828));
#2981=EDGE_LOOP('',(#7829));
#2982=EDGE_LOOP('',(#7830));
#2983=EDGE_LOOP('',(#7831,#7832,#7833,#7834));
#2984=EDGE_LOOP('',(#7835));
#2985=EDGE_LOOP('',(#7836,#7837,#7838,#7839));
#2986=EDGE_LOOP('',(#7840,#7841,#7842,#7843,#7844));
#2987=EDGE_LOOP('',(#7845,#7846,#7847,#7848));
#2988=EDGE_LOOP('',(#7849));
#2989=EDGE_LOOP('',(#7850,#7851,#7852,#7853,#7854,#7855));
#2990=EDGE_LOOP('',(#7856,#7857,#7858,#7859));
#2991=EDGE_LOOP('',(#7860));
#2992=EDGE_LOOP('',(#7861));
#2993=EDGE_LOOP('',(#7862,#7863,#7864,#7865));
#2994=EDGE_LOOP('',(#7866,#7867,#7868,#7869));
#2995=EDGE_LOOP('',(#7870,#7871,#7872,#7873,#7874,#7875,#7876,#7877,#7878,
#7879,#7880,#7881,#7882,#7883));
#2996=EDGE_LOOP('',(#7884,#7885,#7886,#7887));
#2997=EDGE_LOOP('',(#7888,#7889,#7890,#7891));
#2998=EDGE_LOOP('',(#7892,#7893,#7894,#7895));
#2999=EDGE_LOOP('',(#7896,#7897,#7898,#7899,#7900,#7901,#7902));
#3000=EDGE_LOOP('',(#7903,#7904,#7905,#7906));
#3001=EDGE_LOOP('',(#7907,#7908,#7909,#7910,#7911,#7912,#7913,#7914,#7915));
#3002=EDGE_LOOP('',(#7916,#7917,#7918,#7919));
#3003=EDGE_LOOP('',(#7920,#7921,#7922,#7923,#7924,#7925,#7926,#7927,#7928,
#7929,#7930));
#3004=EDGE_LOOP('',(#7931,#7932,#7933,#7934,#7935,#7936,#7937,#7938));
#3005=EDGE_LOOP('',(#7939,#7940,#7941,#7942));
#3006=EDGE_LOOP('',(#7943,#7944,#7945,#7946));
#3007=EDGE_LOOP('',(#7947,#7948,#7949,#7950,#7951,#7952,#7953));
#3008=EDGE_LOOP('',(#7954,#7955,#7956,#7957));
#3009=EDGE_LOOP('',(#7958,#7959,#7960));
#3010=EDGE_LOOP('',(#7961,#7962,#7963,#7964,#7965,#7966,#7967,#7968,#7969,
#7970,#7971,#7972,#7973,#7974,#7975,#7976,#7977,#7978,#7979,#7980,#7981,
#7982,#7983,#7984,#7985,#7986,#7987,#7988,#7989,#7990,#7991,#7992,#7993));
#3011=EDGE_LOOP('',(#7994,#7995,#7996,#7997,#7998,#7999,#8000,#8001,#8002,
#8003,#8004,#8005,#8006,#8007,#8008,#8009,#8010,#8011,#8012,#8013,#8014,
#8015,#8016,#8017,#8018,#8019,#8020,#8021,#8022,#8023,#8024,#8025,#8026,
#8027,#8028,#8029,#8030,#8031,#8032,#8033,#8034,#8035,#8036,#8037,#8038,
#8039,#8040,#8041,#8042,#8043,#8044,#8045,#8046,#8047,#8048,#8049,#8050,
#8051,#8052,#8053,#8054,#8055,#8056,#8057,#8058,#8059,#8060,#8061,#8062,
#8063,#8064,#8065,#8066,#8067,#8068,#8069,#8070,#8071,#8072,#8073,#8074,
#8075,#8076,#8077,#8078,#8079,#8080));
#3012=EDGE_LOOP('',(#8081));
#3013=EDGE_LOOP('',(#8082));
#3014=EDGE_LOOP('',(#8083,#8084,#8085,#8086));
#3015=EDGE_LOOP('',(#8087,#8088,#8089,#8090,#8091));
#3016=EDGE_LOOP('',(#8092,#8093,#8094,#8095));
#3017=EDGE_LOOP('',(#8096,#8097,#8098,#8099));
#3018=EDGE_LOOP('',(#8100,#8101,#8102,#8103));
#3019=EDGE_LOOP('',(#8104,#8105,#8106,#8107));
#3020=EDGE_LOOP('',(#8108,#8109,#8110,#8111));
#3021=EDGE_LOOP('',(#8112,#8113,#8114,#8115));
#3022=EDGE_LOOP('',(#8116,#8117,#8118,#8119,#8120));
#3023=EDGE_LOOP('',(#8121,#8122,#8123,#8124));
#3024=EDGE_LOOP('',(#8125,#8126,#8127,#8128,#8129));
#3025=EDGE_LOOP('',(#8130,#8131,#8132,#8133,#8134));
#3026=EDGE_LOOP('',(#8135,#8136,#8137,#8138));
#3027=EDGE_LOOP('',(#8139,#8140,#8141,#8142));
#3028=EDGE_LOOP('',(#8143,#8144,#8145,#8146));
#3029=EDGE_LOOP('',(#8147,#8148,#8149,#8150));
#3030=EDGE_LOOP('',(#8151,#8152,#8153,#8154));
#3031=EDGE_LOOP('',(#8155,#8156,#8157,#8158));
#3032=EDGE_LOOP('',(#8159,#8160,#8161,#8162));
#3033=EDGE_LOOP('',(#8163,#8164,#8165,#8166));
#3034=EDGE_LOOP('',(#8167,#8168,#8169,#8170));
#3035=EDGE_LOOP('',(#8171,#8172,#8173,#8174));
#3036=EDGE_LOOP('',(#8175,#8176,#8177,#8178));
#3037=EDGE_LOOP('',(#8179,#8180,#8181,#8182));
#3038=EDGE_LOOP('',(#8183,#8184,#8185,#8186));
#3039=EDGE_LOOP('',(#8187,#8188,#8189,#8190));
#3040=EDGE_LOOP('',(#8191,#8192,#8193,#8194));
#3041=EDGE_LOOP('',(#8195,#8196,#8197,#8198));
#3042=EDGE_LOOP('',(#8199,#8200,#8201,#8202));
#3043=EDGE_LOOP('',(#8203,#8204,#8205,#8206));
#3044=EDGE_LOOP('',(#8207,#8208,#8209,#8210));
#3045=EDGE_LOOP('',(#8211,#8212,#8213,#8214));
#3046=EDGE_LOOP('',(#8215,#8216,#8217,#8218));
#3047=EDGE_LOOP('',(#8219,#8220,#8221,#8222));
#3048=EDGE_LOOP('',(#8223,#8224,#8225,#8226));
#3049=EDGE_LOOP('',(#8227,#8228,#8229,#8230));
#3050=EDGE_LOOP('',(#8231,#8232,#8233,#8234));
#3051=EDGE_LOOP('',(#8235,#8236,#8237,#8238));
#3052=EDGE_LOOP('',(#8239,#8240,#8241,#8242));
#3053=EDGE_LOOP('',(#8243,#8244,#8245,#8246));
#3054=EDGE_LOOP('',(#8247,#8248,#8249,#8250));
#3055=EDGE_LOOP('',(#8251,#8252,#8253,#8254));
#3056=EDGE_LOOP('',(#8255,#8256,#8257,#8258));
#3057=EDGE_LOOP('',(#8259,#8260,#8261,#8262));
#3058=EDGE_LOOP('',(#8263,#8264,#8265,#8266));
#3059=EDGE_LOOP('',(#8267,#8268,#8269,#8270));
#3060=EDGE_LOOP('',(#8271,#8272,#8273,#8274));
#3061=EDGE_LOOP('',(#8275,#8276,#8277,#8278));
#3062=EDGE_LOOP('',(#8279,#8280,#8281,#8282));
#3063=EDGE_LOOP('',(#8283,#8284,#8285,#8286));
#3064=EDGE_LOOP('',(#8287,#8288,#8289,#8290));
#3065=EDGE_LOOP('',(#8291,#8292,#8293,#8294));
#3066=EDGE_LOOP('',(#8295,#8296,#8297,#8298));
#3067=EDGE_LOOP('',(#8299,#8300,#8301,#8302));
#3068=EDGE_LOOP('',(#8303,#8304,#8305,#8306));
#3069=EDGE_LOOP('',(#8307,#8308,#8309,#8310));
#3070=EDGE_LOOP('',(#8311,#8312,#8313,#8314));
#3071=EDGE_LOOP('',(#8315,#8316,#8317,#8318));
#3072=EDGE_LOOP('',(#8319,#8320,#8321,#8322));
#3073=EDGE_LOOP('',(#8323,#8324,#8325,#8326));
#3074=EDGE_LOOP('',(#8327,#8328,#8329,#8330));
#3075=EDGE_LOOP('',(#8331,#8332,#8333,#8334));
#3076=EDGE_LOOP('',(#8335,#8336,#8337,#8338));
#3077=EDGE_LOOP('',(#8339,#8340,#8341,#8342));
#3078=EDGE_LOOP('',(#8343,#8344,#8345,#8346));
#3079=EDGE_LOOP('',(#8347,#8348,#8349,#8350));
#3080=EDGE_LOOP('',(#8351,#8352,#8353,#8354,#8355));
#3081=EDGE_LOOP('',(#8356,#8357,#8358,#8359));
#3082=EDGE_LOOP('',(#8360,#8361,#8362,#8363));
#3083=EDGE_LOOP('',(#8364,#8365,#8366,#8367));
#3084=EDGE_LOOP('',(#8368,#8369,#8370,#8371));
#3085=EDGE_LOOP('',(#8372,#8373,#8374,#8375));
#3086=EDGE_LOOP('',(#8376,#8377,#8378,#8379));
#3087=EDGE_LOOP('',(#8380,#8381,#8382,#8383));
#3088=EDGE_LOOP('',(#8384,#8385,#8386,#8387));
#3089=EDGE_LOOP('',(#8388,#8389,#8390,#8391));
#3090=EDGE_LOOP('',(#8392,#8393,#8394,#8395));
#3091=EDGE_LOOP('',(#8396,#8397,#8398,#8399));
#3092=EDGE_LOOP('',(#8400,#8401,#8402,#8403));
#3093=EDGE_LOOP('',(#8404,#8405,#8406,#8407));
#3094=EDGE_LOOP('',(#8408,#8409,#8410,#8411));
#3095=EDGE_LOOP('',(#8412,#8413,#8414,#8415));
#3096=EDGE_LOOP('',(#8416,#8417,#8418,#8419));
#3097=EDGE_LOOP('',(#8420,#8421,#8422,#8423));
#3098=EDGE_LOOP('',(#8424,#8425,#8426,#8427));
#3099=EDGE_LOOP('',(#8428,#8429,#8430,#8431));
#3100=EDGE_LOOP('',(#8432,#8433,#8434,#8435,#8436));
#3101=EDGE_LOOP('',(#8437,#8438,#8439,#8440));
#3102=EDGE_LOOP('',(#8441,#8442,#8443,#8444));
#3103=EDGE_LOOP('',(#8445,#8446,#8447,#8448));
#3104=EDGE_LOOP('',(#8449,#8450,#8451,#8452));
#3105=EDGE_LOOP('',(#8453,#8454,#8455,#8456));
#3106=EDGE_LOOP('',(#8457,#8458,#8459,#8460));
#3107=EDGE_LOOP('',(#8461,#8462,#8463,#8464));
#3108=EDGE_LOOP('',(#8465,#8466,#8467,#8468));
#3109=EDGE_LOOP('',(#8469,#8470,#8471,#8472));
#3110=EDGE_LOOP('',(#8473,#8474,#8475,#8476));
#3111=EDGE_LOOP('',(#8477,#8478,#8479,#8480));
#3112=EDGE_LOOP('',(#8481,#8482,#8483,#8484));
#3113=EDGE_LOOP('',(#8485,#8486,#8487,#8488));
#3114=EDGE_LOOP('',(#8489,#8490,#8491,#8492));
#3115=EDGE_LOOP('',(#8493,#8494,#8495,#8496));
#3116=EDGE_LOOP('',(#8497,#8498,#8499,#8500));
#3117=EDGE_LOOP('',(#8501,#8502,#8503,#8504));
#3118=EDGE_LOOP('',(#8505,#8506,#8507,#8508));
#3119=EDGE_LOOP('',(#8509,#8510,#8511,#8512));
#3120=EDGE_LOOP('',(#8513,#8514,#8515,#8516));
#3121=EDGE_LOOP('',(#8517,#8518,#8519,#8520));
#3122=EDGE_LOOP('',(#8521,#8522,#8523,#8524));
#3123=EDGE_LOOP('',(#8525,#8526,#8527,#8528));
#3124=EDGE_LOOP('',(#8529,#8530,#8531,#8532));
#3125=EDGE_LOOP('',(#8533,#8534,#8535,#8536));
#3126=EDGE_LOOP('',(#8537,#8538,#8539,#8540));
#3127=EDGE_LOOP('',(#8541,#8542,#8543,#8544));
#3128=EDGE_LOOP('',(#8545,#8546,#8547,#8548));
#3129=EDGE_LOOP('',(#8549,#8550,#8551,#8552));
#3130=EDGE_LOOP('',(#8553,#8554,#8555,#8556));
#3131=EDGE_LOOP('',(#8557,#8558,#8559,#8560));
#3132=EDGE_LOOP('',(#8561,#8562,#8563,#8564));
#3133=EDGE_LOOP('',(#8565,#8566,#8567,#8568));
#3134=EDGE_LOOP('',(#8569,#8570,#8571,#8572));
#3135=EDGE_LOOP('',(#8573,#8574,#8575,#8576));
#3136=EDGE_LOOP('',(#8577,#8578,#8579,#8580));
#3137=EDGE_LOOP('',(#8581,#8582,#8583,#8584));
#3138=EDGE_LOOP('',(#8585,#8586,#8587,#8588));
#3139=EDGE_LOOP('',(#8589,#8590,#8591,#8592));
#3140=EDGE_LOOP('',(#8593,#8594,#8595,#8596));
#3141=EDGE_LOOP('',(#8597,#8598,#8599,#8600));
#3142=EDGE_LOOP('',(#8601,#8602,#8603,#8604));
#3143=EDGE_LOOP('',(#8605,#8606,#8607,#8608));
#3144=EDGE_LOOP('',(#8609,#8610,#8611,#8612));
#3145=EDGE_LOOP('',(#8613,#8614,#8615,#8616));
#3146=EDGE_LOOP('',(#8617,#8618,#8619,#8620));
#3147=EDGE_LOOP('',(#8621,#8622,#8623,#8624));
#3148=EDGE_LOOP('',(#8625,#8626,#8627,#8628));
#3149=EDGE_LOOP('',(#8629,#8630,#8631,#8632));
#3150=EDGE_LOOP('',(#8633,#8634,#8635,#8636));
#3151=EDGE_LOOP('',(#8637,#8638,#8639,#8640));
#3152=EDGE_LOOP('',(#8641,#8642,#8643,#8644));
#3153=EDGE_LOOP('',(#8645,#8646,#8647,#8648));
#3154=EDGE_LOOP('',(#8649,#8650,#8651,#8652));
#3155=EDGE_LOOP('',(#8653,#8654,#8655,#8656));
#3156=EDGE_LOOP('',(#8657,#8658,#8659,#8660));
#3157=EDGE_LOOP('',(#8661,#8662,#8663,#8664));
#3158=EDGE_LOOP('',(#8665,#8666,#8667,#8668));
#3159=EDGE_LOOP('',(#8669,#8670,#8671,#8672));
#3160=EDGE_LOOP('',(#8673,#8674,#8675,#8676));
#3161=EDGE_LOOP('',(#8677,#8678,#8679,#8680));
#3162=EDGE_LOOP('',(#8681,#8682,#8683,#8684));
#3163=EDGE_LOOP('',(#8685));
#3164=EDGE_LOOP('',(#8686));
#3165=EDGE_LOOP('',(#8687));
#3166=EDGE_LOOP('',(#8688));
#3167=EDGE_LOOP('',(#8689));
#3168=EDGE_LOOP('',(#8690));
#3169=EDGE_LOOP('',(#8691,#8692,#8693,#8694,#8695,#8696,#8697,#8698,#8699,
#8700,#8701,#8702));
#3170=EDGE_LOOP('',(#8703,#8704,#8705,#8706));
#3171=EDGE_LOOP('',(#8707,#8708,#8709,#8710));
#3172=EDGE_LOOP('',(#8711,#8712,#8713,#8714));
#3173=EDGE_LOOP('',(#8715,#8716,#8717,#8718,#8719,#8720,#8721,#8722,#8723));
#3174=EDGE_LOOP('',(#8724));
#3175=EDGE_LOOP('',(#8725));
#3176=EDGE_LOOP('',(#8726));
#3177=EDGE_LOOP('',(#8727));
#3178=EDGE_LOOP('',(#8728));
#3179=EDGE_LOOP('',(#8729));
#3180=EDGE_LOOP('',(#8730));
#3181=EDGE_LOOP('',(#8731));
#3182=EDGE_LOOP('',(#8732));
#3183=EDGE_LOOP('',(#8733));
#3184=EDGE_LOOP('',(#8734));
#3185=EDGE_LOOP('',(#8735));
#3186=EDGE_LOOP('',(#8736));
#3187=EDGE_LOOP('',(#8737));
#3188=EDGE_LOOP('',(#8738,#8739,#8740,#8741,#8742,#8743,#8744,#8745,#8746,
#8747,#8748,#8749,#8750,#8751,#8752,#8753,#8754,#8755,#8756,#8757,#8758,
#8759,#8760,#8761,#8762,#8763,#8764,#8765,#8766,#8767,#8768,#8769,#8770,
#8771,#8772,#8773,#8774,#8775,#8776,#8777,#8778,#8779,#8780,#8781,#8782,
#8783,#8784,#8785,#8786,#8787,#8788,#8789,#8790,#8791,#8792,#8793,#8794,
#8795,#8796,#8797,#8798,#8799,#8800,#8801,#8802,#8803,#8804,#8805,#8806,
#8807,#8808,#8809,#8810,#8811,#8812,#8813,#8814,#8815,#8816,#8817,#8818,
#8819,#8820,#8821,#8822,#8823,#8824,#8825,#8826,#8827,#8828,#8829,#8830,
#8831,#8832,#8833,#8834,#8835,#8836,#8837,#8838,#8839,#8840,#8841,#8842,
#8843,#8844,#8845,#8846,#8847,#8848,#8849,#8850,#8851,#8852,#8853,#8854,
#8855,#8856,#8857,#8858,#8859,#8860,#8861,#8862,#8863,#8864,#8865,#8866,
#8867,#8868,#8869,#8870,#8871,#8872,#8873,#8874,#8875,#8876,#8877,#8878,
#8879,#8880,#8881,#8882,#8883,#8884,#8885,#8886,#8887,#8888,#8889,#8890,
#8891,#8892,#8893,#8894,#8895,#8896,#8897,#8898,#8899,#8900,#8901,#8902,
#8903,#8904,#8905,#8906,#8907,#8908,#8909,#8910,#8911,#8912,#8913,#8914,
#8915,#8916,#8917));
#3189=EDGE_LOOP('',(#8918,#8919,#8920,#8921));
#3190=EDGE_LOOP('',(#8922,#8923,#8924,#8925));
#3191=EDGE_LOOP('',(#8926,#8927,#8928,#8929));
#3192=EDGE_LOOP('',(#8930,#8931,#8932,#8933));
#3193=EDGE_LOOP('',(#8934,#8935,#8936,#8937));
#3194=EDGE_LOOP('',(#8938,#8939,#8940,#8941));
#3195=EDGE_LOOP('',(#8942,#8943,#8944,#8945));
#3196=EDGE_LOOP('',(#8946,#8947,#8948,#8949));
#3197=EDGE_LOOP('',(#8950,#8951,#8952,#8953));
#3198=EDGE_LOOP('',(#8954,#8955,#8956,#8957));
#3199=EDGE_LOOP('',(#8958));
#3200=EDGE_LOOP('',(#8959));
#3201=EDGE_LOOP('',(#8960));
#3202=EDGE_LOOP('',(#8961));
#3203=EDGE_LOOP('',(#8962));
#3204=EDGE_LOOP('',(#8963));
#3205=EDGE_LOOP('',(#8964,#8965,#8966,#8967));
#3206=EDGE_LOOP('',(#8968,#8969,#8970,#8971));
#3207=EDGE_LOOP('',(#8972,#8973,#8974,#8975));
#3208=EDGE_LOOP('',(#8976,#8977,#8978,#8979));
#3209=EDGE_LOOP('',(#8980,#8981,#8982,#8983));
#3210=EDGE_LOOP('',(#8984,#8985,#8986,#8987));
#3211=EDGE_LOOP('',(#8988,#8989,#8990,#8991,#8992,#8993,#8994,#8995,#8996,
#8997,#8998,#8999,#9000,#9001,#9002,#9003,#9004,#9005,#9006,#9007,#9008,
#9009,#9010,#9011,#9012,#9013,#9014,#9015,#9016,#9017,#9018,#9019,#9020,
#9021,#9022,#9023,#9024,#9025,#9026,#9027,#9028,#9029,#9030,#9031,#9032,
#9033,#9034,#9035,#9036,#9037,#9038,#9039,#9040,#9041,#9042,#9043,#9044,
#9045,#9046,#9047,#9048,#9049,#9050,#9051,#9052,#9053,#9054,#9055,#9056,
#9057,#9058,#9059,#9060,#9061,#9062,#9063,#9064,#9065,#9066,#9067,#9068,
#9069,#9070,#9071,#9072,#9073,#9074,#9075,#9076,#9077,#9078,#9079,#9080,
#9081,#9082,#9083,#9084,#9085,#9086,#9087,#9088,#9089,#9090,#9091,#9092,
#9093,#9094,#9095,#9096,#9097,#9098,#9099,#9100,#9101,#9102,#9103,#9104,
#9105,#9106,#9107,#9108,#9109,#9110,#9111,#9112,#9113,#9114,#9115,#9116,
#9117,#9118,#9119,#9120,#9121,#9122,#9123,#9124,#9125,#9126,#9127,#9128,
#9129,#9130,#9131,#9132,#9133,#9134,#9135,#9136,#9137,#9138,#9139,#9140,
#9141,#9142,#9143,#9144,#9145,#9146,#9147,#9148,#9149,#9150,#9151,#9152,
#9153,#9154,#9155,#9156,#9157,#9158,#9159,#9160,#9161,#9162,#9163,#9164,
#9165,#9166,#9167));
#3212=EDGE_LOOP('',(#9168));
#3213=EDGE_LOOP('',(#9169,#9170,#9171,#9172));
#3214=EDGE_LOOP('',(#9173));
#3215=EDGE_LOOP('',(#9174));
#3216=EDGE_LOOP('',(#9175,#9176,#9177,#9178));
#3217=EDGE_LOOP('',(#9179,#9180,#9181,#9182));
#3218=EDGE_LOOP('',(#9183,#9184,#9185,#9186));
#3219=EDGE_LOOP('',(#9187,#9188,#9189,#9190));
#3220=EDGE_LOOP('',(#9191,#9192,#9193,#9194));
#3221=EDGE_LOOP('',(#9195,#9196,#9197,#9198));
#3222=EDGE_LOOP('',(#9199,#9200,#9201,#9202));
#3223=EDGE_LOOP('',(#9203,#9204,#9205,#9206));
#3224=EDGE_LOOP('',(#9207,#9208,#9209,#9210));
#3225=EDGE_LOOP('',(#9211,#9212,#9213,#9214));
#3226=EDGE_LOOP('',(#9215,#9216,#9217,#9218));
#3227=EDGE_LOOP('',(#9219,#9220,#9221,#9222));
#3228=EDGE_LOOP('',(#9223,#9224,#9225,#9226));
#3229=EDGE_LOOP('',(#9227,#9228,#9229,#9230));
#3230=EDGE_LOOP('',(#9231,#9232,#9233,#9234));
#3231=EDGE_LOOP('',(#9235,#9236,#9237,#9238));
#3232=EDGE_LOOP('',(#9239,#9240,#9241,#9242));
#3233=EDGE_LOOP('',(#9243,#9244,#9245,#9246));
#3234=EDGE_LOOP('',(#9247,#9248,#9249,#9250));
#3235=EDGE_LOOP('',(#9251,#9252,#9253,#9254));
#3236=EDGE_LOOP('',(#9255,#9256,#9257,#9258));
#3237=EDGE_LOOP('',(#9259,#9260,#9261,#9262));
#3238=EDGE_LOOP('',(#9263,#9264,#9265,#9266));
#3239=EDGE_LOOP('',(#9267,#9268,#9269,#9270));
#3240=EDGE_LOOP('',(#9271,#9272,#9273,#9274));
#3241=EDGE_LOOP('',(#9275,#9276,#9277,#9278));
#3242=EDGE_LOOP('',(#9279,#9280,#9281,#9282));
#3243=EDGE_LOOP('',(#9283,#9284,#9285,#9286));
#3244=EDGE_LOOP('',(#9287,#9288,#9289,#9290));
#3245=EDGE_LOOP('',(#9291,#9292,#9293,#9294));
#3246=EDGE_LOOP('',(#9295,#9296,#9297,#9298));
#3247=EDGE_LOOP('',(#9299,#9300,#9301,#9302));
#3248=EDGE_LOOP('',(#9303,#9304,#9305,#9306));
#3249=EDGE_LOOP('',(#9307,#9308,#9309,#9310));
#3250=EDGE_LOOP('',(#9311,#9312,#9313,#9314));
#3251=EDGE_LOOP('',(#9315,#9316,#9317,#9318));
#3252=EDGE_LOOP('',(#9319,#9320,#9321,#9322));
#3253=EDGE_LOOP('',(#9323,#9324,#9325,#9326));
#3254=EDGE_LOOP('',(#9327,#9328,#9329,#9330));
#3255=EDGE_LOOP('',(#9331,#9332,#9333,#9334));
#3256=EDGE_LOOP('',(#9335,#9336,#9337,#9338));
#3257=EDGE_LOOP('',(#9339,#9340,#9341,#9342));
#3258=EDGE_LOOP('',(#9343,#9344,#9345,#9346));
#3259=EDGE_LOOP('',(#9347,#9348,#9349,#9350));
#3260=EDGE_LOOP('',(#9351,#9352,#9353,#9354));
#3261=EDGE_LOOP('',(#9355,#9356,#9357,#9358));
#3262=EDGE_LOOP('',(#9359,#9360,#9361,#9362));
#3263=EDGE_LOOP('',(#9363,#9364,#9365,#9366));
#3264=EDGE_LOOP('',(#9367,#9368,#9369,#9370));
#3265=EDGE_LOOP('',(#9371,#9372,#9373,#9374));
#3266=EDGE_LOOP('',(#9375,#9376,#9377,#9378));
#3267=EDGE_LOOP('',(#9379,#9380,#9381,#9382));
#3268=EDGE_LOOP('',(#9383,#9384,#9385,#9386));
#3269=EDGE_LOOP('',(#9387,#9388,#9389,#9390));
#3270=EDGE_LOOP('',(#9391,#9392,#9393,#9394));
#3271=EDGE_LOOP('',(#9395,#9396,#9397,#9398));
#3272=EDGE_LOOP('',(#9399,#9400,#9401,#9402));
#3273=EDGE_LOOP('',(#9403,#9404,#9405,#9406));
#3274=EDGE_LOOP('',(#9407,#9408,#9409,#9410));
#3275=EDGE_LOOP('',(#9411,#9412,#9413,#9414));
#3276=EDGE_LOOP('',(#9415,#9416,#9417,#9418));
#3277=EDGE_LOOP('',(#9419,#9420,#9421,#9422));
#3278=EDGE_LOOP('',(#9423,#9424,#9425,#9426));
#3279=EDGE_LOOP('',(#9427,#9428,#9429,#9430));
#3280=EDGE_LOOP('',(#9431,#9432,#9433,#9434));
#3281=EDGE_LOOP('',(#9435,#9436,#9437,#9438));
#3282=EDGE_LOOP('',(#9439,#9440,#9441,#9442));
#3283=EDGE_LOOP('',(#9443,#9444,#9445,#9446));
#3284=EDGE_LOOP('',(#9447,#9448,#9449,#9450));
#3285=EDGE_LOOP('',(#9451,#9452,#9453,#9454));
#3286=EDGE_LOOP('',(#9455,#9456,#9457,#9458));
#3287=EDGE_LOOP('',(#9459,#9460,#9461,#9462));
#3288=EDGE_LOOP('',(#9463,#9464,#9465,#9466));
#3289=EDGE_LOOP('',(#9467,#9468,#9469,#9470));
#3290=EDGE_LOOP('',(#9471,#9472,#9473,#9474));
#3291=EDGE_LOOP('',(#9475,#9476,#9477,#9478));
#3292=EDGE_LOOP('',(#9479,#9480,#9481,#9482));
#3293=EDGE_LOOP('',(#9483,#9484,#9485,#9486));
#3294=EDGE_LOOP('',(#9487,#9488,#9489,#9490));
#3295=EDGE_LOOP('',(#9491,#9492,#9493,#9494));
#3296=EDGE_LOOP('',(#9495,#9496,#9497,#9498));
#3297=EDGE_LOOP('',(#9499,#9500,#9501,#9502));
#3298=EDGE_LOOP('',(#9503,#9504,#9505,#9506));
#3299=EDGE_LOOP('',(#9507,#9508,#9509,#9510));
#3300=EDGE_LOOP('',(#9511,#9512,#9513,#9514));
#3301=EDGE_LOOP('',(#9515,#9516,#9517,#9518));
#3302=EDGE_LOOP('',(#9519,#9520,#9521,#9522));
#3303=EDGE_LOOP('',(#9523,#9524,#9525,#9526));
#3304=EDGE_LOOP('',(#9527,#9528,#9529,#9530));
#3305=EDGE_LOOP('',(#9531,#9532,#9533,#9534));
#3306=EDGE_LOOP('',(#9535,#9536,#9537,#9538));
#3307=EDGE_LOOP('',(#9539,#9540,#9541,#9542));
#3308=EDGE_LOOP('',(#9543,#9544,#9545,#9546));
#3309=EDGE_LOOP('',(#9547,#9548,#9549,#9550));
#3310=EDGE_LOOP('',(#9551,#9552,#9553,#9554));
#3311=EDGE_LOOP('',(#9555,#9556,#9557,#9558));
#3312=EDGE_LOOP('',(#9559,#9560,#9561,#9562));
#3313=EDGE_LOOP('',(#9563,#9564,#9565,#9566));
#3314=EDGE_LOOP('',(#9567,#9568,#9569,#9570));
#3315=EDGE_LOOP('',(#9571,#9572,#9573,#9574));
#3316=EDGE_LOOP('',(#9575,#9576,#9577,#9578));
#3317=EDGE_LOOP('',(#9579,#9580,#9581,#9582));
#3318=EDGE_LOOP('',(#9583,#9584,#9585,#9586));
#3319=EDGE_LOOP('',(#9587,#9588,#9589,#9590));
#3320=EDGE_LOOP('',(#9591,#9592,#9593,#9594));
#3321=EDGE_LOOP('',(#9595,#9596,#9597,#9598));
#3322=EDGE_LOOP('',(#9599,#9600,#9601,#9602));
#3323=EDGE_LOOP('',(#9603,#9604,#9605,#9606));
#3324=EDGE_LOOP('',(#9607,#9608,#9609,#9610));
#3325=EDGE_LOOP('',(#9611,#9612,#9613,#9614));
#3326=EDGE_LOOP('',(#9615,#9616,#9617,#9618));
#3327=EDGE_LOOP('',(#9619,#9620,#9621,#9622));
#3328=EDGE_LOOP('',(#9623,#9624,#9625,#9626));
#3329=EDGE_LOOP('',(#9627,#9628,#9629,#9630));
#3330=EDGE_LOOP('',(#9631,#9632,#9633,#9634));
#3331=EDGE_LOOP('',(#9635,#9636,#9637,#9638));
#3332=EDGE_LOOP('',(#9639,#9640,#9641,#9642));
#3333=EDGE_LOOP('',(#9643,#9644,#9645,#9646));
#3334=EDGE_LOOP('',(#9647,#9648,#9649,#9650));
#3335=EDGE_LOOP('',(#9651,#9652,#9653,#9654));
#3336=EDGE_LOOP('',(#9655,#9656,#9657,#9658));
#3337=EDGE_LOOP('',(#9659,#9660,#9661,#9662));
#3338=CIRCLE('',#10447,1.8);
#3339=CIRCLE('',#10448,1.75);
#3340=CIRCLE('',#10450,1.8);
#3341=CIRCLE('',#10451,1.75);
#3342=CIRCLE('',#10453,5.00000000000001);
#3343=CIRCLE('',#10455,3.);
#3344=CIRCLE('',#10456,4.);
#3345=CIRCLE('',#10457,3.);
#3346=CIRCLE('',#10458,3.);
#3347=CIRCLE('',#10459,4.);
#3348=CIRCLE('',#10460,3.);
#3349=CIRCLE('',#10461,1.75);
#3350=CIRCLE('',#10462,1.75);
#3351=CIRCLE('',#10464,3.);
#3352=CIRCLE('',#10467,3.);
#3353=CIRCLE('',#10469,4.);
#3354=CIRCLE('',#10471,3.);
#3355=CIRCLE('',#10474,3.);
#3356=CIRCLE('',#10476,4.);
#3357=CIRCLE('',#10480,3.);
#3358=CIRCLE('',#10481,4.);
#3359=CIRCLE('',#10482,3.);
#3360=CIRCLE('',#10483,4.);
#3361=CIRCLE('',#10484,1.8);
#3362=CIRCLE('',#10486,5.);
#3363=CIRCLE('',#10487,0.0395025291814546);
#3364=CIRCLE('',#10488,5.00000000000001);
#3365=CIRCLE('',#10489,1.8);
#3366=CIRCLE('',#10491,3.);
#3367=CIRCLE('',#10492,4.);
#3368=CIRCLE('',#10493,3.);
#3369=CIRCLE('',#10494,5.00000000000001);
#3370=CIRCLE('',#10495,0.0395025291814546);
#3371=CIRCLE('',#10496,5.);
#3372=CIRCLE('',#10497,1.8);
#3373=CIRCLE('',#10499,5.00000000000001);
#3374=CIRCLE('',#10500,5.00000000000001);
#3375=CIRCLE('',#10501,5.00000000000001);
#3376=CIRCLE('',#10504,5.);
#3377=CIRCLE('',#10505,5.);
#3378=CIRCLE('',#10508,1.8);
#3379=CIRCLE('',#10509,1.8);
#3380=CIRCLE('',#10511,4.);
#3381=CIRCLE('',#10512,0.0395025291814546);
#3382=CIRCLE('',#10513,3.);
#3383=CIRCLE('',#10514,4.);
#3384=CIRCLE('',#10515,3.);
#3385=CIRCLE('',#10522,1.75);
#3386=CIRCLE('',#10525,5.00000000000001);
#3387=CIRCLE('',#10526,5.00000000000001);
#3388=CIRCLE('',#10529,5.);
#3389=CIRCLE('',#10530,5.);
#3390=CIRCLE('',#10533,1.8);
#3391=CIRCLE('',#10535,3.);
#3392=CIRCLE('',#10536,4.);
#3393=CIRCLE('',#10537,3.);
#3394=CIRCLE('',#10538,0.0395025291814546);
#3395=CIRCLE('',#10539,4.);
#3396=CIRCLE('',#10546,1.75);
#3397=CIRCLE('',#10548,1.8);
#3398=CIRCLE('',#10549,1.75);
#3399=CIRCLE('',#10552,3.);
#3400=CIRCLE('',#10553,3.);
#3401=CIRCLE('',#10554,4.);
#3402=CIRCLE('',#10555,3.);
#3403=CIRCLE('',#10556,3.);
#3404=CIRCLE('',#10557,4.);
#3405=CIRCLE('',#10558,1.75);
#3406=CIRCLE('',#10559,1.75);
#3407=CIRCLE('',#10563,3.);
#3408=CIRCLE('',#10565,4.);
#3409=CIRCLE('',#10567,3.);
#3410=CIRCLE('',#10574,3.);
#3411=CIRCLE('',#10575,4.);
#3412=CIRCLE('',#10576,3.);
#3413=CIRCLE('',#10577,5.4);
#3414=CIRCLE('',#10578,12.09275);
#3415=CIRCLE('',#10579,5.4);
#3416=CIRCLE('',#10580,14.625);
#3417=CIRCLE('',#10581,5.4);
#3418=CIRCLE('',#10582,12.09275);
#3419=CIRCLE('',#10583,5.4);
#3420=CIRCLE('',#10584,14.625);
#3421=CIRCLE('',#10585,5.4);
#3422=CIRCLE('',#10586,12.09275);
#3423=CIRCLE('',#10587,5.4);
#3424=CIRCLE('',#10588,14.625);
#3425=CIRCLE('',#10589,5.4);
#3426=CIRCLE('',#10590,12.09275);
#3427=CIRCLE('',#10591,5.4);
#3428=CIRCLE('',#10592,14.625);
#3429=CIRCLE('',#10593,5.4);
#3430=CIRCLE('',#10594,12.09275);
#3431=CIRCLE('',#10595,5.4);
#3432=CIRCLE('',#10596,14.625);
#3433=CIRCLE('',#10597,5.4);
#3434=CIRCLE('',#10598,12.09275);
#3435=CIRCLE('',#10599,5.4);
#3436=CIRCLE('',#10600,14.625);
#3437=CIRCLE('',#10601,5.4);
#3438=CIRCLE('',#10602,12.09275);
#3439=CIRCLE('',#10603,5.4);
#3440=CIRCLE('',#10604,14.625);
#3441=CIRCLE('',#10605,5.4);
#3442=CIRCLE('',#10606,12.09275);
#3443=CIRCLE('',#10607,5.4);
#3444=CIRCLE('',#10608,14.625);
#3445=CIRCLE('',#10609,5.4);
#3446=CIRCLE('',#10610,12.09275);
#3447=CIRCLE('',#10611,5.4);
#3448=CIRCLE('',#10612,14.6250000000001);
#3449=CIRCLE('',#10613,5.4);
#3450=CIRCLE('',#10614,12.09275);
#3451=CIRCLE('',#10615,5.4);
#3452=CIRCLE('',#10616,14.625);
#3453=CIRCLE('',#10617,5.4);
#3454=CIRCLE('',#10618,12.09275);
#3455=CIRCLE('',#10619,5.4);
#3456=CIRCLE('',#10620,14.625);
#3457=CIRCLE('',#10621,5.4);
#3458=CIRCLE('',#10622,12.09275);
#3459=CIRCLE('',#10623,5.4);
#3460=CIRCLE('',#10624,14.625);
#3461=CIRCLE('',#10625,5.4);
#3462=CIRCLE('',#10626,12.09275);
#3463=CIRCLE('',#10627,5.4);
#3464=CIRCLE('',#10628,14.625);
#3465=CIRCLE('',#10629,5.4);
#3466=CIRCLE('',#10630,12.09275);
#3467=CIRCLE('',#10631,5.4);
#3468=CIRCLE('',#10632,14.625);
#3469=CIRCLE('',#10633,5.4);
#3470=CIRCLE('',#10634,12.09275);
#3471=CIRCLE('',#10635,5.4);
#3472=CIRCLE('',#10636,14.625);
#3473=CIRCLE('',#10637,5.4);
#3474=CIRCLE('',#10638,12.09275);
#3475=CIRCLE('',#10639,5.4);
#3476=CIRCLE('',#10640,14.625);
#3477=CIRCLE('',#10641,5.4);
#3478=CIRCLE('',#10642,12.09275);
#3479=CIRCLE('',#10643,5.4);
#3480=CIRCLE('',#10644,5.4);
#3481=CIRCLE('',#10645,12.09275);
#3482=CIRCLE('',#10646,5.4);
#3483=CIRCLE('',#10647,14.625);
#3484=CIRCLE('',#10648,5.4);
#3485=CIRCLE('',#10649,12.09275);
#3486=CIRCLE('',#10650,5.4);
#3487=CIRCLE('',#10651,14.625);
#3488=CIRCLE('',#10652,5.4);
#3489=CIRCLE('',#10653,12.09275);
#3490=CIRCLE('',#10654,5.4);
#3491=CIRCLE('',#10655,14.625);
#3492=CIRCLE('',#10656,5.4);
#3493=CIRCLE('',#10657,12.09275);
#3494=CIRCLE('',#10658,5.4);
#3495=CIRCLE('',#10659,14.625);
#3496=CIRCLE('',#10660,5.4);
#3497=CIRCLE('',#10661,12.09275);
#3498=CIRCLE('',#10662,5.4);
#3499=CIRCLE('',#10663,14.625);
#3500=CIRCLE('',#10664,5.4);
#3501=CIRCLE('',#10665,12.09275);
#3502=CIRCLE('',#10666,5.4);
#3503=CIRCLE('',#10667,14.625);
#3504=CIRCLE('',#10668,5.4);
#3505=CIRCLE('',#10669,12.09275);
#3506=CIRCLE('',#10670,5.4);
#3507=CIRCLE('',#10671,14.625);
#3508=CIRCLE('',#10672,5.4);
#3509=CIRCLE('',#10673,12.09275);
#3510=CIRCLE('',#10674,5.4);
#3511=CIRCLE('',#10675,14.625);
#3512=CIRCLE('',#10676,5.4);
#3513=CIRCLE('',#10677,12.09275);
#3514=CIRCLE('',#10678,5.4);
#3515=CIRCLE('',#10679,14.625);
#3516=CIRCLE('',#10680,5.4);
#3517=CIRCLE('',#10681,12.09275);
#3518=CIRCLE('',#10682,5.4);
#3519=CIRCLE('',#10683,14.625);
#3520=CIRCLE('',#10684,5.4);
#3521=CIRCLE('',#10685,12.09275);
#3522=CIRCLE('',#10686,5.4);
#3523=CIRCLE('',#10687,14.625);
#3524=CIRCLE('',#10688,5.4);
#3525=CIRCLE('',#10689,12.09275);
#3526=CIRCLE('',#10690,5.4);
#3527=CIRCLE('',#10691,14.625);
#3528=CIRCLE('',#10692,5.4);
#3529=CIRCLE('',#10693,12.09275);
#3530=CIRCLE('',#10694,5.4);
#3531=CIRCLE('',#10695,14.625);
#3532=CIRCLE('',#10696,5.4);
#3533=CIRCLE('',#10697,12.09275);
#3534=CIRCLE('',#10698,5.4);
#3535=CIRCLE('',#10699,14.625);
#3536=CIRCLE('',#10701,1.8);
#3537=CIRCLE('',#10702,1.75);
#3538=CIRCLE('',#10704,1.75);
#3539=CIRCLE('',#10706,3.);
#3540=CIRCLE('',#10707,4.);
#3541=CIRCLE('',#10708,3.);
#3542=CIRCLE('',#10709,3.);
#3543=CIRCLE('',#10710,4.);
#3544=CIRCLE('',#10711,3.);
#3545=CIRCLE('',#10712,1.75);
#3546=CIRCLE('',#10713,1.75);
#3547=CIRCLE('',#10725,5.4);
#3548=CIRCLE('',#10726,3.35106326409992);
#3549=CIRCLE('',#10727,5.4);
#3550=CIRCLE('',#10729,5.4);
#3551=CIRCLE('',#10730,14.625);
#3552=CIRCLE('',#10731,5.4);
#3553=CIRCLE('',#10733,5.4);
#3554=CIRCLE('',#10734,14.625);
#3555=CIRCLE('',#10735,5.4);
#3556=CIRCLE('',#10737,5.4);
#3557=CIRCLE('',#10738,14.625);
#3558=CIRCLE('',#10739,5.4);
#3559=CIRCLE('',#10741,12.09275);
#3560=CIRCLE('',#10742,5.4);
#3561=CIRCLE('',#10743,14.625);
#3562=CIRCLE('',#10744,5.4);
#3563=CIRCLE('',#10745,12.09275);
#3564=CIRCLE('',#10746,5.4);
#3565=CIRCLE('',#10747,14.625);
#3566=CIRCLE('',#10748,5.4);
#3567=CIRCLE('',#10750,4.);
#3568=CIRCLE('',#10752,5.4);
#3569=CIRCLE('',#10753,3.35106326409992);
#3570=CIRCLE('',#10755,12.09275);
#3571=CIRCLE('',#10757,12.09275);
#3572=CIRCLE('',#10759,12.09275);
#3573=CIRCLE('',#10760,5.4);
#3574=CIRCLE('',#10761,14.625);
#3575=CIRCLE('',#10762,5.4);
#3576=CIRCLE('',#10763,12.09275);
#3577=CIRCLE('',#10764,5.4);
#3578=CIRCLE('',#10765,14.625);
#3579=CIRCLE('',#10766,5.4);
#3580=CIRCLE('',#10767,12.09275);
#3581=CIRCLE('',#10768,5.4);
#3582=CIRCLE('',#10769,14.625);
#3583=CIRCLE('',#10770,5.4);
#3584=CIRCLE('',#10771,12.09275);
#3585=CIRCLE('',#10772,5.4);
#3586=CIRCLE('',#10773,14.625);
#3587=CIRCLE('',#10774,5.4);
#3588=CIRCLE('',#10775,12.09275);
#3589=CIRCLE('',#10776,5.4);
#3590=CIRCLE('',#10777,14.625);
#3591=CIRCLE('',#10778,5.4);
#3592=CIRCLE('',#10779,12.09275);
#3593=CIRCLE('',#10780,5.4);
#3594=CIRCLE('',#10781,14.625);
#3595=CIRCLE('',#10782,5.4);
#3596=CIRCLE('',#10783,12.09275);
#3597=CIRCLE('',#10784,5.4);
#3598=CIRCLE('',#10785,14.625);
#3599=CIRCLE('',#10786,5.4);
#3600=CIRCLE('',#10787,12.09275);
#3601=CIRCLE('',#10788,5.4);
#3602=CIRCLE('',#10789,14.625);
#3603=CIRCLE('',#10790,5.4);
#3604=CIRCLE('',#10791,12.09275);
#3605=CIRCLE('',#10792,5.4);
#3606=CIRCLE('',#10793,14.625);
#3607=CIRCLE('',#10794,5.4);
#3608=CIRCLE('',#10795,5.4);
#3609=CIRCLE('',#10796,14.625);
#3610=CIRCLE('',#10797,5.4);
#3611=CIRCLE('',#10798,5.4);
#3612=CIRCLE('',#10799,14.6250000000001);
#3613=CIRCLE('',#10800,5.4);
#3614=CIRCLE('',#10801,12.09275);
#3615=CIRCLE('',#10802,5.4);
#3616=CIRCLE('',#10803,14.625);
#3617=CIRCLE('',#10804,5.4);
#3618=CIRCLE('',#10805,12.09275);
#3619=CIRCLE('',#10806,5.4);
#3620=CIRCLE('',#10807,14.625);
#3621=CIRCLE('',#10808,5.4);
#3622=CIRCLE('',#10809,12.09275);
#3623=CIRCLE('',#10810,5.4);
#3624=CIRCLE('',#10811,14.625);
#3625=CIRCLE('',#10812,5.4);
#3626=CIRCLE('',#10813,12.09275);
#3627=CIRCLE('',#10814,5.4);
#3628=CIRCLE('',#10815,14.625);
#3629=CIRCLE('',#10816,5.4);
#3630=CIRCLE('',#10817,12.09275);
#3631=CIRCLE('',#10818,5.4);
#3632=CIRCLE('',#10819,14.625);
#3633=CIRCLE('',#10820,5.4);
#3634=CIRCLE('',#10821,12.09275);
#3635=CIRCLE('',#10822,5.4);
#3636=CIRCLE('',#10823,14.625);
#3637=CIRCLE('',#10824,5.4);
#3638=CIRCLE('',#10825,12.09275);
#3639=CIRCLE('',#10826,5.4);
#3640=CIRCLE('',#10827,14.625);
#3641=CIRCLE('',#10828,5.4);
#3642=CIRCLE('',#10829,12.09275);
#3643=CIRCLE('',#10830,5.4);
#3644=CIRCLE('',#10831,14.625);
#3645=CIRCLE('',#10832,5.4);
#3646=CIRCLE('',#10833,12.09275);
#3647=CIRCLE('',#10834,5.4);
#3648=CIRCLE('',#10835,14.625);
#3649=CIRCLE('',#10836,5.4);
#3650=CIRCLE('',#10837,12.09275);
#3651=CIRCLE('',#10838,5.4);
#3652=CIRCLE('',#10839,14.625);
#3653=CIRCLE('',#10840,5.4);
#3654=CIRCLE('',#10841,12.09275);
#3655=CIRCLE('',#10842,4.);
#3656=CIRCLE('',#10843,1.8);
#3657=CIRCLE('',#10844,3.35106326409992);
#3658=CIRCLE('',#10845,10.);
#3659=CIRCLE('',#10846,3.35106326409992);
#3660=CIRCLE('',#10847,10.);
#3661=CIRCLE('',#10888,12.09275);
#3662=CIRCLE('',#10890,12.09275);
#3663=CIRCLE('',#10892,5.4);
#3664=CIRCLE('',#10895,5.4);
#3665=CIRCLE('',#10897,12.09275);
#3666=CIRCLE('',#10899,5.4);
#3667=CIRCLE('',#10902,5.4);
#3668=CIRCLE('',#10904,12.09275);
#3669=CIRCLE('',#10906,5.4);
#3670=CIRCLE('',#10941,10.);
#3671=CIRCLE('',#10946,10.);
#3672=CIRCLE('',#10956,5.4);
#3673=CIRCLE('',#10959,4.);
#3674=CIRCLE('',#10963,5.4);
#3675=CIRCLE('',#10965,1.8);
#3676=CIRCLE('',#10966,1.75);
#3677=CIRCLE('',#10969,3.);
#3678=CIRCLE('',#10970,3.);
#3679=CIRCLE('',#10971,4.);
#3680=CIRCLE('',#10972,3.);
#3681=CIRCLE('',#10973,3.);
#3682=CIRCLE('',#10974,4.);
#3683=CIRCLE('',#10975,1.75);
#3684=CIRCLE('',#10976,1.75);
#3685=CIRCLE('',#10988,5.4);
#3686=CIRCLE('',#10989,5.4);
#3687=CIRCLE('',#10990,12.09275);
#3688=CIRCLE('',#10994,1.);
#3689=CIRCLE('',#10995,1.);
#3690=CIRCLE('',#10997,1.);
#3691=CIRCLE('',#10998,1.);
#3692=CIRCLE('',#11000,1.);
#3693=CIRCLE('',#11001,1.);
#3694=CIRCLE('',#11003,1.);
#3695=CIRCLE('',#11004,1.);
#3696=CIRCLE('',#11006,10.);
#3697=CIRCLE('',#11007,10.);
#3698=CIRCLE('',#11010,10.);
#3699=CIRCLE('',#11011,3.);
#3700=CIRCLE('',#11012,4.45000000000001);
#3701=CIRCLE('',#11013,3.);
#3702=CIRCLE('',#11015,10.);
#3703=CIRCLE('',#11017,4.5);
#3704=CIRCLE('',#11018,4.5);
#3705=CIRCLE('',#11019,4.5);
#3706=CIRCLE('',#11020,4.5);
#3707=CIRCLE('',#11022,4.45000000000001);
#3708=CIRCLE('',#11024,3.);
#3709=CIRCLE('',#11025,3.);
#3710=CIRCLE('',#11037,1.125);
#3711=CIRCLE('',#11039,1.125);
#3712=CIRCLE('',#11041,1.125);
#3713=CIRCLE('',#11043,1.125);
#3714=CIRCLE('',#11045,4.);
#3715=CIRCLE('',#11047,5.4);
#3716=CIRCLE('',#11049,4.);
#3717=CIRCLE('',#11067,14.625);
#3718=CIRCLE('',#11068,5.4);
#3719=CIRCLE('',#11070,12.09275);
#3720=CIRCLE('',#11071,5.4);
#3721=CIRCLE('',#11072,14.625);
#3722=CIRCLE('',#11073,5.4);
#3723=CIRCLE('',#11074,12.09275);
#3724=CIRCLE('',#11075,5.4);
#3725=CIRCLE('',#11076,14.625);
#3726=CIRCLE('',#11077,5.4);
#3727=CIRCLE('',#11078,12.09275);
#3728=CIRCLE('',#11079,5.4);
#3729=CIRCLE('',#11080,14.625);
#3730=CIRCLE('',#11081,5.4);
#3731=CIRCLE('',#11082,12.09275);
#3732=CIRCLE('',#11083,5.4);
#3733=CIRCLE('',#11084,14.625);
#3734=CIRCLE('',#11085,5.4);
#3735=CIRCLE('',#11086,12.09275);
#3736=CIRCLE('',#11087,5.4);
#3737=CIRCLE('',#11088,14.625);
#3738=CIRCLE('',#11089,5.4);
#3739=CIRCLE('',#11090,5.4);
#3740=CIRCLE('',#11091,14.625);
#3741=CIRCLE('',#11092,5.4);
#3742=CIRCLE('',#11093,12.09275);
#3743=CIRCLE('',#11094,5.4);
#3744=CIRCLE('',#11095,14.625);
#3745=CIRCLE('',#11096,5.4);
#3746=CIRCLE('',#11098,12.09275);
#3747=CIRCLE('',#11099,4.);
#3748=CIRCLE('',#11100,5.4);
#3749=CIRCLE('',#11101,14.625);
#3750=CIRCLE('',#11102,5.4);
#3751=CIRCLE('',#11103,12.09275);
#3752=CIRCLE('',#11104,5.4);
#3753=CIRCLE('',#11105,14.625);
#3754=CIRCLE('',#11106,5.4);
#3755=CIRCLE('',#11107,12.09275);
#3756=CIRCLE('',#11108,5.4);
#3757=CIRCLE('',#11109,14.625);
#3758=CIRCLE('',#11110,5.4);
#3759=CIRCLE('',#11111,12.09275);
#3760=CIRCLE('',#11112,5.4);
#3761=CIRCLE('',#11113,14.625);
#3762=CIRCLE('',#11114,5.4);
#3763=CIRCLE('',#11115,12.09275);
#3764=CIRCLE('',#11116,5.4);
#3765=CIRCLE('',#11117,14.625);
#3766=CIRCLE('',#11118,5.4);
#3767=CIRCLE('',#11119,12.09275);
#3768=CIRCLE('',#11120,5.4);
#3769=CIRCLE('',#11121,14.625);
#3770=CIRCLE('',#11122,5.4);
#3771=CIRCLE('',#11123,12.09275);
#3772=CIRCLE('',#11124,5.4);
#3773=CIRCLE('',#11125,14.625);
#3774=CIRCLE('',#11126,5.4);
#3775=CIRCLE('',#11127,12.09275);
#3776=CIRCLE('',#11128,5.4);
#3777=CIRCLE('',#11129,14.625);
#3778=CIRCLE('',#11130,5.4);
#3779=CIRCLE('',#11131,12.09275);
#3780=CIRCLE('',#11132,5.4);
#3781=CIRCLE('',#11133,14.625);
#3782=CIRCLE('',#11134,5.4);
#3783=CIRCLE('',#11135,12.09275);
#3784=CIRCLE('',#11136,5.4);
#3785=CIRCLE('',#11137,14.625);
#3786=CIRCLE('',#11138,5.4);
#3787=CIRCLE('',#11139,12.09275);
#3788=CIRCLE('',#11140,5.4);
#3789=CIRCLE('',#11141,14.625);
#3790=CIRCLE('',#11142,5.4);
#3791=CIRCLE('',#11143,12.09275);
#3792=CIRCLE('',#11144,5.4);
#3793=CIRCLE('',#11145,14.625);
#3794=CIRCLE('',#11146,5.4);
#3795=CIRCLE('',#11147,12.09275);
#3796=CIRCLE('',#11148,5.4);
#3797=CIRCLE('',#11149,14.625);
#3798=CIRCLE('',#11150,5.4);
#3799=CIRCLE('',#11151,12.09275);
#3800=CIRCLE('',#11152,5.4);
#3801=CIRCLE('',#11153,14.625);
#3802=CIRCLE('',#11154,5.4);
#3803=CIRCLE('',#11155,12.09275);
#3804=CIRCLE('',#11156,5.4);
#3805=CIRCLE('',#11157,14.625);
#3806=CIRCLE('',#11158,5.4);
#3807=CIRCLE('',#11159,12.09275);
#3808=CIRCLE('',#11160,5.4);
#3809=CIRCLE('',#11161,14.625);
#3810=CIRCLE('',#11162,5.4);
#3811=CIRCLE('',#11163,12.09275);
#3812=CIRCLE('',#11164,5.4);
#3813=CIRCLE('',#11165,14.625);
#3814=CIRCLE('',#11166,5.4);
#3815=CIRCLE('',#11167,12.09275);
#3816=CIRCLE('',#11168,5.4);
#3817=CIRCLE('',#11169,14.625);
#3818=CIRCLE('',#11170,5.4);
#3819=CIRCLE('',#11171,12.09275);
#3820=CIRCLE('',#11172,5.4);
#3821=CIRCLE('',#11173,14.625);
#3822=CIRCLE('',#11174,5.4);
#3823=CIRCLE('',#11175,12.09275);
#3824=CIRCLE('',#11176,5.4);
#3825=CIRCLE('',#11177,14.625);
#3826=CIRCLE('',#11178,5.4);
#3827=CIRCLE('',#11179,12.09275);
#3828=CIRCLE('',#11180,5.4);
#3829=CIRCLE('',#11181,14.625);
#3830=CIRCLE('',#11182,5.4);
#3831=CIRCLE('',#11183,1.8);
#3832=CIRCLE('',#11184,1.8);
#3833=CIRCLE('',#11275,2.47500000000001);
#3834=CIRCLE('',#11276,2.47500000000001);
#3835=CIRCLE('',#11278,2.47500000000001);
#3836=CIRCLE('',#11279,2.47500000000001);
#3837=CIRCLE('',#11281,2.47500000000001);
#3838=CIRCLE('',#11282,2.47500000000001);
#3839=CIRCLE('',#11284,2.47500000000001);
#3840=CIRCLE('',#11285,2.47500000000001);
#3841=CIRCLE('',#11287,2.47500000000001);
#3842=CIRCLE('',#11288,2.47500000000001);
#3843=CIRCLE('',#11290,2.47500000000001);
#3844=CIRCLE('',#11291,2.47500000000001);
#3845=CIRCLE('',#11293,2.47500000000001);
#3846=CIRCLE('',#11294,2.47500000000001);
#3847=CIRCLE('',#11296,2.47500000000001);
#3848=CIRCLE('',#11297,2.47500000000001);
#3849=CIRCLE('',#11299,2.47500000000001);
#3850=CIRCLE('',#11300,2.47500000000001);
#3851=CIRCLE('',#11302,2.47500000000001);
#3852=CIRCLE('',#11303,2.47500000000001);
#3853=CIRCLE('',#11305,2.47500000000001);
#3854=CIRCLE('',#11306,2.47500000000001);
#3855=CIRCLE('',#11308,2.47500000000001);
#3856=CIRCLE('',#11309,2.47500000000001);
#3857=CIRCLE('',#11311,2.47500000000001);
#3858=CIRCLE('',#11312,2.47500000000001);
#3859=CIRCLE('',#11314,2.47500000000001);
#3860=CIRCLE('',#11315,2.47500000000001);
#3861=CIRCLE('',#11317,2.47500000000001);
#3862=CIRCLE('',#11318,2.47500000000001);
#3863=CIRCLE('',#11320,2.47500000000001);
#3864=CIRCLE('',#11321,2.47500000000001);
#3865=CIRCLE('',#11323,2.47500000000001);
#3866=CIRCLE('',#11324,2.47500000000001);
#3867=CIRCLE('',#11326,2.47500000000001);
#3868=CIRCLE('',#11327,2.47500000000001);
#3869=CIRCLE('',#11329,2.47500000000001);
#3870=CIRCLE('',#11330,2.47500000000001);
#3871=CIRCLE('',#11332,2.47500000000001);
#3872=CIRCLE('',#11333,2.47500000000001);
#3873=CIRCLE('',#11335,2.47500000000001);
#3874=CIRCLE('',#11336,2.47500000000001);
#3875=CIRCLE('',#11338,2.47500000000001);
#3876=CIRCLE('',#11339,2.47500000000001);
#3877=CIRCLE('',#11341,2.47500000000001);
#3878=CIRCLE('',#11342,2.47500000000001);
#3879=CIRCLE('',#11344,2.47500000000001);
#3880=CIRCLE('',#11345,2.47500000000001);
#3881=CIRCLE('',#11347,2.47500000000001);
#3882=CIRCLE('',#11348,2.47500000000001);
#3883=CIRCLE('',#11350,2.47500000000001);
#3884=CIRCLE('',#11351,2.47500000000001);
#3885=CIRCLE('',#11353,2.47500000000001);
#3886=CIRCLE('',#11354,2.47500000000001);
#3887=CIRCLE('',#11356,2.47500000000001);
#3888=CIRCLE('',#11357,2.47500000000001);
#3889=CIRCLE('',#11359,2.47500000000001);
#3890=CIRCLE('',#11360,2.47500000000001);
#3891=CIRCLE('',#11362,2.47500000000001);
#3892=CIRCLE('',#11363,2.47500000000001);
#3893=CIRCLE('',#11365,2.47500000000001);
#3894=CIRCLE('',#11366,2.47500000000001);
#3895=CIRCLE('',#11368,2.47500000000001);
#3896=CIRCLE('',#11369,2.47500000000001);
#3897=CIRCLE('',#11371,2.47500000000001);
#3898=CIRCLE('',#11372,2.47500000000001);
#3899=CIRCLE('',#11374,2.47500000000001);
#3900=CIRCLE('',#11375,2.47500000000001);
#3901=CIRCLE('',#11377,2.47500000000001);
#3902=CIRCLE('',#11378,2.47500000000001);
#3903=CIRCLE('',#11380,2.47500000000001);
#3904=CIRCLE('',#11381,2.47500000000001);
#3905=CIRCLE('',#11383,2.47500000000001);
#3906=CIRCLE('',#11384,2.47500000000001);
#3907=CIRCLE('',#11386,2.47500000000001);
#3908=CIRCLE('',#11387,2.47500000000001);
#3909=CIRCLE('',#11389,2.47500000000001);
#3910=CIRCLE('',#11390,2.47500000000001);
#3911=CIRCLE('',#11392,2.47500000000001);
#3912=CIRCLE('',#11393,2.47500000000001);
#3913=CIRCLE('',#11395,2.47500000000001);
#3914=CIRCLE('',#11396,2.47500000000001);
#3915=CIRCLE('',#11398,2.47500000000001);
#3916=CIRCLE('',#11399,2.47500000000001);
#3917=CIRCLE('',#11401,2.47500000000001);
#3918=CIRCLE('',#11402,2.47500000000001);
#3919=CIRCLE('',#11404,2.47500000000001);
#3920=CIRCLE('',#11405,2.47500000000001);
#3921=CIRCLE('',#11407,2.47500000000001);
#3922=CIRCLE('',#11408,2.47500000000001);
#3923=CIRCLE('',#11410,2.47500000000001);
#3924=CIRCLE('',#11411,2.47500000000001);
#3925=CIRCLE('',#11413,2.47500000000001);
#3926=CIRCLE('',#11414,2.47500000000001);
#3927=CIRCLE('',#11416,2.47500000000001);
#3928=CIRCLE('',#11417,2.47500000000001);
#3929=CIRCLE('',#11419,2.47500000000001);
#3930=CIRCLE('',#11420,2.47500000000001);
#3931=CIRCLE('',#11422,2.47500000000001);
#3932=CIRCLE('',#11423,2.47500000000001);
#3933=CIRCLE('',#11425,2.47500000000001);
#3934=CIRCLE('',#11426,2.47500000000001);
#3935=CIRCLE('',#11428,2.47500000000001);
#3936=CIRCLE('',#11429,2.47500000000001);
#3937=CIRCLE('',#11431,2.47500000000001);
#3938=CIRCLE('',#11432,2.47500000000001);
#3939=CIRCLE('',#11434,2.47500000000001);
#3940=CIRCLE('',#11435,2.47500000000001);
#3941=CIRCLE('',#11437,2.47500000000001);
#3942=CIRCLE('',#11438,2.47500000000001);
#3943=CIRCLE('',#11440,2.47500000000001);
#3944=CIRCLE('',#11441,2.47500000000001);
#3945=CIRCLE('',#11443,2.47500000000001);
#3946=CIRCLE('',#11444,2.47500000000001);
#3947=CIRCLE('',#11446,2.47500000000001);
#3948=CIRCLE('',#11447,2.47500000000001);
#3949=CIRCLE('',#11449,2.47500000000001);
#3950=CIRCLE('',#11450,2.47500000000001);
#3951=CIRCLE('',#11452,3.45);
#3952=CIRCLE('',#11453,2.);
#3953=CIRCLE('',#11454,0.600000000000014);
#3954=CIRCLE('',#11455,0.600000000000014);
#3955=CIRCLE('',#11456,0.600000000000014);
#3956=CIRCLE('',#11457,0.600000000000014);
#3957=CIRCLE('',#11458,0.600000000000014);
#3958=CIRCLE('',#11459,0.600000000000014);
#3959=CIRCLE('',#11461,3.45);
#3960=CIRCLE('',#11462,3.45);
#3961=CIRCLE('',#11463,3.45);
#3962=CIRCLE('',#11464,3.45);
#3963=CIRCLE('',#11465,3.45);
#3964=CIRCLE('',#11468,2.);
#3965=CIRCLE('',#11471,2.);
#3966=CIRCLE('',#11472,0.600000000000014);
#3967=CIRCLE('',#11473,0.600000000000014);
#3968=CIRCLE('',#11474,0.600000000000014);
#3969=CIRCLE('',#11475,0.600000000000014);
#3970=CIRCLE('',#11476,0.600000000000014);
#3971=CIRCLE('',#11477,0.600000000000014);
#3972=CIRCLE('',#11478,2.30000000000001);
#3973=CIRCLE('',#11479,0.600000000000014);
#3974=CIRCLE('',#11480,0.600000000000014);
#3975=CIRCLE('',#11481,0.600000000000014);
#3976=CIRCLE('',#11482,0.600000000000014);
#3977=CIRCLE('',#11483,0.600000000000014);
#3978=CIRCLE('',#11484,0.600000000000014);
#3979=CIRCLE('',#11486,2.47500000000001);
#3980=CIRCLE('',#11495,2.);
#3981=CIRCLE('',#11498,0.600000000000013);
#3982=CIRCLE('',#11499,0.600000000000013);
#3983=CIRCLE('',#11500,0.600000000000014);
#3984=CIRCLE('',#11501,0.600000000000014);
#3985=CIRCLE('',#11502,0.600000000000014);
#3986=CIRCLE('',#11503,0.600000000000014);
#3987=CIRCLE('',#11511,2.47500000000001);
#3988=CIRCLE('',#11512,1.05000000000001);
#3989=CIRCLE('',#11515,2.30000000000001);
#3990=CIRCLE('',#11516,1.05000000000001);
#3991=VERTEX_POINT('',#14927);
#3992=VERTEX_POINT('',#14929);
#3993=VERTEX_POINT('',#14932);
#3994=VERTEX_POINT('',#14934);
#3995=VERTEX_POINT('',#14937);
#3996=VERTEX_POINT('',#14938);
#3997=VERTEX_POINT('',#14940);
#3998=VERTEX_POINT('',#14942);
#3999=VERTEX_POINT('',#14944);
#4000=VERTEX_POINT('',#14948);
#4001=VERTEX_POINT('',#14949);
#4002=VERTEX_POINT('',#14951);
#4003=VERTEX_POINT('',#14953);
#4004=VERTEX_POINT('',#14955);
#4005=VERTEX_POINT('',#14957);
#4006=VERTEX_POINT('',#14959);
#4007=VERTEX_POINT('',#14961);
#4008=VERTEX_POINT('',#14964);
#4009=VERTEX_POINT('',#14966);
#4010=VERTEX_POINT('',#14969);
#4011=VERTEX_POINT('',#14971);
#4012=VERTEX_POINT('',#14975);
#4013=VERTEX_POINT('',#14980);
#4014=VERTEX_POINT('',#14984);
#4015=VERTEX_POINT('',#14988);
#4016=VERTEX_POINT('',#14995);
#4017=VERTEX_POINT('',#15005);
#4018=VERTEX_POINT('',#15007);
#4019=VERTEX_POINT('',#15009);
#4020=VERTEX_POINT('',#15011);
#4021=VERTEX_POINT('',#15013);
#4022=VERTEX_POINT('',#15015);
#4023=VERTEX_POINT('',#15017);
#4024=VERTEX_POINT('',#15019);
#4025=VERTEX_POINT('',#15021);
#4026=VERTEX_POINT('',#15023);
#4027=VERTEX_POINT('',#15025);
#4028=VERTEX_POINT('',#15027);
#4029=VERTEX_POINT('',#15029);
#4030=VERTEX_POINT('',#15031);
#4031=VERTEX_POINT('',#15033);
#4032=VERTEX_POINT('',#15035);
#4033=VERTEX_POINT('',#15038);
#4034=VERTEX_POINT('',#15041);
#4035=VERTEX_POINT('',#15043);
#4036=VERTEX_POINT('',#15045);
#4037=VERTEX_POINT('',#15047);
#4038=VERTEX_POINT('',#15052);
#4039=VERTEX_POINT('',#15054);
#4040=VERTEX_POINT('',#15056);
#4041=VERTEX_POINT('',#15058);
#4042=VERTEX_POINT('',#15060);
#4043=VERTEX_POINT('',#15063);
#4044=VERTEX_POINT('',#15066);
#4045=VERTEX_POINT('',#15067);
#4046=VERTEX_POINT('',#15069);
#4047=VERTEX_POINT('',#15071);
#4048=VERTEX_POINT('',#15073);
#4049=VERTEX_POINT('',#15075);
#4050=VERTEX_POINT('',#15077);
#4051=VERTEX_POINT('',#15079);
#4052=VERTEX_POINT('',#15081);
#4053=VERTEX_POINT('',#15083);
#4054=VERTEX_POINT('',#15085);
#4055=VERTEX_POINT('',#15087);
#4056=VERTEX_POINT('',#15092);
#4057=VERTEX_POINT('',#15094);
#4058=VERTEX_POINT('',#15097);
#4059=VERTEX_POINT('',#15100);
#4060=VERTEX_POINT('',#15102);
#4061=VERTEX_POINT('',#15104);
#4062=VERTEX_POINT('',#15106);
#4063=VERTEX_POINT('',#15110);
#4064=VERTEX_POINT('',#15112);
#4065=VERTEX_POINT('',#15116);
#4066=VERTEX_POINT('',#15118);
#4067=VERTEX_POINT('',#15122);
#4068=VERTEX_POINT('',#15124);
#4069=VERTEX_POINT('',#15129);
#4070=VERTEX_POINT('',#15131);
#4071=VERTEX_POINT('',#15135);
#4072=VERTEX_POINT('',#15137);
#4073=VERTEX_POINT('',#15139);
#4074=VERTEX_POINT('',#15142);
#4075=VERTEX_POINT('',#15147);
#4076=VERTEX_POINT('',#15149);
#4077=VERTEX_POINT('',#15151);
#4078=VERTEX_POINT('',#15153);
#4079=VERTEX_POINT('',#15156);
#4080=VERTEX_POINT('',#15158);
#4081=VERTEX_POINT('',#15180);
#4082=VERTEX_POINT('',#15187);
#4083=VERTEX_POINT('',#15189);
#4084=VERTEX_POINT('',#15191);
#4085=VERTEX_POINT('',#15195);
#4086=VERTEX_POINT('',#15197);
#4087=VERTEX_POINT('',#15201);
#4088=VERTEX_POINT('',#15203);
#4089=VERTEX_POINT('',#15207);
#4090=VERTEX_POINT('',#15209);
#4091=VERTEX_POINT('',#15213);
#4092=VERTEX_POINT('',#15217);
#4093=VERTEX_POINT('',#15219);
#4094=VERTEX_POINT('',#15221);
#4095=VERTEX_POINT('',#15223);
#4096=VERTEX_POINT('',#15226);
#4097=VERTEX_POINT('',#15228);
#4098=VERTEX_POINT('',#15230);
#4099=VERTEX_POINT('',#15232);
#4100=VERTEX_POINT('',#15234);
#4101=VERTEX_POINT('',#15240);
#4102=VERTEX_POINT('',#15262);
#4103=VERTEX_POINT('',#15265);
#4104=VERTEX_POINT('',#15267);
#4105=VERTEX_POINT('',#15270);
#4106=VERTEX_POINT('',#15272);
#4107=VERTEX_POINT('',#15276);
#4108=VERTEX_POINT('',#15277);
#4109=VERTEX_POINT('',#15279);
#4110=VERTEX_POINT('',#15281);
#4111=VERTEX_POINT('',#15283);
#4112=VERTEX_POINT('',#15285);
#4113=VERTEX_POINT('',#15287);
#4114=VERTEX_POINT('',#15289);
#4115=VERTEX_POINT('',#15292);
#4116=VERTEX_POINT('',#15294);
#4117=VERTEX_POINT('',#15300);
#4118=VERTEX_POINT('',#15304);
#4119=VERTEX_POINT('',#15308);
#4120=VERTEX_POINT('',#15312);
#4121=VERTEX_POINT('',#15326);
#4122=VERTEX_POINT('',#15328);
#4123=VERTEX_POINT('',#15330);
#4124=VERTEX_POINT('',#15332);
#4125=VERTEX_POINT('',#15334);
#4126=VERTEX_POINT('',#15336);
#4127=VERTEX_POINT('',#15338);
#4128=VERTEX_POINT('',#15340);
#4129=VERTEX_POINT('',#15342);
#4130=VERTEX_POINT('',#15344);
#4131=VERTEX_POINT('',#15346);
#4132=VERTEX_POINT('',#15348);
#4133=VERTEX_POINT('',#15350);
#4134=VERTEX_POINT('',#15352);
#4135=VERTEX_POINT('',#15354);
#4136=VERTEX_POINT('',#15356);
#4137=VERTEX_POINT('',#15358);
#4138=VERTEX_POINT('',#15360);
#4139=VERTEX_POINT('',#15362);
#4140=VERTEX_POINT('',#15364);
#4141=VERTEX_POINT('',#15366);
#4142=VERTEX_POINT('',#15368);
#4143=VERTEX_POINT('',#15370);
#4144=VERTEX_POINT('',#15372);
#4145=VERTEX_POINT('',#15374);
#4146=VERTEX_POINT('',#15376);
#4147=VERTEX_POINT('',#15378);
#4148=VERTEX_POINT('',#15380);
#4149=VERTEX_POINT('',#15382);
#4150=VERTEX_POINT('',#15384);
#4151=VERTEX_POINT('',#15386);
#4152=VERTEX_POINT('',#15388);
#4153=VERTEX_POINT('',#15390);
#4154=VERTEX_POINT('',#15392);
#4155=VERTEX_POINT('',#15394);
#4156=VERTEX_POINT('',#15396);
#4157=VERTEX_POINT('',#15398);
#4158=VERTEX_POINT('',#15400);
#4159=VERTEX_POINT('',#15402);
#4160=VERTEX_POINT('',#15404);
#4161=VERTEX_POINT('',#15406);
#4162=VERTEX_POINT('',#15408);
#4163=VERTEX_POINT('',#15410);
#4164=VERTEX_POINT('',#15412);
#4165=VERTEX_POINT('',#15414);
#4166=VERTEX_POINT('',#15416);
#4167=VERTEX_POINT('',#15418);
#4168=VERTEX_POINT('',#15420);
#4169=VERTEX_POINT('',#15422);
#4170=VERTEX_POINT('',#15424);
#4171=VERTEX_POINT('',#15426);
#4172=VERTEX_POINT('',#15428);
#4173=VERTEX_POINT('',#15430);
#4174=VERTEX_POINT('',#15432);
#4175=VERTEX_POINT('',#15434);
#4176=VERTEX_POINT('',#15436);
#4177=VERTEX_POINT('',#15438);
#4178=VERTEX_POINT('',#15440);
#4179=VERTEX_POINT('',#15442);
#4180=VERTEX_POINT('',#15444);
#4181=VERTEX_POINT('',#15446);
#4182=VERTEX_POINT('',#15448);
#4183=VERTEX_POINT('',#15450);
#4184=VERTEX_POINT('',#15452);
#4185=VERTEX_POINT('',#15454);
#4186=VERTEX_POINT('',#15456);
#4187=VERTEX_POINT('',#15458);
#4188=VERTEX_POINT('',#15460);
#4189=VERTEX_POINT('',#15462);
#4190=VERTEX_POINT('',#15464);
#4191=VERTEX_POINT('',#15466);
#4192=VERTEX_POINT('',#15468);
#4193=VERTEX_POINT('',#15470);
#4194=VERTEX_POINT('',#15472);
#4195=VERTEX_POINT('',#15474);
#4196=VERTEX_POINT('',#15476);
#4197=VERTEX_POINT('',#15478);
#4198=VERTEX_POINT('',#15480);
#4199=VERTEX_POINT('',#15482);
#4200=VERTEX_POINT('',#15484);
#4201=VERTEX_POINT('',#15486);
#4202=VERTEX_POINT('',#15488);
#4203=VERTEX_POINT('',#15490);
#4204=VERTEX_POINT('',#15492);
#4205=VERTEX_POINT('',#15494);
#4206=VERTEX_POINT('',#15496);
#4207=VERTEX_POINT('',#15498);
#4208=VERTEX_POINT('',#15500);
#4209=VERTEX_POINT('',#15502);
#4210=VERTEX_POINT('',#15504);
#4211=VERTEX_POINT('',#15506);
#4212=VERTEX_POINT('',#15508);
#4213=VERTEX_POINT('',#15510);
#4214=VERTEX_POINT('',#15512);
#4215=VERTEX_POINT('',#15514);
#4216=VERTEX_POINT('',#15516);
#4217=VERTEX_POINT('',#15518);
#4218=VERTEX_POINT('',#15520);
#4219=VERTEX_POINT('',#15522);
#4220=VERTEX_POINT('',#15524);
#4221=VERTEX_POINT('',#15526);
#4222=VERTEX_POINT('',#15528);
#4223=VERTEX_POINT('',#15530);
#4224=VERTEX_POINT('',#15532);
#4225=VERTEX_POINT('',#15534);
#4226=VERTEX_POINT('',#15536);
#4227=VERTEX_POINT('',#15538);
#4228=VERTEX_POINT('',#15540);
#4229=VERTEX_POINT('',#15542);
#4230=VERTEX_POINT('',#15544);
#4231=VERTEX_POINT('',#15546);
#4232=VERTEX_POINT('',#15548);
#4233=VERTEX_POINT('',#15550);
#4234=VERTEX_POINT('',#15552);
#4235=VERTEX_POINT('',#15554);
#4236=VERTEX_POINT('',#15556);
#4237=VERTEX_POINT('',#15558);
#4238=VERTEX_POINT('',#15560);
#4239=VERTEX_POINT('',#15562);
#4240=VERTEX_POINT('',#15564);
#4241=VERTEX_POINT('',#15566);
#4242=VERTEX_POINT('',#15568);
#4243=VERTEX_POINT('',#15570);
#4244=VERTEX_POINT('',#15572);
#4245=VERTEX_POINT('',#15574);
#4246=VERTEX_POINT('',#15576);
#4247=VERTEX_POINT('',#15578);
#4248=VERTEX_POINT('',#15580);
#4249=VERTEX_POINT('',#15582);
#4250=VERTEX_POINT('',#15584);
#4251=VERTEX_POINT('',#15586);
#4252=VERTEX_POINT('',#15588);
#4253=VERTEX_POINT('',#15590);
#4254=VERTEX_POINT('',#15592);
#4255=VERTEX_POINT('',#15594);
#4256=VERTEX_POINT('',#15596);
#4257=VERTEX_POINT('',#15600);
#4258=VERTEX_POINT('',#15602);
#4259=VERTEX_POINT('',#15605);
#4260=VERTEX_POINT('',#15608);
#4261=VERTEX_POINT('',#15609);
#4262=VERTEX_POINT('',#15611);
#4263=VERTEX_POINT('',#15613);
#4264=VERTEX_POINT('',#15615);
#4265=VERTEX_POINT('',#15617);
#4266=VERTEX_POINT('',#15619);
#4267=VERTEX_POINT('',#15621);
#4268=VERTEX_POINT('',#15624);
#4269=VERTEX_POINT('',#15626);
#4270=VERTEX_POINT('',#15649);
#4271=VERTEX_POINT('',#15650);
#4272=VERTEX_POINT('',#15652);
#4273=VERTEX_POINT('',#15654);
#4274=VERTEX_POINT('',#15656);
#4275=VERTEX_POINT('',#15660);
#4276=VERTEX_POINT('',#15662);
#4277=VERTEX_POINT('',#15664);
#4278=VERTEX_POINT('',#15668);
#4279=VERTEX_POINT('',#15669);
#4280=VERTEX_POINT('',#15671);
#4281=VERTEX_POINT('',#15673);
#4282=VERTEX_POINT('',#15677);
#4283=VERTEX_POINT('',#15678);
#4284=VERTEX_POINT('',#15680);
#4285=VERTEX_POINT('',#15682);
#4286=VERTEX_POINT('',#15686);
#4287=VERTEX_POINT('',#15687);
#4288=VERTEX_POINT('',#15689);
#4289=VERTEX_POINT('',#15691);
#4290=VERTEX_POINT('',#15693);
#4291=VERTEX_POINT('',#15695);
#4292=VERTEX_POINT('',#15697);
#4293=VERTEX_POINT('',#15699);
#4294=VERTEX_POINT('',#15701);
#4295=VERTEX_POINT('',#15706);
#4296=VERTEX_POINT('',#15708);
#4297=VERTEX_POINT('',#15710);
#4298=VERTEX_POINT('',#15714);
#4299=VERTEX_POINT('',#15715);
#4300=VERTEX_POINT('',#15717);
#4301=VERTEX_POINT('',#15719);
#4302=VERTEX_POINT('',#15723);
#4303=VERTEX_POINT('',#15724);
#4304=VERTEX_POINT('',#15729);
#4305=VERTEX_POINT('',#15730);
#4306=VERTEX_POINT('',#15735);
#4307=VERTEX_POINT('',#15736);
#4308=VERTEX_POINT('',#15738);
#4309=VERTEX_POINT('',#15740);
#4310=VERTEX_POINT('',#15742);
#4311=VERTEX_POINT('',#15744);
#4312=VERTEX_POINT('',#15746);
#4313=VERTEX_POINT('',#15748);
#4314=VERTEX_POINT('',#15750);
#4315=VERTEX_POINT('',#15752);
#4316=VERTEX_POINT('',#15754);
#4317=VERTEX_POINT('',#15756);
#4318=VERTEX_POINT('',#15758);
#4319=VERTEX_POINT('',#15760);
#4320=VERTEX_POINT('',#15762);
#4321=VERTEX_POINT('',#15764);
#4322=VERTEX_POINT('',#15766);
#4323=VERTEX_POINT('',#15768);
#4324=VERTEX_POINT('',#15770);
#4325=VERTEX_POINT('',#15772);
#4326=VERTEX_POINT('',#15774);
#4327=VERTEX_POINT('',#15776);
#4328=VERTEX_POINT('',#15778);
#4329=VERTEX_POINT('',#15780);
#4330=VERTEX_POINT('',#15782);
#4331=VERTEX_POINT('',#15784);
#4332=VERTEX_POINT('',#15786);
#4333=VERTEX_POINT('',#15788);
#4334=VERTEX_POINT('',#15790);
#4335=VERTEX_POINT('',#15792);
#4336=VERTEX_POINT('',#15794);
#4337=VERTEX_POINT('',#15796);
#4338=VERTEX_POINT('',#15798);
#4339=VERTEX_POINT('',#15800);
#4340=VERTEX_POINT('',#15802);
#4341=VERTEX_POINT('',#15804);
#4342=VERTEX_POINT('',#15806);
#4343=VERTEX_POINT('',#15809);
#4344=VERTEX_POINT('',#15811);
#4345=VERTEX_POINT('',#15814);
#4346=VERTEX_POINT('',#15816);
#4347=VERTEX_POINT('',#15818);
#4348=VERTEX_POINT('',#15820);
#4349=VERTEX_POINT('',#15822);
#4350=VERTEX_POINT('',#15824);
#4351=VERTEX_POINT('',#15826);
#4352=VERTEX_POINT('',#15828);
#4353=VERTEX_POINT('',#15830);
#4354=VERTEX_POINT('',#15832);
#4355=VERTEX_POINT('',#15834);
#4356=VERTEX_POINT('',#15836);
#4357=VERTEX_POINT('',#15838);
#4358=VERTEX_POINT('',#15840);
#4359=VERTEX_POINT('',#15842);
#4360=VERTEX_POINT('',#15844);
#4361=VERTEX_POINT('',#15846);
#4362=VERTEX_POINT('',#15848);
#4363=VERTEX_POINT('',#15850);
#4364=VERTEX_POINT('',#15852);
#4365=VERTEX_POINT('',#15854);
#4366=VERTEX_POINT('',#15856);
#4367=VERTEX_POINT('',#15858);
#4368=VERTEX_POINT('',#15860);
#4369=VERTEX_POINT('',#15862);
#4370=VERTEX_POINT('',#15864);
#4371=VERTEX_POINT('',#15866);
#4372=VERTEX_POINT('',#15868);
#4373=VERTEX_POINT('',#15870);
#4374=VERTEX_POINT('',#15872);
#4375=VERTEX_POINT('',#15874);
#4376=VERTEX_POINT('',#15876);
#4377=VERTEX_POINT('',#15878);
#4378=VERTEX_POINT('',#15880);
#4379=VERTEX_POINT('',#15882);
#4380=VERTEX_POINT('',#15884);
#4381=VERTEX_POINT('',#15886);
#4382=VERTEX_POINT('',#15888);
#4383=VERTEX_POINT('',#15890);
#4384=VERTEX_POINT('',#15892);
#4385=VERTEX_POINT('',#15894);
#4386=VERTEX_POINT('',#15896);
#4387=VERTEX_POINT('',#15898);
#4388=VERTEX_POINT('',#15900);
#4389=VERTEX_POINT('',#15902);
#4390=VERTEX_POINT('',#15904);
#4391=VERTEX_POINT('',#15907);
#4392=VERTEX_POINT('',#15909);
#4393=VERTEX_POINT('',#15910);
#4394=VERTEX_POINT('',#15912);
#4395=VERTEX_POINT('',#15914);
#4396=VERTEX_POINT('',#15916);
#4397=VERTEX_POINT('',#15918);
#4398=VERTEX_POINT('',#15920);
#4399=VERTEX_POINT('',#15922);
#4400=VERTEX_POINT('',#16005);
#4401=VERTEX_POINT('',#16009);
#4402=VERTEX_POINT('',#16010);
#4403=VERTEX_POINT('',#16020);
#4404=VERTEX_POINT('',#16024);
#4405=VERTEX_POINT('',#16033);
#4406=VERTEX_POINT('',#16037);
#4407=VERTEX_POINT('',#16109);
#4408=VERTEX_POINT('',#16113);
#4409=VERTEX_POINT('',#16122);
#4410=VERTEX_POINT('',#16126);
#4411=VERTEX_POINT('',#16148);
#4412=VERTEX_POINT('',#16158);
#4413=VERTEX_POINT('',#16160);
#4414=VERTEX_POINT('',#16167);
#4415=VERTEX_POINT('',#16168);
#4416=VERTEX_POINT('',#16170);
#4417=VERTEX_POINT('',#16172);
#4418=VERTEX_POINT('',#16174);
#4419=VERTEX_POINT('',#16176);
#4420=VERTEX_POINT('',#16178);
#4421=VERTEX_POINT('',#16180);
#4422=VERTEX_POINT('',#16183);
#4423=VERTEX_POINT('',#16185);
#4424=VERTEX_POINT('',#16208);
#4425=VERTEX_POINT('',#16209);
#4426=VERTEX_POINT('',#16211);
#4427=VERTEX_POINT('',#16213);
#4428=VERTEX_POINT('',#16226);
#4429=VERTEX_POINT('',#16227);
#4430=VERTEX_POINT('',#16229);
#4431=VERTEX_POINT('',#16231);
#4432=VERTEX_POINT('',#16235);
#4433=VERTEX_POINT('',#16237);
#4434=VERTEX_POINT('',#16241);
#4435=VERTEX_POINT('',#16243);
#4436=VERTEX_POINT('',#16247);
#4437=VERTEX_POINT('',#16249);
#4438=VERTEX_POINT('',#16253);
#4439=VERTEX_POINT('',#16255);
#4440=VERTEX_POINT('',#16259);
#4441=VERTEX_POINT('',#16260);
#4442=VERTEX_POINT('',#16262);
#4443=VERTEX_POINT('',#16264);
#4444=VERTEX_POINT('',#16268);
#4445=VERTEX_POINT('',#16270);
#4446=VERTEX_POINT('',#16274);
#4447=VERTEX_POINT('',#16277);
#4448=VERTEX_POINT('',#16280);
#4449=VERTEX_POINT('',#16282);
#4450=VERTEX_POINT('',#16284);
#4451=VERTEX_POINT('',#16286);
#4452=VERTEX_POINT('',#16288);
#4453=VERTEX_POINT('',#16290);
#4454=VERTEX_POINT('',#16294);
#4455=VERTEX_POINT('',#16298);
#4456=VERTEX_POINT('',#16299);
#4457=VERTEX_POINT('',#16301);
#4458=VERTEX_POINT('',#16304);
#4459=VERTEX_POINT('',#16308);
#4460=VERTEX_POINT('',#16310);
#4461=VERTEX_POINT('',#16314);
#4462=VERTEX_POINT('',#16316);
#4463=VERTEX_POINT('',#16319);
#4464=VERTEX_POINT('',#16321);
#4465=VERTEX_POINT('',#16338);
#4466=VERTEX_POINT('',#16342);
#4467=VERTEX_POINT('',#16349);
#4468=VERTEX_POINT('',#16352);
#4469=VERTEX_POINT('',#16356);
#4470=VERTEX_POINT('',#16359);
#4471=VERTEX_POINT('',#16363);
#4472=VERTEX_POINT('',#16364);
#4473=VERTEX_POINT('',#16369);
#4474=VERTEX_POINT('',#16370);
#4475=VERTEX_POINT('',#16372);
#4476=VERTEX_POINT('',#16374);
#4477=VERTEX_POINT('',#16377);
#4478=VERTEX_POINT('',#16380);
#4479=VERTEX_POINT('',#16381);
#4480=VERTEX_POINT('',#16383);
#4481=VERTEX_POINT('',#16385);
#4482=VERTEX_POINT('',#16389);
#4483=VERTEX_POINT('',#16390);
#4484=VERTEX_POINT('',#16392);
#4485=VERTEX_POINT('',#16394);
#4486=VERTEX_POINT('',#16421);
#4487=VERTEX_POINT('',#16433);
#4488=VERTEX_POINT('',#16437);
#4489=VERTEX_POINT('',#16439);
#4490=VERTEX_POINT('',#16441);
#4491=VERTEX_POINT('',#16443);
#4492=VERTEX_POINT('',#16445);
#4493=VERTEX_POINT('',#16447);
#4494=VERTEX_POINT('',#16449);
#4495=VERTEX_POINT('',#16451);
#4496=VERTEX_POINT('',#16453);
#4497=VERTEX_POINT('',#16455);
#4498=VERTEX_POINT('',#16457);
#4499=VERTEX_POINT('',#16459);
#4500=VERTEX_POINT('',#16461);
#4501=VERTEX_POINT('',#16463);
#4502=VERTEX_POINT('',#16465);
#4503=VERTEX_POINT('',#16467);
#4504=VERTEX_POINT('',#16469);
#4505=VERTEX_POINT('',#16471);
#4506=VERTEX_POINT('',#16473);
#4507=VERTEX_POINT('',#16475);
#4508=VERTEX_POINT('',#16478);
#4509=VERTEX_POINT('',#16480);
#4510=VERTEX_POINT('',#16482);
#4511=VERTEX_POINT('',#16484);
#4512=VERTEX_POINT('',#16486);
#4513=VERTEX_POINT('',#16488);
#4514=VERTEX_POINT('',#16490);
#4515=VERTEX_POINT('',#16494);
#4516=VERTEX_POINT('',#16495);
#4517=VERTEX_POINT('',#16497);
#4518=VERTEX_POINT('',#16499);
#4519=VERTEX_POINT('',#16501);
#4520=VERTEX_POINT('',#16503);
#4521=VERTEX_POINT('',#16505);
#4522=VERTEX_POINT('',#16507);
#4523=VERTEX_POINT('',#16509);
#4524=VERTEX_POINT('',#16511);
#4525=VERTEX_POINT('',#16513);
#4526=VERTEX_POINT('',#16515);
#4527=VERTEX_POINT('',#16517);
#4528=VERTEX_POINT('',#16519);
#4529=VERTEX_POINT('',#16521);
#4530=VERTEX_POINT('',#16523);
#4531=VERTEX_POINT('',#16525);
#4532=VERTEX_POINT('',#16527);
#4533=VERTEX_POINT('',#16529);
#4534=VERTEX_POINT('',#16531);
#4535=VERTEX_POINT('',#16533);
#4536=VERTEX_POINT('',#16535);
#4537=VERTEX_POINT('',#16537);
#4538=VERTEX_POINT('',#16539);
#4539=VERTEX_POINT('',#16541);
#4540=VERTEX_POINT('',#16543);
#4541=VERTEX_POINT('',#16545);
#4542=VERTEX_POINT('',#16547);
#4543=VERTEX_POINT('',#16549);
#4544=VERTEX_POINT('',#16551);
#4545=VERTEX_POINT('',#16553);
#4546=VERTEX_POINT('',#16555);
#4547=VERTEX_POINT('',#16557);
#4548=VERTEX_POINT('',#16559);
#4549=VERTEX_POINT('',#16561);
#4550=VERTEX_POINT('',#16563);
#4551=VERTEX_POINT('',#16565);
#4552=VERTEX_POINT('',#16567);
#4553=VERTEX_POINT('',#16569);
#4554=VERTEX_POINT('',#16571);
#4555=VERTEX_POINT('',#16573);
#4556=VERTEX_POINT('',#16575);
#4557=VERTEX_POINT('',#16577);
#4558=VERTEX_POINT('',#16579);
#4559=VERTEX_POINT('',#16581);
#4560=VERTEX_POINT('',#16583);
#4561=VERTEX_POINT('',#16585);
#4562=VERTEX_POINT('',#16587);
#4563=VERTEX_POINT('',#16589);
#4564=VERTEX_POINT('',#16591);
#4565=VERTEX_POINT('',#16593);
#4566=VERTEX_POINT('',#16595);
#4567=VERTEX_POINT('',#16597);
#4568=VERTEX_POINT('',#16599);
#4569=VERTEX_POINT('',#16601);
#4570=VERTEX_POINT('',#16603);
#4571=VERTEX_POINT('',#16605);
#4572=VERTEX_POINT('',#16607);
#4573=VERTEX_POINT('',#16609);
#4574=VERTEX_POINT('',#16611);
#4575=VERTEX_POINT('',#16613);
#4576=VERTEX_POINT('',#16615);
#4577=VERTEX_POINT('',#16617);
#4578=VERTEX_POINT('',#16619);
#4579=VERTEX_POINT('',#16621);
#4580=VERTEX_POINT('',#16623);
#4581=VERTEX_POINT('',#16625);
#4582=VERTEX_POINT('',#16627);
#4583=VERTEX_POINT('',#16629);
#4584=VERTEX_POINT('',#16631);
#4585=VERTEX_POINT('',#16633);
#4586=VERTEX_POINT('',#16635);
#4587=VERTEX_POINT('',#16637);
#4588=VERTEX_POINT('',#16639);
#4589=VERTEX_POINT('',#16641);
#4590=VERTEX_POINT('',#16643);
#4591=VERTEX_POINT('',#16645);
#4592=VERTEX_POINT('',#16647);
#4593=VERTEX_POINT('',#16649);
#4594=VERTEX_POINT('',#16651);
#4595=VERTEX_POINT('',#16653);
#4596=VERTEX_POINT('',#16655);
#4597=VERTEX_POINT('',#16657);
#4598=VERTEX_POINT('',#16659);
#4599=VERTEX_POINT('',#16661);
#4600=VERTEX_POINT('',#16663);
#4601=VERTEX_POINT('',#16665);
#4602=VERTEX_POINT('',#16668);
#4603=VERTEX_POINT('',#16670);
#4604=VERTEX_POINT('',#16851);
#4605=VERTEX_POINT('',#16852);
#4606=VERTEX_POINT('',#16854);
#4607=VERTEX_POINT('',#16856);
#4608=VERTEX_POINT('',#16860);
#4609=VERTEX_POINT('',#16861);
#4610=VERTEX_POINT('',#16863);
#4611=VERTEX_POINT('',#16865);
#4612=VERTEX_POINT('',#16869);
#4613=VERTEX_POINT('',#16870);
#4614=VERTEX_POINT('',#16872);
#4615=VERTEX_POINT('',#16874);
#4616=VERTEX_POINT('',#16878);
#4617=VERTEX_POINT('',#16879);
#4618=VERTEX_POINT('',#16881);
#4619=VERTEX_POINT('',#16883);
#4620=VERTEX_POINT('',#16887);
#4621=VERTEX_POINT('',#16888);
#4622=VERTEX_POINT('',#16890);
#4623=VERTEX_POINT('',#16892);
#4624=VERTEX_POINT('',#16896);
#4625=VERTEX_POINT('',#16897);
#4626=VERTEX_POINT('',#16899);
#4627=VERTEX_POINT('',#16901);
#4628=VERTEX_POINT('',#16905);
#4629=VERTEX_POINT('',#16906);
#4630=VERTEX_POINT('',#16908);
#4631=VERTEX_POINT('',#16910);
#4632=VERTEX_POINT('',#16914);
#4633=VERTEX_POINT('',#16915);
#4634=VERTEX_POINT('',#16917);
#4635=VERTEX_POINT('',#16919);
#4636=VERTEX_POINT('',#16923);
#4637=VERTEX_POINT('',#16924);
#4638=VERTEX_POINT('',#16926);
#4639=VERTEX_POINT('',#16928);
#4640=VERTEX_POINT('',#16932);
#4641=VERTEX_POINT('',#16933);
#4642=VERTEX_POINT('',#16935);
#4643=VERTEX_POINT('',#16937);
#4644=VERTEX_POINT('',#16941);
#4645=VERTEX_POINT('',#16942);
#4646=VERTEX_POINT('',#16944);
#4647=VERTEX_POINT('',#16946);
#4648=VERTEX_POINT('',#16950);
#4649=VERTEX_POINT('',#16951);
#4650=VERTEX_POINT('',#16953);
#4651=VERTEX_POINT('',#16955);
#4652=VERTEX_POINT('',#16959);
#4653=VERTEX_POINT('',#16960);
#4654=VERTEX_POINT('',#16962);
#4655=VERTEX_POINT('',#16964);
#4656=VERTEX_POINT('',#16968);
#4657=VERTEX_POINT('',#16969);
#4658=VERTEX_POINT('',#16971);
#4659=VERTEX_POINT('',#16973);
#4660=VERTEX_POINT('',#16977);
#4661=VERTEX_POINT('',#16978);
#4662=VERTEX_POINT('',#16980);
#4663=VERTEX_POINT('',#16982);
#4664=VERTEX_POINT('',#16986);
#4665=VERTEX_POINT('',#16987);
#4666=VERTEX_POINT('',#16989);
#4667=VERTEX_POINT('',#16991);
#4668=VERTEX_POINT('',#16995);
#4669=VERTEX_POINT('',#16996);
#4670=VERTEX_POINT('',#16998);
#4671=VERTEX_POINT('',#17000);
#4672=VERTEX_POINT('',#17004);
#4673=VERTEX_POINT('',#17005);
#4674=VERTEX_POINT('',#17007);
#4675=VERTEX_POINT('',#17009);
#4676=VERTEX_POINT('',#17013);
#4677=VERTEX_POINT('',#17014);
#4678=VERTEX_POINT('',#17016);
#4679=VERTEX_POINT('',#17018);
#4680=VERTEX_POINT('',#17022);
#4681=VERTEX_POINT('',#17023);
#4682=VERTEX_POINT('',#17025);
#4683=VERTEX_POINT('',#17027);
#4684=VERTEX_POINT('',#17031);
#4685=VERTEX_POINT('',#17032);
#4686=VERTEX_POINT('',#17034);
#4687=VERTEX_POINT('',#17036);
#4688=VERTEX_POINT('',#17040);
#4689=VERTEX_POINT('',#17041);
#4690=VERTEX_POINT('',#17043);
#4691=VERTEX_POINT('',#17045);
#4692=VERTEX_POINT('',#17049);
#4693=VERTEX_POINT('',#17050);
#4694=VERTEX_POINT('',#17052);
#4695=VERTEX_POINT('',#17054);
#4696=VERTEX_POINT('',#17058);
#4697=VERTEX_POINT('',#17059);
#4698=VERTEX_POINT('',#17061);
#4699=VERTEX_POINT('',#17063);
#4700=VERTEX_POINT('',#17067);
#4701=VERTEX_POINT('',#17068);
#4702=VERTEX_POINT('',#17070);
#4703=VERTEX_POINT('',#17072);
#4704=VERTEX_POINT('',#17076);
#4705=VERTEX_POINT('',#17077);
#4706=VERTEX_POINT('',#17079);
#4707=VERTEX_POINT('',#17081);
#4708=VERTEX_POINT('',#17085);
#4709=VERTEX_POINT('',#17086);
#4710=VERTEX_POINT('',#17088);
#4711=VERTEX_POINT('',#17090);
#4712=VERTEX_POINT('',#17094);
#4713=VERTEX_POINT('',#17095);
#4714=VERTEX_POINT('',#17097);
#4715=VERTEX_POINT('',#17099);
#4716=VERTEX_POINT('',#17103);
#4717=VERTEX_POINT('',#17104);
#4718=VERTEX_POINT('',#17106);
#4719=VERTEX_POINT('',#17108);
#4720=VERTEX_POINT('',#17112);
#4721=VERTEX_POINT('',#17113);
#4722=VERTEX_POINT('',#17115);
#4723=VERTEX_POINT('',#17117);
#4724=VERTEX_POINT('',#17121);
#4725=VERTEX_POINT('',#17122);
#4726=VERTEX_POINT('',#17124);
#4727=VERTEX_POINT('',#17126);
#4728=VERTEX_POINT('',#17130);
#4729=VERTEX_POINT('',#17131);
#4730=VERTEX_POINT('',#17133);
#4731=VERTEX_POINT('',#17135);
#4732=VERTEX_POINT('',#17139);
#4733=VERTEX_POINT('',#17140);
#4734=VERTEX_POINT('',#17142);
#4735=VERTEX_POINT('',#17144);
#4736=VERTEX_POINT('',#17148);
#4737=VERTEX_POINT('',#17149);
#4738=VERTEX_POINT('',#17151);
#4739=VERTEX_POINT('',#17153);
#4740=VERTEX_POINT('',#17157);
#4741=VERTEX_POINT('',#17158);
#4742=VERTEX_POINT('',#17160);
#4743=VERTEX_POINT('',#17162);
#4744=VERTEX_POINT('',#17166);
#4745=VERTEX_POINT('',#17167);
#4746=VERTEX_POINT('',#17169);
#4747=VERTEX_POINT('',#17171);
#4748=VERTEX_POINT('',#17175);
#4749=VERTEX_POINT('',#17176);
#4750=VERTEX_POINT('',#17178);
#4751=VERTEX_POINT('',#17180);
#4752=VERTEX_POINT('',#17184);
#4753=VERTEX_POINT('',#17185);
#4754=VERTEX_POINT('',#17187);
#4755=VERTEX_POINT('',#17189);
#4756=VERTEX_POINT('',#17193);
#4757=VERTEX_POINT('',#17194);
#4758=VERTEX_POINT('',#17196);
#4759=VERTEX_POINT('',#17198);
#4760=VERTEX_POINT('',#17202);
#4761=VERTEX_POINT('',#17203);
#4762=VERTEX_POINT('',#17205);
#4763=VERTEX_POINT('',#17207);
#4764=VERTEX_POINT('',#17211);
#4765=VERTEX_POINT('',#17212);
#4766=VERTEX_POINT('',#17214);
#4767=VERTEX_POINT('',#17216);
#4768=VERTEX_POINT('',#17220);
#4769=VERTEX_POINT('',#17221);
#4770=VERTEX_POINT('',#17223);
#4771=VERTEX_POINT('',#17225);
#4772=VERTEX_POINT('',#17229);
#4773=VERTEX_POINT('',#17230);
#4774=VERTEX_POINT('',#17232);
#4775=VERTEX_POINT('',#17234);
#4776=VERTEX_POINT('',#17238);
#4777=VERTEX_POINT('',#17239);
#4778=VERTEX_POINT('',#17241);
#4779=VERTEX_POINT('',#17243);
#4780=VERTEX_POINT('',#17247);
#4781=VERTEX_POINT('',#17248);
#4782=VERTEX_POINT('',#17250);
#4783=VERTEX_POINT('',#17252);
#4784=VERTEX_POINT('',#17256);
#4785=VERTEX_POINT('',#17257);
#4786=VERTEX_POINT('',#17259);
#4787=VERTEX_POINT('',#17261);
#4788=VERTEX_POINT('',#17265);
#4789=VERTEX_POINT('',#17266);
#4790=VERTEX_POINT('',#17268);
#4791=VERTEX_POINT('',#17270);
#4792=VERTEX_POINT('',#17274);
#4793=VERTEX_POINT('',#17275);
#4794=VERTEX_POINT('',#17277);
#4795=VERTEX_POINT('',#17279);
#4796=VERTEX_POINT('',#17283);
#4797=VERTEX_POINT('',#17284);
#4798=VERTEX_POINT('',#17286);
#4799=VERTEX_POINT('',#17288);
#4800=VERTEX_POINT('',#17292);
#4801=VERTEX_POINT('',#17293);
#4802=VERTEX_POINT('',#17295);
#4803=VERTEX_POINT('',#17297);
#4804=VERTEX_POINT('',#17301);
#4805=VERTEX_POINT('',#17302);
#4806=VERTEX_POINT('',#17304);
#4807=VERTEX_POINT('',#17306);
#4808=VERTEX_POINT('',#17310);
#4809=VERTEX_POINT('',#17311);
#4810=VERTEX_POINT('',#17313);
#4811=VERTEX_POINT('',#17315);
#4812=VERTEX_POINT('',#17319);
#4813=VERTEX_POINT('',#17320);
#4814=VERTEX_POINT('',#17322);
#4815=VERTEX_POINT('',#17324);
#4816=VERTEX_POINT('',#17328);
#4817=VERTEX_POINT('',#17329);
#4818=VERTEX_POINT('',#17331);
#4819=VERTEX_POINT('',#17333);
#4820=VERTEX_POINT('',#17337);
#4821=VERTEX_POINT('',#17338);
#4822=VERTEX_POINT('',#17340);
#4823=VERTEX_POINT('',#17342);
#4824=VERTEX_POINT('',#17346);
#4825=VERTEX_POINT('',#17347);
#4826=VERTEX_POINT('',#17349);
#4827=VERTEX_POINT('',#17351);
#4828=VERTEX_POINT('',#17355);
#4829=VERTEX_POINT('',#17356);
#4830=VERTEX_POINT('',#17358);
#4831=VERTEX_POINT('',#17360);
#4832=VERTEX_POINT('',#17364);
#4833=VERTEX_POINT('',#17365);
#4834=VERTEX_POINT('',#17367);
#4835=VERTEX_POINT('',#17369);
#4836=VERTEX_POINT('',#17373);
#4837=VERTEX_POINT('',#17374);
#4838=VERTEX_POINT('',#17376);
#4839=VERTEX_POINT('',#17378);
#4840=VERTEX_POINT('',#17382);
#4841=VERTEX_POINT('',#17383);
#4842=VERTEX_POINT('',#17385);
#4843=VERTEX_POINT('',#17387);
#4844=VERTEX_POINT('',#17390);
#4845=VERTEX_POINT('',#17392);
#4846=VERTEX_POINT('',#17394);
#4847=VERTEX_POINT('',#17396);
#4848=VERTEX_POINT('',#17398);
#4849=VERTEX_POINT('',#17400);
#4850=VERTEX_POINT('',#17403);
#4851=VERTEX_POINT('',#17405);
#4852=VERTEX_POINT('',#17407);
#4853=VERTEX_POINT('',#17409);
#4854=VERTEX_POINT('',#17412);
#4855=VERTEX_POINT('',#17414);
#4856=VERTEX_POINT('',#17416);
#4857=VERTEX_POINT('',#17418);
#4858=VERTEX_POINT('',#17422);
#4859=VERTEX_POINT('',#17426);
#4860=VERTEX_POINT('',#17432);
#4861=VERTEX_POINT('',#17434);
#4862=VERTEX_POINT('',#17437);
#4863=VERTEX_POINT('',#17439);
#4864=VERTEX_POINT('',#17441);
#4865=VERTEX_POINT('',#17443);
#4866=VERTEX_POINT('',#17445);
#4867=VERTEX_POINT('',#17447);
#4868=VERTEX_POINT('',#17449);
#4869=VERTEX_POINT('',#17451);
#4870=VERTEX_POINT('',#17453);
#4871=VERTEX_POINT('',#17455);
#4872=VERTEX_POINT('',#17457);
#4873=VERTEX_POINT('',#17459);
#4874=VERTEX_POINT('',#17461);
#4875=VERTEX_POINT('',#17464);
#4876=VERTEX_POINT('',#17465);
#4877=VERTEX_POINT('',#17467);
#4878=VERTEX_POINT('',#17470);
#4879=VERTEX_POINT('',#17473);
#4880=VERTEX_POINT('',#17476);
#4881=VERTEX_POINT('',#17479);
#4882=VERTEX_POINT('',#17482);
#4883=VERTEX_POINT('',#17485);
#4884=VERTEX_POINT('',#17488);
#4885=VERTEX_POINT('',#17491);
#4886=VERTEX_POINT('',#17494);
#4887=VERTEX_POINT('',#17497);
#4888=VERTEX_POINT('',#17500);
#4889=VERTEX_POINT('',#17503);
#4890=VERTEX_POINT('',#17506);
#4891=VERTEX_POINT('',#17509);
#4892=VERTEX_POINT('',#17512);
#4893=VERTEX_POINT('',#17515);
#4894=VERTEX_POINT('',#17518);
#4895=VERTEX_POINT('',#17521);
#4896=VERTEX_POINT('',#17524);
#4897=VERTEX_POINT('',#17527);
#4898=VERTEX_POINT('',#17530);
#4899=VERTEX_POINT('',#17533);
#4900=VERTEX_POINT('',#17536);
#4901=VERTEX_POINT('',#17539);
#4902=VERTEX_POINT('',#17542);
#4903=VERTEX_POINT('',#17545);
#4904=VERTEX_POINT('',#17548);
#4905=VERTEX_POINT('',#17551);
#4906=VERTEX_POINT('',#17554);
#4907=VERTEX_POINT('',#17557);
#4908=VERTEX_POINT('',#17560);
#4909=VERTEX_POINT('',#17563);
#4910=VERTEX_POINT('',#17566);
#4911=VERTEX_POINT('',#17569);
#4912=VERTEX_POINT('',#17572);
#4913=VERTEX_POINT('',#17575);
#4914=VERTEX_POINT('',#17578);
#4915=VERTEX_POINT('',#17581);
#4916=VERTEX_POINT('',#17584);
#4917=VERTEX_POINT('',#17587);
#4918=VERTEX_POINT('',#17590);
#4919=VERTEX_POINT('',#17593);
#4920=VERTEX_POINT('',#17596);
#4921=VERTEX_POINT('',#17599);
#4922=VERTEX_POINT('',#17602);
#4923=VERTEX_POINT('',#17605);
#4924=VERTEX_POINT('',#17608);
#4925=VERTEX_POINT('',#17611);
#4926=VERTEX_POINT('',#17614);
#4927=VERTEX_POINT('',#17617);
#4928=VERTEX_POINT('',#17620);
#4929=VERTEX_POINT('',#17623);
#4930=VERTEX_POINT('',#17626);
#4931=VERTEX_POINT('',#17629);
#4932=VERTEX_POINT('',#17632);
#4933=VERTEX_POINT('',#17635);
#4934=VERTEX_POINT('',#17638);
#4935=VERTEX_POINT('',#17641);
#4936=VERTEX_POINT('',#17644);
#4937=VERTEX_POINT('',#17660);
#4938=VERTEX_POINT('',#17664);
#4939=VERTEX_POINT('',#17670);
#4940=VERTEX_POINT('',#17672);
#4941=VERTEX_POINT('',#17674);
#4942=VERTEX_POINT('',#17676);
#4943=VERTEX_POINT('',#17678);
#4944=VERTEX_POINT('',#17680);
#4945=VERTEX_POINT('',#17695);
#4946=VERTEX_POINT('',#17696);
#4947=VERTEX_POINT('',#17699);
#4948=VERTEX_POINT('',#17702);
#4949=VERTEX_POINT('',#17705);
#4950=VERTEX_POINT('',#17708);
#4951=VERTEX_POINT('',#17711);
#4952=VERTEX_POINT('',#17714);
#4953=VERTEX_POINT('',#17717);
#4954=VERTEX_POINT('',#17720);
#4955=VERTEX_POINT('',#17723);
#4956=VERTEX_POINT('',#17726);
#4957=VERTEX_POINT('',#17729);
#4958=VERTEX_POINT('',#17732);
#4959=VERTEX_POINT('',#17735);
#4960=VERTEX_POINT('',#17738);
#4961=VERTEX_POINT('',#17741);
#4962=VERTEX_POINT('',#17744);
#4963=VERTEX_POINT('',#17747);
#4964=VERTEX_POINT('',#17750);
#4965=VERTEX_POINT('',#17753);
#4966=VERTEX_POINT('',#17756);
#4967=VERTEX_POINT('',#17759);
#4968=VERTEX_POINT('',#17762);
#4969=VERTEX_POINT('',#17765);
#4970=VERTEX_POINT('',#17768);
#4971=VERTEX_POINT('',#17771);
#4972=VERTEX_POINT('',#17774);
#4973=VERTEX_POINT('',#17777);
#4974=VERTEX_POINT('',#17780);
#4975=VERTEX_POINT('',#17783);
#4976=VERTEX_POINT('',#17786);
#4977=VERTEX_POINT('',#17789);
#4978=VERTEX_POINT('',#17792);
#4979=VERTEX_POINT('',#17795);
#4980=VERTEX_POINT('',#17798);
#4981=VERTEX_POINT('',#17801);
#4982=VERTEX_POINT('',#17804);
#4983=VERTEX_POINT('',#17807);
#4984=VERTEX_POINT('',#17810);
#4985=VERTEX_POINT('',#17813);
#4986=VERTEX_POINT('',#17816);
#4987=VERTEX_POINT('',#17819);
#4988=VERTEX_POINT('',#17822);
#4989=VERTEX_POINT('',#17825);
#4990=VERTEX_POINT('',#17828);
#4991=VERTEX_POINT('',#17831);
#4992=VERTEX_POINT('',#17834);
#4993=VERTEX_POINT('',#17837);
#4994=VERTEX_POINT('',#17840);
#4995=VERTEX_POINT('',#17843);
#4996=VERTEX_POINT('',#17846);
#4997=VERTEX_POINT('',#17849);
#4998=VERTEX_POINT('',#17852);
#4999=VERTEX_POINT('',#17855);
#5000=VERTEX_POINT('',#17858);
#5001=VERTEX_POINT('',#17861);
#5002=VERTEX_POINT('',#17864);
#5003=VERTEX_POINT('',#17867);
#5004=VERTEX_POINT('',#17870);
#5005=VERTEX_POINT('',#17873);
#5006=VERTEX_POINT('',#17875);
#5007=VERTEX_POINT('',#17878);
#5008=VERTEX_POINT('',#17884);
#5009=VERTEX_POINT('',#17886);
#5010=EDGE_CURVE('',#3991,#3991,#3338,.T.);
#5011=EDGE_CURVE('',#3992,#3992,#3339,.T.);
#5012=EDGE_CURVE('',#3993,#3993,#3340,.T.);
#5013=EDGE_CURVE('',#3994,#3994,#3341,.T.);
#5014=EDGE_CURVE('',#3995,#3996,#342,.T.);
#5015=EDGE_CURVE('',#3995,#3997,#343,.T.);
#5016=EDGE_CURVE('',#3998,#3997,#3342,.T.);
#5017=EDGE_CURVE('',#3999,#3998,#344,.T.);
#5018=EDGE_CURVE('',#3999,#3996,#345,.T.);
#5019=EDGE_CURVE('',#4000,#4001,#3343,.T.);
#5020=EDGE_CURVE('',#4002,#4000,#3344,.T.);
#5021=EDGE_CURVE('',#4003,#4002,#3345,.T.);
#5022=EDGE_CURVE('',#4004,#4003,#346,.T.);
#5023=EDGE_CURVE('',#4005,#4004,#3346,.T.);
#5024=EDGE_CURVE('',#4006,#4005,#3347,.T.);
#5025=EDGE_CURVE('',#4007,#4006,#3348,.T.);
#5026=EDGE_CURVE('',#4001,#4007,#347,.T.);
#5027=EDGE_CURVE('',#4008,#4008,#3349,.T.);
#5028=EDGE_CURVE('',#4009,#4009,#3350,.T.);
#5029=EDGE_CURVE('',#4010,#4001,#348,.T.);
#5030=EDGE_CURVE('',#4011,#4010,#3351,.T.);
#5031=EDGE_CURVE('',#4011,#4000,#349,.T.);
#5032=EDGE_CURVE('',#4012,#4007,#350,.T.);
#5033=EDGE_CURVE('',#3996,#4012,#351,.T.);
#5034=EDGE_CURVE('',#4010,#3999,#352,.T.);
#5035=EDGE_CURVE('',#4013,#4006,#353,.T.);
#5036=EDGE_CURVE('',#4012,#4013,#3352,.T.);
#5037=EDGE_CURVE('',#4014,#4005,#354,.T.);
#5038=EDGE_CURVE('',#4013,#4014,#3353,.T.);
#5039=EDGE_CURVE('',#4015,#4004,#355,.T.);
#5040=EDGE_CURVE('',#4014,#4015,#3354,.T.);
#5041=EDGE_CURVE('',#3997,#4003,#356,.T.);
#5042=EDGE_CURVE('',#4015,#3995,#357,.T.);
#5043=EDGE_CURVE('',#4016,#4002,#358,.T.);
#5044=EDGE_CURVE('',#3997,#4016,#3355,.T.);
#5045=EDGE_CURVE('',#4016,#4011,#3356,.T.);
#5046=EDGE_CURVE('',#3994,#4008,#359,.T.);
#5047=EDGE_CURVE('',#3992,#4009,#360,.T.);
#5048=EDGE_CURVE('',#4017,#3995,#361,.T.);
#5049=EDGE_CURVE('',#4018,#4017,#362,.T.);
#5050=EDGE_CURVE('',#4019,#4018,#363,.T.);
#5051=EDGE_CURVE('',#4019,#4020,#364,.T.);
#5052=EDGE_CURVE('',#4020,#4021,#3357,.T.);
#5053=EDGE_CURVE('',#4021,#4022,#3358,.T.);
#5054=EDGE_CURVE('',#4022,#4023,#3359,.T.);
#5055=EDGE_CURVE('',#4023,#4024,#365,.T.);
#5056=EDGE_CURVE('',#4025,#4024,#366,.T.);
#5057=EDGE_CURVE('',#4025,#4026,#367,.T.);
#5058=EDGE_CURVE('',#4027,#4026,#368,.T.);
#5059=EDGE_CURVE('',#4027,#4028,#369,.T.);
#5060=EDGE_CURVE('',#4029,#4028,#3360,.F.);
#5061=EDGE_CURVE('',#4030,#4029,#370,.T.);
#5062=EDGE_CURVE('',#4030,#4031,#371,.T.);
#5063=EDGE_CURVE('',#4032,#4031,#372,.T.);
#5064=EDGE_CURVE('',#3996,#4032,#373,.T.);
#5065=EDGE_CURVE('',#4033,#4033,#3361,.T.);
#5066=EDGE_CURVE('',#4034,#3999,#374,.T.);
#5067=EDGE_CURVE('',#4035,#4034,#3362,.T.);
#5068=EDGE_CURVE('',#4035,#4036,#375,.T.);
#5069=EDGE_CURVE('',#4037,#4036,#26,.T.);
#5070=EDGE_CURVE('',#4037,#4038,#3363,.F.);
#5071=EDGE_CURVE('',#4038,#4039,#376,.T.);
#5072=EDGE_CURVE('',#4039,#4040,#377,.T.);
#5073=EDGE_CURVE('',#4040,#4041,#378,.T.);
#5074=EDGE_CURVE('',#4042,#4041,#379,.T.);
#5075=EDGE_CURVE('',#3997,#4042,#3364,.T.);
#5076=EDGE_CURVE('',#4043,#4043,#3365,.T.);
#5077=EDGE_CURVE('',#4044,#4045,#380,.T.);
#5078=EDGE_CURVE('',#4045,#4046,#3366,.T.);
#5079=EDGE_CURVE('',#4046,#4047,#3367,.T.);
#5080=EDGE_CURVE('',#4047,#4048,#3368,.T.);
#5081=EDGE_CURVE('',#4048,#4049,#3369,.T.);
#5082=EDGE_CURVE('',#4049,#4050,#381,.T.);
#5083=EDGE_CURVE('',#4050,#4051,#382,.T.);
#5084=EDGE_CURVE('',#4051,#4052,#383,.T.);
#5085=EDGE_CURVE('',#4052,#4053,#384,.T.);
#5086=EDGE_CURVE('',#4053,#4054,#3370,.T.);
#5087=EDGE_CURVE('',#4054,#4055,#27,.T.);
#5088=EDGE_CURVE('',#4056,#4055,#385,.T.);
#5089=EDGE_CURVE('',#4056,#4057,#3371,.T.);
#5090=EDGE_CURVE('',#4057,#4044,#386,.T.);
#5091=EDGE_CURVE('',#4058,#4058,#3372,.T.);
#5092=EDGE_CURVE('',#4059,#4049,#387,.T.);
#5093=EDGE_CURVE('',#4060,#4048,#3373,.T.);
#5094=EDGE_CURVE('',#4060,#4061,#388,.T.);
#5095=EDGE_CURVE('',#4062,#4061,#3374,.T.);
#5096=EDGE_CURVE('',#4062,#4059,#3375,.T.);
#5097=EDGE_CURVE('',#4063,#4055,#389,.T.);
#5098=EDGE_CURVE('',#4064,#4063,#390,.T.);
#5099=EDGE_CURVE('',#4056,#4064,#391,.T.);
#5100=EDGE_CURVE('',#4064,#4065,#3376,.T.);
#5101=EDGE_CURVE('',#4066,#4065,#3377,.T.);
#5102=EDGE_CURVE('',#4057,#4066,#392,.T.);
#5103=EDGE_CURVE('',#4067,#4066,#393,.T.);
#5104=EDGE_CURVE('',#4067,#4068,#394,.T.);
#5105=EDGE_CURVE('',#4061,#4068,#395,.T.);
#5106=EDGE_CURVE('',#4044,#4060,#396,.T.);
#5107=EDGE_CURVE('',#4069,#4069,#3378,.T.);
#5108=EDGE_CURVE('',#4069,#4070,#397,.T.);
#5109=EDGE_CURVE('',#4070,#4070,#3379,.T.);
#5110=EDGE_CURVE('',#4068,#4071,#398,.T.);
#5111=EDGE_CURVE('',#4072,#4067,#399,.T.);
#5112=EDGE_CURVE('',#4073,#4072,#3380,.T.);
#5113=EDGE_CURVE('',#4065,#4073,#400,.T.);
#5114=EDGE_CURVE('',#4074,#4063,#28,.T.);
#5115=EDGE_CURVE('',#4074,#4075,#3381,.F.);
#5116=EDGE_CURVE('',#4075,#4076,#401,.T.);
#5117=EDGE_CURVE('',#4076,#4077,#402,.T.);
#5118=EDGE_CURVE('',#4077,#4078,#403,.T.);
#5119=EDGE_CURVE('',#4059,#4078,#404,.T.);
#5120=EDGE_CURVE('',#4079,#4062,#3382,.T.);
#5121=EDGE_CURVE('',#4080,#4079,#3383,.T.);
#5122=EDGE_CURVE('',#4071,#4080,#3384,.T.);
#5123=EDGE_CURVE('',#4050,#4078,#405,.T.);
#5124=EDGE_CURVE('',#4074,#4054,#406,.T.);
#5125=EDGE_CURVE('',#4077,#4051,#407,.T.);
#5126=EDGE_CURVE('',#4076,#4052,#408,.T.);
#5127=EDGE_CURVE('',#4075,#4053,#409,.T.);
#5128=EDGE_CURVE('',#4081,#4081,#3385,.T.);
#5129=EDGE_CURVE('',#4048,#4019,#410,.T.);
#5130=EDGE_CURVE('',#4024,#4019,#411,.T.);
#5131=EDGE_CURVE('',#4024,#4044,#412,.T.);
#5132=EDGE_CURVE('',#4042,#4082,#413,.T.);
#5133=EDGE_CURVE('',#4083,#4082,#3386,.T.);
#5134=EDGE_CURVE('',#4084,#4083,#3387,.T.);
#5135=EDGE_CURVE('',#4084,#3998,#414,.T.);
#5136=EDGE_CURVE('',#4036,#4085,#415,.T.);
#5137=EDGE_CURVE('',#4086,#4035,#416,.T.);
#5138=EDGE_CURVE('',#4086,#4085,#417,.T.);
#5139=EDGE_CURVE('',#4087,#4034,#418,.T.);
#5140=EDGE_CURVE('',#4088,#4087,#3388,.T.);
#5141=EDGE_CURVE('',#4086,#4088,#3389,.T.);
#5142=EDGE_CURVE('',#4089,#4084,#419,.T.);
#5143=EDGE_CURVE('',#4090,#4089,#420,.T.);
#5144=EDGE_CURVE('',#4087,#4090,#421,.T.);
#5145=EDGE_CURVE('',#4091,#4091,#3390,.T.);
#5146=EDGE_CURVE('',#4091,#3993,#422,.T.);
#5147=EDGE_CURVE('',#4090,#4092,#423,.T.);
#5148=EDGE_CURVE('',#4093,#4089,#424,.T.);
#5149=EDGE_CURVE('',#4094,#4093,#3391,.T.);
#5150=EDGE_CURVE('',#4095,#4094,#3392,.T.);
#5151=EDGE_CURVE('',#4083,#4095,#3393,.T.);
#5152=EDGE_CURVE('',#4082,#4096,#425,.T.);
#5153=EDGE_CURVE('',#4096,#4097,#426,.T.);
#5154=EDGE_CURVE('',#4097,#4098,#427,.T.);
#5155=EDGE_CURVE('',#4098,#4099,#428,.T.);
#5156=EDGE_CURVE('',#4099,#4100,#3394,.T.);
#5157=EDGE_CURVE('',#4100,#4085,#29,.T.);
#5158=EDGE_CURVE('',#4088,#4101,#429,.T.);
#5159=EDGE_CURVE('',#4092,#4101,#3395,.T.);
#5160=EDGE_CURVE('',#4096,#4041,#430,.T.);
#5161=EDGE_CURVE('',#4037,#4100,#431,.T.);
#5162=EDGE_CURVE('',#4040,#4097,#432,.T.);
#5163=EDGE_CURVE('',#4039,#4098,#433,.T.);
#5164=EDGE_CURVE('',#4038,#4099,#434,.T.);
#5165=EDGE_CURVE('',#4102,#4102,#3396,.T.);
#5166=EDGE_CURVE('',#4103,#4103,#3397,.T.);
#5167=EDGE_CURVE('',#4104,#4104,#3398,.T.);
#5168=EDGE_CURVE('',#4105,#4068,#435,.T.);
#5169=EDGE_CURVE('',#4105,#4106,#436,.T.);
#5170=EDGE_CURVE('',#4062,#4106,#437,.T.);
#5171=EDGE_CURVE('',#4107,#4108,#3399,.T.);
#5172=EDGE_CURVE('',#4108,#4109,#438,.T.);
#5173=EDGE_CURVE('',#4109,#4110,#3400,.T.);
#5174=EDGE_CURVE('',#4110,#4111,#3401,.T.);
#5175=EDGE_CURVE('',#4111,#4112,#3402,.T.);
#5176=EDGE_CURVE('',#4112,#4113,#439,.T.);
#5177=EDGE_CURVE('',#4113,#4114,#3403,.T.);
#5178=EDGE_CURVE('',#4114,#4107,#3404,.T.);
#5179=EDGE_CURVE('',#4115,#4115,#3405,.T.);
#5180=EDGE_CURVE('',#4116,#4116,#3406,.T.);
#5181=EDGE_CURVE('',#4108,#4062,#440,.T.);
#5182=EDGE_CURVE('',#4107,#4079,#441,.T.);
#5183=EDGE_CURVE('',#4117,#4106,#442,.T.);
#5184=EDGE_CURVE('',#4109,#4117,#443,.T.);
#5185=EDGE_CURVE('',#4118,#4117,#3407,.T.);
#5186=EDGE_CURVE('',#4110,#4118,#444,.T.);
#5187=EDGE_CURVE('',#4119,#4118,#3408,.T.);
#5188=EDGE_CURVE('',#4111,#4119,#445,.T.);
#5189=EDGE_CURVE('',#4120,#4119,#3409,.T.);
#5190=EDGE_CURVE('',#4112,#4120,#446,.T.);
#5191=EDGE_CURVE('',#4105,#4120,#447,.T.);
#5192=EDGE_CURVE('',#4113,#4071,#448,.T.);
#5193=EDGE_CURVE('',#4114,#4080,#449,.T.);
#5194=EDGE_CURVE('',#4116,#4081,#450,.T.);
#5195=EDGE_CURVE('',#4115,#4104,#451,.T.);
#5196=EDGE_CURVE('',#4106,#4121,#452,.T.);
#5197=EDGE_CURVE('',#4121,#4122,#453,.T.);
#5198=EDGE_CURVE('',#4122,#4123,#454,.T.);
#5199=EDGE_CURVE('',#4123,#4124,#455,.T.);
#5200=EDGE_CURVE('',#4124,#4125,#3410,.T.);
#5201=EDGE_CURVE('',#4125,#4126,#3411,.T.);
#5202=EDGE_CURVE('',#4126,#4127,#3412,.T.);
#5203=EDGE_CURVE('',#4127,#4128,#456,.T.);
#5204=EDGE_CURVE('',#4128,#4129,#457,.T.);
#5205=EDGE_CURVE('',#4129,#4130,#3413,.T.);
#5206=EDGE_CURVE('',#4130,#4131,#3414,.T.);
#5207=EDGE_CURVE('',#4131,#4132,#3415,.T.);
#5208=EDGE_CURVE('',#4132,#4133,#3416,.T.);
#5209=EDGE_CURVE('',#4133,#4134,#3417,.T.);
#5210=EDGE_CURVE('',#4134,#4135,#3418,.T.);
#5211=EDGE_CURVE('',#4135,#4136,#3419,.T.);
#5212=EDGE_CURVE('',#4136,#4137,#3420,.T.);
#5213=EDGE_CURVE('',#4137,#4138,#3421,.T.);
#5214=EDGE_CURVE('',#4138,#4139,#3422,.T.);
#5215=EDGE_CURVE('',#4139,#4140,#3423,.T.);
#5216=EDGE_CURVE('',#4140,#4141,#3424,.T.);
#5217=EDGE_CURVE('',#4141,#4142,#3425,.T.);
#5218=EDGE_CURVE('',#4142,#4143,#3426,.T.);
#5219=EDGE_CURVE('',#4143,#4144,#3427,.T.);
#5220=EDGE_CURVE('',#4144,#4145,#3428,.T.);
#5221=EDGE_CURVE('',#4145,#4146,#3429,.T.);
#5222=EDGE_CURVE('',#4146,#4147,#3430,.T.);
#5223=EDGE_CURVE('',#4147,#4148,#3431,.T.);
#5224=EDGE_CURVE('',#4148,#4149,#3432,.T.);
#5225=EDGE_CURVE('',#4149,#4150,#3433,.T.);
#5226=EDGE_CURVE('',#4150,#4151,#3434,.T.);
#5227=EDGE_CURVE('',#4151,#4152,#3435,.T.);
#5228=EDGE_CURVE('',#4152,#4153,#3436,.T.);
#5229=EDGE_CURVE('',#4153,#4154,#3437,.T.);
#5230=EDGE_CURVE('',#4154,#4155,#3438,.T.);
#5231=EDGE_CURVE('',#4155,#4156,#3439,.T.);
#5232=EDGE_CURVE('',#4156,#4157,#3440,.T.);
#5233=EDGE_CURVE('',#4157,#4158,#3441,.T.);
#5234=EDGE_CURVE('',#4158,#4159,#3442,.T.);
#5235=EDGE_CURVE('',#4159,#4160,#3443,.T.);
#5236=EDGE_CURVE('',#4160,#4161,#3444,.T.);
#5237=EDGE_CURVE('',#4161,#4162,#3445,.T.);
#5238=EDGE_CURVE('',#4162,#4163,#458,.T.);
#5239=EDGE_CURVE('',#4163,#4164,#3446,.T.);
#5240=EDGE_CURVE('',#4164,#4165,#3447,.T.);
#5241=EDGE_CURVE('',#4165,#4166,#3448,.T.);
#5242=EDGE_CURVE('',#4166,#4167,#3449,.T.);
#5243=EDGE_CURVE('',#4167,#4168,#3450,.T.);
#5244=EDGE_CURVE('',#4168,#4169,#3451,.T.);
#5245=EDGE_CURVE('',#4169,#4170,#3452,.T.);
#5246=EDGE_CURVE('',#4170,#4171,#3453,.T.);
#5247=EDGE_CURVE('',#4171,#4172,#3454,.T.);
#5248=EDGE_CURVE('',#4172,#4173,#3455,.T.);
#5249=EDGE_CURVE('',#4173,#4174,#3456,.T.);
#5250=EDGE_CURVE('',#4174,#4175,#3457,.T.);
#5251=EDGE_CURVE('',#4175,#4176,#3458,.T.);
#5252=EDGE_CURVE('',#4176,#4177,#3459,.T.);
#5253=EDGE_CURVE('',#4177,#4178,#3460,.T.);
#5254=EDGE_CURVE('',#4178,#4179,#3461,.T.);
#5255=EDGE_CURVE('',#4179,#4180,#3462,.T.);
#5256=EDGE_CURVE('',#4180,#4181,#3463,.T.);
#5257=EDGE_CURVE('',#4181,#4182,#3464,.T.);
#5258=EDGE_CURVE('',#4182,#4183,#3465,.T.);
#5259=EDGE_CURVE('',#4183,#4184,#3466,.T.);
#5260=EDGE_CURVE('',#4184,#4185,#3467,.T.);
#5261=EDGE_CURVE('',#4185,#4186,#3468,.T.);
#5262=EDGE_CURVE('',#4186,#4187,#3469,.T.);
#5263=EDGE_CURVE('',#4187,#4188,#3470,.T.);
#5264=EDGE_CURVE('',#4188,#4189,#3471,.T.);
#5265=EDGE_CURVE('',#4189,#4190,#3472,.T.);
#5266=EDGE_CURVE('',#4190,#4191,#3473,.T.);
#5267=EDGE_CURVE('',#4191,#4192,#3474,.T.);
#5268=EDGE_CURVE('',#4192,#4193,#3475,.T.);
#5269=EDGE_CURVE('',#4193,#4194,#3476,.T.);
#5270=EDGE_CURVE('',#4194,#4195,#3477,.T.);
#5271=EDGE_CURVE('',#4195,#4196,#3478,.T.);
#5272=EDGE_CURVE('',#4196,#4197,#3479,.T.);
#5273=EDGE_CURVE('',#4197,#4198,#459,.T.);
#5274=EDGE_CURVE('',#4199,#4198,#460,.T.);
#5275=EDGE_CURVE('',#4199,#4200,#461,.T.);
#5276=EDGE_CURVE('',#4201,#4200,#3480,.T.);
#5277=EDGE_CURVE('',#4202,#4201,#3481,.T.);
#5278=EDGE_CURVE('',#4203,#4202,#3482,.T.);
#5279=EDGE_CURVE('',#4204,#4203,#3483,.T.);
#5280=EDGE_CURVE('',#4205,#4204,#3484,.T.);
#5281=EDGE_CURVE('',#4206,#4205,#3485,.T.);
#5282=EDGE_CURVE('',#4207,#4206,#3486,.T.);
#5283=EDGE_CURVE('',#4208,#4207,#3487,.T.);
#5284=EDGE_CURVE('',#4209,#4208,#3488,.T.);
#5285=EDGE_CURVE('',#4210,#4209,#3489,.T.);
#5286=EDGE_CURVE('',#4211,#4210,#3490,.T.);
#5287=EDGE_CURVE('',#4212,#4211,#3491,.T.);
#5288=EDGE_CURVE('',#4213,#4212,#3492,.T.);
#5289=EDGE_CURVE('',#4214,#4213,#3493,.T.);
#5290=EDGE_CURVE('',#4215,#4214,#3494,.T.);
#5291=EDGE_CURVE('',#4216,#4215,#3495,.T.);
#5292=EDGE_CURVE('',#4217,#4216,#3496,.T.);
#5293=EDGE_CURVE('',#4218,#4217,#3497,.T.);
#5294=EDGE_CURVE('',#4219,#4218,#3498,.T.);
#5295=EDGE_CURVE('',#4220,#4219,#3499,.T.);
#5296=EDGE_CURVE('',#4221,#4220,#3500,.T.);
#5297=EDGE_CURVE('',#4222,#4221,#3501,.T.);
#5298=EDGE_CURVE('',#4223,#4222,#3502,.T.);
#5299=EDGE_CURVE('',#4224,#4223,#3503,.T.);
#5300=EDGE_CURVE('',#4225,#4224,#3504,.T.);
#5301=EDGE_CURVE('',#4226,#4225,#3505,.T.);
#5302=EDGE_CURVE('',#4227,#4226,#3506,.T.);
#5303=EDGE_CURVE('',#4228,#4227,#3507,.T.);
#5304=EDGE_CURVE('',#4229,#4228,#3508,.T.);
#5305=EDGE_CURVE('',#4230,#4229,#3509,.T.);
#5306=EDGE_CURVE('',#4231,#4230,#3510,.T.);
#5307=EDGE_CURVE('',#4232,#4231,#3511,.T.);
#5308=EDGE_CURVE('',#4233,#4232,#3512,.T.);
#5309=EDGE_CURVE('',#4234,#4233,#3513,.T.);
#5310=EDGE_CURVE('',#4235,#4234,#3514,.T.);
#5311=EDGE_CURVE('',#4236,#4235,#3515,.T.);
#5312=EDGE_CURVE('',#4237,#4236,#3516,.T.);
#5313=EDGE_CURVE('',#4238,#4237,#3517,.T.);
#5314=EDGE_CURVE('',#4239,#4238,#3518,.T.);
#5315=EDGE_CURVE('',#4240,#4239,#3519,.T.);
#5316=EDGE_CURVE('',#4241,#4240,#3520,.T.);
#5317=EDGE_CURVE('',#4242,#4241,#3521,.T.);
#5318=EDGE_CURVE('',#4243,#4242,#3522,.T.);
#5319=EDGE_CURVE('',#4244,#4243,#3523,.T.);
#5320=EDGE_CURVE('',#4245,#4244,#3524,.T.);
#5321=EDGE_CURVE('',#4246,#4245,#3525,.T.);
#5322=EDGE_CURVE('',#4247,#4246,#3526,.T.);
#5323=EDGE_CURVE('',#4248,#4247,#3527,.T.);
#5324=EDGE_CURVE('',#4249,#4248,#3528,.T.);
#5325=EDGE_CURVE('',#4250,#4249,#3529,.T.);
#5326=EDGE_CURVE('',#4251,#4250,#3530,.T.);
#5327=EDGE_CURVE('',#4252,#4251,#3531,.T.);
#5328=EDGE_CURVE('',#4253,#4252,#3532,.T.);
#5329=EDGE_CURVE('',#4254,#4253,#3533,.T.);
#5330=EDGE_CURVE('',#4255,#4254,#3534,.T.);
#5331=EDGE_CURVE('',#4256,#4255,#3535,.T.);
#5332=EDGE_CURVE('',#4256,#4105,#462,.T.);
#5333=EDGE_CURVE('',#4257,#4257,#3536,.T.);
#5334=EDGE_CURVE('',#4258,#4258,#3537,.T.);
#5335=EDGE_CURVE('',#4259,#4259,#3538,.T.);
#5336=EDGE_CURVE('',#4260,#4261,#3539,.T.);
#5337=EDGE_CURVE('',#4262,#4260,#3540,.T.);
#5338=EDGE_CURVE('',#4263,#4262,#3541,.T.);
#5339=EDGE_CURVE('',#4264,#4263,#463,.T.);
#5340=EDGE_CURVE('',#4265,#4264,#3542,.T.);
#5341=EDGE_CURVE('',#4266,#4265,#3543,.T.);
#5342=EDGE_CURVE('',#4267,#4266,#3544,.T.);
#5343=EDGE_CURVE('',#4261,#4267,#464,.T.);
#5344=EDGE_CURVE('',#4268,#4268,#3545,.T.);
#5345=EDGE_CURVE('',#4269,#4269,#3546,.T.);
#5346=EDGE_CURVE('',#4048,#4261,#465,.T.);
#5347=EDGE_CURVE('',#4047,#4260,#466,.T.);
#5348=EDGE_CURVE('',#4020,#4267,#467,.T.);
#5349=EDGE_CURVE('',#4021,#4266,#468,.T.);
#5350=EDGE_CURVE('',#4022,#4265,#469,.T.);
#5351=EDGE_CURVE('',#4023,#4264,#470,.T.);
#5352=EDGE_CURVE('',#4045,#4263,#471,.T.);
#5353=EDGE_CURVE('',#4046,#4262,#472,.T.);
#5354=EDGE_CURVE('',#4259,#4268,#473,.T.);
#5355=EDGE_CURVE('',#4258,#4269,#474,.T.);
#5356=EDGE_CURVE('',#4270,#4271,#3547,.T.);
#5357=EDGE_CURVE('',#4272,#4270,#475,.T.);
#5358=EDGE_CURVE('',#4272,#4273,#3548,.T.);
#5359=EDGE_CURVE('',#4273,#4274,#476,.T.);
#5360=EDGE_CURVE('',#4271,#4274,#3549,.T.);
#5361=EDGE_CURVE('',#4275,#4197,#477,.T.);
#5362=EDGE_CURVE('',#4276,#4197,#3550,.T.);
#5363=EDGE_CURVE('',#4277,#4276,#3551,.T.);
#5364=EDGE_CURVE('',#4275,#4277,#3552,.T.);
#5365=EDGE_CURVE('',#4278,#4279,#478,.T.);
#5366=EDGE_CURVE('',#4280,#4279,#3553,.T.);
#5367=EDGE_CURVE('',#4281,#4280,#3554,.T.);
#5368=EDGE_CURVE('',#4278,#4281,#3555,.T.);
#5369=EDGE_CURVE('',#4282,#4283,#479,.T.);
#5370=EDGE_CURVE('',#4284,#4283,#3556,.T.);
#5371=EDGE_CURVE('',#4285,#4284,#3557,.T.);
#5372=EDGE_CURVE('',#4282,#4285,#3558,.T.);
#5373=EDGE_CURVE('',#4286,#4287,#480,.T.);
#5374=EDGE_CURVE('',#4288,#4287,#3559,.T.);
#5375=EDGE_CURVE('',#4289,#4288,#3560,.T.);
#5376=EDGE_CURVE('',#4290,#4289,#3561,.T.);
#5377=EDGE_CURVE('',#4291,#4290,#3562,.T.);
#5378=EDGE_CURVE('',#4292,#4291,#3563,.T.);
#5379=EDGE_CURVE('',#4293,#4292,#3564,.T.);
#5380=EDGE_CURVE('',#4294,#4293,#3565,.T.);
#5381=EDGE_CURVE('',#4129,#4294,#3566,.T.);
#5382=EDGE_CURVE('',#4129,#4286,#481,.T.);
#5383=EDGE_CURVE('',#4295,#4090,#482,.T.);
#5384=EDGE_CURVE('',#4295,#4296,#3567,.T.);
#5385=EDGE_CURVE('',#4296,#4297,#483,.T.);
#5386=EDGE_CURVE('',#4297,#4088,#484,.T.);
#5387=EDGE_CURVE('',#4298,#4299,#3568,.T.);
#5388=EDGE_CURVE('',#4300,#4298,#485,.T.);
#5389=EDGE_CURVE('',#4300,#4301,#3569,.T.);
#5390=EDGE_CURVE('',#4301,#4299,#486,.T.);
#5391=EDGE_CURVE('',#4302,#4303,#3570,.T.);
#5392=EDGE_CURVE('',#4172,#4302,#487,.T.);
#5393=EDGE_CURVE('',#4171,#4303,#488,.T.);
#5394=EDGE_CURVE('',#4304,#4305,#3571,.T.);
#5395=EDGE_CURVE('',#4168,#4304,#489,.T.);
#5396=EDGE_CURVE('',#4167,#4305,#490,.T.);
#5397=EDGE_CURVE('',#4306,#4307,#491,.T.);
#5398=EDGE_CURVE('',#4306,#4308,#3572,.T.);
#5399=EDGE_CURVE('',#4308,#4309,#3573,.T.);
#5400=EDGE_CURVE('',#4309,#4310,#3574,.T.);
#5401=EDGE_CURVE('',#4310,#4311,#3575,.T.);
#5402=EDGE_CURVE('',#4311,#4312,#3576,.T.);
#5403=EDGE_CURVE('',#4312,#4313,#3577,.T.);
#5404=EDGE_CURVE('',#4313,#4314,#3578,.T.);
#5405=EDGE_CURVE('',#4314,#4315,#3579,.T.);
#5406=EDGE_CURVE('',#4315,#4316,#3580,.T.);
#5407=EDGE_CURVE('',#4316,#4317,#3581,.T.);
#5408=EDGE_CURVE('',#4317,#4318,#3582,.T.);
#5409=EDGE_CURVE('',#4318,#4319,#3583,.T.);
#5410=EDGE_CURVE('',#4319,#4320,#3584,.T.);
#5411=EDGE_CURVE('',#4320,#4321,#3585,.T.);
#5412=EDGE_CURVE('',#4321,#4322,#3586,.T.);
#5413=EDGE_CURVE('',#4322,#4323,#3587,.T.);
#5414=EDGE_CURVE('',#4323,#4324,#3588,.T.);
#5415=EDGE_CURVE('',#4324,#4325,#3589,.T.);
#5416=EDGE_CURVE('',#4325,#4326,#3590,.T.);
#5417=EDGE_CURVE('',#4326,#4327,#3591,.T.);
#5418=EDGE_CURVE('',#4327,#4328,#3592,.T.);
#5419=EDGE_CURVE('',#4328,#4329,#3593,.T.);
#5420=EDGE_CURVE('',#4329,#4330,#3594,.T.);
#5421=EDGE_CURVE('',#4330,#4331,#3595,.T.);
#5422=EDGE_CURVE('',#4331,#4332,#3596,.T.);
#5423=EDGE_CURVE('',#4332,#4333,#3597,.T.);
#5424=EDGE_CURVE('',#4333,#4334,#3598,.T.);
#5425=EDGE_CURVE('',#4334,#4335,#3599,.T.);
#5426=EDGE_CURVE('',#4335,#4336,#3600,.T.);
#5427=EDGE_CURVE('',#4336,#4337,#3601,.T.);
#5428=EDGE_CURVE('',#4337,#4338,#3602,.T.);
#5429=EDGE_CURVE('',#4338,#4339,#3603,.T.);
#5430=EDGE_CURVE('',#4339,#4340,#3604,.T.);
#5431=EDGE_CURVE('',#4340,#4341,#3605,.T.);
#5432=EDGE_CURVE('',#4341,#4342,#3606,.T.);
#5433=EDGE_CURVE('',#4342,#4302,#3607,.T.);
#5434=EDGE_CURVE('',#4303,#4343,#3608,.T.);
#5435=EDGE_CURVE('',#4343,#4344,#3609,.T.);
#5436=EDGE_CURVE('',#4344,#4304,#3610,.T.);
#5437=EDGE_CURVE('',#4305,#4345,#3611,.T.);
#5438=EDGE_CURVE('',#4345,#4346,#3612,.T.);
#5439=EDGE_CURVE('',#4346,#4347,#3613,.T.);
#5440=EDGE_CURVE('',#4347,#4348,#3614,.T.);
#5441=EDGE_CURVE('',#4349,#4348,#492,.T.);
#5442=EDGE_CURVE('',#4349,#4350,#3615,.T.);
#5443=EDGE_CURVE('',#4350,#4351,#3616,.T.);
#5444=EDGE_CURVE('',#4351,#4352,#3617,.T.);
#5445=EDGE_CURVE('',#4352,#4353,#3618,.T.);
#5446=EDGE_CURVE('',#4353,#4354,#3619,.T.);
#5447=EDGE_CURVE('',#4354,#4355,#3620,.T.);
#5448=EDGE_CURVE('',#4355,#4356,#3621,.T.);
#5449=EDGE_CURVE('',#4356,#4357,#3622,.T.);
#5450=EDGE_CURVE('',#4357,#4358,#3623,.T.);
#5451=EDGE_CURVE('',#4358,#4359,#3624,.T.);
#5452=EDGE_CURVE('',#4359,#4360,#3625,.T.);
#5453=EDGE_CURVE('',#4360,#4361,#3626,.T.);
#5454=EDGE_CURVE('',#4361,#4362,#3627,.T.);
#5455=EDGE_CURVE('',#4362,#4363,#3628,.T.);
#5456=EDGE_CURVE('',#4363,#4364,#3629,.T.);
#5457=EDGE_CURVE('',#4364,#4365,#3630,.T.);
#5458=EDGE_CURVE('',#4365,#4366,#3631,.T.);
#5459=EDGE_CURVE('',#4366,#4367,#3632,.T.);
#5460=EDGE_CURVE('',#4367,#4368,#3633,.T.);
#5461=EDGE_CURVE('',#4368,#4369,#3634,.T.);
#5462=EDGE_CURVE('',#4369,#4370,#3635,.T.);
#5463=EDGE_CURVE('',#4370,#4371,#3636,.T.);
#5464=EDGE_CURVE('',#4371,#4372,#3637,.T.);
#5465=EDGE_CURVE('',#4372,#4373,#3638,.T.);
#5466=EDGE_CURVE('',#4373,#4374,#3639,.T.);
#5467=EDGE_CURVE('',#4374,#4375,#3640,.T.);
#5468=EDGE_CURVE('',#4375,#4376,#3641,.T.);
#5469=EDGE_CURVE('',#4376,#4377,#3642,.T.);
#5470=EDGE_CURVE('',#4377,#4378,#3643,.T.);
#5471=EDGE_CURVE('',#4378,#4379,#3644,.T.);
#5472=EDGE_CURVE('',#4379,#4380,#3645,.T.);
#5473=EDGE_CURVE('',#4380,#4381,#3646,.T.);
#5474=EDGE_CURVE('',#4381,#4382,#3647,.T.);
#5475=EDGE_CURVE('',#4382,#4383,#3648,.T.);
#5476=EDGE_CURVE('',#4383,#4384,#3649,.T.);
#5477=EDGE_CURVE('',#4384,#4385,#3650,.T.);
#5478=EDGE_CURVE('',#4385,#4386,#3651,.T.);
#5479=EDGE_CURVE('',#4386,#4387,#3652,.T.);
#5480=EDGE_CURVE('',#4387,#4388,#3653,.T.);
#5481=EDGE_CURVE('',#4388,#4389,#3654,.T.);
#5482=EDGE_CURVE('',#4389,#4390,#493,.T.);
#5483=EDGE_CURVE('',#4390,#4307,#3655,.T.);
#5484=EDGE_CURVE('',#4391,#4391,#3656,.T.);
#5485=EDGE_CURVE('',#4392,#4393,#3657,.T.);
#5486=EDGE_CURVE('',#4392,#4394,#494,.T.);
#5487=EDGE_CURVE('',#4395,#4394,#3658,.T.);
#5488=EDGE_CURVE('',#4396,#4395,#495,.T.);
#5489=EDGE_CURVE('',#4397,#4396,#3659,.T.);
#5490=EDGE_CURVE('',#4397,#4398,#496,.T.);
#5491=EDGE_CURVE('',#4399,#4398,#3660,.T.);
#5492=EDGE_CURVE('',#4393,#4399,#497,.T.);
#5493=EDGE_CURVE('',#4350,#4161,#498,.T.);
#5494=EDGE_CURVE('',#4349,#4162,#499,.T.);
#5495=EDGE_CURVE('',#4351,#4160,#500,.T.);
#5496=EDGE_CURVE('',#4352,#4159,#501,.T.);
#5497=EDGE_CURVE('',#4353,#4158,#502,.T.);
#5498=EDGE_CURVE('',#4354,#4157,#503,.T.);
#5499=EDGE_CURVE('',#4355,#4156,#504,.T.);
#5500=EDGE_CURVE('',#4356,#4155,#505,.T.);
#5501=EDGE_CURVE('',#4357,#4154,#506,.T.);
#5502=EDGE_CURVE('',#4358,#4153,#507,.T.);
#5503=EDGE_CURVE('',#4359,#4152,#508,.T.);
#5504=EDGE_CURVE('',#4360,#4151,#509,.T.);
#5505=EDGE_CURVE('',#4361,#4150,#510,.T.);
#5506=EDGE_CURVE('',#4362,#4149,#511,.T.);
#5507=EDGE_CURVE('',#4363,#4148,#512,.T.);
#5508=EDGE_CURVE('',#4364,#4147,#513,.T.);
#5509=EDGE_CURVE('',#4365,#4146,#514,.T.);
#5510=EDGE_CURVE('',#4366,#4145,#515,.T.);
#5511=EDGE_CURVE('',#4367,#4144,#516,.T.);
#5512=EDGE_CURVE('',#4368,#4143,#517,.T.);
#5513=EDGE_CURVE('',#4369,#4142,#518,.T.);
#5514=EDGE_CURVE('',#4370,#4141,#519,.T.);
#5515=EDGE_CURVE('',#4371,#4140,#520,.T.);
#5516=EDGE_CURVE('',#4372,#4139,#521,.T.);
#5517=EDGE_CURVE('',#4373,#4138,#522,.T.);
#5518=EDGE_CURVE('',#4374,#4137,#523,.T.);
#5519=EDGE_CURVE('',#4375,#4136,#524,.T.);
#5520=EDGE_CURVE('',#4376,#4135,#525,.T.);
#5521=EDGE_CURVE('',#4377,#4134,#526,.T.);
#5522=EDGE_CURVE('',#4378,#4133,#527,.T.);
#5523=EDGE_CURVE('',#4379,#4132,#528,.T.);
#5524=EDGE_CURVE('',#4380,#4131,#529,.T.);
#5525=EDGE_CURVE('',#4381,#4130,#530,.T.);
#5526=EDGE_CURVE('',#4382,#4294,#531,.T.);
#5527=EDGE_CURVE('',#4383,#4293,#532,.T.);
#5528=EDGE_CURVE('',#4384,#4292,#533,.T.);
#5529=EDGE_CURVE('',#4385,#4291,#534,.T.);
#5530=EDGE_CURVE('',#4386,#4290,#535,.T.);
#5531=EDGE_CURVE('',#4387,#4289,#536,.T.);
#5532=EDGE_CURVE('',#4388,#4288,#537,.T.);
#5533=EDGE_CURVE('',#4400,#4287,#3661,.T.);
#5534=EDGE_CURVE('',#4400,#4389,#538,.T.);
#5535=EDGE_CURVE('',#4401,#4402,#3662,.T.);
#5536=EDGE_CURVE('',#4308,#4401,#539,.T.);
#5537=EDGE_CURVE('',#4402,#4306,#540,.T.);
#5538=EDGE_CURVE('',#4282,#4401,#3663,.T.);
#5539=EDGE_CURVE('',#4309,#4285,#541,.T.);
#5540=EDGE_CURVE('',#4310,#4284,#542,.T.);
#5541=EDGE_CURVE('',#4403,#4283,#3664,.T.);
#5542=EDGE_CURVE('',#4311,#4403,#543,.T.);
#5543=EDGE_CURVE('',#4404,#4403,#3665,.T.);
#5544=EDGE_CURVE('',#4312,#4404,#544,.T.);
#5545=EDGE_CURVE('',#4278,#4404,#3666,.T.);
#5546=EDGE_CURVE('',#4313,#4281,#545,.T.);
#5547=EDGE_CURVE('',#4314,#4280,#546,.T.);
#5548=EDGE_CURVE('',#4405,#4279,#3667,.T.);
#5549=EDGE_CURVE('',#4315,#4405,#547,.T.);
#5550=EDGE_CURVE('',#4406,#4405,#3668,.T.);
#5551=EDGE_CURVE('',#4316,#4406,#548,.T.);
#5552=EDGE_CURVE('',#4275,#4406,#3669,.T.);
#5553=EDGE_CURVE('',#4317,#4277,#549,.T.);
#5554=EDGE_CURVE('',#4318,#4276,#550,.T.);
#5555=EDGE_CURVE('',#4319,#4196,#551,.T.);
#5556=EDGE_CURVE('',#4320,#4195,#552,.T.);
#5557=EDGE_CURVE('',#4321,#4194,#553,.T.);
#5558=EDGE_CURVE('',#4322,#4193,#554,.T.);
#5559=EDGE_CURVE('',#4323,#4192,#555,.T.);
#5560=EDGE_CURVE('',#4324,#4191,#556,.T.);
#5561=EDGE_CURVE('',#4325,#4190,#557,.T.);
#5562=EDGE_CURVE('',#4326,#4189,#558,.T.);
#5563=EDGE_CURVE('',#4327,#4188,#559,.T.);
#5564=EDGE_CURVE('',#4328,#4187,#560,.T.);
#5565=EDGE_CURVE('',#4329,#4186,#561,.T.);
#5566=EDGE_CURVE('',#4330,#4185,#562,.T.);
#5567=EDGE_CURVE('',#4331,#4184,#563,.T.);
#5568=EDGE_CURVE('',#4332,#4183,#564,.T.);
#5569=EDGE_CURVE('',#4333,#4182,#565,.T.);
#5570=EDGE_CURVE('',#4334,#4181,#566,.T.);
#5571=EDGE_CURVE('',#4335,#4180,#567,.T.);
#5572=EDGE_CURVE('',#4336,#4179,#568,.T.);
#5573=EDGE_CURVE('',#4337,#4178,#569,.T.);
#5574=EDGE_CURVE('',#4338,#4177,#570,.T.);
#5575=EDGE_CURVE('',#4339,#4176,#571,.T.);
#5576=EDGE_CURVE('',#4175,#4340,#572,.T.);
#5577=EDGE_CURVE('',#4295,#4400,#573,.T.);
#5578=EDGE_CURVE('',#4092,#4390,#574,.T.);
#5579=EDGE_CURVE('',#4402,#4297,#575,.T.);
#5580=EDGE_CURVE('',#4101,#4307,#576,.T.);
#5581=EDGE_CURVE('',#4043,#4391,#577,.T.);
#5582=EDGE_CURVE('',#4166,#4345,#578,.T.);
#5583=EDGE_CURVE('',#4165,#4346,#579,.T.);
#5584=EDGE_CURVE('',#4164,#4347,#580,.T.);
#5585=EDGE_CURVE('',#4163,#4348,#581,.T.);
#5586=EDGE_CURVE('',#4300,#4392,#582,.T.);
#5587=EDGE_CURVE('',#4407,#4298,#583,.T.);
#5588=EDGE_CURVE('',#4407,#4394,#584,.T.);
#5589=EDGE_CURVE('',#4408,#4407,#3670,.T.);
#5590=EDGE_CURVE('',#4408,#4395,#585,.T.);
#5591=EDGE_CURVE('',#4274,#4408,#586,.T.);
#5592=EDGE_CURVE('',#4273,#4396,#587,.T.);
#5593=EDGE_CURVE('',#4272,#4397,#588,.T.);
#5594=EDGE_CURVE('',#4409,#4270,#589,.T.);
#5595=EDGE_CURVE('',#4409,#4398,#590,.T.);
#5596=EDGE_CURVE('',#4410,#4409,#3671,.T.);
#5597=EDGE_CURVE('',#4410,#4399,#591,.T.);
#5598=EDGE_CURVE('',#4299,#4410,#592,.T.);
#5599=EDGE_CURVE('',#4301,#4393,#593,.T.);
#5600=EDGE_CURVE('',#4169,#4344,#594,.T.);
#5601=EDGE_CURVE('',#4170,#4343,#595,.T.);
#5602=EDGE_CURVE('',#4173,#4342,#596,.T.);
#5603=EDGE_CURVE('',#4174,#4341,#597,.T.);
#5604=EDGE_CURVE('',#4299,#4270,#3672,.T.);
#5605=EDGE_CURVE('',#4279,#4275,#598,.T.);
#5606=EDGE_CURVE('',#4287,#4411,#599,.T.);
#5607=EDGE_CURVE('',#4411,#4295,#3673,.T.);
#5608=EDGE_CURVE('',#4283,#4278,#600,.T.);
#5609=EDGE_CURVE('',#4297,#4282,#601,.T.);
#5610=EDGE_CURVE('',#4274,#4298,#3674,.T.);
#5611=EDGE_CURVE('',#4412,#4412,#3675,.T.);
#5612=EDGE_CURVE('',#4413,#4413,#3676,.T.);
#5613=EDGE_CURVE('',#4123,#4083,#602,.T.);
#5614=EDGE_CURVE('',#4123,#4128,#603,.T.);
#5615=EDGE_CURVE('',#4089,#4128,#604,.T.);
#5616=EDGE_CURVE('',#4414,#4415,#3677,.T.);
#5617=EDGE_CURVE('',#4415,#4416,#605,.T.);
#5618=EDGE_CURVE('',#4416,#4417,#3678,.T.);
#5619=EDGE_CURVE('',#4417,#4418,#3679,.T.);
#5620=EDGE_CURVE('',#4418,#4419,#3680,.T.);
#5621=EDGE_CURVE('',#4419,#4420,#606,.T.);
#5622=EDGE_CURVE('',#4420,#4421,#3681,.T.);
#5623=EDGE_CURVE('',#4421,#4414,#3682,.T.);
#5624=EDGE_CURVE('',#4422,#4422,#3683,.T.);
#5625=EDGE_CURVE('',#4423,#4423,#3684,.T.);
#5626=EDGE_CURVE('',#4415,#4093,#607,.T.);
#5627=EDGE_CURVE('',#4414,#4094,#608,.T.);
#5628=EDGE_CURVE('',#4416,#4127,#609,.T.);
#5629=EDGE_CURVE('',#4417,#4126,#610,.T.);
#5630=EDGE_CURVE('',#4418,#4125,#611,.T.);
#5631=EDGE_CURVE('',#4419,#4124,#612,.T.);
#5632=EDGE_CURVE('',#4420,#4083,#613,.T.);
#5633=EDGE_CURVE('',#4421,#4095,#614,.T.);
#5634=EDGE_CURVE('',#4423,#4102,#615,.T.);
#5635=EDGE_CURVE('',#4422,#4413,#616,.T.);
#5636=EDGE_CURVE('',#4424,#4425,#3685,.T.);
#5637=EDGE_CURVE('',#4424,#4426,#617,.T.);
#5638=EDGE_CURVE('',#4427,#4426,#3686,.T.);
#5639=EDGE_CURVE('',#4425,#4427,#3687,.T.);
#5640=EDGE_CURVE('',#4428,#4429,#618,.T.);
#5641=EDGE_CURVE('',#4430,#4428,#21,.T.);
#5642=EDGE_CURVE('',#4431,#4430,#619,.T.);
#5643=EDGE_CURVE('',#4429,#4431,#22,.T.);
#5644=EDGE_CURVE('',#4432,#4432,#3688,.T.);
#5645=EDGE_CURVE('',#4432,#4433,#620,.T.);
#5646=EDGE_CURVE('',#4433,#4433,#3689,.T.);
#5647=EDGE_CURVE('',#4434,#4434,#3690,.T.);
#5648=EDGE_CURVE('',#4434,#4435,#621,.T.);
#5649=EDGE_CURVE('',#4435,#4435,#3691,.T.);
#5650=EDGE_CURVE('',#4436,#4436,#3692,.T.);
#5651=EDGE_CURVE('',#4436,#4437,#622,.T.);
#5652=EDGE_CURVE('',#4437,#4437,#3693,.T.);
#5653=EDGE_CURVE('',#4438,#4438,#3694,.T.);
#5654=EDGE_CURVE('',#4438,#4439,#623,.T.);
#5655=EDGE_CURVE('',#4439,#4439,#3695,.T.);
#5656=EDGE_CURVE('',#4440,#4441,#3696,.T.);
#5657=EDGE_CURVE('',#4441,#4442,#624,.T.);
#5658=EDGE_CURVE('',#4442,#4443,#3697,.T.);
#5659=EDGE_CURVE('',#4443,#4440,#625,.T.);
#5660=EDGE_CURVE('',#4444,#4443,#626,.T.);
#5661=EDGE_CURVE('',#4445,#4444,#627,.T.);
#5662=EDGE_CURVE('',#4440,#4445,#628,.T.);
#5663=EDGE_CURVE('',#4442,#4446,#629,.T.);
#5664=EDGE_CURVE('',#4446,#4027,#630,.T.);
#5665=EDGE_CURVE('',#4447,#4026,#631,.T.);
#5666=EDGE_CURVE('',#4444,#4447,#3698,.T.);
#5667=EDGE_CURVE('',#4431,#4448,#632,.T.);
#5668=EDGE_CURVE('',#4448,#4449,#3699,.T.);
#5669=EDGE_CURVE('',#4449,#4450,#633,.T.);
#5670=EDGE_CURVE('',#4450,#4451,#3700,.T.);
#5671=EDGE_CURVE('',#4451,#4452,#634,.T.);
#5672=EDGE_CURVE('',#4452,#4453,#3701,.T.);
#5673=EDGE_CURVE('',#4453,#4429,#635,.T.);
#5674=EDGE_CURVE('',#4454,#4445,#3702,.T.);
#5675=EDGE_CURVE('',#4447,#4454,#636,.T.);
#5676=EDGE_CURVE('',#4455,#4456,#3703,.T.);
#5677=EDGE_CURVE('',#4456,#4457,#637,.T.);
#5678=EDGE_CURVE('',#4457,#4457,#3704,.T.);
#5679=EDGE_CURVE('',#4456,#4458,#3705,.T.);
#5680=EDGE_CURVE('',#4455,#4458,#3706,.T.);
#5681=EDGE_CURVE('',#4459,#4455,#638,.T.);
#5682=EDGE_CURVE('',#4460,#4459,#3707,.T.);
#5683=EDGE_CURVE('',#4458,#4460,#639,.T.);
#5684=EDGE_CURVE('',#4461,#4458,#640,.T.);
#5685=EDGE_CURVE('',#4462,#4461,#3708,.T.);
#5686=EDGE_CURVE('',#4430,#4462,#641,.T.);
#5687=EDGE_CURVE('',#4463,#4428,#642,.T.);
#5688=EDGE_CURVE('',#4464,#4463,#3709,.T.);
#5689=EDGE_CURVE('',#4455,#4464,#643,.T.);
#5690=EDGE_CURVE('',#4453,#4463,#644,.T.);
#5691=EDGE_CURVE('',#4452,#4464,#645,.T.);
#5692=EDGE_CURVE('',#4451,#4459,#646,.T.);
#5693=EDGE_CURVE('',#4450,#4460,#647,.T.);
#5694=EDGE_CURVE('',#4449,#4461,#648,.T.);
#5695=EDGE_CURVE('',#4448,#4462,#649,.T.);
#5696=EDGE_CURVE('',#4465,#4441,#650,.T.);
#5697=EDGE_CURVE('',#4446,#4465,#651,.T.);
#5698=EDGE_CURVE('',#4466,#4465,#652,.T.);
#5699=EDGE_CURVE('',#4027,#4466,#653,.T.);
#5700=EDGE_CURVE('',#4454,#4199,#654,.T.);
#5701=EDGE_CURVE('',#4198,#4466,#655,.T.);
#5702=EDGE_CURVE('',#4467,#4467,#3710,.T.);
#5703=EDGE_CURVE('',#4467,#4468,#656,.T.);
#5704=EDGE_CURVE('',#4468,#4468,#3711,.T.);
#5705=EDGE_CURVE('',#4469,#4469,#3712,.T.);
#5706=EDGE_CURVE('',#4469,#4470,#657,.T.);
#5707=EDGE_CURVE('',#4470,#4470,#3713,.T.);
#5708=EDGE_CURVE('',#4471,#4472,#3714,.T.);
#5709=EDGE_CURVE('',#4296,#4471,#658,.F.);
#5710=EDGE_CURVE('',#4472,#4411,#659,.T.);
#5711=EDGE_CURVE('',#4473,#4474,#660,.T.);
#5712=EDGE_CURVE('',#4475,#4474,#661,.T.);
#5713=EDGE_CURVE('',#4476,#4475,#662,.T.);
#5714=EDGE_CURVE('',#4473,#4476,#663,.T.);
#5715=EDGE_CURVE('',#4477,#4477,#3715,.F.);
#5716=EDGE_CURVE('',#4478,#4479,#664,.T.);
#5717=EDGE_CURVE('',#4478,#4480,#665,.T.);
#5718=EDGE_CURVE('',#4480,#4481,#3716,.T.);
#5719=EDGE_CURVE('',#4481,#4471,#666,.T.);
#5720=EDGE_CURVE('',#4472,#4479,#667,.T.);
#5721=EDGE_CURVE('',#4482,#4483,#668,.T.);
#5722=EDGE_CURVE('',#4484,#4482,#669,.T.);
#5723=EDGE_CURVE('',#4484,#4485,#670,.T.);
#5724=EDGE_CURVE('',#4485,#4483,#671,.T.);
#5725=EDGE_CURVE('',#4485,#4473,#672,.T.);
#5726=EDGE_CURVE('',#4483,#4476,#673,.T.);
#5727=EDGE_CURVE('',#4479,#4031,#674,.T.);
#5728=EDGE_CURVE('',#4478,#4030,#675,.T.);
#5729=EDGE_CURVE('',#4481,#4028,#676,.T.);
#5730=EDGE_CURVE('',#4484,#4474,#677,.T.);
#5731=EDGE_CURVE('',#4482,#4475,#678,.T.);
#5732=EDGE_CURVE('',#4412,#3991,#679,.T.);
#5733=EDGE_CURVE('',#4286,#4032,#680,.T.);
#5734=EDGE_CURVE('',#4103,#4257,#681,.T.);
#5735=EDGE_CURVE('',#4122,#4017,#682,.T.);
#5736=EDGE_CURVE('',#4121,#4018,#683,.T.);
#5737=EDGE_CURVE('',#4426,#4256,#684,.T.);
#5738=EDGE_CURVE('',#4486,#4424,#685,.T.);
#5739=EDGE_CURVE('',#4486,#4025,#686,.T.);
#5740=EDGE_CURVE('',#4271,#4477,#687,.T.);
#5741=EDGE_CURVE('',#4029,#4480,#688,.F.);
#5742=EDGE_CURVE('',#4200,#4486,#689,.T.);
#5743=EDGE_CURVE('',#4487,#4256,#3717,.T.);
#5744=EDGE_CURVE('',#4426,#4487,#3718,.T.);
#5745=EDGE_CURVE('',#4488,#4065,#690,.T.);
#5746=EDGE_CURVE('',#4489,#4488,#3719,.T.);
#5747=EDGE_CURVE('',#4490,#4489,#3720,.T.);
#5748=EDGE_CURVE('',#4491,#4490,#3721,.T.);
#5749=EDGE_CURVE('',#4492,#4491,#3722,.T.);
#5750=EDGE_CURVE('',#4493,#4492,#3723,.T.);
#5751=EDGE_CURVE('',#4494,#4493,#3724,.T.);
#5752=EDGE_CURVE('',#4495,#4494,#3725,.T.);
#5753=EDGE_CURVE('',#4496,#4495,#3726,.T.);
#5754=EDGE_CURVE('',#4497,#4496,#3727,.T.);
#5755=EDGE_CURVE('',#4498,#4497,#3728,.T.);
#5756=EDGE_CURVE('',#4499,#4498,#3729,.T.);
#5757=EDGE_CURVE('',#4500,#4499,#3730,.T.);
#5758=EDGE_CURVE('',#4501,#4500,#3731,.T.);
#5759=EDGE_CURVE('',#4502,#4501,#3732,.T.);
#5760=EDGE_CURVE('',#4503,#4502,#3733,.T.);
#5761=EDGE_CURVE('',#4504,#4503,#3734,.T.);
#5762=EDGE_CURVE('',#4505,#4504,#3735,.T.);
#5763=EDGE_CURVE('',#4506,#4505,#3736,.T.);
#5764=EDGE_CURVE('',#4507,#4506,#3737,.T.);
#5765=EDGE_CURVE('',#4200,#4507,#3738,.T.);
#5766=EDGE_CURVE('',#4508,#4424,#3739,.T.);
#5767=EDGE_CURVE('',#4509,#4508,#3740,.T.);
#5768=EDGE_CURVE('',#4510,#4509,#3741,.T.);
#5769=EDGE_CURVE('',#4511,#4510,#3742,.T.);
#5770=EDGE_CURVE('',#4512,#4511,#3743,.T.);
#5771=EDGE_CURVE('',#4513,#4512,#3744,.T.);
#5772=EDGE_CURVE('',#4514,#4513,#3745,.T.);
#5773=EDGE_CURVE('',#4067,#4514,#691,.T.);
#5774=EDGE_CURVE('',#4515,#4516,#3746,.T.);
#5775=EDGE_CURVE('',#4516,#4517,#692,.T.);
#5776=EDGE_CURVE('',#4517,#4518,#3747,.T.);
#5777=EDGE_CURVE('',#4518,#4519,#693,.T.);
#5778=EDGE_CURVE('',#4519,#4520,#3748,.T.);
#5779=EDGE_CURVE('',#4520,#4521,#3749,.T.);
#5780=EDGE_CURVE('',#4521,#4522,#3750,.T.);
#5781=EDGE_CURVE('',#4522,#4523,#3751,.T.);
#5782=EDGE_CURVE('',#4523,#4524,#3752,.T.);
#5783=EDGE_CURVE('',#4524,#4525,#3753,.T.);
#5784=EDGE_CURVE('',#4525,#4526,#3754,.T.);
#5785=EDGE_CURVE('',#4526,#4527,#3755,.T.);
#5786=EDGE_CURVE('',#4527,#4528,#3756,.T.);
#5787=EDGE_CURVE('',#4528,#4529,#3757,.T.);
#5788=EDGE_CURVE('',#4529,#4530,#3758,.T.);
#5789=EDGE_CURVE('',#4530,#4531,#3759,.T.);
#5790=EDGE_CURVE('',#4531,#4532,#3760,.T.);
#5791=EDGE_CURVE('',#4532,#4533,#3761,.T.);
#5792=EDGE_CURVE('',#4533,#4534,#3762,.T.);
#5793=EDGE_CURVE('',#4534,#4535,#3763,.T.);
#5794=EDGE_CURVE('',#4535,#4536,#3764,.T.);
#5795=EDGE_CURVE('',#4536,#4537,#3765,.T.);
#5796=EDGE_CURVE('',#4537,#4538,#3766,.T.);
#5797=EDGE_CURVE('',#4538,#4539,#3767,.T.);
#5798=EDGE_CURVE('',#4539,#4540,#3768,.T.);
#5799=EDGE_CURVE('',#4540,#4541,#3769,.T.);
#5800=EDGE_CURVE('',#4541,#4542,#3770,.T.);
#5801=EDGE_CURVE('',#4542,#4543,#3771,.T.);
#5802=EDGE_CURVE('',#4543,#4544,#3772,.T.);
#5803=EDGE_CURVE('',#4544,#4545,#3773,.T.);
#5804=EDGE_CURVE('',#4545,#4546,#3774,.T.);
#5805=EDGE_CURVE('',#4546,#4547,#3775,.T.);
#5806=EDGE_CURVE('',#4547,#4548,#3776,.T.);
#5807=EDGE_CURVE('',#4548,#4549,#3777,.T.);
#5808=EDGE_CURVE('',#4549,#4550,#3778,.T.);
#5809=EDGE_CURVE('',#4550,#4551,#3779,.T.);
#5810=EDGE_CURVE('',#4551,#4552,#3780,.T.);
#5811=EDGE_CURVE('',#4552,#4553,#3781,.T.);
#5812=EDGE_CURVE('',#4553,#4554,#3782,.T.);
#5813=EDGE_CURVE('',#4554,#4555,#3783,.T.);
#5814=EDGE_CURVE('',#4555,#4556,#3784,.T.);
#5815=EDGE_CURVE('',#4556,#4557,#3785,.T.);
#5816=EDGE_CURVE('',#4557,#4558,#3786,.T.);
#5817=EDGE_CURVE('',#4558,#4559,#3787,.T.);
#5818=EDGE_CURVE('',#4559,#4560,#3788,.T.);
#5819=EDGE_CURVE('',#4560,#4561,#3789,.T.);
#5820=EDGE_CURVE('',#4561,#4562,#3790,.T.);
#5821=EDGE_CURVE('',#4562,#4563,#3791,.T.);
#5822=EDGE_CURVE('',#4563,#4564,#3792,.T.);
#5823=EDGE_CURVE('',#4564,#4565,#3793,.T.);
#5824=EDGE_CURVE('',#4565,#4566,#3794,.T.);
#5825=EDGE_CURVE('',#4566,#4567,#3795,.T.);
#5826=EDGE_CURVE('',#4567,#4568,#3796,.T.);
#5827=EDGE_CURVE('',#4568,#4569,#3797,.T.);
#5828=EDGE_CURVE('',#4569,#4570,#3798,.T.);
#5829=EDGE_CURVE('',#4570,#4571,#3799,.T.);
#5830=EDGE_CURVE('',#4571,#4572,#3800,.T.);
#5831=EDGE_CURVE('',#4572,#4573,#3801,.T.);
#5832=EDGE_CURVE('',#4573,#4574,#3802,.T.);
#5833=EDGE_CURVE('',#4574,#4575,#3803,.T.);
#5834=EDGE_CURVE('',#4575,#4576,#3804,.T.);
#5835=EDGE_CURVE('',#4576,#4577,#3805,.T.);
#5836=EDGE_CURVE('',#4577,#4578,#3806,.T.);
#5837=EDGE_CURVE('',#4578,#4579,#3807,.T.);
#5838=EDGE_CURVE('',#4579,#4580,#3808,.T.);
#5839=EDGE_CURVE('',#4580,#4581,#3809,.T.);
#5840=EDGE_CURVE('',#4581,#4582,#3810,.T.);
#5841=EDGE_CURVE('',#4582,#4583,#3811,.T.);
#5842=EDGE_CURVE('',#4583,#4584,#3812,.T.);
#5843=EDGE_CURVE('',#4584,#4585,#3813,.T.);
#5844=EDGE_CURVE('',#4585,#4586,#3814,.T.);
#5845=EDGE_CURVE('',#4586,#4587,#3815,.T.);
#5846=EDGE_CURVE('',#4587,#4588,#3816,.T.);
#5847=EDGE_CURVE('',#4588,#4589,#3817,.T.);
#5848=EDGE_CURVE('',#4589,#4590,#3818,.T.);
#5849=EDGE_CURVE('',#4590,#4591,#3819,.T.);
#5850=EDGE_CURVE('',#4591,#4592,#3820,.T.);
#5851=EDGE_CURVE('',#4592,#4593,#3821,.T.);
#5852=EDGE_CURVE('',#4593,#4594,#3822,.T.);
#5853=EDGE_CURVE('',#4594,#4595,#3823,.T.);
#5854=EDGE_CURVE('',#4595,#4596,#3824,.T.);
#5855=EDGE_CURVE('',#4596,#4597,#3825,.T.);
#5856=EDGE_CURVE('',#4597,#4598,#3826,.T.);
#5857=EDGE_CURVE('',#4598,#4599,#3827,.T.);
#5858=EDGE_CURVE('',#4599,#4600,#3828,.T.);
#5859=EDGE_CURVE('',#4600,#4601,#3829,.T.);
#5860=EDGE_CURVE('',#4601,#4515,#3830,.T.);
#5861=EDGE_CURVE('',#4602,#4602,#3831,.T.);
#5862=EDGE_CURVE('',#4603,#4603,#3832,.T.);
#5863=EDGE_CURVE('',#4518,#4072,#694,.T.);
#5864=EDGE_CURVE('',#4517,#4073,#695,.T.);
#5865=EDGE_CURVE('',#4519,#4514,#696,.T.);
#5866=EDGE_CURVE('',#4520,#4513,#697,.T.);
#5867=EDGE_CURVE('',#4521,#4512,#698,.T.);
#5868=EDGE_CURVE('',#4522,#4511,#699,.T.);
#5869=EDGE_CURVE('',#4523,#4510,#700,.T.);
#5870=EDGE_CURVE('',#4524,#4509,#701,.T.);
#5871=EDGE_CURVE('',#4525,#4508,#702,.T.);
#5872=EDGE_CURVE('',#4526,#4425,#703,.T.);
#5873=EDGE_CURVE('',#4527,#4427,#704,.T.);
#5874=EDGE_CURVE('',#4528,#4487,#705,.T.);
#5875=EDGE_CURVE('',#4529,#4255,#706,.T.);
#5876=EDGE_CURVE('',#4530,#4254,#707,.T.);
#5877=EDGE_CURVE('',#4531,#4253,#708,.T.);
#5878=EDGE_CURVE('',#4532,#4252,#709,.T.);
#5879=EDGE_CURVE('',#4533,#4251,#710,.T.);
#5880=EDGE_CURVE('',#4534,#4250,#711,.T.);
#5881=EDGE_CURVE('',#4535,#4249,#712,.T.);
#5882=EDGE_CURVE('',#4536,#4248,#713,.T.);
#5883=EDGE_CURVE('',#4537,#4247,#714,.T.);
#5884=EDGE_CURVE('',#4538,#4246,#715,.T.);
#5885=EDGE_CURVE('',#4539,#4245,#716,.T.);
#5886=EDGE_CURVE('',#4540,#4244,#717,.T.);
#5887=EDGE_CURVE('',#4541,#4243,#718,.T.);
#5888=EDGE_CURVE('',#4542,#4242,#719,.T.);
#5889=EDGE_CURVE('',#4543,#4241,#720,.T.);
#5890=EDGE_CURVE('',#4544,#4240,#721,.T.);
#5891=EDGE_CURVE('',#4545,#4239,#722,.T.);
#5892=EDGE_CURVE('',#4546,#4238,#723,.T.);
#5893=EDGE_CURVE('',#4547,#4237,#724,.T.);
#5894=EDGE_CURVE('',#4548,#4236,#725,.T.);
#5895=EDGE_CURVE('',#4549,#4235,#726,.T.);
#5896=EDGE_CURVE('',#4550,#4234,#727,.T.);
#5897=EDGE_CURVE('',#4551,#4233,#728,.T.);
#5898=EDGE_CURVE('',#4552,#4232,#729,.T.);
#5899=EDGE_CURVE('',#4553,#4231,#730,.T.);
#5900=EDGE_CURVE('',#4554,#4230,#731,.T.);
#5901=EDGE_CURVE('',#4555,#4229,#732,.T.);
#5902=EDGE_CURVE('',#4556,#4228,#733,.T.);
#5903=EDGE_CURVE('',#4557,#4227,#734,.T.);
#5904=EDGE_CURVE('',#4558,#4226,#735,.T.);
#5905=EDGE_CURVE('',#4559,#4225,#736,.T.);
#5906=EDGE_CURVE('',#4560,#4224,#737,.T.);
#5907=EDGE_CURVE('',#4561,#4223,#738,.T.);
#5908=EDGE_CURVE('',#4562,#4222,#739,.T.);
#5909=EDGE_CURVE('',#4563,#4221,#740,.T.);
#5910=EDGE_CURVE('',#4564,#4220,#741,.T.);
#5911=EDGE_CURVE('',#4565,#4219,#742,.T.);
#5912=EDGE_CURVE('',#4566,#4218,#743,.T.);
#5913=EDGE_CURVE('',#4567,#4217,#744,.T.);
#5914=EDGE_CURVE('',#4568,#4216,#745,.T.);
#5915=EDGE_CURVE('',#4569,#4215,#746,.T.);
#5916=EDGE_CURVE('',#4570,#4214,#747,.T.);
#5917=EDGE_CURVE('',#4571,#4213,#748,.T.);
#5918=EDGE_CURVE('',#4572,#4212,#749,.T.);
#5919=EDGE_CURVE('',#4573,#4211,#750,.T.);
#5920=EDGE_CURVE('',#4574,#4210,#751,.T.);
#5921=EDGE_CURVE('',#4575,#4209,#752,.T.);
#5922=EDGE_CURVE('',#4576,#4208,#753,.T.);
#5923=EDGE_CURVE('',#4577,#4207,#754,.T.);
#5924=EDGE_CURVE('',#4578,#4206,#755,.T.);
#5925=EDGE_CURVE('',#4579,#4205,#756,.T.);
#5926=EDGE_CURVE('',#4580,#4204,#757,.T.);
#5927=EDGE_CURVE('',#4581,#4203,#758,.T.);
#5928=EDGE_CURVE('',#4582,#4202,#759,.T.);
#5929=EDGE_CURVE('',#4583,#4201,#760,.T.);
#5930=EDGE_CURVE('',#4584,#4507,#761,.T.);
#5931=EDGE_CURVE('',#4585,#4506,#762,.T.);
#5932=EDGE_CURVE('',#4586,#4505,#763,.T.);
#5933=EDGE_CURVE('',#4587,#4504,#764,.T.);
#5934=EDGE_CURVE('',#4588,#4503,#765,.T.);
#5935=EDGE_CURVE('',#4589,#4502,#766,.T.);
#5936=EDGE_CURVE('',#4590,#4501,#767,.T.);
#5937=EDGE_CURVE('',#4591,#4500,#768,.T.);
#5938=EDGE_CURVE('',#4592,#4499,#769,.T.);
#5939=EDGE_CURVE('',#4593,#4498,#770,.T.);
#5940=EDGE_CURVE('',#4594,#4497,#771,.T.);
#5941=EDGE_CURVE('',#4595,#4496,#772,.T.);
#5942=EDGE_CURVE('',#4596,#4495,#773,.T.);
#5943=EDGE_CURVE('',#4597,#4494,#774,.T.);
#5944=EDGE_CURVE('',#4598,#4493,#775,.T.);
#5945=EDGE_CURVE('',#4599,#4492,#776,.T.);
#5946=EDGE_CURVE('',#4600,#4491,#777,.T.);
#5947=EDGE_CURVE('',#4601,#4490,#778,.T.);
#5948=EDGE_CURVE('',#4515,#4489,#779,.T.);
#5949=EDGE_CURVE('',#4488,#4516,#780,.T.);
#5950=EDGE_CURVE('',#4602,#4033,#781,.T.);
#5951=EDGE_CURVE('',#4603,#4058,#782,.T.);
#5952=EDGE_CURVE('',#4604,#4605,#3833,.T.);
#5953=EDGE_CURVE('',#4604,#4606,#783,.T.);
#5954=EDGE_CURVE('',#4606,#4607,#3834,.T.);
#5955=EDGE_CURVE('',#4605,#4607,#784,.T.);
#5956=EDGE_CURVE('',#4608,#4609,#3835,.T.);
#5957=EDGE_CURVE('',#4608,#4610,#785,.T.);
#5958=EDGE_CURVE('',#4610,#4611,#3836,.T.);
#5959=EDGE_CURVE('',#4609,#4611,#786,.T.);
#5960=EDGE_CURVE('',#4612,#4613,#3837,.T.);
#5961=EDGE_CURVE('',#4612,#4614,#787,.T.);
#5962=EDGE_CURVE('',#4614,#4615,#3838,.T.);
#5963=EDGE_CURVE('',#4613,#4615,#788,.T.);
#5964=EDGE_CURVE('',#4616,#4617,#3839,.T.);
#5965=EDGE_CURVE('',#4616,#4618,#789,.T.);
#5966=EDGE_CURVE('',#4618,#4619,#3840,.T.);
#5967=EDGE_CURVE('',#4617,#4619,#790,.T.);
#5968=EDGE_CURVE('',#4620,#4621,#3841,.T.);
#5969=EDGE_CURVE('',#4620,#4622,#791,.T.);
#5970=EDGE_CURVE('',#4622,#4623,#3842,.T.);
#5971=EDGE_CURVE('',#4621,#4623,#792,.T.);
#5972=EDGE_CURVE('',#4624,#4625,#3843,.T.);
#5973=EDGE_CURVE('',#4624,#4626,#793,.T.);
#5974=EDGE_CURVE('',#4626,#4627,#3844,.T.);
#5975=EDGE_CURVE('',#4625,#4627,#794,.T.);
#5976=EDGE_CURVE('',#4628,#4629,#3845,.T.);
#5977=EDGE_CURVE('',#4628,#4630,#795,.T.);
#5978=EDGE_CURVE('',#4630,#4631,#3846,.T.);
#5979=EDGE_CURVE('',#4629,#4631,#796,.T.);
#5980=EDGE_CURVE('',#4632,#4633,#3847,.T.);
#5981=EDGE_CURVE('',#4632,#4634,#797,.T.);
#5982=EDGE_CURVE('',#4634,#4635,#3848,.T.);
#5983=EDGE_CURVE('',#4633,#4635,#798,.T.);
#5984=EDGE_CURVE('',#4636,#4637,#3849,.T.);
#5985=EDGE_CURVE('',#4636,#4638,#799,.T.);
#5986=EDGE_CURVE('',#4638,#4639,#3850,.T.);
#5987=EDGE_CURVE('',#4637,#4639,#800,.T.);
#5988=EDGE_CURVE('',#4640,#4641,#3851,.T.);
#5989=EDGE_CURVE('',#4640,#4642,#801,.T.);
#5990=EDGE_CURVE('',#4642,#4643,#3852,.T.);
#5991=EDGE_CURVE('',#4641,#4643,#802,.T.);
#5992=EDGE_CURVE('',#4644,#4645,#3853,.T.);
#5993=EDGE_CURVE('',#4644,#4646,#803,.T.);
#5994=EDGE_CURVE('',#4646,#4647,#3854,.T.);
#5995=EDGE_CURVE('',#4645,#4647,#804,.T.);
#5996=EDGE_CURVE('',#4648,#4649,#3855,.T.);
#5997=EDGE_CURVE('',#4648,#4650,#805,.T.);
#5998=EDGE_CURVE('',#4650,#4651,#3856,.T.);
#5999=EDGE_CURVE('',#4649,#4651,#806,.T.);
#6000=EDGE_CURVE('',#4652,#4653,#3857,.T.);
#6001=EDGE_CURVE('',#4652,#4654,#807,.T.);
#6002=EDGE_CURVE('',#4654,#4655,#3858,.T.);
#6003=EDGE_CURVE('',#4653,#4655,#808,.T.);
#6004=EDGE_CURVE('',#4656,#4657,#3859,.T.);
#6005=EDGE_CURVE('',#4656,#4658,#809,.T.);
#6006=EDGE_CURVE('',#4658,#4659,#3860,.T.);
#6007=EDGE_CURVE('',#4657,#4659,#810,.T.);
#6008=EDGE_CURVE('',#4660,#4661,#3861,.T.);
#6009=EDGE_CURVE('',#4660,#4662,#811,.T.);
#6010=EDGE_CURVE('',#4662,#4663,#3862,.T.);
#6011=EDGE_CURVE('',#4661,#4663,#812,.T.);
#6012=EDGE_CURVE('',#4664,#4665,#3863,.T.);
#6013=EDGE_CURVE('',#4664,#4666,#813,.T.);
#6014=EDGE_CURVE('',#4666,#4667,#3864,.T.);
#6015=EDGE_CURVE('',#4665,#4667,#814,.T.);
#6016=EDGE_CURVE('',#4668,#4669,#3865,.T.);
#6017=EDGE_CURVE('',#4668,#4670,#815,.T.);
#6018=EDGE_CURVE('',#4670,#4671,#3866,.T.);
#6019=EDGE_CURVE('',#4669,#4671,#816,.T.);
#6020=EDGE_CURVE('',#4672,#4673,#3867,.T.);
#6021=EDGE_CURVE('',#4672,#4674,#817,.T.);
#6022=EDGE_CURVE('',#4674,#4675,#3868,.T.);
#6023=EDGE_CURVE('',#4673,#4675,#818,.T.);
#6024=EDGE_CURVE('',#4676,#4677,#3869,.T.);
#6025=EDGE_CURVE('',#4676,#4678,#819,.T.);
#6026=EDGE_CURVE('',#4678,#4679,#3870,.T.);
#6027=EDGE_CURVE('',#4677,#4679,#820,.T.);
#6028=EDGE_CURVE('',#4680,#4681,#3871,.T.);
#6029=EDGE_CURVE('',#4680,#4682,#821,.T.);
#6030=EDGE_CURVE('',#4682,#4683,#3872,.T.);
#6031=EDGE_CURVE('',#4681,#4683,#822,.T.);
#6032=EDGE_CURVE('',#4684,#4685,#3873,.T.);
#6033=EDGE_CURVE('',#4684,#4686,#823,.T.);
#6034=EDGE_CURVE('',#4686,#4687,#3874,.T.);
#6035=EDGE_CURVE('',#4685,#4687,#824,.T.);
#6036=EDGE_CURVE('',#4688,#4689,#3875,.T.);
#6037=EDGE_CURVE('',#4688,#4690,#825,.T.);
#6038=EDGE_CURVE('',#4690,#4691,#3876,.T.);
#6039=EDGE_CURVE('',#4689,#4691,#826,.T.);
#6040=EDGE_CURVE('',#4692,#4693,#3877,.T.);
#6041=EDGE_CURVE('',#4692,#4694,#827,.T.);
#6042=EDGE_CURVE('',#4694,#4695,#3878,.T.);
#6043=EDGE_CURVE('',#4693,#4695,#828,.T.);
#6044=EDGE_CURVE('',#4696,#4697,#3879,.T.);
#6045=EDGE_CURVE('',#4696,#4698,#829,.T.);
#6046=EDGE_CURVE('',#4698,#4699,#3880,.T.);
#6047=EDGE_CURVE('',#4697,#4699,#830,.T.);
#6048=EDGE_CURVE('',#4700,#4701,#3881,.T.);
#6049=EDGE_CURVE('',#4700,#4702,#831,.T.);
#6050=EDGE_CURVE('',#4702,#4703,#3882,.T.);
#6051=EDGE_CURVE('',#4701,#4703,#832,.T.);
#6052=EDGE_CURVE('',#4704,#4705,#3883,.T.);
#6053=EDGE_CURVE('',#4704,#4706,#833,.T.);
#6054=EDGE_CURVE('',#4706,#4707,#3884,.T.);
#6055=EDGE_CURVE('',#4705,#4707,#834,.T.);
#6056=EDGE_CURVE('',#4708,#4709,#3885,.T.);
#6057=EDGE_CURVE('',#4708,#4710,#835,.T.);
#6058=EDGE_CURVE('',#4710,#4711,#3886,.T.);
#6059=EDGE_CURVE('',#4709,#4711,#836,.T.);
#6060=EDGE_CURVE('',#4712,#4713,#3887,.T.);
#6061=EDGE_CURVE('',#4712,#4714,#837,.T.);
#6062=EDGE_CURVE('',#4714,#4715,#3888,.T.);
#6063=EDGE_CURVE('',#4713,#4715,#838,.T.);
#6064=EDGE_CURVE('',#4716,#4717,#3889,.T.);
#6065=EDGE_CURVE('',#4716,#4718,#839,.T.);
#6066=EDGE_CURVE('',#4718,#4719,#3890,.T.);
#6067=EDGE_CURVE('',#4717,#4719,#840,.T.);
#6068=EDGE_CURVE('',#4720,#4721,#3891,.T.);
#6069=EDGE_CURVE('',#4720,#4722,#841,.T.);
#6070=EDGE_CURVE('',#4722,#4723,#3892,.T.);
#6071=EDGE_CURVE('',#4721,#4723,#842,.T.);
#6072=EDGE_CURVE('',#4724,#4725,#3893,.T.);
#6073=EDGE_CURVE('',#4724,#4726,#843,.T.);
#6074=EDGE_CURVE('',#4726,#4727,#3894,.T.);
#6075=EDGE_CURVE('',#4725,#4727,#844,.T.);
#6076=EDGE_CURVE('',#4728,#4729,#3895,.T.);
#6077=EDGE_CURVE('',#4728,#4730,#845,.T.);
#6078=EDGE_CURVE('',#4730,#4731,#3896,.T.);
#6079=EDGE_CURVE('',#4729,#4731,#846,.T.);
#6080=EDGE_CURVE('',#4732,#4733,#3897,.T.);
#6081=EDGE_CURVE('',#4732,#4734,#847,.T.);
#6082=EDGE_CURVE('',#4734,#4735,#3898,.T.);
#6083=EDGE_CURVE('',#4733,#4735,#848,.T.);
#6084=EDGE_CURVE('',#4736,#4737,#3899,.T.);
#6085=EDGE_CURVE('',#4736,#4738,#849,.T.);
#6086=EDGE_CURVE('',#4738,#4739,#3900,.T.);
#6087=EDGE_CURVE('',#4737,#4739,#850,.T.);
#6088=EDGE_CURVE('',#4740,#4741,#3901,.T.);
#6089=EDGE_CURVE('',#4740,#4742,#851,.T.);
#6090=EDGE_CURVE('',#4742,#4743,#3902,.T.);
#6091=EDGE_CURVE('',#4741,#4743,#852,.T.);
#6092=EDGE_CURVE('',#4744,#4745,#3903,.T.);
#6093=EDGE_CURVE('',#4744,#4746,#853,.T.);
#6094=EDGE_CURVE('',#4746,#4747,#3904,.T.);
#6095=EDGE_CURVE('',#4745,#4747,#854,.T.);
#6096=EDGE_CURVE('',#4748,#4749,#3905,.T.);
#6097=EDGE_CURVE('',#4748,#4750,#855,.T.);
#6098=EDGE_CURVE('',#4750,#4751,#3906,.T.);
#6099=EDGE_CURVE('',#4749,#4751,#856,.T.);
#6100=EDGE_CURVE('',#4752,#4753,#3907,.T.);
#6101=EDGE_CURVE('',#4752,#4754,#857,.T.);
#6102=EDGE_CURVE('',#4754,#4755,#3908,.T.);
#6103=EDGE_CURVE('',#4753,#4755,#858,.T.);
#6104=EDGE_CURVE('',#4756,#4757,#3909,.T.);
#6105=EDGE_CURVE('',#4756,#4758,#859,.T.);
#6106=EDGE_CURVE('',#4758,#4759,#3910,.T.);
#6107=EDGE_CURVE('',#4757,#4759,#860,.T.);
#6108=EDGE_CURVE('',#4760,#4761,#3911,.T.);
#6109=EDGE_CURVE('',#4760,#4762,#861,.T.);
#6110=EDGE_CURVE('',#4762,#4763,#3912,.T.);
#6111=EDGE_CURVE('',#4761,#4763,#862,.T.);
#6112=EDGE_CURVE('',#4764,#4765,#3913,.T.);
#6113=EDGE_CURVE('',#4764,#4766,#863,.T.);
#6114=EDGE_CURVE('',#4766,#4767,#3914,.T.);
#6115=EDGE_CURVE('',#4765,#4767,#864,.T.);
#6116=EDGE_CURVE('',#4768,#4769,#3915,.T.);
#6117=EDGE_CURVE('',#4768,#4770,#865,.T.);
#6118=EDGE_CURVE('',#4770,#4771,#3916,.T.);
#6119=EDGE_CURVE('',#4769,#4771,#866,.T.);
#6120=EDGE_CURVE('',#4772,#4773,#3917,.T.);
#6121=EDGE_CURVE('',#4772,#4774,#867,.T.);
#6122=EDGE_CURVE('',#4774,#4775,#3918,.T.);
#6123=EDGE_CURVE('',#4773,#4775,#868,.T.);
#6124=EDGE_CURVE('',#4776,#4777,#3919,.T.);
#6125=EDGE_CURVE('',#4776,#4778,#869,.T.);
#6126=EDGE_CURVE('',#4778,#4779,#3920,.T.);
#6127=EDGE_CURVE('',#4777,#4779,#870,.T.);
#6128=EDGE_CURVE('',#4780,#4781,#3921,.T.);
#6129=EDGE_CURVE('',#4780,#4782,#871,.T.);
#6130=EDGE_CURVE('',#4782,#4783,#3922,.T.);
#6131=EDGE_CURVE('',#4781,#4783,#872,.T.);
#6132=EDGE_CURVE('',#4784,#4785,#3923,.T.);
#6133=EDGE_CURVE('',#4784,#4786,#873,.T.);
#6134=EDGE_CURVE('',#4786,#4787,#3924,.T.);
#6135=EDGE_CURVE('',#4785,#4787,#874,.T.);
#6136=EDGE_CURVE('',#4788,#4789,#3925,.T.);
#6137=EDGE_CURVE('',#4788,#4790,#875,.T.);
#6138=EDGE_CURVE('',#4790,#4791,#3926,.T.);
#6139=EDGE_CURVE('',#4789,#4791,#876,.T.);
#6140=EDGE_CURVE('',#4792,#4793,#3927,.T.);
#6141=EDGE_CURVE('',#4792,#4794,#877,.T.);
#6142=EDGE_CURVE('',#4794,#4795,#3928,.T.);
#6143=EDGE_CURVE('',#4793,#4795,#878,.T.);
#6144=EDGE_CURVE('',#4796,#4797,#3929,.T.);
#6145=EDGE_CURVE('',#4796,#4798,#879,.T.);
#6146=EDGE_CURVE('',#4798,#4799,#3930,.T.);
#6147=EDGE_CURVE('',#4797,#4799,#880,.T.);
#6148=EDGE_CURVE('',#4800,#4801,#3931,.T.);
#6149=EDGE_CURVE('',#4800,#4802,#881,.T.);
#6150=EDGE_CURVE('',#4802,#4803,#3932,.T.);
#6151=EDGE_CURVE('',#4801,#4803,#882,.T.);
#6152=EDGE_CURVE('',#4804,#4805,#3933,.T.);
#6153=EDGE_CURVE('',#4804,#4806,#883,.T.);
#6154=EDGE_CURVE('',#4806,#4807,#3934,.T.);
#6155=EDGE_CURVE('',#4805,#4807,#884,.T.);
#6156=EDGE_CURVE('',#4808,#4809,#3935,.T.);
#6157=EDGE_CURVE('',#4808,#4810,#885,.T.);
#6158=EDGE_CURVE('',#4810,#4811,#3936,.T.);
#6159=EDGE_CURVE('',#4809,#4811,#886,.T.);
#6160=EDGE_CURVE('',#4812,#4813,#3937,.T.);
#6161=EDGE_CURVE('',#4812,#4814,#887,.T.);
#6162=EDGE_CURVE('',#4814,#4815,#3938,.T.);
#6163=EDGE_CURVE('',#4813,#4815,#888,.T.);
#6164=EDGE_CURVE('',#4816,#4817,#3939,.T.);
#6165=EDGE_CURVE('',#4816,#4818,#889,.T.);
#6166=EDGE_CURVE('',#4818,#4819,#3940,.T.);
#6167=EDGE_CURVE('',#4817,#4819,#890,.T.);
#6168=EDGE_CURVE('',#4820,#4821,#3941,.T.);
#6169=EDGE_CURVE('',#4820,#4822,#891,.T.);
#6170=EDGE_CURVE('',#4822,#4823,#3942,.T.);
#6171=EDGE_CURVE('',#4821,#4823,#892,.T.);
#6172=EDGE_CURVE('',#4824,#4825,#3943,.T.);
#6173=EDGE_CURVE('',#4824,#4826,#893,.T.);
#6174=EDGE_CURVE('',#4826,#4827,#3944,.T.);
#6175=EDGE_CURVE('',#4825,#4827,#894,.T.);
#6176=EDGE_CURVE('',#4828,#4829,#3945,.T.);
#6177=EDGE_CURVE('',#4828,#4830,#895,.T.);
#6178=EDGE_CURVE('',#4830,#4831,#3946,.T.);
#6179=EDGE_CURVE('',#4829,#4831,#896,.T.);
#6180=EDGE_CURVE('',#4832,#4833,#3947,.T.);
#6181=EDGE_CURVE('',#4832,#4834,#897,.T.);
#6182=EDGE_CURVE('',#4834,#4835,#3948,.T.);
#6183=EDGE_CURVE('',#4833,#4835,#898,.T.);
#6184=EDGE_CURVE('',#4836,#4837,#3949,.T.);
#6185=EDGE_CURVE('',#4836,#4838,#899,.T.);
#6186=EDGE_CURVE('',#4838,#4839,#3950,.T.);
#6187=EDGE_CURVE('',#4837,#4839,#900,.T.);
#6188=EDGE_CURVE('',#4840,#4841,#3951,.T.);
#6189=EDGE_CURVE('',#4842,#4840,#901,.T.);
#6190=EDGE_CURVE('',#4843,#4842,#3952,.T.);
#6191=EDGE_CURVE('',#4841,#4843,#902,.T.);
#6192=EDGE_CURVE('',#4844,#4844,#3953,.T.);
#6193=EDGE_CURVE('',#4845,#4845,#3954,.T.);
#6194=EDGE_CURVE('',#4846,#4846,#3955,.T.);
#6195=EDGE_CURVE('',#4847,#4847,#3956,.T.);
#6196=EDGE_CURVE('',#4848,#4848,#3957,.T.);
#6197=EDGE_CURVE('',#4849,#4849,#3958,.T.);
#6198=EDGE_CURVE('',#4840,#4850,#903,.T.);
#6199=EDGE_CURVE('',#4841,#4851,#904,.T.);
#6200=EDGE_CURVE('',#4852,#4851,#3959,.T.);
#6201=EDGE_CURVE('',#4852,#4853,#905,.T.);
#6202=EDGE_CURVE('',#4853,#4853,#3960,.T.);
#6203=EDGE_CURVE('',#4854,#4852,#3961,.T.);
#6204=EDGE_CURVE('',#4855,#4854,#906,.T.);
#6205=EDGE_CURVE('',#4855,#4856,#3962,.F.);
#6206=EDGE_CURVE('',#4856,#4857,#907,.T.);
#6207=EDGE_CURVE('',#4850,#4857,#3963,.T.);
#6208=EDGE_CURVE('',#4858,#4850,#908,.T.);
#6209=EDGE_CURVE('',#4842,#4858,#909,.T.);
#6210=EDGE_CURVE('',#4859,#4858,#3964,.T.);
#6211=EDGE_CURVE('',#4843,#4859,#910,.T.);
#6212=EDGE_CURVE('',#4851,#4859,#911,.T.);
#6213=EDGE_CURVE('',#4857,#4860,#912,.T.);
#6214=EDGE_CURVE('',#4860,#4861,#3965,.T.);
#6215=EDGE_CURVE('',#4861,#4854,#913,.T.);
#6216=EDGE_CURVE('',#4862,#4862,#3966,.T.);
#6217=EDGE_CURVE('',#4863,#4863,#3967,.T.);
#6218=EDGE_CURVE('',#4864,#4864,#3968,.T.);
#6219=EDGE_CURVE('',#4865,#4865,#3969,.T.);
#6220=EDGE_CURVE('',#4866,#4866,#3970,.T.);
#6221=EDGE_CURVE('',#4867,#4867,#3971,.T.);
#6222=EDGE_CURVE('',#4868,#4868,#3972,.T.);
#6223=EDGE_CURVE('',#4869,#4869,#3973,.T.);
#6224=EDGE_CURVE('',#4870,#4870,#3974,.T.);
#6225=EDGE_CURVE('',#4871,#4871,#3975,.T.);
#6226=EDGE_CURVE('',#4872,#4872,#3976,.T.);
#6227=EDGE_CURVE('',#4873,#4873,#3977,.T.);
#6228=EDGE_CURVE('',#4874,#4874,#3978,.T.);
#6229=EDGE_CURVE('',#4875,#4876,#3979,.T.);
#6230=EDGE_CURVE('',#4875,#4877,#914,.T.);
#6231=EDGE_CURVE('',#4877,#4839,#915,.T.);
#6232=EDGE_CURVE('',#4838,#4878,#916,.T.);
#6233=EDGE_CURVE('',#4878,#4835,#917,.T.);
#6234=EDGE_CURVE('',#4834,#4879,#918,.T.);
#6235=EDGE_CURVE('',#4879,#4831,#919,.T.);
#6236=EDGE_CURVE('',#4830,#4880,#920,.T.);
#6237=EDGE_CURVE('',#4880,#4827,#921,.T.);
#6238=EDGE_CURVE('',#4826,#4881,#922,.T.);
#6239=EDGE_CURVE('',#4881,#4823,#923,.T.);
#6240=EDGE_CURVE('',#4822,#4882,#924,.T.);
#6241=EDGE_CURVE('',#4882,#4819,#925,.T.);
#6242=EDGE_CURVE('',#4818,#4883,#926,.T.);
#6243=EDGE_CURVE('',#4883,#4815,#927,.T.);
#6244=EDGE_CURVE('',#4814,#4884,#928,.T.);
#6245=EDGE_CURVE('',#4884,#4811,#929,.T.);
#6246=EDGE_CURVE('',#4810,#4885,#930,.T.);
#6247=EDGE_CURVE('',#4885,#4807,#931,.T.);
#6248=EDGE_CURVE('',#4806,#4886,#932,.T.);
#6249=EDGE_CURVE('',#4886,#4803,#933,.T.);
#6250=EDGE_CURVE('',#4802,#4887,#934,.T.);
#6251=EDGE_CURVE('',#4887,#4799,#935,.T.);
#6252=EDGE_CURVE('',#4798,#4888,#936,.T.);
#6253=EDGE_CURVE('',#4888,#4795,#937,.T.);
#6254=EDGE_CURVE('',#4794,#4889,#938,.T.);
#6255=EDGE_CURVE('',#4889,#4791,#939,.T.);
#6256=EDGE_CURVE('',#4790,#4890,#940,.T.);
#6257=EDGE_CURVE('',#4890,#4787,#941,.T.);
#6258=EDGE_CURVE('',#4786,#4891,#942,.T.);
#6259=EDGE_CURVE('',#4891,#4783,#943,.T.);
#6260=EDGE_CURVE('',#4782,#4892,#944,.T.);
#6261=EDGE_CURVE('',#4892,#4779,#945,.T.);
#6262=EDGE_CURVE('',#4778,#4893,#946,.T.);
#6263=EDGE_CURVE('',#4893,#4775,#947,.T.);
#6264=EDGE_CURVE('',#4774,#4894,#948,.T.);
#6265=EDGE_CURVE('',#4894,#4771,#949,.T.);
#6266=EDGE_CURVE('',#4770,#4895,#950,.T.);
#6267=EDGE_CURVE('',#4895,#4767,#951,.T.);
#6268=EDGE_CURVE('',#4766,#4896,#952,.T.);
#6269=EDGE_CURVE('',#4896,#4763,#953,.T.);
#6270=EDGE_CURVE('',#4762,#4897,#954,.T.);
#6271=EDGE_CURVE('',#4897,#4759,#955,.T.);
#6272=EDGE_CURVE('',#4758,#4898,#956,.T.);
#6273=EDGE_CURVE('',#4898,#4755,#957,.T.);
#6274=EDGE_CURVE('',#4754,#4899,#958,.T.);
#6275=EDGE_CURVE('',#4899,#4751,#959,.T.);
#6276=EDGE_CURVE('',#4750,#4900,#960,.T.);
#6277=EDGE_CURVE('',#4900,#4747,#961,.T.);
#6278=EDGE_CURVE('',#4746,#4901,#962,.T.);
#6279=EDGE_CURVE('',#4901,#4743,#963,.T.);
#6280=EDGE_CURVE('',#4742,#4902,#964,.T.);
#6281=EDGE_CURVE('',#4902,#4739,#965,.T.);
#6282=EDGE_CURVE('',#4738,#4903,#966,.T.);
#6283=EDGE_CURVE('',#4903,#4735,#967,.T.);
#6284=EDGE_CURVE('',#4734,#4904,#968,.T.);
#6285=EDGE_CURVE('',#4904,#4731,#969,.T.);
#6286=EDGE_CURVE('',#4730,#4905,#970,.T.);
#6287=EDGE_CURVE('',#4905,#4727,#971,.T.);
#6288=EDGE_CURVE('',#4726,#4906,#972,.T.);
#6289=EDGE_CURVE('',#4906,#4723,#973,.T.);
#6290=EDGE_CURVE('',#4722,#4907,#974,.T.);
#6291=EDGE_CURVE('',#4907,#4719,#975,.T.);
#6292=EDGE_CURVE('',#4718,#4908,#976,.T.);
#6293=EDGE_CURVE('',#4908,#4715,#977,.T.);
#6294=EDGE_CURVE('',#4714,#4909,#978,.T.);
#6295=EDGE_CURVE('',#4909,#4711,#979,.T.);
#6296=EDGE_CURVE('',#4710,#4910,#980,.T.);
#6297=EDGE_CURVE('',#4910,#4707,#981,.T.);
#6298=EDGE_CURVE('',#4706,#4911,#982,.T.);
#6299=EDGE_CURVE('',#4911,#4703,#983,.T.);
#6300=EDGE_CURVE('',#4702,#4912,#984,.T.);
#6301=EDGE_CURVE('',#4912,#4699,#985,.T.);
#6302=EDGE_CURVE('',#4698,#4913,#986,.T.);
#6303=EDGE_CURVE('',#4913,#4695,#987,.T.);
#6304=EDGE_CURVE('',#4694,#4914,#988,.T.);
#6305=EDGE_CURVE('',#4914,#4691,#989,.T.);
#6306=EDGE_CURVE('',#4690,#4915,#990,.T.);
#6307=EDGE_CURVE('',#4915,#4687,#991,.T.);
#6308=EDGE_CURVE('',#4686,#4916,#992,.T.);
#6309=EDGE_CURVE('',#4916,#4683,#993,.T.);
#6310=EDGE_CURVE('',#4682,#4917,#994,.T.);
#6311=EDGE_CURVE('',#4917,#4679,#995,.T.);
#6312=EDGE_CURVE('',#4678,#4918,#996,.T.);
#6313=EDGE_CURVE('',#4918,#4675,#997,.T.);
#6314=EDGE_CURVE('',#4674,#4919,#998,.T.);
#6315=EDGE_CURVE('',#4919,#4671,#999,.T.);
#6316=EDGE_CURVE('',#4670,#4920,#1000,.T.);
#6317=EDGE_CURVE('',#4920,#4667,#1001,.T.);
#6318=EDGE_CURVE('',#4666,#4921,#1002,.T.);
#6319=EDGE_CURVE('',#4921,#4663,#1003,.T.);
#6320=EDGE_CURVE('',#4662,#4922,#1004,.T.);
#6321=EDGE_CURVE('',#4922,#4659,#1005,.T.);
#6322=EDGE_CURVE('',#4658,#4923,#1006,.T.);
#6323=EDGE_CURVE('',#4923,#4655,#1007,.T.);
#6324=EDGE_CURVE('',#4654,#4924,#1008,.T.);
#6325=EDGE_CURVE('',#4924,#4651,#1009,.T.);
#6326=EDGE_CURVE('',#4650,#4925,#1010,.T.);
#6327=EDGE_CURVE('',#4925,#4647,#1011,.T.);
#6328=EDGE_CURVE('',#4646,#4926,#1012,.T.);
#6329=EDGE_CURVE('',#4926,#4643,#1013,.T.);
#6330=EDGE_CURVE('',#4642,#4927,#1014,.T.);
#6331=EDGE_CURVE('',#4927,#4639,#1015,.T.);
#6332=EDGE_CURVE('',#4638,#4928,#1016,.T.);
#6333=EDGE_CURVE('',#4928,#4635,#1017,.T.);
#6334=EDGE_CURVE('',#4634,#4929,#1018,.T.);
#6335=EDGE_CURVE('',#4929,#4631,#1019,.T.);
#6336=EDGE_CURVE('',#4630,#4930,#1020,.T.);
#6337=EDGE_CURVE('',#4930,#4627,#1021,.T.);
#6338=EDGE_CURVE('',#4626,#4931,#1022,.T.);
#6339=EDGE_CURVE('',#4931,#4623,#1023,.T.);
#6340=EDGE_CURVE('',#4622,#4932,#1024,.T.);
#6341=EDGE_CURVE('',#4932,#4619,#1025,.T.);
#6342=EDGE_CURVE('',#4618,#4933,#1026,.T.);
#6343=EDGE_CURVE('',#4933,#4615,#1027,.T.);
#6344=EDGE_CURVE('',#4614,#4934,#1028,.T.);
#6345=EDGE_CURVE('',#4934,#4611,#1029,.T.);
#6346=EDGE_CURVE('',#4610,#4935,#1030,.T.);
#6347=EDGE_CURVE('',#4935,#4607,#1031,.T.);
#6348=EDGE_CURVE('',#4606,#4936,#1032,.T.);
#6349=EDGE_CURVE('',#4936,#4876,#1033,.T.);
#6350=EDGE_CURVE('',#4849,#4863,#1034,.T.);
#6351=EDGE_CURVE('',#4848,#4862,#1035,.T.);
#6352=EDGE_CURVE('',#4844,#4864,#1036,.T.);
#6353=EDGE_CURVE('',#4845,#4865,#1037,.T.);
#6354=EDGE_CURVE('',#4846,#4866,#1038,.T.);
#6355=EDGE_CURVE('',#4847,#4867,#1039,.T.);
#6356=EDGE_CURVE('',#4937,#4861,#1040,.T.);
#6357=EDGE_CURVE('',#4937,#4855,#1041,.T.);
#6358=EDGE_CURVE('',#4938,#4860,#1042,.T.);
#6359=EDGE_CURVE('',#4938,#4937,#3980,.T.);
#6360=EDGE_CURVE('',#4856,#4938,#1043,.T.);
#6361=EDGE_CURVE('',#4939,#4939,#3981,.T.);
#6362=EDGE_CURVE('',#4940,#4940,#3982,.T.);
#6363=EDGE_CURVE('',#4941,#4941,#3983,.T.);
#6364=EDGE_CURVE('',#4942,#4942,#3984,.T.);
#6365=EDGE_CURVE('',#4943,#4943,#3985,.T.);
#6366=EDGE_CURVE('',#4944,#4944,#3986,.T.);
#6367=EDGE_CURVE('',#4944,#4874,#1044,.T.);
#6368=EDGE_CURVE('',#4943,#4873,#1045,.T.);
#6369=EDGE_CURVE('',#4942,#4872,#1046,.T.);
#6370=EDGE_CURVE('',#4941,#4871,#1047,.T.);
#6371=EDGE_CURVE('',#4940,#4870,#1048,.T.);
#6372=EDGE_CURVE('',#4939,#4869,#1049,.T.);
#6373=EDGE_CURVE('',#4945,#4946,#1050,.T.);
#6374=EDGE_CURVE('',#4604,#4945,#1051,.T.);
#6375=EDGE_CURVE('',#4947,#4605,#1052,.T.);
#6376=EDGE_CURVE('',#4608,#4947,#1053,.T.);
#6377=EDGE_CURVE('',#4948,#4609,#1054,.T.);
#6378=EDGE_CURVE('',#4612,#4948,#1055,.T.);
#6379=EDGE_CURVE('',#4949,#4613,#1056,.T.);
#6380=EDGE_CURVE('',#4616,#4949,#1057,.T.);
#6381=EDGE_CURVE('',#4950,#4617,#1058,.T.);
#6382=EDGE_CURVE('',#4620,#4950,#1059,.T.);
#6383=EDGE_CURVE('',#4951,#4621,#1060,.T.);
#6384=EDGE_CURVE('',#4624,#4951,#1061,.T.);
#6385=EDGE_CURVE('',#4952,#4625,#1062,.T.);
#6386=EDGE_CURVE('',#4628,#4952,#1063,.T.);
#6387=EDGE_CURVE('',#4953,#4629,#1064,.T.);
#6388=EDGE_CURVE('',#4632,#4953,#1065,.T.);
#6389=EDGE_CURVE('',#4954,#4633,#1066,.T.);
#6390=EDGE_CURVE('',#4636,#4954,#1067,.T.);
#6391=EDGE_CURVE('',#4955,#4637,#1068,.T.);
#6392=EDGE_CURVE('',#4640,#4955,#1069,.T.);
#6393=EDGE_CURVE('',#4956,#4641,#1070,.T.);
#6394=EDGE_CURVE('',#4644,#4956,#1071,.T.);
#6395=EDGE_CURVE('',#4957,#4645,#1072,.T.);
#6396=EDGE_CURVE('',#4648,#4957,#1073,.T.);
#6397=EDGE_CURVE('',#4958,#4649,#1074,.T.);
#6398=EDGE_CURVE('',#4652,#4958,#1075,.T.);
#6399=EDGE_CURVE('',#4959,#4653,#1076,.T.);
#6400=EDGE_CURVE('',#4656,#4959,#1077,.T.);
#6401=EDGE_CURVE('',#4960,#4657,#1078,.T.);
#6402=EDGE_CURVE('',#4660,#4960,#1079,.T.);
#6403=EDGE_CURVE('',#4961,#4661,#1080,.T.);
#6404=EDGE_CURVE('',#4664,#4961,#1081,.T.);
#6405=EDGE_CURVE('',#4962,#4665,#1082,.T.);
#6406=EDGE_CURVE('',#4668,#4962,#1083,.T.);
#6407=EDGE_CURVE('',#4963,#4669,#1084,.T.);
#6408=EDGE_CURVE('',#4672,#4963,#1085,.T.);
#6409=EDGE_CURVE('',#4964,#4673,#1086,.T.);
#6410=EDGE_CURVE('',#4676,#4964,#1087,.T.);
#6411=EDGE_CURVE('',#4965,#4677,#1088,.T.);
#6412=EDGE_CURVE('',#4680,#4965,#1089,.T.);
#6413=EDGE_CURVE('',#4966,#4681,#1090,.T.);
#6414=EDGE_CURVE('',#4684,#4966,#1091,.T.);
#6415=EDGE_CURVE('',#4967,#4685,#1092,.T.);
#6416=EDGE_CURVE('',#4688,#4967,#1093,.T.);
#6417=EDGE_CURVE('',#4968,#4689,#1094,.T.);
#6418=EDGE_CURVE('',#4692,#4968,#1095,.T.);
#6419=EDGE_CURVE('',#4969,#4693,#1096,.T.);
#6420=EDGE_CURVE('',#4696,#4969,#1097,.T.);
#6421=EDGE_CURVE('',#4970,#4697,#1098,.T.);
#6422=EDGE_CURVE('',#4700,#4970,#1099,.T.);
#6423=EDGE_CURVE('',#4971,#4701,#1100,.T.);
#6424=EDGE_CURVE('',#4704,#4971,#1101,.T.);
#6425=EDGE_CURVE('',#4972,#4705,#1102,.T.);
#6426=EDGE_CURVE('',#4708,#4972,#1103,.T.);
#6427=EDGE_CURVE('',#4973,#4709,#1104,.T.);
#6428=EDGE_CURVE('',#4712,#4973,#1105,.T.);
#6429=EDGE_CURVE('',#4974,#4713,#1106,.T.);
#6430=EDGE_CURVE('',#4716,#4974,#1107,.T.);
#6431=EDGE_CURVE('',#4975,#4717,#1108,.T.);
#6432=EDGE_CURVE('',#4720,#4975,#1109,.T.);
#6433=EDGE_CURVE('',#4976,#4721,#1110,.T.);
#6434=EDGE_CURVE('',#4724,#4976,#1111,.T.);
#6435=EDGE_CURVE('',#4977,#4725,#1112,.T.);
#6436=EDGE_CURVE('',#4728,#4977,#1113,.T.);
#6437=EDGE_CURVE('',#4978,#4729,#1114,.T.);
#6438=EDGE_CURVE('',#4732,#4978,#1115,.T.);
#6439=EDGE_CURVE('',#4979,#4733,#1116,.T.);
#6440=EDGE_CURVE('',#4736,#4979,#1117,.T.);
#6441=EDGE_CURVE('',#4980,#4737,#1118,.T.);
#6442=EDGE_CURVE('',#4740,#4980,#1119,.T.);
#6443=EDGE_CURVE('',#4981,#4741,#1120,.T.);
#6444=EDGE_CURVE('',#4744,#4981,#1121,.T.);
#6445=EDGE_CURVE('',#4982,#4745,#1122,.T.);
#6446=EDGE_CURVE('',#4748,#4982,#1123,.T.);
#6447=EDGE_CURVE('',#4983,#4749,#1124,.T.);
#6448=EDGE_CURVE('',#4752,#4983,#1125,.T.);
#6449=EDGE_CURVE('',#4984,#4753,#1126,.T.);
#6450=EDGE_CURVE('',#4756,#4984,#1127,.T.);
#6451=EDGE_CURVE('',#4985,#4757,#1128,.T.);
#6452=EDGE_CURVE('',#4760,#4985,#1129,.T.);
#6453=EDGE_CURVE('',#4986,#4761,#1130,.T.);
#6454=EDGE_CURVE('',#4764,#4986,#1131,.T.);
#6455=EDGE_CURVE('',#4987,#4765,#1132,.T.);
#6456=EDGE_CURVE('',#4768,#4987,#1133,.T.);
#6457=EDGE_CURVE('',#4988,#4769,#1134,.T.);
#6458=EDGE_CURVE('',#4772,#4988,#1135,.T.);
#6459=EDGE_CURVE('',#4989,#4773,#1136,.T.);
#6460=EDGE_CURVE('',#4776,#4989,#1137,.T.);
#6461=EDGE_CURVE('',#4990,#4777,#1138,.T.);
#6462=EDGE_CURVE('',#4780,#4990,#1139,.T.);
#6463=EDGE_CURVE('',#4991,#4781,#1140,.T.);
#6464=EDGE_CURVE('',#4784,#4991,#1141,.T.);
#6465=EDGE_CURVE('',#4992,#4785,#1142,.T.);
#6466=EDGE_CURVE('',#4788,#4992,#1143,.T.);
#6467=EDGE_CURVE('',#4993,#4789,#1144,.T.);
#6468=EDGE_CURVE('',#4792,#4993,#1145,.T.);
#6469=EDGE_CURVE('',#4994,#4793,#1146,.T.);
#6470=EDGE_CURVE('',#4796,#4994,#1147,.T.);
#6471=EDGE_CURVE('',#4995,#4797,#1148,.T.);
#6472=EDGE_CURVE('',#4800,#4995,#1149,.T.);
#6473=EDGE_CURVE('',#4996,#4801,#1150,.T.);
#6474=EDGE_CURVE('',#4804,#4996,#1151,.T.);
#6475=EDGE_CURVE('',#4997,#4805,#1152,.T.);
#6476=EDGE_CURVE('',#4808,#4997,#1153,.T.);
#6477=EDGE_CURVE('',#4998,#4809,#1154,.T.);
#6478=EDGE_CURVE('',#4812,#4998,#1155,.T.);
#6479=EDGE_CURVE('',#4999,#4813,#1156,.T.);
#6480=EDGE_CURVE('',#4816,#4999,#1157,.T.);
#6481=EDGE_CURVE('',#5000,#4817,#1158,.T.);
#6482=EDGE_CURVE('',#4820,#5000,#1159,.T.);
#6483=EDGE_CURVE('',#5001,#4821,#1160,.T.);
#6484=EDGE_CURVE('',#4824,#5001,#1161,.T.);
#6485=EDGE_CURVE('',#5002,#4825,#1162,.T.);
#6486=EDGE_CURVE('',#4828,#5002,#1163,.T.);
#6487=EDGE_CURVE('',#5003,#4829,#1164,.T.);
#6488=EDGE_CURVE('',#4832,#5003,#1165,.T.);
#6489=EDGE_CURVE('',#5004,#4833,#1166,.T.);
#6490=EDGE_CURVE('',#4836,#5004,#1167,.T.);
#6491=EDGE_CURVE('',#5005,#4837,#1168,.T.);
#6492=EDGE_CURVE('',#5006,#5005,#1169,.T.);
#6493=EDGE_CURVE('',#5006,#4946,#3987,.T.);
#6494=EDGE_CURVE('',#5007,#5007,#3988,.T.);
#6495=EDGE_CURVE('',#4946,#4876,#1170,.T.);
#6496=EDGE_CURVE('',#5006,#4875,#1171,.T.);
#6497=EDGE_CURVE('',#5008,#5008,#3989,.T.);
#6498=EDGE_CURVE('',#5009,#5009,#3990,.T.);
#6499=EDGE_CURVE('',#5008,#4868,#1172,.T.);
#6500=EDGE_CURVE('',#5007,#5009,#1173,.T.);
#6501=EDGE_CURVE('',#5005,#4877,#1174,.T.);
#6502=EDGE_CURVE('',#5004,#4878,#1175,.T.);
#6503=EDGE_CURVE('',#5003,#4879,#1176,.T.);
#6504=EDGE_CURVE('',#5002,#4880,#1177,.T.);
#6505=EDGE_CURVE('',#5001,#4881,#1178,.T.);
#6506=EDGE_CURVE('',#5000,#4882,#1179,.T.);
#6507=EDGE_CURVE('',#4999,#4883,#1180,.T.);
#6508=EDGE_CURVE('',#4998,#4884,#1181,.T.);
#6509=EDGE_CURVE('',#4997,#4885,#1182,.T.);
#6510=EDGE_CURVE('',#4996,#4886,#1183,.T.);
#6511=EDGE_CURVE('',#4995,#4887,#1184,.T.);
#6512=EDGE_CURVE('',#4994,#4888,#1185,.T.);
#6513=EDGE_CURVE('',#4993,#4889,#1186,.T.);
#6514=EDGE_CURVE('',#4992,#4890,#1187,.T.);
#6515=EDGE_CURVE('',#4991,#4891,#1188,.T.);
#6516=EDGE_CURVE('',#4990,#4892,#1189,.T.);
#6517=EDGE_CURVE('',#4989,#4893,#1190,.T.);
#6518=EDGE_CURVE('',#4988,#4894,#1191,.T.);
#6519=EDGE_CURVE('',#4987,#4895,#1192,.T.);
#6520=EDGE_CURVE('',#4986,#4896,#1193,.T.);
#6521=EDGE_CURVE('',#4985,#4897,#1194,.T.);
#6522=EDGE_CURVE('',#4984,#4898,#1195,.T.);
#6523=EDGE_CURVE('',#4983,#4899,#1196,.T.);
#6524=EDGE_CURVE('',#4982,#4900,#1197,.T.);
#6525=EDGE_CURVE('',#4981,#4901,#1198,.T.);
#6526=EDGE_CURVE('',#4980,#4902,#1199,.T.);
#6527=EDGE_CURVE('',#4979,#4903,#1200,.T.);
#6528=EDGE_CURVE('',#4978,#4904,#1201,.T.);
#6529=EDGE_CURVE('',#4977,#4905,#1202,.T.);
#6530=EDGE_CURVE('',#4976,#4906,#1203,.T.);
#6531=EDGE_CURVE('',#4975,#4907,#1204,.T.);
#6532=EDGE_CURVE('',#4974,#4908,#1205,.T.);
#6533=EDGE_CURVE('',#4973,#4909,#1206,.T.);
#6534=EDGE_CURVE('',#4972,#4910,#1207,.T.);
#6535=EDGE_CURVE('',#4971,#4911,#1208,.T.);
#6536=EDGE_CURVE('',#4970,#4912,#1209,.T.);
#6537=EDGE_CURVE('',#4969,#4913,#1210,.T.);
#6538=EDGE_CURVE('',#4968,#4914,#1211,.T.);
#6539=EDGE_CURVE('',#4967,#4915,#1212,.T.);
#6540=EDGE_CURVE('',#4966,#4916,#1213,.T.);
#6541=EDGE_CURVE('',#4965,#4917,#1214,.T.);
#6542=EDGE_CURVE('',#4964,#4918,#1215,.T.);
#6543=EDGE_CURVE('',#4963,#4919,#1216,.T.);
#6544=EDGE_CURVE('',#4962,#4920,#1217,.T.);
#6545=EDGE_CURVE('',#4961,#4921,#1218,.T.);
#6546=EDGE_CURVE('',#4960,#4922,#1219,.T.);
#6547=EDGE_CURVE('',#4959,#4923,#1220,.T.);
#6548=EDGE_CURVE('',#4958,#4924,#1221,.T.);
#6549=EDGE_CURVE('',#4957,#4925,#1222,.T.);
#6550=EDGE_CURVE('',#4956,#4926,#1223,.T.);
#6551=EDGE_CURVE('',#4955,#4927,#1224,.T.);
#6552=EDGE_CURVE('',#4954,#4928,#1225,.T.);
#6553=EDGE_CURVE('',#4953,#4929,#1226,.T.);
#6554=EDGE_CURVE('',#4952,#4930,#1227,.T.);
#6555=EDGE_CURVE('',#4951,#4931,#1228,.T.);
#6556=EDGE_CURVE('',#4950,#4932,#1229,.T.);
#6557=EDGE_CURVE('',#4949,#4933,#1230,.T.);
#6558=EDGE_CURVE('',#4948,#4934,#1231,.T.);
#6559=EDGE_CURVE('',#4947,#4935,#1232,.T.);
#6560=EDGE_CURVE('',#4945,#4936,#1233,.T.);
#6561=ORIENTED_EDGE('',*,*,#5010,.T.);
#6562=ORIENTED_EDGE('',*,*,#5011,.F.);
#6563=ORIENTED_EDGE('',*,*,#5012,.T.);
#6564=ORIENTED_EDGE('',*,*,#5013,.F.);
#6565=ORIENTED_EDGE('',*,*,#5014,.F.);
#6566=ORIENTED_EDGE('',*,*,#5015,.T.);
#6567=ORIENTED_EDGE('',*,*,#5016,.F.);
#6568=ORIENTED_EDGE('',*,*,#5017,.F.);
#6569=ORIENTED_EDGE('',*,*,#5018,.T.);
#6570=ORIENTED_EDGE('',*,*,#5019,.F.);
#6571=ORIENTED_EDGE('',*,*,#5020,.F.);
#6572=ORIENTED_EDGE('',*,*,#5021,.F.);
#6573=ORIENTED_EDGE('',*,*,#5022,.F.);
#6574=ORIENTED_EDGE('',*,*,#5023,.F.);
#6575=ORIENTED_EDGE('',*,*,#5024,.F.);
#6576=ORIENTED_EDGE('',*,*,#5025,.F.);
#6577=ORIENTED_EDGE('',*,*,#5026,.F.);
#6578=ORIENTED_EDGE('',*,*,#5027,.T.);
#6579=ORIENTED_EDGE('',*,*,#5028,.T.);
#6580=ORIENTED_EDGE('',*,*,#5019,.T.);
#6581=ORIENTED_EDGE('',*,*,#5029,.F.);
#6582=ORIENTED_EDGE('',*,*,#5030,.F.);
#6583=ORIENTED_EDGE('',*,*,#5031,.T.);
#6584=ORIENTED_EDGE('',*,*,#5026,.T.);
#6585=ORIENTED_EDGE('',*,*,#5032,.F.);
#6586=ORIENTED_EDGE('',*,*,#5033,.F.);
#6587=ORIENTED_EDGE('',*,*,#5018,.F.);
#6588=ORIENTED_EDGE('',*,*,#5034,.F.);
#6589=ORIENTED_EDGE('',*,*,#5029,.T.);
#6590=ORIENTED_EDGE('',*,*,#5025,.T.);
#6591=ORIENTED_EDGE('',*,*,#5035,.F.);
#6592=ORIENTED_EDGE('',*,*,#5036,.F.);
#6593=ORIENTED_EDGE('',*,*,#5032,.T.);
#6594=ORIENTED_EDGE('',*,*,#5024,.T.);
#6595=ORIENTED_EDGE('',*,*,#5037,.F.);
#6596=ORIENTED_EDGE('',*,*,#5038,.F.);
#6597=ORIENTED_EDGE('',*,*,#5035,.T.);
#6598=ORIENTED_EDGE('',*,*,#5023,.T.);
#6599=ORIENTED_EDGE('',*,*,#5039,.F.);
#6600=ORIENTED_EDGE('',*,*,#5040,.F.);
#6601=ORIENTED_EDGE('',*,*,#5037,.T.);
#6602=ORIENTED_EDGE('',*,*,#5022,.T.);
#6603=ORIENTED_EDGE('',*,*,#5041,.F.);
#6604=ORIENTED_EDGE('',*,*,#5015,.F.);
#6605=ORIENTED_EDGE('',*,*,#5042,.F.);
#6606=ORIENTED_EDGE('',*,*,#5039,.T.);
#6607=ORIENTED_EDGE('',*,*,#5021,.T.);
#6608=ORIENTED_EDGE('',*,*,#5043,.F.);
#6609=ORIENTED_EDGE('',*,*,#5044,.F.);
#6610=ORIENTED_EDGE('',*,*,#5041,.T.);
#6611=ORIENTED_EDGE('',*,*,#5020,.T.);
#6612=ORIENTED_EDGE('',*,*,#5031,.F.);
#6613=ORIENTED_EDGE('',*,*,#5045,.F.);
#6614=ORIENTED_EDGE('',*,*,#5043,.T.);
#6615=ORIENTED_EDGE('',*,*,#5013,.T.);
#6616=ORIENTED_EDGE('',*,*,#5046,.T.);
#6617=ORIENTED_EDGE('',*,*,#5027,.F.);
#6618=ORIENTED_EDGE('',*,*,#5046,.F.);
#6619=ORIENTED_EDGE('',*,*,#5011,.T.);
#6620=ORIENTED_EDGE('',*,*,#5047,.T.);
#6621=ORIENTED_EDGE('',*,*,#5028,.F.);
#6622=ORIENTED_EDGE('',*,*,#5047,.F.);
#6623=ORIENTED_EDGE('',*,*,#5033,.T.);
#6624=ORIENTED_EDGE('',*,*,#5036,.T.);
#6625=ORIENTED_EDGE('',*,*,#5038,.T.);
#6626=ORIENTED_EDGE('',*,*,#5040,.T.);
#6627=ORIENTED_EDGE('',*,*,#5042,.T.);
#6628=ORIENTED_EDGE('',*,*,#5048,.F.);
#6629=ORIENTED_EDGE('',*,*,#5049,.F.);
#6630=ORIENTED_EDGE('',*,*,#5050,.F.);
#6631=ORIENTED_EDGE('',*,*,#5051,.T.);
#6632=ORIENTED_EDGE('',*,*,#5052,.T.);
#6633=ORIENTED_EDGE('',*,*,#5053,.T.);
#6634=ORIENTED_EDGE('',*,*,#5054,.T.);
#6635=ORIENTED_EDGE('',*,*,#5055,.T.);
#6636=ORIENTED_EDGE('',*,*,#5056,.F.);
#6637=ORIENTED_EDGE('',*,*,#5057,.T.);
#6638=ORIENTED_EDGE('',*,*,#5058,.F.);
#6639=ORIENTED_EDGE('',*,*,#5059,.T.);
#6640=ORIENTED_EDGE('',*,*,#5060,.F.);
#6641=ORIENTED_EDGE('',*,*,#5061,.F.);
#6642=ORIENTED_EDGE('',*,*,#5062,.T.);
#6643=ORIENTED_EDGE('',*,*,#5063,.F.);
#6644=ORIENTED_EDGE('',*,*,#5064,.F.);
#6645=ORIENTED_EDGE('',*,*,#5065,.T.);
#6646=ORIENTED_EDGE('',*,*,#5044,.T.);
#6647=ORIENTED_EDGE('',*,*,#5045,.T.);
#6648=ORIENTED_EDGE('',*,*,#5030,.T.);
#6649=ORIENTED_EDGE('',*,*,#5034,.T.);
#6650=ORIENTED_EDGE('',*,*,#5066,.F.);
#6651=ORIENTED_EDGE('',*,*,#5067,.F.);
#6652=ORIENTED_EDGE('',*,*,#5068,.T.);
#6653=ORIENTED_EDGE('',*,*,#5069,.F.);
#6654=ORIENTED_EDGE('',*,*,#5070,.T.);
#6655=ORIENTED_EDGE('',*,*,#5071,.T.);
#6656=ORIENTED_EDGE('',*,*,#5072,.T.);
#6657=ORIENTED_EDGE('',*,*,#5073,.T.);
#6658=ORIENTED_EDGE('',*,*,#5074,.F.);
#6659=ORIENTED_EDGE('',*,*,#5075,.F.);
#6660=ORIENTED_EDGE('',*,*,#5076,.T.);
#6661=ORIENTED_EDGE('',*,*,#5077,.T.);
#6662=ORIENTED_EDGE('',*,*,#5078,.T.);
#6663=ORIENTED_EDGE('',*,*,#5079,.T.);
#6664=ORIENTED_EDGE('',*,*,#5080,.T.);
#6665=ORIENTED_EDGE('',*,*,#5081,.T.);
#6666=ORIENTED_EDGE('',*,*,#5082,.T.);
#6667=ORIENTED_EDGE('',*,*,#5083,.T.);
#6668=ORIENTED_EDGE('',*,*,#5084,.T.);
#6669=ORIENTED_EDGE('',*,*,#5085,.T.);
#6670=ORIENTED_EDGE('',*,*,#5086,.T.);
#6671=ORIENTED_EDGE('',*,*,#5087,.T.);
#6672=ORIENTED_EDGE('',*,*,#5088,.F.);
#6673=ORIENTED_EDGE('',*,*,#5089,.T.);
#6674=ORIENTED_EDGE('',*,*,#5090,.T.);
#6675=ORIENTED_EDGE('',*,*,#5091,.F.);
#6676=ORIENTED_EDGE('',*,*,#5092,.T.);
#6677=ORIENTED_EDGE('',*,*,#5081,.F.);
#6678=ORIENTED_EDGE('',*,*,#5093,.F.);
#6679=ORIENTED_EDGE('',*,*,#5094,.T.);
#6680=ORIENTED_EDGE('',*,*,#5095,.F.);
#6681=ORIENTED_EDGE('',*,*,#5096,.T.);
#6682=ORIENTED_EDGE('',*,*,#5097,.F.);
#6683=ORIENTED_EDGE('',*,*,#5098,.F.);
#6684=ORIENTED_EDGE('',*,*,#5099,.F.);
#6685=ORIENTED_EDGE('',*,*,#5088,.T.);
#6686=ORIENTED_EDGE('',*,*,#5100,.T.);
#6687=ORIENTED_EDGE('',*,*,#5101,.F.);
#6688=ORIENTED_EDGE('',*,*,#5102,.F.);
#6689=ORIENTED_EDGE('',*,*,#5089,.F.);
#6690=ORIENTED_EDGE('',*,*,#5099,.T.);
#6691=ORIENTED_EDGE('',*,*,#5103,.F.);
#6692=ORIENTED_EDGE('',*,*,#5104,.T.);
#6693=ORIENTED_EDGE('',*,*,#5105,.F.);
#6694=ORIENTED_EDGE('',*,*,#5094,.F.);
#6695=ORIENTED_EDGE('',*,*,#5106,.F.);
#6696=ORIENTED_EDGE('',*,*,#5090,.F.);
#6697=ORIENTED_EDGE('',*,*,#5102,.T.);
#6698=ORIENTED_EDGE('',*,*,#5107,.F.);
#6699=ORIENTED_EDGE('',*,*,#5108,.T.);
#6700=ORIENTED_EDGE('',*,*,#5109,.F.);
#6701=ORIENTED_EDGE('',*,*,#5108,.F.);
#6702=ORIENTED_EDGE('',*,*,#5110,.F.);
#6703=ORIENTED_EDGE('',*,*,#5104,.F.);
#6704=ORIENTED_EDGE('',*,*,#5111,.F.);
#6705=ORIENTED_EDGE('',*,*,#5112,.F.);
#6706=ORIENTED_EDGE('',*,*,#5113,.F.);
#6707=ORIENTED_EDGE('',*,*,#5100,.F.);
#6708=ORIENTED_EDGE('',*,*,#5098,.T.);
#6709=ORIENTED_EDGE('',*,*,#5114,.F.);
#6710=ORIENTED_EDGE('',*,*,#5115,.T.);
#6711=ORIENTED_EDGE('',*,*,#5116,.T.);
#6712=ORIENTED_EDGE('',*,*,#5117,.T.);
#6713=ORIENTED_EDGE('',*,*,#5118,.T.);
#6714=ORIENTED_EDGE('',*,*,#5119,.F.);
#6715=ORIENTED_EDGE('',*,*,#5096,.F.);
#6716=ORIENTED_EDGE('',*,*,#5120,.F.);
#6717=ORIENTED_EDGE('',*,*,#5121,.F.);
#6718=ORIENTED_EDGE('',*,*,#5122,.F.);
#6719=ORIENTED_EDGE('',*,*,#5123,.F.);
#6720=ORIENTED_EDGE('',*,*,#5082,.F.);
#6721=ORIENTED_EDGE('',*,*,#5092,.F.);
#6722=ORIENTED_EDGE('',*,*,#5119,.T.);
#6723=ORIENTED_EDGE('',*,*,#5087,.F.);
#6724=ORIENTED_EDGE('',*,*,#5124,.F.);
#6725=ORIENTED_EDGE('',*,*,#5114,.T.);
#6726=ORIENTED_EDGE('',*,*,#5097,.T.);
#6727=ORIENTED_EDGE('',*,*,#5083,.F.);
#6728=ORIENTED_EDGE('',*,*,#5123,.T.);
#6729=ORIENTED_EDGE('',*,*,#5118,.F.);
#6730=ORIENTED_EDGE('',*,*,#5125,.T.);
#6731=ORIENTED_EDGE('',*,*,#5117,.F.);
#6732=ORIENTED_EDGE('',*,*,#5126,.T.);
#6733=ORIENTED_EDGE('',*,*,#5084,.F.);
#6734=ORIENTED_EDGE('',*,*,#5125,.F.);
#6735=ORIENTED_EDGE('',*,*,#5115,.F.);
#6736=ORIENTED_EDGE('',*,*,#5124,.T.);
#6737=ORIENTED_EDGE('',*,*,#5086,.F.);
#6738=ORIENTED_EDGE('',*,*,#5127,.F.);
#6739=ORIENTED_EDGE('',*,*,#5116,.F.);
#6740=ORIENTED_EDGE('',*,*,#5127,.T.);
#6741=ORIENTED_EDGE('',*,*,#5085,.F.);
#6742=ORIENTED_EDGE('',*,*,#5126,.F.);
#6743=ORIENTED_EDGE('',*,*,#5109,.T.);
#6744=ORIENTED_EDGE('',*,*,#5128,.T.);
#6745=ORIENTED_EDGE('',*,*,#5106,.T.);
#6746=ORIENTED_EDGE('',*,*,#5093,.T.);
#6747=ORIENTED_EDGE('',*,*,#5129,.T.);
#6748=ORIENTED_EDGE('',*,*,#5130,.F.);
#6749=ORIENTED_EDGE('',*,*,#5131,.T.);
#6750=ORIENTED_EDGE('',*,*,#5132,.T.);
#6751=ORIENTED_EDGE('',*,*,#5133,.F.);
#6752=ORIENTED_EDGE('',*,*,#5134,.F.);
#6753=ORIENTED_EDGE('',*,*,#5135,.T.);
#6754=ORIENTED_EDGE('',*,*,#5016,.T.);
#6755=ORIENTED_EDGE('',*,*,#5075,.T.);
#6756=ORIENTED_EDGE('',*,*,#5136,.F.);
#6757=ORIENTED_EDGE('',*,*,#5068,.F.);
#6758=ORIENTED_EDGE('',*,*,#5137,.F.);
#6759=ORIENTED_EDGE('',*,*,#5138,.T.);
#6760=ORIENTED_EDGE('',*,*,#5067,.T.);
#6761=ORIENTED_EDGE('',*,*,#5139,.F.);
#6762=ORIENTED_EDGE('',*,*,#5140,.F.);
#6763=ORIENTED_EDGE('',*,*,#5141,.F.);
#6764=ORIENTED_EDGE('',*,*,#5137,.T.);
#6765=ORIENTED_EDGE('',*,*,#5066,.T.);
#6766=ORIENTED_EDGE('',*,*,#5017,.T.);
#6767=ORIENTED_EDGE('',*,*,#5135,.F.);
#6768=ORIENTED_EDGE('',*,*,#5142,.F.);
#6769=ORIENTED_EDGE('',*,*,#5143,.F.);
#6770=ORIENTED_EDGE('',*,*,#5144,.F.);
#6771=ORIENTED_EDGE('',*,*,#5139,.T.);
#6772=ORIENTED_EDGE('',*,*,#5145,.F.);
#6773=ORIENTED_EDGE('',*,*,#5146,.T.);
#6774=ORIENTED_EDGE('',*,*,#5012,.F.);
#6775=ORIENTED_EDGE('',*,*,#5146,.F.);
#6776=ORIENTED_EDGE('',*,*,#5147,.F.);
#6777=ORIENTED_EDGE('',*,*,#5143,.T.);
#6778=ORIENTED_EDGE('',*,*,#5148,.F.);
#6779=ORIENTED_EDGE('',*,*,#5149,.F.);
#6780=ORIENTED_EDGE('',*,*,#5150,.F.);
#6781=ORIENTED_EDGE('',*,*,#5151,.F.);
#6782=ORIENTED_EDGE('',*,*,#5133,.T.);
#6783=ORIENTED_EDGE('',*,*,#5152,.T.);
#6784=ORIENTED_EDGE('',*,*,#5153,.T.);
#6785=ORIENTED_EDGE('',*,*,#5154,.T.);
#6786=ORIENTED_EDGE('',*,*,#5155,.T.);
#6787=ORIENTED_EDGE('',*,*,#5156,.T.);
#6788=ORIENTED_EDGE('',*,*,#5157,.T.);
#6789=ORIENTED_EDGE('',*,*,#5138,.F.);
#6790=ORIENTED_EDGE('',*,*,#5141,.T.);
#6791=ORIENTED_EDGE('',*,*,#5158,.T.);
#6792=ORIENTED_EDGE('',*,*,#5159,.F.);
#6793=ORIENTED_EDGE('',*,*,#5160,.F.);
#6794=ORIENTED_EDGE('',*,*,#5152,.F.);
#6795=ORIENTED_EDGE('',*,*,#5132,.F.);
#6796=ORIENTED_EDGE('',*,*,#5074,.T.);
#6797=ORIENTED_EDGE('',*,*,#5157,.F.);
#6798=ORIENTED_EDGE('',*,*,#5161,.F.);
#6799=ORIENTED_EDGE('',*,*,#5069,.T.);
#6800=ORIENTED_EDGE('',*,*,#5136,.T.);
#6801=ORIENTED_EDGE('',*,*,#5153,.F.);
#6802=ORIENTED_EDGE('',*,*,#5160,.T.);
#6803=ORIENTED_EDGE('',*,*,#5073,.F.);
#6804=ORIENTED_EDGE('',*,*,#5162,.T.);
#6805=ORIENTED_EDGE('',*,*,#5072,.F.);
#6806=ORIENTED_EDGE('',*,*,#5163,.T.);
#6807=ORIENTED_EDGE('',*,*,#5154,.F.);
#6808=ORIENTED_EDGE('',*,*,#5162,.F.);
#6809=ORIENTED_EDGE('',*,*,#5070,.F.);
#6810=ORIENTED_EDGE('',*,*,#5161,.T.);
#6811=ORIENTED_EDGE('',*,*,#5156,.F.);
#6812=ORIENTED_EDGE('',*,*,#5164,.F.);
#6813=ORIENTED_EDGE('',*,*,#5071,.F.);
#6814=ORIENTED_EDGE('',*,*,#5164,.T.);
#6815=ORIENTED_EDGE('',*,*,#5155,.F.);
#6816=ORIENTED_EDGE('',*,*,#5163,.F.);
#6817=ORIENTED_EDGE('',*,*,#5145,.T.);
#6818=ORIENTED_EDGE('',*,*,#5165,.T.);
#6819=ORIENTED_EDGE('',*,*,#5166,.F.);
#6820=ORIENTED_EDGE('',*,*,#5167,.T.);
#6821=ORIENTED_EDGE('',*,*,#5105,.T.);
#6822=ORIENTED_EDGE('',*,*,#5168,.F.);
#6823=ORIENTED_EDGE('',*,*,#5169,.T.);
#6824=ORIENTED_EDGE('',*,*,#5170,.F.);
#6825=ORIENTED_EDGE('',*,*,#5095,.T.);
#6826=ORIENTED_EDGE('',*,*,#5171,.T.);
#6827=ORIENTED_EDGE('',*,*,#5172,.T.);
#6828=ORIENTED_EDGE('',*,*,#5173,.T.);
#6829=ORIENTED_EDGE('',*,*,#5174,.T.);
#6830=ORIENTED_EDGE('',*,*,#5175,.T.);
#6831=ORIENTED_EDGE('',*,*,#5176,.T.);
#6832=ORIENTED_EDGE('',*,*,#5177,.T.);
#6833=ORIENTED_EDGE('',*,*,#5178,.T.);
#6834=ORIENTED_EDGE('',*,*,#5179,.F.);
#6835=ORIENTED_EDGE('',*,*,#5180,.F.);
#6836=ORIENTED_EDGE('',*,*,#5120,.T.);
#6837=ORIENTED_EDGE('',*,*,#5181,.F.);
#6838=ORIENTED_EDGE('',*,*,#5171,.F.);
#6839=ORIENTED_EDGE('',*,*,#5182,.T.);
#6840=ORIENTED_EDGE('',*,*,#5170,.T.);
#6841=ORIENTED_EDGE('',*,*,#5183,.F.);
#6842=ORIENTED_EDGE('',*,*,#5184,.F.);
#6843=ORIENTED_EDGE('',*,*,#5172,.F.);
#6844=ORIENTED_EDGE('',*,*,#5181,.T.);
#6845=ORIENTED_EDGE('',*,*,#5185,.F.);
#6846=ORIENTED_EDGE('',*,*,#5186,.F.);
#6847=ORIENTED_EDGE('',*,*,#5173,.F.);
#6848=ORIENTED_EDGE('',*,*,#5184,.T.);
#6849=ORIENTED_EDGE('',*,*,#5187,.F.);
#6850=ORIENTED_EDGE('',*,*,#5188,.F.);
#6851=ORIENTED_EDGE('',*,*,#5174,.F.);
#6852=ORIENTED_EDGE('',*,*,#5186,.T.);
#6853=ORIENTED_EDGE('',*,*,#5189,.F.);
#6854=ORIENTED_EDGE('',*,*,#5190,.F.);
#6855=ORIENTED_EDGE('',*,*,#5175,.F.);
#6856=ORIENTED_EDGE('',*,*,#5188,.T.);
#6857=ORIENTED_EDGE('',*,*,#5191,.F.);
#6858=ORIENTED_EDGE('',*,*,#5168,.T.);
#6859=ORIENTED_EDGE('',*,*,#5110,.T.);
#6860=ORIENTED_EDGE('',*,*,#5192,.F.);
#6861=ORIENTED_EDGE('',*,*,#5176,.F.);
#6862=ORIENTED_EDGE('',*,*,#5190,.T.);
#6863=ORIENTED_EDGE('',*,*,#5122,.T.);
#6864=ORIENTED_EDGE('',*,*,#5193,.F.);
#6865=ORIENTED_EDGE('',*,*,#5177,.F.);
#6866=ORIENTED_EDGE('',*,*,#5192,.T.);
#6867=ORIENTED_EDGE('',*,*,#5121,.T.);
#6868=ORIENTED_EDGE('',*,*,#5182,.F.);
#6869=ORIENTED_EDGE('',*,*,#5178,.F.);
#6870=ORIENTED_EDGE('',*,*,#5193,.T.);
#6871=ORIENTED_EDGE('',*,*,#5180,.T.);
#6872=ORIENTED_EDGE('',*,*,#5194,.T.);
#6873=ORIENTED_EDGE('',*,*,#5128,.F.);
#6874=ORIENTED_EDGE('',*,*,#5194,.F.);
#6875=ORIENTED_EDGE('',*,*,#5179,.T.);
#6876=ORIENTED_EDGE('',*,*,#5195,.T.);
#6877=ORIENTED_EDGE('',*,*,#5167,.F.);
#6878=ORIENTED_EDGE('',*,*,#5195,.F.);
#6879=ORIENTED_EDGE('',*,*,#5191,.T.);
#6880=ORIENTED_EDGE('',*,*,#5189,.T.);
#6881=ORIENTED_EDGE('',*,*,#5187,.T.);
#6882=ORIENTED_EDGE('',*,*,#5185,.T.);
#6883=ORIENTED_EDGE('',*,*,#5183,.T.);
#6884=ORIENTED_EDGE('',*,*,#5196,.T.);
#6885=ORIENTED_EDGE('',*,*,#5197,.T.);
#6886=ORIENTED_EDGE('',*,*,#5198,.T.);
#6887=ORIENTED_EDGE('',*,*,#5199,.T.);
#6888=ORIENTED_EDGE('',*,*,#5200,.T.);
#6889=ORIENTED_EDGE('',*,*,#5201,.T.);
#6890=ORIENTED_EDGE('',*,*,#5202,.T.);
#6891=ORIENTED_EDGE('',*,*,#5203,.T.);
#6892=ORIENTED_EDGE('',*,*,#5204,.T.);
#6893=ORIENTED_EDGE('',*,*,#5205,.T.);
#6894=ORIENTED_EDGE('',*,*,#5206,.T.);
#6895=ORIENTED_EDGE('',*,*,#5207,.T.);
#6896=ORIENTED_EDGE('',*,*,#5208,.T.);
#6897=ORIENTED_EDGE('',*,*,#5209,.T.);
#6898=ORIENTED_EDGE('',*,*,#5210,.T.);
#6899=ORIENTED_EDGE('',*,*,#5211,.T.);
#6900=ORIENTED_EDGE('',*,*,#5212,.T.);
#6901=ORIENTED_EDGE('',*,*,#5213,.T.);
#6902=ORIENTED_EDGE('',*,*,#5214,.T.);
#6903=ORIENTED_EDGE('',*,*,#5215,.T.);
#6904=ORIENTED_EDGE('',*,*,#5216,.T.);
#6905=ORIENTED_EDGE('',*,*,#5217,.T.);
#6906=ORIENTED_EDGE('',*,*,#5218,.T.);
#6907=ORIENTED_EDGE('',*,*,#5219,.T.);
#6908=ORIENTED_EDGE('',*,*,#5220,.T.);
#6909=ORIENTED_EDGE('',*,*,#5221,.T.);
#6910=ORIENTED_EDGE('',*,*,#5222,.T.);
#6911=ORIENTED_EDGE('',*,*,#5223,.T.);
#6912=ORIENTED_EDGE('',*,*,#5224,.T.);
#6913=ORIENTED_EDGE('',*,*,#5225,.T.);
#6914=ORIENTED_EDGE('',*,*,#5226,.T.);
#6915=ORIENTED_EDGE('',*,*,#5227,.T.);
#6916=ORIENTED_EDGE('',*,*,#5228,.T.);
#6917=ORIENTED_EDGE('',*,*,#5229,.T.);
#6918=ORIENTED_EDGE('',*,*,#5230,.T.);
#6919=ORIENTED_EDGE('',*,*,#5231,.T.);
#6920=ORIENTED_EDGE('',*,*,#5232,.T.);
#6921=ORIENTED_EDGE('',*,*,#5233,.T.);
#6922=ORIENTED_EDGE('',*,*,#5234,.T.);
#6923=ORIENTED_EDGE('',*,*,#5235,.T.);
#6924=ORIENTED_EDGE('',*,*,#5236,.T.);
#6925=ORIENTED_EDGE('',*,*,#5237,.T.);
#6926=ORIENTED_EDGE('',*,*,#5238,.T.);
#6927=ORIENTED_EDGE('',*,*,#5239,.T.);
#6928=ORIENTED_EDGE('',*,*,#5240,.T.);
#6929=ORIENTED_EDGE('',*,*,#5241,.T.);
#6930=ORIENTED_EDGE('',*,*,#5242,.T.);
#6931=ORIENTED_EDGE('',*,*,#5243,.T.);
#6932=ORIENTED_EDGE('',*,*,#5244,.T.);
#6933=ORIENTED_EDGE('',*,*,#5245,.T.);
#6934=ORIENTED_EDGE('',*,*,#5246,.T.);
#6935=ORIENTED_EDGE('',*,*,#5247,.T.);
#6936=ORIENTED_EDGE('',*,*,#5248,.T.);
#6937=ORIENTED_EDGE('',*,*,#5249,.T.);
#6938=ORIENTED_EDGE('',*,*,#5250,.T.);
#6939=ORIENTED_EDGE('',*,*,#5251,.T.);
#6940=ORIENTED_EDGE('',*,*,#5252,.T.);
#6941=ORIENTED_EDGE('',*,*,#5253,.T.);
#6942=ORIENTED_EDGE('',*,*,#5254,.T.);
#6943=ORIENTED_EDGE('',*,*,#5255,.T.);
#6944=ORIENTED_EDGE('',*,*,#5256,.T.);
#6945=ORIENTED_EDGE('',*,*,#5257,.T.);
#6946=ORIENTED_EDGE('',*,*,#5258,.T.);
#6947=ORIENTED_EDGE('',*,*,#5259,.T.);
#6948=ORIENTED_EDGE('',*,*,#5260,.T.);
#6949=ORIENTED_EDGE('',*,*,#5261,.T.);
#6950=ORIENTED_EDGE('',*,*,#5262,.T.);
#6951=ORIENTED_EDGE('',*,*,#5263,.T.);
#6952=ORIENTED_EDGE('',*,*,#5264,.T.);
#6953=ORIENTED_EDGE('',*,*,#5265,.T.);
#6954=ORIENTED_EDGE('',*,*,#5266,.T.);
#6955=ORIENTED_EDGE('',*,*,#5267,.T.);
#6956=ORIENTED_EDGE('',*,*,#5268,.T.);
#6957=ORIENTED_EDGE('',*,*,#5269,.T.);
#6958=ORIENTED_EDGE('',*,*,#5270,.T.);
#6959=ORIENTED_EDGE('',*,*,#5271,.T.);
#6960=ORIENTED_EDGE('',*,*,#5272,.T.);
#6961=ORIENTED_EDGE('',*,*,#5273,.T.);
#6962=ORIENTED_EDGE('',*,*,#5274,.F.);
#6963=ORIENTED_EDGE('',*,*,#5275,.T.);
#6964=ORIENTED_EDGE('',*,*,#5276,.F.);
#6965=ORIENTED_EDGE('',*,*,#5277,.F.);
#6966=ORIENTED_EDGE('',*,*,#5278,.F.);
#6967=ORIENTED_EDGE('',*,*,#5279,.F.);
#6968=ORIENTED_EDGE('',*,*,#5280,.F.);
#6969=ORIENTED_EDGE('',*,*,#5281,.F.);
#6970=ORIENTED_EDGE('',*,*,#5282,.F.);
#6971=ORIENTED_EDGE('',*,*,#5283,.F.);
#6972=ORIENTED_EDGE('',*,*,#5284,.F.);
#6973=ORIENTED_EDGE('',*,*,#5285,.F.);
#6974=ORIENTED_EDGE('',*,*,#5286,.F.);
#6975=ORIENTED_EDGE('',*,*,#5287,.F.);
#6976=ORIENTED_EDGE('',*,*,#5288,.F.);
#6977=ORIENTED_EDGE('',*,*,#5289,.F.);
#6978=ORIENTED_EDGE('',*,*,#5290,.F.);
#6979=ORIENTED_EDGE('',*,*,#5291,.F.);
#6980=ORIENTED_EDGE('',*,*,#5292,.F.);
#6981=ORIENTED_EDGE('',*,*,#5293,.F.);
#6982=ORIENTED_EDGE('',*,*,#5294,.F.);
#6983=ORIENTED_EDGE('',*,*,#5295,.F.);
#6984=ORIENTED_EDGE('',*,*,#5296,.F.);
#6985=ORIENTED_EDGE('',*,*,#5297,.F.);
#6986=ORIENTED_EDGE('',*,*,#5298,.F.);
#6987=ORIENTED_EDGE('',*,*,#5299,.F.);
#6988=ORIENTED_EDGE('',*,*,#5300,.F.);
#6989=ORIENTED_EDGE('',*,*,#5301,.F.);
#6990=ORIENTED_EDGE('',*,*,#5302,.F.);
#6991=ORIENTED_EDGE('',*,*,#5303,.F.);
#6992=ORIENTED_EDGE('',*,*,#5304,.F.);
#6993=ORIENTED_EDGE('',*,*,#5305,.F.);
#6994=ORIENTED_EDGE('',*,*,#5306,.F.);
#6995=ORIENTED_EDGE('',*,*,#5307,.F.);
#6996=ORIENTED_EDGE('',*,*,#5308,.F.);
#6997=ORIENTED_EDGE('',*,*,#5309,.F.);
#6998=ORIENTED_EDGE('',*,*,#5310,.F.);
#6999=ORIENTED_EDGE('',*,*,#5311,.F.);
#7000=ORIENTED_EDGE('',*,*,#5312,.F.);
#7001=ORIENTED_EDGE('',*,*,#5313,.F.);
#7002=ORIENTED_EDGE('',*,*,#5314,.F.);
#7003=ORIENTED_EDGE('',*,*,#5315,.F.);
#7004=ORIENTED_EDGE('',*,*,#5316,.F.);
#7005=ORIENTED_EDGE('',*,*,#5317,.F.);
#7006=ORIENTED_EDGE('',*,*,#5318,.F.);
#7007=ORIENTED_EDGE('',*,*,#5319,.F.);
#7008=ORIENTED_EDGE('',*,*,#5320,.F.);
#7009=ORIENTED_EDGE('',*,*,#5321,.F.);
#7010=ORIENTED_EDGE('',*,*,#5322,.F.);
#7011=ORIENTED_EDGE('',*,*,#5323,.F.);
#7012=ORIENTED_EDGE('',*,*,#5324,.F.);
#7013=ORIENTED_EDGE('',*,*,#5325,.F.);
#7014=ORIENTED_EDGE('',*,*,#5326,.F.);
#7015=ORIENTED_EDGE('',*,*,#5327,.F.);
#7016=ORIENTED_EDGE('',*,*,#5328,.F.);
#7017=ORIENTED_EDGE('',*,*,#5329,.F.);
#7018=ORIENTED_EDGE('',*,*,#5330,.F.);
#7019=ORIENTED_EDGE('',*,*,#5331,.F.);
#7020=ORIENTED_EDGE('',*,*,#5332,.T.);
#7021=ORIENTED_EDGE('',*,*,#5333,.T.);
#7022=ORIENTED_EDGE('',*,*,#5334,.F.);
#7023=ORIENTED_EDGE('',*,*,#5107,.T.);
#7024=ORIENTED_EDGE('',*,*,#5335,.F.);
#7025=ORIENTED_EDGE('',*,*,#5336,.F.);
#7026=ORIENTED_EDGE('',*,*,#5337,.F.);
#7027=ORIENTED_EDGE('',*,*,#5338,.F.);
#7028=ORIENTED_EDGE('',*,*,#5339,.F.);
#7029=ORIENTED_EDGE('',*,*,#5340,.F.);
#7030=ORIENTED_EDGE('',*,*,#5341,.F.);
#7031=ORIENTED_EDGE('',*,*,#5342,.F.);
#7032=ORIENTED_EDGE('',*,*,#5343,.F.);
#7033=ORIENTED_EDGE('',*,*,#5344,.T.);
#7034=ORIENTED_EDGE('',*,*,#5345,.T.);
#7035=ORIENTED_EDGE('',*,*,#5336,.T.);
#7036=ORIENTED_EDGE('',*,*,#5346,.F.);
#7037=ORIENTED_EDGE('',*,*,#5080,.F.);
#7038=ORIENTED_EDGE('',*,*,#5347,.T.);
#7039=ORIENTED_EDGE('',*,*,#5343,.T.);
#7040=ORIENTED_EDGE('',*,*,#5348,.F.);
#7041=ORIENTED_EDGE('',*,*,#5051,.F.);
#7042=ORIENTED_EDGE('',*,*,#5129,.F.);
#7043=ORIENTED_EDGE('',*,*,#5346,.T.);
#7044=ORIENTED_EDGE('',*,*,#5342,.T.);
#7045=ORIENTED_EDGE('',*,*,#5349,.F.);
#7046=ORIENTED_EDGE('',*,*,#5052,.F.);
#7047=ORIENTED_EDGE('',*,*,#5348,.T.);
#7048=ORIENTED_EDGE('',*,*,#5341,.T.);
#7049=ORIENTED_EDGE('',*,*,#5350,.F.);
#7050=ORIENTED_EDGE('',*,*,#5053,.F.);
#7051=ORIENTED_EDGE('',*,*,#5349,.T.);
#7052=ORIENTED_EDGE('',*,*,#5340,.T.);
#7053=ORIENTED_EDGE('',*,*,#5351,.F.);
#7054=ORIENTED_EDGE('',*,*,#5054,.F.);
#7055=ORIENTED_EDGE('',*,*,#5350,.T.);
#7056=ORIENTED_EDGE('',*,*,#5339,.T.);
#7057=ORIENTED_EDGE('',*,*,#5352,.F.);
#7058=ORIENTED_EDGE('',*,*,#5077,.F.);
#7059=ORIENTED_EDGE('',*,*,#5131,.F.);
#7060=ORIENTED_EDGE('',*,*,#5055,.F.);
#7061=ORIENTED_EDGE('',*,*,#5351,.T.);
#7062=ORIENTED_EDGE('',*,*,#5338,.T.);
#7063=ORIENTED_EDGE('',*,*,#5353,.F.);
#7064=ORIENTED_EDGE('',*,*,#5078,.F.);
#7065=ORIENTED_EDGE('',*,*,#5352,.T.);
#7066=ORIENTED_EDGE('',*,*,#5337,.T.);
#7067=ORIENTED_EDGE('',*,*,#5347,.F.);
#7068=ORIENTED_EDGE('',*,*,#5079,.F.);
#7069=ORIENTED_EDGE('',*,*,#5353,.T.);
#7070=ORIENTED_EDGE('',*,*,#5335,.T.);
#7071=ORIENTED_EDGE('',*,*,#5354,.T.);
#7072=ORIENTED_EDGE('',*,*,#5344,.F.);
#7073=ORIENTED_EDGE('',*,*,#5354,.F.);
#7074=ORIENTED_EDGE('',*,*,#5334,.T.);
#7075=ORIENTED_EDGE('',*,*,#5355,.T.);
#7076=ORIENTED_EDGE('',*,*,#5345,.F.);
#7077=ORIENTED_EDGE('',*,*,#5355,.F.);
#7078=ORIENTED_EDGE('',*,*,#5356,.F.);
#7079=ORIENTED_EDGE('',*,*,#5357,.F.);
#7080=ORIENTED_EDGE('',*,*,#5358,.T.);
#7081=ORIENTED_EDGE('',*,*,#5359,.T.);
#7082=ORIENTED_EDGE('',*,*,#5360,.F.);
#7083=ORIENTED_EDGE('',*,*,#5361,.T.);
#7084=ORIENTED_EDGE('',*,*,#5362,.F.);
#7085=ORIENTED_EDGE('',*,*,#5363,.F.);
#7086=ORIENTED_EDGE('',*,*,#5364,.F.);
#7087=ORIENTED_EDGE('',*,*,#5365,.T.);
#7088=ORIENTED_EDGE('',*,*,#5366,.F.);
#7089=ORIENTED_EDGE('',*,*,#5367,.F.);
#7090=ORIENTED_EDGE('',*,*,#5368,.F.);
#7091=ORIENTED_EDGE('',*,*,#5369,.T.);
#7092=ORIENTED_EDGE('',*,*,#5370,.F.);
#7093=ORIENTED_EDGE('',*,*,#5371,.F.);
#7094=ORIENTED_EDGE('',*,*,#5372,.F.);
#7095=ORIENTED_EDGE('',*,*,#5373,.T.);
#7096=ORIENTED_EDGE('',*,*,#5374,.F.);
#7097=ORIENTED_EDGE('',*,*,#5375,.F.);
#7098=ORIENTED_EDGE('',*,*,#5376,.F.);
#7099=ORIENTED_EDGE('',*,*,#5377,.F.);
#7100=ORIENTED_EDGE('',*,*,#5378,.F.);
#7101=ORIENTED_EDGE('',*,*,#5379,.F.);
#7102=ORIENTED_EDGE('',*,*,#5380,.F.);
#7103=ORIENTED_EDGE('',*,*,#5381,.F.);
#7104=ORIENTED_EDGE('',*,*,#5382,.T.);
#7105=ORIENTED_EDGE('',*,*,#5144,.T.);
#7106=ORIENTED_EDGE('',*,*,#5383,.F.);
#7107=ORIENTED_EDGE('',*,*,#5384,.T.);
#7108=ORIENTED_EDGE('',*,*,#5385,.T.);
#7109=ORIENTED_EDGE('',*,*,#5386,.T.);
#7110=ORIENTED_EDGE('',*,*,#5140,.T.);
#7111=ORIENTED_EDGE('',*,*,#5387,.F.);
#7112=ORIENTED_EDGE('',*,*,#5388,.F.);
#7113=ORIENTED_EDGE('',*,*,#5389,.T.);
#7114=ORIENTED_EDGE('',*,*,#5390,.T.);
#7115=ORIENTED_EDGE('',*,*,#5391,.F.);
#7116=ORIENTED_EDGE('',*,*,#5392,.F.);
#7117=ORIENTED_EDGE('',*,*,#5247,.F.);
#7118=ORIENTED_EDGE('',*,*,#5393,.T.);
#7119=ORIENTED_EDGE('',*,*,#5394,.F.);
#7120=ORIENTED_EDGE('',*,*,#5395,.F.);
#7121=ORIENTED_EDGE('',*,*,#5243,.F.);
#7122=ORIENTED_EDGE('',*,*,#5396,.T.);
#7123=ORIENTED_EDGE('',*,*,#5397,.F.);
#7124=ORIENTED_EDGE('',*,*,#5398,.T.);
#7125=ORIENTED_EDGE('',*,*,#5399,.T.);
#7126=ORIENTED_EDGE('',*,*,#5400,.T.);
#7127=ORIENTED_EDGE('',*,*,#5401,.T.);
#7128=ORIENTED_EDGE('',*,*,#5402,.T.);
#7129=ORIENTED_EDGE('',*,*,#5403,.T.);
#7130=ORIENTED_EDGE('',*,*,#5404,.T.);
#7131=ORIENTED_EDGE('',*,*,#5405,.T.);
#7132=ORIENTED_EDGE('',*,*,#5406,.T.);
#7133=ORIENTED_EDGE('',*,*,#5407,.T.);
#7134=ORIENTED_EDGE('',*,*,#5408,.T.);
#7135=ORIENTED_EDGE('',*,*,#5409,.T.);
#7136=ORIENTED_EDGE('',*,*,#5410,.T.);
#7137=ORIENTED_EDGE('',*,*,#5411,.T.);
#7138=ORIENTED_EDGE('',*,*,#5412,.T.);
#7139=ORIENTED_EDGE('',*,*,#5413,.T.);
#7140=ORIENTED_EDGE('',*,*,#5414,.T.);
#7141=ORIENTED_EDGE('',*,*,#5415,.T.);
#7142=ORIENTED_EDGE('',*,*,#5416,.T.);
#7143=ORIENTED_EDGE('',*,*,#5417,.T.);
#7144=ORIENTED_EDGE('',*,*,#5418,.T.);
#7145=ORIENTED_EDGE('',*,*,#5419,.T.);
#7146=ORIENTED_EDGE('',*,*,#5420,.T.);
#7147=ORIENTED_EDGE('',*,*,#5421,.T.);
#7148=ORIENTED_EDGE('',*,*,#5422,.T.);
#7149=ORIENTED_EDGE('',*,*,#5423,.T.);
#7150=ORIENTED_EDGE('',*,*,#5424,.T.);
#7151=ORIENTED_EDGE('',*,*,#5425,.T.);
#7152=ORIENTED_EDGE('',*,*,#5426,.T.);
#7153=ORIENTED_EDGE('',*,*,#5427,.T.);
#7154=ORIENTED_EDGE('',*,*,#5428,.T.);
#7155=ORIENTED_EDGE('',*,*,#5429,.T.);
#7156=ORIENTED_EDGE('',*,*,#5430,.T.);
#7157=ORIENTED_EDGE('',*,*,#5431,.T.);
#7158=ORIENTED_EDGE('',*,*,#5432,.T.);
#7159=ORIENTED_EDGE('',*,*,#5433,.T.);
#7160=ORIENTED_EDGE('',*,*,#5391,.T.);
#7161=ORIENTED_EDGE('',*,*,#5434,.T.);
#7162=ORIENTED_EDGE('',*,*,#5435,.T.);
#7163=ORIENTED_EDGE('',*,*,#5436,.T.);
#7164=ORIENTED_EDGE('',*,*,#5394,.T.);
#7165=ORIENTED_EDGE('',*,*,#5437,.T.);
#7166=ORIENTED_EDGE('',*,*,#5438,.T.);
#7167=ORIENTED_EDGE('',*,*,#5439,.T.);
#7168=ORIENTED_EDGE('',*,*,#5440,.T.);
#7169=ORIENTED_EDGE('',*,*,#5441,.F.);
#7170=ORIENTED_EDGE('',*,*,#5442,.T.);
#7171=ORIENTED_EDGE('',*,*,#5443,.T.);
#7172=ORIENTED_EDGE('',*,*,#5444,.T.);
#7173=ORIENTED_EDGE('',*,*,#5445,.T.);
#7174=ORIENTED_EDGE('',*,*,#5446,.T.);
#7175=ORIENTED_EDGE('',*,*,#5447,.T.);
#7176=ORIENTED_EDGE('',*,*,#5448,.T.);
#7177=ORIENTED_EDGE('',*,*,#5449,.T.);
#7178=ORIENTED_EDGE('',*,*,#5450,.T.);
#7179=ORIENTED_EDGE('',*,*,#5451,.T.);
#7180=ORIENTED_EDGE('',*,*,#5452,.T.);
#7181=ORIENTED_EDGE('',*,*,#5453,.T.);
#7182=ORIENTED_EDGE('',*,*,#5454,.T.);
#7183=ORIENTED_EDGE('',*,*,#5455,.T.);
#7184=ORIENTED_EDGE('',*,*,#5456,.T.);
#7185=ORIENTED_EDGE('',*,*,#5457,.T.);
#7186=ORIENTED_EDGE('',*,*,#5458,.T.);
#7187=ORIENTED_EDGE('',*,*,#5459,.T.);
#7188=ORIENTED_EDGE('',*,*,#5460,.T.);
#7189=ORIENTED_EDGE('',*,*,#5461,.T.);
#7190=ORIENTED_EDGE('',*,*,#5462,.T.);
#7191=ORIENTED_EDGE('',*,*,#5463,.T.);
#7192=ORIENTED_EDGE('',*,*,#5464,.T.);
#7193=ORIENTED_EDGE('',*,*,#5465,.T.);
#7194=ORIENTED_EDGE('',*,*,#5466,.T.);
#7195=ORIENTED_EDGE('',*,*,#5467,.T.);
#7196=ORIENTED_EDGE('',*,*,#5468,.T.);
#7197=ORIENTED_EDGE('',*,*,#5469,.T.);
#7198=ORIENTED_EDGE('',*,*,#5470,.T.);
#7199=ORIENTED_EDGE('',*,*,#5471,.T.);
#7200=ORIENTED_EDGE('',*,*,#5472,.T.);
#7201=ORIENTED_EDGE('',*,*,#5473,.T.);
#7202=ORIENTED_EDGE('',*,*,#5474,.T.);
#7203=ORIENTED_EDGE('',*,*,#5475,.T.);
#7204=ORIENTED_EDGE('',*,*,#5476,.T.);
#7205=ORIENTED_EDGE('',*,*,#5477,.T.);
#7206=ORIENTED_EDGE('',*,*,#5478,.T.);
#7207=ORIENTED_EDGE('',*,*,#5479,.T.);
#7208=ORIENTED_EDGE('',*,*,#5480,.T.);
#7209=ORIENTED_EDGE('',*,*,#5481,.T.);
#7210=ORIENTED_EDGE('',*,*,#5482,.T.);
#7211=ORIENTED_EDGE('',*,*,#5483,.T.);
#7212=ORIENTED_EDGE('',*,*,#5484,.F.);
#7213=ORIENTED_EDGE('',*,*,#5485,.F.);
#7214=ORIENTED_EDGE('',*,*,#5486,.T.);
#7215=ORIENTED_EDGE('',*,*,#5487,.F.);
#7216=ORIENTED_EDGE('',*,*,#5488,.F.);
#7217=ORIENTED_EDGE('',*,*,#5489,.F.);
#7218=ORIENTED_EDGE('',*,*,#5490,.T.);
#7219=ORIENTED_EDGE('',*,*,#5491,.F.);
#7220=ORIENTED_EDGE('',*,*,#5492,.F.);
#7221=ORIENTED_EDGE('',*,*,#5237,.F.);
#7222=ORIENTED_EDGE('',*,*,#5493,.F.);
#7223=ORIENTED_EDGE('',*,*,#5442,.F.);
#7224=ORIENTED_EDGE('',*,*,#5494,.T.);
#7225=ORIENTED_EDGE('',*,*,#5236,.F.);
#7226=ORIENTED_EDGE('',*,*,#5495,.F.);
#7227=ORIENTED_EDGE('',*,*,#5443,.F.);
#7228=ORIENTED_EDGE('',*,*,#5493,.T.);
#7229=ORIENTED_EDGE('',*,*,#5235,.F.);
#7230=ORIENTED_EDGE('',*,*,#5496,.F.);
#7231=ORIENTED_EDGE('',*,*,#5444,.F.);
#7232=ORIENTED_EDGE('',*,*,#5495,.T.);
#7233=ORIENTED_EDGE('',*,*,#5234,.F.);
#7234=ORIENTED_EDGE('',*,*,#5497,.F.);
#7235=ORIENTED_EDGE('',*,*,#5445,.F.);
#7236=ORIENTED_EDGE('',*,*,#5496,.T.);
#7237=ORIENTED_EDGE('',*,*,#5233,.F.);
#7238=ORIENTED_EDGE('',*,*,#5498,.F.);
#7239=ORIENTED_EDGE('',*,*,#5446,.F.);
#7240=ORIENTED_EDGE('',*,*,#5497,.T.);
#7241=ORIENTED_EDGE('',*,*,#5232,.F.);
#7242=ORIENTED_EDGE('',*,*,#5499,.F.);
#7243=ORIENTED_EDGE('',*,*,#5447,.F.);
#7244=ORIENTED_EDGE('',*,*,#5498,.T.);
#7245=ORIENTED_EDGE('',*,*,#5231,.F.);
#7246=ORIENTED_EDGE('',*,*,#5500,.F.);
#7247=ORIENTED_EDGE('',*,*,#5448,.F.);
#7248=ORIENTED_EDGE('',*,*,#5499,.T.);
#7249=ORIENTED_EDGE('',*,*,#5230,.F.);
#7250=ORIENTED_EDGE('',*,*,#5501,.F.);
#7251=ORIENTED_EDGE('',*,*,#5449,.F.);
#7252=ORIENTED_EDGE('',*,*,#5500,.T.);
#7253=ORIENTED_EDGE('',*,*,#5229,.F.);
#7254=ORIENTED_EDGE('',*,*,#5502,.F.);
#7255=ORIENTED_EDGE('',*,*,#5450,.F.);
#7256=ORIENTED_EDGE('',*,*,#5501,.T.);
#7257=ORIENTED_EDGE('',*,*,#5228,.F.);
#7258=ORIENTED_EDGE('',*,*,#5503,.F.);
#7259=ORIENTED_EDGE('',*,*,#5451,.F.);
#7260=ORIENTED_EDGE('',*,*,#5502,.T.);
#7261=ORIENTED_EDGE('',*,*,#5227,.F.);
#7262=ORIENTED_EDGE('',*,*,#5504,.F.);
#7263=ORIENTED_EDGE('',*,*,#5452,.F.);
#7264=ORIENTED_EDGE('',*,*,#5503,.T.);
#7265=ORIENTED_EDGE('',*,*,#5226,.F.);
#7266=ORIENTED_EDGE('',*,*,#5505,.F.);
#7267=ORIENTED_EDGE('',*,*,#5453,.F.);
#7268=ORIENTED_EDGE('',*,*,#5504,.T.);
#7269=ORIENTED_EDGE('',*,*,#5225,.F.);
#7270=ORIENTED_EDGE('',*,*,#5506,.F.);
#7271=ORIENTED_EDGE('',*,*,#5454,.F.);
#7272=ORIENTED_EDGE('',*,*,#5505,.T.);
#7273=ORIENTED_EDGE('',*,*,#5224,.F.);
#7274=ORIENTED_EDGE('',*,*,#5507,.F.);
#7275=ORIENTED_EDGE('',*,*,#5455,.F.);
#7276=ORIENTED_EDGE('',*,*,#5506,.T.);
#7277=ORIENTED_EDGE('',*,*,#5223,.F.);
#7278=ORIENTED_EDGE('',*,*,#5508,.F.);
#7279=ORIENTED_EDGE('',*,*,#5456,.F.);
#7280=ORIENTED_EDGE('',*,*,#5507,.T.);
#7281=ORIENTED_EDGE('',*,*,#5222,.F.);
#7282=ORIENTED_EDGE('',*,*,#5509,.F.);
#7283=ORIENTED_EDGE('',*,*,#5457,.F.);
#7284=ORIENTED_EDGE('',*,*,#5508,.T.);
#7285=ORIENTED_EDGE('',*,*,#5221,.F.);
#7286=ORIENTED_EDGE('',*,*,#5510,.F.);
#7287=ORIENTED_EDGE('',*,*,#5458,.F.);
#7288=ORIENTED_EDGE('',*,*,#5509,.T.);
#7289=ORIENTED_EDGE('',*,*,#5220,.F.);
#7290=ORIENTED_EDGE('',*,*,#5511,.F.);
#7291=ORIENTED_EDGE('',*,*,#5459,.F.);
#7292=ORIENTED_EDGE('',*,*,#5510,.T.);
#7293=ORIENTED_EDGE('',*,*,#5219,.F.);
#7294=ORIENTED_EDGE('',*,*,#5512,.F.);
#7295=ORIENTED_EDGE('',*,*,#5460,.F.);
#7296=ORIENTED_EDGE('',*,*,#5511,.T.);
#7297=ORIENTED_EDGE('',*,*,#5218,.F.);
#7298=ORIENTED_EDGE('',*,*,#5513,.F.);
#7299=ORIENTED_EDGE('',*,*,#5461,.F.);
#7300=ORIENTED_EDGE('',*,*,#5512,.T.);
#7301=ORIENTED_EDGE('',*,*,#5217,.F.);
#7302=ORIENTED_EDGE('',*,*,#5514,.F.);
#7303=ORIENTED_EDGE('',*,*,#5462,.F.);
#7304=ORIENTED_EDGE('',*,*,#5513,.T.);
#7305=ORIENTED_EDGE('',*,*,#5216,.F.);
#7306=ORIENTED_EDGE('',*,*,#5515,.F.);
#7307=ORIENTED_EDGE('',*,*,#5463,.F.);
#7308=ORIENTED_EDGE('',*,*,#5514,.T.);
#7309=ORIENTED_EDGE('',*,*,#5215,.F.);
#7310=ORIENTED_EDGE('',*,*,#5516,.F.);
#7311=ORIENTED_EDGE('',*,*,#5464,.F.);
#7312=ORIENTED_EDGE('',*,*,#5515,.T.);
#7313=ORIENTED_EDGE('',*,*,#5214,.F.);
#7314=ORIENTED_EDGE('',*,*,#5517,.F.);
#7315=ORIENTED_EDGE('',*,*,#5465,.F.);
#7316=ORIENTED_EDGE('',*,*,#5516,.T.);
#7317=ORIENTED_EDGE('',*,*,#5213,.F.);
#7318=ORIENTED_EDGE('',*,*,#5518,.F.);
#7319=ORIENTED_EDGE('',*,*,#5466,.F.);
#7320=ORIENTED_EDGE('',*,*,#5517,.T.);
#7321=ORIENTED_EDGE('',*,*,#5212,.F.);
#7322=ORIENTED_EDGE('',*,*,#5519,.F.);
#7323=ORIENTED_EDGE('',*,*,#5467,.F.);
#7324=ORIENTED_EDGE('',*,*,#5518,.T.);
#7325=ORIENTED_EDGE('',*,*,#5211,.F.);
#7326=ORIENTED_EDGE('',*,*,#5520,.F.);
#7327=ORIENTED_EDGE('',*,*,#5468,.F.);
#7328=ORIENTED_EDGE('',*,*,#5519,.T.);
#7329=ORIENTED_EDGE('',*,*,#5210,.F.);
#7330=ORIENTED_EDGE('',*,*,#5521,.F.);
#7331=ORIENTED_EDGE('',*,*,#5469,.F.);
#7332=ORIENTED_EDGE('',*,*,#5520,.T.);
#7333=ORIENTED_EDGE('',*,*,#5209,.F.);
#7334=ORIENTED_EDGE('',*,*,#5522,.F.);
#7335=ORIENTED_EDGE('',*,*,#5470,.F.);
#7336=ORIENTED_EDGE('',*,*,#5521,.T.);
#7337=ORIENTED_EDGE('',*,*,#5208,.F.);
#7338=ORIENTED_EDGE('',*,*,#5523,.F.);
#7339=ORIENTED_EDGE('',*,*,#5471,.F.);
#7340=ORIENTED_EDGE('',*,*,#5522,.T.);
#7341=ORIENTED_EDGE('',*,*,#5207,.F.);
#7342=ORIENTED_EDGE('',*,*,#5524,.F.);
#7343=ORIENTED_EDGE('',*,*,#5472,.F.);
#7344=ORIENTED_EDGE('',*,*,#5523,.T.);
#7345=ORIENTED_EDGE('',*,*,#5206,.F.);
#7346=ORIENTED_EDGE('',*,*,#5525,.F.);
#7347=ORIENTED_EDGE('',*,*,#5473,.F.);
#7348=ORIENTED_EDGE('',*,*,#5524,.T.);
#7349=ORIENTED_EDGE('',*,*,#5205,.F.);
#7350=ORIENTED_EDGE('',*,*,#5381,.T.);
#7351=ORIENTED_EDGE('',*,*,#5526,.F.);
#7352=ORIENTED_EDGE('',*,*,#5474,.F.);
#7353=ORIENTED_EDGE('',*,*,#5525,.T.);
#7354=ORIENTED_EDGE('',*,*,#5380,.T.);
#7355=ORIENTED_EDGE('',*,*,#5527,.F.);
#7356=ORIENTED_EDGE('',*,*,#5475,.F.);
#7357=ORIENTED_EDGE('',*,*,#5526,.T.);
#7358=ORIENTED_EDGE('',*,*,#5379,.T.);
#7359=ORIENTED_EDGE('',*,*,#5528,.F.);
#7360=ORIENTED_EDGE('',*,*,#5476,.F.);
#7361=ORIENTED_EDGE('',*,*,#5527,.T.);
#7362=ORIENTED_EDGE('',*,*,#5378,.T.);
#7363=ORIENTED_EDGE('',*,*,#5529,.F.);
#7364=ORIENTED_EDGE('',*,*,#5477,.F.);
#7365=ORIENTED_EDGE('',*,*,#5528,.T.);
#7366=ORIENTED_EDGE('',*,*,#5377,.T.);
#7367=ORIENTED_EDGE('',*,*,#5530,.F.);
#7368=ORIENTED_EDGE('',*,*,#5478,.F.);
#7369=ORIENTED_EDGE('',*,*,#5529,.T.);
#7370=ORIENTED_EDGE('',*,*,#5376,.T.);
#7371=ORIENTED_EDGE('',*,*,#5531,.F.);
#7372=ORIENTED_EDGE('',*,*,#5479,.F.);
#7373=ORIENTED_EDGE('',*,*,#5530,.T.);
#7374=ORIENTED_EDGE('',*,*,#5375,.T.);
#7375=ORIENTED_EDGE('',*,*,#5532,.F.);
#7376=ORIENTED_EDGE('',*,*,#5480,.F.);
#7377=ORIENTED_EDGE('',*,*,#5531,.T.);
#7378=ORIENTED_EDGE('',*,*,#5374,.T.);
#7379=ORIENTED_EDGE('',*,*,#5533,.F.);
#7380=ORIENTED_EDGE('',*,*,#5534,.T.);
#7381=ORIENTED_EDGE('',*,*,#5481,.F.);
#7382=ORIENTED_EDGE('',*,*,#5532,.T.);
#7383=ORIENTED_EDGE('',*,*,#5535,.F.);
#7384=ORIENTED_EDGE('',*,*,#5536,.F.);
#7385=ORIENTED_EDGE('',*,*,#5398,.F.);
#7386=ORIENTED_EDGE('',*,*,#5537,.F.);
#7387=ORIENTED_EDGE('',*,*,#5538,.F.);
#7388=ORIENTED_EDGE('',*,*,#5372,.T.);
#7389=ORIENTED_EDGE('',*,*,#5539,.F.);
#7390=ORIENTED_EDGE('',*,*,#5399,.F.);
#7391=ORIENTED_EDGE('',*,*,#5536,.T.);
#7392=ORIENTED_EDGE('',*,*,#5371,.T.);
#7393=ORIENTED_EDGE('',*,*,#5540,.F.);
#7394=ORIENTED_EDGE('',*,*,#5400,.F.);
#7395=ORIENTED_EDGE('',*,*,#5539,.T.);
#7396=ORIENTED_EDGE('',*,*,#5370,.T.);
#7397=ORIENTED_EDGE('',*,*,#5541,.F.);
#7398=ORIENTED_EDGE('',*,*,#5542,.F.);
#7399=ORIENTED_EDGE('',*,*,#5401,.F.);
#7400=ORIENTED_EDGE('',*,*,#5540,.T.);
#7401=ORIENTED_EDGE('',*,*,#5543,.F.);
#7402=ORIENTED_EDGE('',*,*,#5544,.F.);
#7403=ORIENTED_EDGE('',*,*,#5402,.F.);
#7404=ORIENTED_EDGE('',*,*,#5542,.T.);
#7405=ORIENTED_EDGE('',*,*,#5545,.F.);
#7406=ORIENTED_EDGE('',*,*,#5368,.T.);
#7407=ORIENTED_EDGE('',*,*,#5546,.F.);
#7408=ORIENTED_EDGE('',*,*,#5403,.F.);
#7409=ORIENTED_EDGE('',*,*,#5544,.T.);
#7410=ORIENTED_EDGE('',*,*,#5367,.T.);
#7411=ORIENTED_EDGE('',*,*,#5547,.F.);
#7412=ORIENTED_EDGE('',*,*,#5404,.F.);
#7413=ORIENTED_EDGE('',*,*,#5546,.T.);
#7414=ORIENTED_EDGE('',*,*,#5366,.T.);
#7415=ORIENTED_EDGE('',*,*,#5548,.F.);
#7416=ORIENTED_EDGE('',*,*,#5549,.F.);
#7417=ORIENTED_EDGE('',*,*,#5405,.F.);
#7418=ORIENTED_EDGE('',*,*,#5547,.T.);
#7419=ORIENTED_EDGE('',*,*,#5550,.F.);
#7420=ORIENTED_EDGE('',*,*,#5551,.F.);
#7421=ORIENTED_EDGE('',*,*,#5406,.F.);
#7422=ORIENTED_EDGE('',*,*,#5549,.T.);
#7423=ORIENTED_EDGE('',*,*,#5552,.F.);
#7424=ORIENTED_EDGE('',*,*,#5364,.T.);
#7425=ORIENTED_EDGE('',*,*,#5553,.F.);
#7426=ORIENTED_EDGE('',*,*,#5407,.F.);
#7427=ORIENTED_EDGE('',*,*,#5551,.T.);
#7428=ORIENTED_EDGE('',*,*,#5363,.T.);
#7429=ORIENTED_EDGE('',*,*,#5554,.F.);
#7430=ORIENTED_EDGE('',*,*,#5408,.F.);
#7431=ORIENTED_EDGE('',*,*,#5553,.T.);
#7432=ORIENTED_EDGE('',*,*,#5362,.T.);
#7433=ORIENTED_EDGE('',*,*,#5272,.F.);
#7434=ORIENTED_EDGE('',*,*,#5555,.F.);
#7435=ORIENTED_EDGE('',*,*,#5409,.F.);
#7436=ORIENTED_EDGE('',*,*,#5554,.T.);
#7437=ORIENTED_EDGE('',*,*,#5271,.F.);
#7438=ORIENTED_EDGE('',*,*,#5556,.F.);
#7439=ORIENTED_EDGE('',*,*,#5410,.F.);
#7440=ORIENTED_EDGE('',*,*,#5555,.T.);
#7441=ORIENTED_EDGE('',*,*,#5270,.F.);
#7442=ORIENTED_EDGE('',*,*,#5557,.F.);
#7443=ORIENTED_EDGE('',*,*,#5411,.F.);
#7444=ORIENTED_EDGE('',*,*,#5556,.T.);
#7445=ORIENTED_EDGE('',*,*,#5269,.F.);
#7446=ORIENTED_EDGE('',*,*,#5558,.F.);
#7447=ORIENTED_EDGE('',*,*,#5412,.F.);
#7448=ORIENTED_EDGE('',*,*,#5557,.T.);
#7449=ORIENTED_EDGE('',*,*,#5268,.F.);
#7450=ORIENTED_EDGE('',*,*,#5559,.F.);
#7451=ORIENTED_EDGE('',*,*,#5413,.F.);
#7452=ORIENTED_EDGE('',*,*,#5558,.T.);
#7453=ORIENTED_EDGE('',*,*,#5267,.F.);
#7454=ORIENTED_EDGE('',*,*,#5560,.F.);
#7455=ORIENTED_EDGE('',*,*,#5414,.F.);
#7456=ORIENTED_EDGE('',*,*,#5559,.T.);
#7457=ORIENTED_EDGE('',*,*,#5266,.F.);
#7458=ORIENTED_EDGE('',*,*,#5561,.F.);
#7459=ORIENTED_EDGE('',*,*,#5415,.F.);
#7460=ORIENTED_EDGE('',*,*,#5560,.T.);
#7461=ORIENTED_EDGE('',*,*,#5265,.F.);
#7462=ORIENTED_EDGE('',*,*,#5562,.F.);
#7463=ORIENTED_EDGE('',*,*,#5416,.F.);
#7464=ORIENTED_EDGE('',*,*,#5561,.T.);
#7465=ORIENTED_EDGE('',*,*,#5264,.F.);
#7466=ORIENTED_EDGE('',*,*,#5563,.F.);
#7467=ORIENTED_EDGE('',*,*,#5417,.F.);
#7468=ORIENTED_EDGE('',*,*,#5562,.T.);
#7469=ORIENTED_EDGE('',*,*,#5263,.F.);
#7470=ORIENTED_EDGE('',*,*,#5564,.F.);
#7471=ORIENTED_EDGE('',*,*,#5418,.F.);
#7472=ORIENTED_EDGE('',*,*,#5563,.T.);
#7473=ORIENTED_EDGE('',*,*,#5262,.F.);
#7474=ORIENTED_EDGE('',*,*,#5565,.F.);
#7475=ORIENTED_EDGE('',*,*,#5419,.F.);
#7476=ORIENTED_EDGE('',*,*,#5564,.T.);
#7477=ORIENTED_EDGE('',*,*,#5261,.F.);
#7478=ORIENTED_EDGE('',*,*,#5566,.F.);
#7479=ORIENTED_EDGE('',*,*,#5420,.F.);
#7480=ORIENTED_EDGE('',*,*,#5565,.T.);
#7481=ORIENTED_EDGE('',*,*,#5260,.F.);
#7482=ORIENTED_EDGE('',*,*,#5567,.F.);
#7483=ORIENTED_EDGE('',*,*,#5421,.F.);
#7484=ORIENTED_EDGE('',*,*,#5566,.T.);
#7485=ORIENTED_EDGE('',*,*,#5259,.F.);
#7486=ORIENTED_EDGE('',*,*,#5568,.F.);
#7487=ORIENTED_EDGE('',*,*,#5422,.F.);
#7488=ORIENTED_EDGE('',*,*,#5567,.T.);
#7489=ORIENTED_EDGE('',*,*,#5258,.F.);
#7490=ORIENTED_EDGE('',*,*,#5569,.F.);
#7491=ORIENTED_EDGE('',*,*,#5423,.F.);
#7492=ORIENTED_EDGE('',*,*,#5568,.T.);
#7493=ORIENTED_EDGE('',*,*,#5257,.F.);
#7494=ORIENTED_EDGE('',*,*,#5570,.F.);
#7495=ORIENTED_EDGE('',*,*,#5424,.F.);
#7496=ORIENTED_EDGE('',*,*,#5569,.T.);
#7497=ORIENTED_EDGE('',*,*,#5256,.F.);
#7498=ORIENTED_EDGE('',*,*,#5571,.F.);
#7499=ORIENTED_EDGE('',*,*,#5425,.F.);
#7500=ORIENTED_EDGE('',*,*,#5570,.T.);
#7501=ORIENTED_EDGE('',*,*,#5255,.F.);
#7502=ORIENTED_EDGE('',*,*,#5572,.F.);
#7503=ORIENTED_EDGE('',*,*,#5426,.F.);
#7504=ORIENTED_EDGE('',*,*,#5571,.T.);
#7505=ORIENTED_EDGE('',*,*,#5254,.F.);
#7506=ORIENTED_EDGE('',*,*,#5573,.F.);
#7507=ORIENTED_EDGE('',*,*,#5427,.F.);
#7508=ORIENTED_EDGE('',*,*,#5572,.T.);
#7509=ORIENTED_EDGE('',*,*,#5253,.F.);
#7510=ORIENTED_EDGE('',*,*,#5574,.F.);
#7511=ORIENTED_EDGE('',*,*,#5428,.F.);
#7512=ORIENTED_EDGE('',*,*,#5573,.T.);
#7513=ORIENTED_EDGE('',*,*,#5252,.F.);
#7514=ORIENTED_EDGE('',*,*,#5575,.F.);
#7515=ORIENTED_EDGE('',*,*,#5429,.F.);
#7516=ORIENTED_EDGE('',*,*,#5574,.T.);
#7517=ORIENTED_EDGE('',*,*,#5251,.F.);
#7518=ORIENTED_EDGE('',*,*,#5576,.T.);
#7519=ORIENTED_EDGE('',*,*,#5430,.F.);
#7520=ORIENTED_EDGE('',*,*,#5575,.T.);
#7521=ORIENTED_EDGE('',*,*,#5482,.F.);
#7522=ORIENTED_EDGE('',*,*,#5534,.F.);
#7523=ORIENTED_EDGE('',*,*,#5577,.F.);
#7524=ORIENTED_EDGE('',*,*,#5383,.T.);
#7525=ORIENTED_EDGE('',*,*,#5147,.T.);
#7526=ORIENTED_EDGE('',*,*,#5578,.T.);
#7527=ORIENTED_EDGE('',*,*,#5579,.F.);
#7528=ORIENTED_EDGE('',*,*,#5537,.T.);
#7529=ORIENTED_EDGE('',*,*,#5397,.T.);
#7530=ORIENTED_EDGE('',*,*,#5580,.F.);
#7531=ORIENTED_EDGE('',*,*,#5158,.F.);
#7532=ORIENTED_EDGE('',*,*,#5386,.F.);
#7533=ORIENTED_EDGE('',*,*,#5483,.F.);
#7534=ORIENTED_EDGE('',*,*,#5578,.F.);
#7535=ORIENTED_EDGE('',*,*,#5159,.T.);
#7536=ORIENTED_EDGE('',*,*,#5580,.T.);
#7537=ORIENTED_EDGE('',*,*,#5076,.F.);
#7538=ORIENTED_EDGE('',*,*,#5581,.T.);
#7539=ORIENTED_EDGE('',*,*,#5484,.T.);
#7540=ORIENTED_EDGE('',*,*,#5581,.F.);
#7541=ORIENTED_EDGE('',*,*,#5438,.F.);
#7542=ORIENTED_EDGE('',*,*,#5582,.F.);
#7543=ORIENTED_EDGE('',*,*,#5241,.F.);
#7544=ORIENTED_EDGE('',*,*,#5583,.T.);
#7545=ORIENTED_EDGE('',*,*,#5439,.F.);
#7546=ORIENTED_EDGE('',*,*,#5583,.F.);
#7547=ORIENTED_EDGE('',*,*,#5240,.F.);
#7548=ORIENTED_EDGE('',*,*,#5584,.T.);
#7549=ORIENTED_EDGE('',*,*,#5440,.F.);
#7550=ORIENTED_EDGE('',*,*,#5584,.F.);
#7551=ORIENTED_EDGE('',*,*,#5239,.F.);
#7552=ORIENTED_EDGE('',*,*,#5585,.T.);
#7553=ORIENTED_EDGE('',*,*,#5441,.T.);
#7554=ORIENTED_EDGE('',*,*,#5585,.F.);
#7555=ORIENTED_EDGE('',*,*,#5238,.F.);
#7556=ORIENTED_EDGE('',*,*,#5494,.F.);
#7557=ORIENTED_EDGE('',*,*,#5437,.F.);
#7558=ORIENTED_EDGE('',*,*,#5396,.F.);
#7559=ORIENTED_EDGE('',*,*,#5242,.F.);
#7560=ORIENTED_EDGE('',*,*,#5582,.T.);
#7561=ORIENTED_EDGE('',*,*,#5486,.F.);
#7562=ORIENTED_EDGE('',*,*,#5586,.F.);
#7563=ORIENTED_EDGE('',*,*,#5388,.T.);
#7564=ORIENTED_EDGE('',*,*,#5587,.F.);
#7565=ORIENTED_EDGE('',*,*,#5588,.T.);
#7566=ORIENTED_EDGE('',*,*,#5487,.T.);
#7567=ORIENTED_EDGE('',*,*,#5588,.F.);
#7568=ORIENTED_EDGE('',*,*,#5589,.F.);
#7569=ORIENTED_EDGE('',*,*,#5590,.T.);
#7570=ORIENTED_EDGE('',*,*,#5488,.T.);
#7571=ORIENTED_EDGE('',*,*,#5590,.F.);
#7572=ORIENTED_EDGE('',*,*,#5591,.F.);
#7573=ORIENTED_EDGE('',*,*,#5359,.F.);
#7574=ORIENTED_EDGE('',*,*,#5592,.T.);
#7575=ORIENTED_EDGE('',*,*,#5489,.T.);
#7576=ORIENTED_EDGE('',*,*,#5592,.F.);
#7577=ORIENTED_EDGE('',*,*,#5358,.F.);
#7578=ORIENTED_EDGE('',*,*,#5593,.T.);
#7579=ORIENTED_EDGE('',*,*,#5490,.F.);
#7580=ORIENTED_EDGE('',*,*,#5593,.F.);
#7581=ORIENTED_EDGE('',*,*,#5357,.T.);
#7582=ORIENTED_EDGE('',*,*,#5594,.F.);
#7583=ORIENTED_EDGE('',*,*,#5595,.T.);
#7584=ORIENTED_EDGE('',*,*,#5491,.T.);
#7585=ORIENTED_EDGE('',*,*,#5595,.F.);
#7586=ORIENTED_EDGE('',*,*,#5596,.F.);
#7587=ORIENTED_EDGE('',*,*,#5597,.T.);
#7588=ORIENTED_EDGE('',*,*,#5492,.T.);
#7589=ORIENTED_EDGE('',*,*,#5597,.F.);
#7590=ORIENTED_EDGE('',*,*,#5598,.F.);
#7591=ORIENTED_EDGE('',*,*,#5390,.F.);
#7592=ORIENTED_EDGE('',*,*,#5599,.T.);
#7593=ORIENTED_EDGE('',*,*,#5485,.T.);
#7594=ORIENTED_EDGE('',*,*,#5599,.F.);
#7595=ORIENTED_EDGE('',*,*,#5389,.F.);
#7596=ORIENTED_EDGE('',*,*,#5586,.T.);
#7597=ORIENTED_EDGE('',*,*,#5244,.F.);
#7598=ORIENTED_EDGE('',*,*,#5395,.T.);
#7599=ORIENTED_EDGE('',*,*,#5436,.F.);
#7600=ORIENTED_EDGE('',*,*,#5600,.F.);
#7601=ORIENTED_EDGE('',*,*,#5245,.F.);
#7602=ORIENTED_EDGE('',*,*,#5600,.T.);
#7603=ORIENTED_EDGE('',*,*,#5435,.F.);
#7604=ORIENTED_EDGE('',*,*,#5601,.F.);
#7605=ORIENTED_EDGE('',*,*,#5246,.F.);
#7606=ORIENTED_EDGE('',*,*,#5601,.T.);
#7607=ORIENTED_EDGE('',*,*,#5434,.F.);
#7608=ORIENTED_EDGE('',*,*,#5393,.F.);
#7609=ORIENTED_EDGE('',*,*,#5248,.F.);
#7610=ORIENTED_EDGE('',*,*,#5392,.T.);
#7611=ORIENTED_EDGE('',*,*,#5433,.F.);
#7612=ORIENTED_EDGE('',*,*,#5602,.F.);
#7613=ORIENTED_EDGE('',*,*,#5249,.F.);
#7614=ORIENTED_EDGE('',*,*,#5602,.T.);
#7615=ORIENTED_EDGE('',*,*,#5432,.F.);
#7616=ORIENTED_EDGE('',*,*,#5603,.F.);
#7617=ORIENTED_EDGE('',*,*,#5250,.F.);
#7618=ORIENTED_EDGE('',*,*,#5603,.T.);
#7619=ORIENTED_EDGE('',*,*,#5431,.F.);
#7620=ORIENTED_EDGE('',*,*,#5576,.F.);
#7621=ORIENTED_EDGE('',*,*,#5598,.T.);
#7622=ORIENTED_EDGE('',*,*,#5596,.T.);
#7623=ORIENTED_EDGE('',*,*,#5594,.T.);
#7624=ORIENTED_EDGE('',*,*,#5604,.F.);
#7625=ORIENTED_EDGE('',*,*,#5548,.T.);
#7626=ORIENTED_EDGE('',*,*,#5605,.T.);
#7627=ORIENTED_EDGE('',*,*,#5552,.T.);
#7628=ORIENTED_EDGE('',*,*,#5550,.T.);
#7629=ORIENTED_EDGE('',*,*,#5577,.T.);
#7630=ORIENTED_EDGE('',*,*,#5533,.T.);
#7631=ORIENTED_EDGE('',*,*,#5606,.T.);
#7632=ORIENTED_EDGE('',*,*,#5607,.T.);
#7633=ORIENTED_EDGE('',*,*,#5541,.T.);
#7634=ORIENTED_EDGE('',*,*,#5608,.T.);
#7635=ORIENTED_EDGE('',*,*,#5545,.T.);
#7636=ORIENTED_EDGE('',*,*,#5543,.T.);
#7637=ORIENTED_EDGE('',*,*,#5579,.T.);
#7638=ORIENTED_EDGE('',*,*,#5609,.T.);
#7639=ORIENTED_EDGE('',*,*,#5538,.T.);
#7640=ORIENTED_EDGE('',*,*,#5535,.T.);
#7641=ORIENTED_EDGE('',*,*,#5587,.T.);
#7642=ORIENTED_EDGE('',*,*,#5610,.F.);
#7643=ORIENTED_EDGE('',*,*,#5591,.T.);
#7644=ORIENTED_EDGE('',*,*,#5589,.T.);
#7645=ORIENTED_EDGE('',*,*,#5611,.F.);
#7646=ORIENTED_EDGE('',*,*,#5612,.T.);
#7647=ORIENTED_EDGE('',*,*,#5134,.T.);
#7648=ORIENTED_EDGE('',*,*,#5613,.F.);
#7649=ORIENTED_EDGE('',*,*,#5614,.T.);
#7650=ORIENTED_EDGE('',*,*,#5615,.F.);
#7651=ORIENTED_EDGE('',*,*,#5142,.T.);
#7652=ORIENTED_EDGE('',*,*,#5616,.T.);
#7653=ORIENTED_EDGE('',*,*,#5617,.T.);
#7654=ORIENTED_EDGE('',*,*,#5618,.T.);
#7655=ORIENTED_EDGE('',*,*,#5619,.T.);
#7656=ORIENTED_EDGE('',*,*,#5620,.T.);
#7657=ORIENTED_EDGE('',*,*,#5621,.T.);
#7658=ORIENTED_EDGE('',*,*,#5622,.T.);
#7659=ORIENTED_EDGE('',*,*,#5623,.T.);
#7660=ORIENTED_EDGE('',*,*,#5624,.F.);
#7661=ORIENTED_EDGE('',*,*,#5625,.F.);
#7662=ORIENTED_EDGE('',*,*,#5149,.T.);
#7663=ORIENTED_EDGE('',*,*,#5626,.F.);
#7664=ORIENTED_EDGE('',*,*,#5616,.F.);
#7665=ORIENTED_EDGE('',*,*,#5627,.T.);
#7666=ORIENTED_EDGE('',*,*,#5148,.T.);
#7667=ORIENTED_EDGE('',*,*,#5615,.T.);
#7668=ORIENTED_EDGE('',*,*,#5203,.F.);
#7669=ORIENTED_EDGE('',*,*,#5628,.F.);
#7670=ORIENTED_EDGE('',*,*,#5617,.F.);
#7671=ORIENTED_EDGE('',*,*,#5626,.T.);
#7672=ORIENTED_EDGE('',*,*,#5202,.F.);
#7673=ORIENTED_EDGE('',*,*,#5629,.F.);
#7674=ORIENTED_EDGE('',*,*,#5618,.F.);
#7675=ORIENTED_EDGE('',*,*,#5628,.T.);
#7676=ORIENTED_EDGE('',*,*,#5201,.F.);
#7677=ORIENTED_EDGE('',*,*,#5630,.F.);
#7678=ORIENTED_EDGE('',*,*,#5619,.F.);
#7679=ORIENTED_EDGE('',*,*,#5629,.T.);
#7680=ORIENTED_EDGE('',*,*,#5200,.F.);
#7681=ORIENTED_EDGE('',*,*,#5631,.F.);
#7682=ORIENTED_EDGE('',*,*,#5620,.F.);
#7683=ORIENTED_EDGE('',*,*,#5630,.T.);
#7684=ORIENTED_EDGE('',*,*,#5199,.F.);
#7685=ORIENTED_EDGE('',*,*,#5613,.T.);
#7686=ORIENTED_EDGE('',*,*,#5632,.F.);
#7687=ORIENTED_EDGE('',*,*,#5621,.F.);
#7688=ORIENTED_EDGE('',*,*,#5631,.T.);
#7689=ORIENTED_EDGE('',*,*,#5151,.T.);
#7690=ORIENTED_EDGE('',*,*,#5633,.F.);
#7691=ORIENTED_EDGE('',*,*,#5622,.F.);
#7692=ORIENTED_EDGE('',*,*,#5632,.T.);
#7693=ORIENTED_EDGE('',*,*,#5150,.T.);
#7694=ORIENTED_EDGE('',*,*,#5627,.F.);
#7695=ORIENTED_EDGE('',*,*,#5623,.F.);
#7696=ORIENTED_EDGE('',*,*,#5633,.T.);
#7697=ORIENTED_EDGE('',*,*,#5625,.T.);
#7698=ORIENTED_EDGE('',*,*,#5634,.T.);
#7699=ORIENTED_EDGE('',*,*,#5165,.F.);
#7700=ORIENTED_EDGE('',*,*,#5634,.F.);
#7701=ORIENTED_EDGE('',*,*,#5624,.T.);
#7702=ORIENTED_EDGE('',*,*,#5635,.T.);
#7703=ORIENTED_EDGE('',*,*,#5612,.F.);
#7704=ORIENTED_EDGE('',*,*,#5635,.F.);
#7705=ORIENTED_EDGE('',*,*,#5636,.F.);
#7706=ORIENTED_EDGE('',*,*,#5637,.T.);
#7707=ORIENTED_EDGE('',*,*,#5638,.F.);
#7708=ORIENTED_EDGE('',*,*,#5639,.F.);
#7709=ORIENTED_EDGE('',*,*,#5640,.F.);
#7710=ORIENTED_EDGE('',*,*,#5641,.F.);
#7711=ORIENTED_EDGE('',*,*,#5642,.F.);
#7712=ORIENTED_EDGE('',*,*,#5643,.F.);
#7713=ORIENTED_EDGE('',*,*,#5644,.F.);
#7714=ORIENTED_EDGE('',*,*,#5645,.T.);
#7715=ORIENTED_EDGE('',*,*,#5646,.F.);
#7716=ORIENTED_EDGE('',*,*,#5645,.F.);
#7717=ORIENTED_EDGE('',*,*,#5647,.F.);
#7718=ORIENTED_EDGE('',*,*,#5648,.T.);
#7719=ORIENTED_EDGE('',*,*,#5649,.F.);
#7720=ORIENTED_EDGE('',*,*,#5648,.F.);
#7721=ORIENTED_EDGE('',*,*,#5650,.F.);
#7722=ORIENTED_EDGE('',*,*,#5651,.T.);
#7723=ORIENTED_EDGE('',*,*,#5652,.F.);
#7724=ORIENTED_EDGE('',*,*,#5651,.F.);
#7725=ORIENTED_EDGE('',*,*,#5653,.F.);
#7726=ORIENTED_EDGE('',*,*,#5654,.T.);
#7727=ORIENTED_EDGE('',*,*,#5655,.F.);
#7728=ORIENTED_EDGE('',*,*,#5654,.F.);
#7729=ORIENTED_EDGE('',*,*,#5656,.T.);
#7730=ORIENTED_EDGE('',*,*,#5657,.T.);
#7731=ORIENTED_EDGE('',*,*,#5658,.T.);
#7732=ORIENTED_EDGE('',*,*,#5659,.T.);
#7733=ORIENTED_EDGE('',*,*,#5659,.F.);
#7734=ORIENTED_EDGE('',*,*,#5660,.F.);
#7735=ORIENTED_EDGE('',*,*,#5661,.F.);
#7736=ORIENTED_EDGE('',*,*,#5662,.F.);
#7737=ORIENTED_EDGE('',*,*,#5658,.F.);
#7738=ORIENTED_EDGE('',*,*,#5663,.T.);
#7739=ORIENTED_EDGE('',*,*,#5664,.T.);
#7740=ORIENTED_EDGE('',*,*,#5058,.T.);
#7741=ORIENTED_EDGE('',*,*,#5665,.F.);
#7742=ORIENTED_EDGE('',*,*,#5666,.F.);
#7743=ORIENTED_EDGE('',*,*,#5660,.T.);
#7744=ORIENTED_EDGE('',*,*,#5643,.T.);
#7745=ORIENTED_EDGE('',*,*,#5667,.T.);
#7746=ORIENTED_EDGE('',*,*,#5668,.T.);
#7747=ORIENTED_EDGE('',*,*,#5669,.T.);
#7748=ORIENTED_EDGE('',*,*,#5670,.T.);
#7749=ORIENTED_EDGE('',*,*,#5671,.T.);
#7750=ORIENTED_EDGE('',*,*,#5672,.T.);
#7751=ORIENTED_EDGE('',*,*,#5673,.T.);
#7752=ORIENTED_EDGE('',*,*,#5653,.T.);
#7753=ORIENTED_EDGE('',*,*,#5650,.T.);
#7754=ORIENTED_EDGE('',*,*,#5647,.T.);
#7755=ORIENTED_EDGE('',*,*,#5644,.T.);
#7756=ORIENTED_EDGE('',*,*,#5674,.T.);
#7757=ORIENTED_EDGE('',*,*,#5661,.T.);
#7758=ORIENTED_EDGE('',*,*,#5666,.T.);
#7759=ORIENTED_EDGE('',*,*,#5675,.T.);
#7760=ORIENTED_EDGE('',*,*,#5676,.T.);
#7761=ORIENTED_EDGE('',*,*,#5677,.T.);
#7762=ORIENTED_EDGE('',*,*,#5678,.F.);
#7763=ORIENTED_EDGE('',*,*,#5677,.F.);
#7764=ORIENTED_EDGE('',*,*,#5679,.T.);
#7765=ORIENTED_EDGE('',*,*,#5680,.F.);
#7766=ORIENTED_EDGE('',*,*,#5681,.F.);
#7767=ORIENTED_EDGE('',*,*,#5682,.F.);
#7768=ORIENTED_EDGE('',*,*,#5683,.F.);
#7769=ORIENTED_EDGE('',*,*,#5679,.F.);
#7770=ORIENTED_EDGE('',*,*,#5676,.F.);
#7771=ORIENTED_EDGE('',*,*,#5680,.T.);
#7772=ORIENTED_EDGE('',*,*,#5684,.F.);
#7773=ORIENTED_EDGE('',*,*,#5685,.F.);
#7774=ORIENTED_EDGE('',*,*,#5686,.F.);
#7775=ORIENTED_EDGE('',*,*,#5641,.T.);
#7776=ORIENTED_EDGE('',*,*,#5687,.F.);
#7777=ORIENTED_EDGE('',*,*,#5688,.F.);
#7778=ORIENTED_EDGE('',*,*,#5689,.F.);
#7779=ORIENTED_EDGE('',*,*,#5640,.T.);
#7780=ORIENTED_EDGE('',*,*,#5673,.F.);
#7781=ORIENTED_EDGE('',*,*,#5690,.T.);
#7782=ORIENTED_EDGE('',*,*,#5687,.T.);
#7783=ORIENTED_EDGE('',*,*,#5672,.F.);
#7784=ORIENTED_EDGE('',*,*,#5691,.T.);
#7785=ORIENTED_EDGE('',*,*,#5688,.T.);
#7786=ORIENTED_EDGE('',*,*,#5690,.F.);
#7787=ORIENTED_EDGE('',*,*,#5671,.F.);
#7788=ORIENTED_EDGE('',*,*,#5692,.T.);
#7789=ORIENTED_EDGE('',*,*,#5681,.T.);
#7790=ORIENTED_EDGE('',*,*,#5689,.T.);
#7791=ORIENTED_EDGE('',*,*,#5691,.F.);
#7792=ORIENTED_EDGE('',*,*,#5670,.F.);
#7793=ORIENTED_EDGE('',*,*,#5693,.T.);
#7794=ORIENTED_EDGE('',*,*,#5682,.T.);
#7795=ORIENTED_EDGE('',*,*,#5692,.F.);
#7796=ORIENTED_EDGE('',*,*,#5669,.F.);
#7797=ORIENTED_EDGE('',*,*,#5694,.T.);
#7798=ORIENTED_EDGE('',*,*,#5684,.T.);
#7799=ORIENTED_EDGE('',*,*,#5683,.T.);
#7800=ORIENTED_EDGE('',*,*,#5693,.F.);
#7801=ORIENTED_EDGE('',*,*,#5668,.F.);
#7802=ORIENTED_EDGE('',*,*,#5695,.T.);
#7803=ORIENTED_EDGE('',*,*,#5685,.T.);
#7804=ORIENTED_EDGE('',*,*,#5694,.F.);
#7805=ORIENTED_EDGE('',*,*,#5642,.T.);
#7806=ORIENTED_EDGE('',*,*,#5686,.T.);
#7807=ORIENTED_EDGE('',*,*,#5695,.F.);
#7808=ORIENTED_EDGE('',*,*,#5667,.F.);
#7809=ORIENTED_EDGE('',*,*,#5657,.F.);
#7810=ORIENTED_EDGE('',*,*,#5696,.F.);
#7811=ORIENTED_EDGE('',*,*,#5697,.F.);
#7812=ORIENTED_EDGE('',*,*,#5663,.F.);
#7813=ORIENTED_EDGE('',*,*,#5664,.F.);
#7814=ORIENTED_EDGE('',*,*,#5697,.T.);
#7815=ORIENTED_EDGE('',*,*,#5698,.F.);
#7816=ORIENTED_EDGE('',*,*,#5699,.F.);
#7817=ORIENTED_EDGE('',*,*,#5656,.F.);
#7818=ORIENTED_EDGE('',*,*,#5662,.T.);
#7819=ORIENTED_EDGE('',*,*,#5674,.F.);
#7820=ORIENTED_EDGE('',*,*,#5700,.T.);
#7821=ORIENTED_EDGE('',*,*,#5274,.T.);
#7822=ORIENTED_EDGE('',*,*,#5701,.T.);
#7823=ORIENTED_EDGE('',*,*,#5698,.T.);
#7824=ORIENTED_EDGE('',*,*,#5696,.T.);
#7825=ORIENTED_EDGE('',*,*,#5678,.T.);
#7826=ORIENTED_EDGE('',*,*,#5655,.T.);
#7827=ORIENTED_EDGE('',*,*,#5652,.T.);
#7828=ORIENTED_EDGE('',*,*,#5649,.T.);
#7829=ORIENTED_EDGE('',*,*,#5646,.T.);
#7830=ORIENTED_EDGE('',*,*,#5702,.T.);
#7831=ORIENTED_EDGE('',*,*,#5702,.F.);
#7832=ORIENTED_EDGE('',*,*,#5703,.T.);
#7833=ORIENTED_EDGE('',*,*,#5704,.T.);
#7834=ORIENTED_EDGE('',*,*,#5703,.F.);
#7835=ORIENTED_EDGE('',*,*,#5705,.T.);
#7836=ORIENTED_EDGE('',*,*,#5705,.F.);
#7837=ORIENTED_EDGE('',*,*,#5706,.T.);
#7838=ORIENTED_EDGE('',*,*,#5707,.T.);
#7839=ORIENTED_EDGE('',*,*,#5706,.F.);
#7840=ORIENTED_EDGE('',*,*,#5708,.F.);
#7841=ORIENTED_EDGE('',*,*,#5709,.F.);
#7842=ORIENTED_EDGE('',*,*,#5384,.F.);
#7843=ORIENTED_EDGE('',*,*,#5607,.F.);
#7844=ORIENTED_EDGE('',*,*,#5710,.F.);
#7845=ORIENTED_EDGE('',*,*,#5711,.T.);
#7846=ORIENTED_EDGE('',*,*,#5712,.F.);
#7847=ORIENTED_EDGE('',*,*,#5713,.F.);
#7848=ORIENTED_EDGE('',*,*,#5714,.F.);
#7849=ORIENTED_EDGE('',*,*,#5715,.T.);
#7850=ORIENTED_EDGE('',*,*,#5716,.F.);
#7851=ORIENTED_EDGE('',*,*,#5717,.T.);
#7852=ORIENTED_EDGE('',*,*,#5718,.T.);
#7853=ORIENTED_EDGE('',*,*,#5719,.T.);
#7854=ORIENTED_EDGE('',*,*,#5708,.T.);
#7855=ORIENTED_EDGE('',*,*,#5720,.T.);
#7856=ORIENTED_EDGE('',*,*,#5721,.F.);
#7857=ORIENTED_EDGE('',*,*,#5722,.F.);
#7858=ORIENTED_EDGE('',*,*,#5723,.T.);
#7859=ORIENTED_EDGE('',*,*,#5724,.T.);
#7860=ORIENTED_EDGE('',*,*,#5704,.F.);
#7861=ORIENTED_EDGE('',*,*,#5707,.F.);
#7862=ORIENTED_EDGE('',*,*,#5725,.T.);
#7863=ORIENTED_EDGE('',*,*,#5714,.T.);
#7864=ORIENTED_EDGE('',*,*,#5726,.F.);
#7865=ORIENTED_EDGE('',*,*,#5724,.F.);
#7866=ORIENTED_EDGE('',*,*,#5716,.T.);
#7867=ORIENTED_EDGE('',*,*,#5727,.T.);
#7868=ORIENTED_EDGE('',*,*,#5062,.F.);
#7869=ORIENTED_EDGE('',*,*,#5728,.F.);
#7870=ORIENTED_EDGE('',*,*,#5719,.F.);
#7871=ORIENTED_EDGE('',*,*,#5729,.T.);
#7872=ORIENTED_EDGE('',*,*,#5059,.F.);
#7873=ORIENTED_EDGE('',*,*,#5699,.T.);
#7874=ORIENTED_EDGE('',*,*,#5701,.F.);
#7875=ORIENTED_EDGE('',*,*,#5273,.F.);
#7876=ORIENTED_EDGE('',*,*,#5361,.F.);
#7877=ORIENTED_EDGE('',*,*,#5605,.F.);
#7878=ORIENTED_EDGE('',*,*,#5365,.F.);
#7879=ORIENTED_EDGE('',*,*,#5608,.F.);
#7880=ORIENTED_EDGE('',*,*,#5369,.F.);
#7881=ORIENTED_EDGE('',*,*,#5609,.F.);
#7882=ORIENTED_EDGE('',*,*,#5385,.F.);
#7883=ORIENTED_EDGE('',*,*,#5709,.T.);
#7884=ORIENTED_EDGE('',*,*,#5730,.T.);
#7885=ORIENTED_EDGE('',*,*,#5711,.F.);
#7886=ORIENTED_EDGE('',*,*,#5725,.F.);
#7887=ORIENTED_EDGE('',*,*,#5723,.F.);
#7888=ORIENTED_EDGE('',*,*,#5713,.T.);
#7889=ORIENTED_EDGE('',*,*,#5731,.F.);
#7890=ORIENTED_EDGE('',*,*,#5721,.T.);
#7891=ORIENTED_EDGE('',*,*,#5726,.T.);
#7892=ORIENTED_EDGE('',*,*,#5611,.T.);
#7893=ORIENTED_EDGE('',*,*,#5732,.T.);
#7894=ORIENTED_EDGE('',*,*,#5010,.F.);
#7895=ORIENTED_EDGE('',*,*,#5732,.F.);
#7896=ORIENTED_EDGE('',*,*,#5720,.F.);
#7897=ORIENTED_EDGE('',*,*,#5710,.T.);
#7898=ORIENTED_EDGE('',*,*,#5606,.F.);
#7899=ORIENTED_EDGE('',*,*,#5373,.F.);
#7900=ORIENTED_EDGE('',*,*,#5733,.T.);
#7901=ORIENTED_EDGE('',*,*,#5063,.T.);
#7902=ORIENTED_EDGE('',*,*,#5727,.F.);
#7903=ORIENTED_EDGE('',*,*,#5166,.T.);
#7904=ORIENTED_EDGE('',*,*,#5734,.T.);
#7905=ORIENTED_EDGE('',*,*,#5333,.F.);
#7906=ORIENTED_EDGE('',*,*,#5734,.F.);
#7907=ORIENTED_EDGE('',*,*,#5048,.T.);
#7908=ORIENTED_EDGE('',*,*,#5014,.T.);
#7909=ORIENTED_EDGE('',*,*,#5064,.T.);
#7910=ORIENTED_EDGE('',*,*,#5733,.F.);
#7911=ORIENTED_EDGE('',*,*,#5382,.F.);
#7912=ORIENTED_EDGE('',*,*,#5204,.F.);
#7913=ORIENTED_EDGE('',*,*,#5614,.F.);
#7914=ORIENTED_EDGE('',*,*,#5198,.F.);
#7915=ORIENTED_EDGE('',*,*,#5735,.T.);
#7916=ORIENTED_EDGE('',*,*,#5049,.T.);
#7917=ORIENTED_EDGE('',*,*,#5735,.F.);
#7918=ORIENTED_EDGE('',*,*,#5197,.F.);
#7919=ORIENTED_EDGE('',*,*,#5736,.T.);
#7920=ORIENTED_EDGE('',*,*,#5056,.T.);
#7921=ORIENTED_EDGE('',*,*,#5130,.T.);
#7922=ORIENTED_EDGE('',*,*,#5050,.T.);
#7923=ORIENTED_EDGE('',*,*,#5736,.F.);
#7924=ORIENTED_EDGE('',*,*,#5196,.F.);
#7925=ORIENTED_EDGE('',*,*,#5169,.F.);
#7926=ORIENTED_EDGE('',*,*,#5332,.F.);
#7927=ORIENTED_EDGE('',*,*,#5737,.F.);
#7928=ORIENTED_EDGE('',*,*,#5637,.F.);
#7929=ORIENTED_EDGE('',*,*,#5738,.F.);
#7930=ORIENTED_EDGE('',*,*,#5739,.T.);
#7931=ORIENTED_EDGE('',*,*,#5387,.T.);
#7932=ORIENTED_EDGE('',*,*,#5604,.T.);
#7933=ORIENTED_EDGE('',*,*,#5356,.T.);
#7934=ORIENTED_EDGE('',*,*,#5740,.T.);
#7935=ORIENTED_EDGE('',*,*,#5715,.F.);
#7936=ORIENTED_EDGE('',*,*,#5740,.F.);
#7937=ORIENTED_EDGE('',*,*,#5360,.T.);
#7938=ORIENTED_EDGE('',*,*,#5610,.T.);
#7939=ORIENTED_EDGE('',*,*,#5741,.F.);
#7940=ORIENTED_EDGE('',*,*,#5060,.T.);
#7941=ORIENTED_EDGE('',*,*,#5729,.F.);
#7942=ORIENTED_EDGE('',*,*,#5718,.F.);
#7943=ORIENTED_EDGE('',*,*,#5731,.T.);
#7944=ORIENTED_EDGE('',*,*,#5712,.T.);
#7945=ORIENTED_EDGE('',*,*,#5730,.F.);
#7946=ORIENTED_EDGE('',*,*,#5722,.T.);
#7947=ORIENTED_EDGE('',*,*,#5675,.F.);
#7948=ORIENTED_EDGE('',*,*,#5665,.T.);
#7949=ORIENTED_EDGE('',*,*,#5057,.F.);
#7950=ORIENTED_EDGE('',*,*,#5739,.F.);
#7951=ORIENTED_EDGE('',*,*,#5742,.F.);
#7952=ORIENTED_EDGE('',*,*,#5275,.F.);
#7953=ORIENTED_EDGE('',*,*,#5700,.F.);
#7954=ORIENTED_EDGE('',*,*,#5728,.T.);
#7955=ORIENTED_EDGE('',*,*,#5061,.T.);
#7956=ORIENTED_EDGE('',*,*,#5741,.T.);
#7957=ORIENTED_EDGE('',*,*,#5717,.F.);
#7958=ORIENTED_EDGE('',*,*,#5737,.T.);
#7959=ORIENTED_EDGE('',*,*,#5743,.F.);
#7960=ORIENTED_EDGE('',*,*,#5744,.F.);
#7961=ORIENTED_EDGE('',*,*,#5101,.T.);
#7962=ORIENTED_EDGE('',*,*,#5745,.F.);
#7963=ORIENTED_EDGE('',*,*,#5746,.F.);
#7964=ORIENTED_EDGE('',*,*,#5747,.F.);
#7965=ORIENTED_EDGE('',*,*,#5748,.F.);
#7966=ORIENTED_EDGE('',*,*,#5749,.F.);
#7967=ORIENTED_EDGE('',*,*,#5750,.F.);
#7968=ORIENTED_EDGE('',*,*,#5751,.F.);
#7969=ORIENTED_EDGE('',*,*,#5752,.F.);
#7970=ORIENTED_EDGE('',*,*,#5753,.F.);
#7971=ORIENTED_EDGE('',*,*,#5754,.F.);
#7972=ORIENTED_EDGE('',*,*,#5755,.F.);
#7973=ORIENTED_EDGE('',*,*,#5756,.F.);
#7974=ORIENTED_EDGE('',*,*,#5757,.F.);
#7975=ORIENTED_EDGE('',*,*,#5758,.F.);
#7976=ORIENTED_EDGE('',*,*,#5759,.F.);
#7977=ORIENTED_EDGE('',*,*,#5760,.F.);
#7978=ORIENTED_EDGE('',*,*,#5761,.F.);
#7979=ORIENTED_EDGE('',*,*,#5762,.F.);
#7980=ORIENTED_EDGE('',*,*,#5763,.F.);
#7981=ORIENTED_EDGE('',*,*,#5764,.F.);
#7982=ORIENTED_EDGE('',*,*,#5765,.F.);
#7983=ORIENTED_EDGE('',*,*,#5742,.T.);
#7984=ORIENTED_EDGE('',*,*,#5738,.T.);
#7985=ORIENTED_EDGE('',*,*,#5766,.F.);
#7986=ORIENTED_EDGE('',*,*,#5767,.F.);
#7987=ORIENTED_EDGE('',*,*,#5768,.F.);
#7988=ORIENTED_EDGE('',*,*,#5769,.F.);
#7989=ORIENTED_EDGE('',*,*,#5770,.F.);
#7990=ORIENTED_EDGE('',*,*,#5771,.F.);
#7991=ORIENTED_EDGE('',*,*,#5772,.F.);
#7992=ORIENTED_EDGE('',*,*,#5773,.F.);
#7993=ORIENTED_EDGE('',*,*,#5103,.T.);
#7994=ORIENTED_EDGE('',*,*,#5774,.T.);
#7995=ORIENTED_EDGE('',*,*,#5775,.T.);
#7996=ORIENTED_EDGE('',*,*,#5776,.T.);
#7997=ORIENTED_EDGE('',*,*,#5777,.T.);
#7998=ORIENTED_EDGE('',*,*,#5778,.T.);
#7999=ORIENTED_EDGE('',*,*,#5779,.T.);
#8000=ORIENTED_EDGE('',*,*,#5780,.T.);
#8001=ORIENTED_EDGE('',*,*,#5781,.T.);
#8002=ORIENTED_EDGE('',*,*,#5782,.T.);
#8003=ORIENTED_EDGE('',*,*,#5783,.T.);
#8004=ORIENTED_EDGE('',*,*,#5784,.T.);
#8005=ORIENTED_EDGE('',*,*,#5785,.T.);
#8006=ORIENTED_EDGE('',*,*,#5786,.T.);
#8007=ORIENTED_EDGE('',*,*,#5787,.T.);
#8008=ORIENTED_EDGE('',*,*,#5788,.T.);
#8009=ORIENTED_EDGE('',*,*,#5789,.T.);
#8010=ORIENTED_EDGE('',*,*,#5790,.T.);
#8011=ORIENTED_EDGE('',*,*,#5791,.T.);
#8012=ORIENTED_EDGE('',*,*,#5792,.T.);
#8013=ORIENTED_EDGE('',*,*,#5793,.T.);
#8014=ORIENTED_EDGE('',*,*,#5794,.T.);
#8015=ORIENTED_EDGE('',*,*,#5795,.T.);
#8016=ORIENTED_EDGE('',*,*,#5796,.T.);
#8017=ORIENTED_EDGE('',*,*,#5797,.T.);
#8018=ORIENTED_EDGE('',*,*,#5798,.T.);
#8019=ORIENTED_EDGE('',*,*,#5799,.T.);
#8020=ORIENTED_EDGE('',*,*,#5800,.T.);
#8021=ORIENTED_EDGE('',*,*,#5801,.T.);
#8022=ORIENTED_EDGE('',*,*,#5802,.T.);
#8023=ORIENTED_EDGE('',*,*,#5803,.T.);
#8024=ORIENTED_EDGE('',*,*,#5804,.T.);
#8025=ORIENTED_EDGE('',*,*,#5805,.T.);
#8026=ORIENTED_EDGE('',*,*,#5806,.T.);
#8027=ORIENTED_EDGE('',*,*,#5807,.T.);
#8028=ORIENTED_EDGE('',*,*,#5808,.T.);
#8029=ORIENTED_EDGE('',*,*,#5809,.T.);
#8030=ORIENTED_EDGE('',*,*,#5810,.T.);
#8031=ORIENTED_EDGE('',*,*,#5811,.T.);
#8032=ORIENTED_EDGE('',*,*,#5812,.T.);
#8033=ORIENTED_EDGE('',*,*,#5813,.T.);
#8034=ORIENTED_EDGE('',*,*,#5814,.T.);
#8035=ORIENTED_EDGE('',*,*,#5815,.T.);
#8036=ORIENTED_EDGE('',*,*,#5816,.T.);
#8037=ORIENTED_EDGE('',*,*,#5817,.T.);
#8038=ORIENTED_EDGE('',*,*,#5818,.T.);
#8039=ORIENTED_EDGE('',*,*,#5819,.T.);
#8040=ORIENTED_EDGE('',*,*,#5820,.T.);
#8041=ORIENTED_EDGE('',*,*,#5821,.T.);
#8042=ORIENTED_EDGE('',*,*,#5822,.T.);
#8043=ORIENTED_EDGE('',*,*,#5823,.T.);
#8044=ORIENTED_EDGE('',*,*,#5824,.T.);
#8045=ORIENTED_EDGE('',*,*,#5825,.T.);
#8046=ORIENTED_EDGE('',*,*,#5826,.T.);
#8047=ORIENTED_EDGE('',*,*,#5827,.T.);
#8048=ORIENTED_EDGE('',*,*,#5828,.T.);
#8049=ORIENTED_EDGE('',*,*,#5829,.T.);
#8050=ORIENTED_EDGE('',*,*,#5830,.T.);
#8051=ORIENTED_EDGE('',*,*,#5831,.T.);
#8052=ORIENTED_EDGE('',*,*,#5832,.T.);
#8053=ORIENTED_EDGE('',*,*,#5833,.T.);
#8054=ORIENTED_EDGE('',*,*,#5834,.T.);
#8055=ORIENTED_EDGE('',*,*,#5835,.T.);
#8056=ORIENTED_EDGE('',*,*,#5836,.T.);
#8057=ORIENTED_EDGE('',*,*,#5837,.T.);
#8058=ORIENTED_EDGE('',*,*,#5838,.T.);
#8059=ORIENTED_EDGE('',*,*,#5839,.T.);
#8060=ORIENTED_EDGE('',*,*,#5840,.T.);
#8061=ORIENTED_EDGE('',*,*,#5841,.T.);
#8062=ORIENTED_EDGE('',*,*,#5842,.T.);
#8063=ORIENTED_EDGE('',*,*,#5843,.T.);
#8064=ORIENTED_EDGE('',*,*,#5844,.T.);
#8065=ORIENTED_EDGE('',*,*,#5845,.T.);
#8066=ORIENTED_EDGE('',*,*,#5846,.T.);
#8067=ORIENTED_EDGE('',*,*,#5847,.T.);
#8068=ORIENTED_EDGE('',*,*,#5848,.T.);
#8069=ORIENTED_EDGE('',*,*,#5849,.T.);
#8070=ORIENTED_EDGE('',*,*,#5850,.T.);
#8071=ORIENTED_EDGE('',*,*,#5851,.T.);
#8072=ORIENTED_EDGE('',*,*,#5852,.T.);
#8073=ORIENTED_EDGE('',*,*,#5853,.T.);
#8074=ORIENTED_EDGE('',*,*,#5854,.T.);
#8075=ORIENTED_EDGE('',*,*,#5855,.T.);
#8076=ORIENTED_EDGE('',*,*,#5856,.T.);
#8077=ORIENTED_EDGE('',*,*,#5857,.T.);
#8078=ORIENTED_EDGE('',*,*,#5858,.T.);
#8079=ORIENTED_EDGE('',*,*,#5859,.T.);
#8080=ORIENTED_EDGE('',*,*,#5860,.T.);
#8081=ORIENTED_EDGE('',*,*,#5861,.F.);
#8082=ORIENTED_EDGE('',*,*,#5862,.F.);
#8083=ORIENTED_EDGE('',*,*,#5112,.T.);
#8084=ORIENTED_EDGE('',*,*,#5863,.F.);
#8085=ORIENTED_EDGE('',*,*,#5776,.F.);
#8086=ORIENTED_EDGE('',*,*,#5864,.T.);
#8087=ORIENTED_EDGE('',*,*,#5111,.T.);
#8088=ORIENTED_EDGE('',*,*,#5773,.T.);
#8089=ORIENTED_EDGE('',*,*,#5865,.F.);
#8090=ORIENTED_EDGE('',*,*,#5777,.F.);
#8091=ORIENTED_EDGE('',*,*,#5863,.T.);
#8092=ORIENTED_EDGE('',*,*,#5772,.T.);
#8093=ORIENTED_EDGE('',*,*,#5866,.F.);
#8094=ORIENTED_EDGE('',*,*,#5778,.F.);
#8095=ORIENTED_EDGE('',*,*,#5865,.T.);
#8096=ORIENTED_EDGE('',*,*,#5771,.T.);
#8097=ORIENTED_EDGE('',*,*,#5867,.F.);
#8098=ORIENTED_EDGE('',*,*,#5779,.F.);
#8099=ORIENTED_EDGE('',*,*,#5866,.T.);
#8100=ORIENTED_EDGE('',*,*,#5770,.T.);
#8101=ORIENTED_EDGE('',*,*,#5868,.F.);
#8102=ORIENTED_EDGE('',*,*,#5780,.F.);
#8103=ORIENTED_EDGE('',*,*,#5867,.T.);
#8104=ORIENTED_EDGE('',*,*,#5769,.T.);
#8105=ORIENTED_EDGE('',*,*,#5869,.F.);
#8106=ORIENTED_EDGE('',*,*,#5781,.F.);
#8107=ORIENTED_EDGE('',*,*,#5868,.T.);
#8108=ORIENTED_EDGE('',*,*,#5768,.T.);
#8109=ORIENTED_EDGE('',*,*,#5870,.F.);
#8110=ORIENTED_EDGE('',*,*,#5782,.F.);
#8111=ORIENTED_EDGE('',*,*,#5869,.T.);
#8112=ORIENTED_EDGE('',*,*,#5767,.T.);
#8113=ORIENTED_EDGE('',*,*,#5871,.F.);
#8114=ORIENTED_EDGE('',*,*,#5783,.F.);
#8115=ORIENTED_EDGE('',*,*,#5870,.T.);
#8116=ORIENTED_EDGE('',*,*,#5766,.T.);
#8117=ORIENTED_EDGE('',*,*,#5636,.T.);
#8118=ORIENTED_EDGE('',*,*,#5872,.F.);
#8119=ORIENTED_EDGE('',*,*,#5784,.F.);
#8120=ORIENTED_EDGE('',*,*,#5871,.T.);
#8121=ORIENTED_EDGE('',*,*,#5639,.T.);
#8122=ORIENTED_EDGE('',*,*,#5873,.F.);
#8123=ORIENTED_EDGE('',*,*,#5785,.F.);
#8124=ORIENTED_EDGE('',*,*,#5872,.T.);
#8125=ORIENTED_EDGE('',*,*,#5638,.T.);
#8126=ORIENTED_EDGE('',*,*,#5744,.T.);
#8127=ORIENTED_EDGE('',*,*,#5874,.F.);
#8128=ORIENTED_EDGE('',*,*,#5786,.F.);
#8129=ORIENTED_EDGE('',*,*,#5873,.T.);
#8130=ORIENTED_EDGE('',*,*,#5743,.T.);
#8131=ORIENTED_EDGE('',*,*,#5331,.T.);
#8132=ORIENTED_EDGE('',*,*,#5875,.F.);
#8133=ORIENTED_EDGE('',*,*,#5787,.F.);
#8134=ORIENTED_EDGE('',*,*,#5874,.T.);
#8135=ORIENTED_EDGE('',*,*,#5330,.T.);
#8136=ORIENTED_EDGE('',*,*,#5876,.F.);
#8137=ORIENTED_EDGE('',*,*,#5788,.F.);
#8138=ORIENTED_EDGE('',*,*,#5875,.T.);
#8139=ORIENTED_EDGE('',*,*,#5329,.T.);
#8140=ORIENTED_EDGE('',*,*,#5877,.F.);
#8141=ORIENTED_EDGE('',*,*,#5789,.F.);
#8142=ORIENTED_EDGE('',*,*,#5876,.T.);
#8143=ORIENTED_EDGE('',*,*,#5328,.T.);
#8144=ORIENTED_EDGE('',*,*,#5878,.F.);
#8145=ORIENTED_EDGE('',*,*,#5790,.F.);
#8146=ORIENTED_EDGE('',*,*,#5877,.T.);
#8147=ORIENTED_EDGE('',*,*,#5327,.T.);
#8148=ORIENTED_EDGE('',*,*,#5879,.F.);
#8149=ORIENTED_EDGE('',*,*,#5791,.F.);
#8150=ORIENTED_EDGE('',*,*,#5878,.T.);
#8151=ORIENTED_EDGE('',*,*,#5326,.T.);
#8152=ORIENTED_EDGE('',*,*,#5880,.F.);
#8153=ORIENTED_EDGE('',*,*,#5792,.F.);
#8154=ORIENTED_EDGE('',*,*,#5879,.T.);
#8155=ORIENTED_EDGE('',*,*,#5325,.T.);
#8156=ORIENTED_EDGE('',*,*,#5881,.F.);
#8157=ORIENTED_EDGE('',*,*,#5793,.F.);
#8158=ORIENTED_EDGE('',*,*,#5880,.T.);
#8159=ORIENTED_EDGE('',*,*,#5324,.T.);
#8160=ORIENTED_EDGE('',*,*,#5882,.F.);
#8161=ORIENTED_EDGE('',*,*,#5794,.F.);
#8162=ORIENTED_EDGE('',*,*,#5881,.T.);
#8163=ORIENTED_EDGE('',*,*,#5323,.T.);
#8164=ORIENTED_EDGE('',*,*,#5883,.F.);
#8165=ORIENTED_EDGE('',*,*,#5795,.F.);
#8166=ORIENTED_EDGE('',*,*,#5882,.T.);
#8167=ORIENTED_EDGE('',*,*,#5322,.T.);
#8168=ORIENTED_EDGE('',*,*,#5884,.F.);
#8169=ORIENTED_EDGE('',*,*,#5796,.F.);
#8170=ORIENTED_EDGE('',*,*,#5883,.T.);
#8171=ORIENTED_EDGE('',*,*,#5321,.T.);
#8172=ORIENTED_EDGE('',*,*,#5885,.F.);
#8173=ORIENTED_EDGE('',*,*,#5797,.F.);
#8174=ORIENTED_EDGE('',*,*,#5884,.T.);
#8175=ORIENTED_EDGE('',*,*,#5320,.T.);
#8176=ORIENTED_EDGE('',*,*,#5886,.F.);
#8177=ORIENTED_EDGE('',*,*,#5798,.F.);
#8178=ORIENTED_EDGE('',*,*,#5885,.T.);
#8179=ORIENTED_EDGE('',*,*,#5319,.T.);
#8180=ORIENTED_EDGE('',*,*,#5887,.F.);
#8181=ORIENTED_EDGE('',*,*,#5799,.F.);
#8182=ORIENTED_EDGE('',*,*,#5886,.T.);
#8183=ORIENTED_EDGE('',*,*,#5318,.T.);
#8184=ORIENTED_EDGE('',*,*,#5888,.F.);
#8185=ORIENTED_EDGE('',*,*,#5800,.F.);
#8186=ORIENTED_EDGE('',*,*,#5887,.T.);
#8187=ORIENTED_EDGE('',*,*,#5317,.T.);
#8188=ORIENTED_EDGE('',*,*,#5889,.F.);
#8189=ORIENTED_EDGE('',*,*,#5801,.F.);
#8190=ORIENTED_EDGE('',*,*,#5888,.T.);
#8191=ORIENTED_EDGE('',*,*,#5316,.T.);
#8192=ORIENTED_EDGE('',*,*,#5890,.F.);
#8193=ORIENTED_EDGE('',*,*,#5802,.F.);
#8194=ORIENTED_EDGE('',*,*,#5889,.T.);
#8195=ORIENTED_EDGE('',*,*,#5315,.T.);
#8196=ORIENTED_EDGE('',*,*,#5891,.F.);
#8197=ORIENTED_EDGE('',*,*,#5803,.F.);
#8198=ORIENTED_EDGE('',*,*,#5890,.T.);
#8199=ORIENTED_EDGE('',*,*,#5314,.T.);
#8200=ORIENTED_EDGE('',*,*,#5892,.F.);
#8201=ORIENTED_EDGE('',*,*,#5804,.F.);
#8202=ORIENTED_EDGE('',*,*,#5891,.T.);
#8203=ORIENTED_EDGE('',*,*,#5313,.T.);
#8204=ORIENTED_EDGE('',*,*,#5893,.F.);
#8205=ORIENTED_EDGE('',*,*,#5805,.F.);
#8206=ORIENTED_EDGE('',*,*,#5892,.T.);
#8207=ORIENTED_EDGE('',*,*,#5312,.T.);
#8208=ORIENTED_EDGE('',*,*,#5894,.F.);
#8209=ORIENTED_EDGE('',*,*,#5806,.F.);
#8210=ORIENTED_EDGE('',*,*,#5893,.T.);
#8211=ORIENTED_EDGE('',*,*,#5311,.T.);
#8212=ORIENTED_EDGE('',*,*,#5895,.F.);
#8213=ORIENTED_EDGE('',*,*,#5807,.F.);
#8214=ORIENTED_EDGE('',*,*,#5894,.T.);
#8215=ORIENTED_EDGE('',*,*,#5310,.T.);
#8216=ORIENTED_EDGE('',*,*,#5896,.F.);
#8217=ORIENTED_EDGE('',*,*,#5808,.F.);
#8218=ORIENTED_EDGE('',*,*,#5895,.T.);
#8219=ORIENTED_EDGE('',*,*,#5309,.T.);
#8220=ORIENTED_EDGE('',*,*,#5897,.F.);
#8221=ORIENTED_EDGE('',*,*,#5809,.F.);
#8222=ORIENTED_EDGE('',*,*,#5896,.T.);
#8223=ORIENTED_EDGE('',*,*,#5308,.T.);
#8224=ORIENTED_EDGE('',*,*,#5898,.F.);
#8225=ORIENTED_EDGE('',*,*,#5810,.F.);
#8226=ORIENTED_EDGE('',*,*,#5897,.T.);
#8227=ORIENTED_EDGE('',*,*,#5307,.T.);
#8228=ORIENTED_EDGE('',*,*,#5899,.F.);
#8229=ORIENTED_EDGE('',*,*,#5811,.F.);
#8230=ORIENTED_EDGE('',*,*,#5898,.T.);
#8231=ORIENTED_EDGE('',*,*,#5306,.T.);
#8232=ORIENTED_EDGE('',*,*,#5900,.F.);
#8233=ORIENTED_EDGE('',*,*,#5812,.F.);
#8234=ORIENTED_EDGE('',*,*,#5899,.T.);
#8235=ORIENTED_EDGE('',*,*,#5305,.T.);
#8236=ORIENTED_EDGE('',*,*,#5901,.F.);
#8237=ORIENTED_EDGE('',*,*,#5813,.F.);
#8238=ORIENTED_EDGE('',*,*,#5900,.T.);
#8239=ORIENTED_EDGE('',*,*,#5304,.T.);
#8240=ORIENTED_EDGE('',*,*,#5902,.F.);
#8241=ORIENTED_EDGE('',*,*,#5814,.F.);
#8242=ORIENTED_EDGE('',*,*,#5901,.T.);
#8243=ORIENTED_EDGE('',*,*,#5303,.T.);
#8244=ORIENTED_EDGE('',*,*,#5903,.F.);
#8245=ORIENTED_EDGE('',*,*,#5815,.F.);
#8246=ORIENTED_EDGE('',*,*,#5902,.T.);
#8247=ORIENTED_EDGE('',*,*,#5302,.T.);
#8248=ORIENTED_EDGE('',*,*,#5904,.F.);
#8249=ORIENTED_EDGE('',*,*,#5816,.F.);
#8250=ORIENTED_EDGE('',*,*,#5903,.T.);
#8251=ORIENTED_EDGE('',*,*,#5301,.T.);
#8252=ORIENTED_EDGE('',*,*,#5905,.F.);
#8253=ORIENTED_EDGE('',*,*,#5817,.F.);
#8254=ORIENTED_EDGE('',*,*,#5904,.T.);
#8255=ORIENTED_EDGE('',*,*,#5300,.T.);
#8256=ORIENTED_EDGE('',*,*,#5906,.F.);
#8257=ORIENTED_EDGE('',*,*,#5818,.F.);
#8258=ORIENTED_EDGE('',*,*,#5905,.T.);
#8259=ORIENTED_EDGE('',*,*,#5299,.T.);
#8260=ORIENTED_EDGE('',*,*,#5907,.F.);
#8261=ORIENTED_EDGE('',*,*,#5819,.F.);
#8262=ORIENTED_EDGE('',*,*,#5906,.T.);
#8263=ORIENTED_EDGE('',*,*,#5298,.T.);
#8264=ORIENTED_EDGE('',*,*,#5908,.F.);
#8265=ORIENTED_EDGE('',*,*,#5820,.F.);
#8266=ORIENTED_EDGE('',*,*,#5907,.T.);
#8267=ORIENTED_EDGE('',*,*,#5297,.T.);
#8268=ORIENTED_EDGE('',*,*,#5909,.F.);
#8269=ORIENTED_EDGE('',*,*,#5821,.F.);
#8270=ORIENTED_EDGE('',*,*,#5908,.T.);
#8271=ORIENTED_EDGE('',*,*,#5296,.T.);
#8272=ORIENTED_EDGE('',*,*,#5910,.F.);
#8273=ORIENTED_EDGE('',*,*,#5822,.F.);
#8274=ORIENTED_EDGE('',*,*,#5909,.T.);
#8275=ORIENTED_EDGE('',*,*,#5295,.T.);
#8276=ORIENTED_EDGE('',*,*,#5911,.F.);
#8277=ORIENTED_EDGE('',*,*,#5823,.F.);
#8278=ORIENTED_EDGE('',*,*,#5910,.T.);
#8279=ORIENTED_EDGE('',*,*,#5294,.T.);
#8280=ORIENTED_EDGE('',*,*,#5912,.F.);
#8281=ORIENTED_EDGE('',*,*,#5824,.F.);
#8282=ORIENTED_EDGE('',*,*,#5911,.T.);
#8283=ORIENTED_EDGE('',*,*,#5293,.T.);
#8284=ORIENTED_EDGE('',*,*,#5913,.F.);
#8285=ORIENTED_EDGE('',*,*,#5825,.F.);
#8286=ORIENTED_EDGE('',*,*,#5912,.T.);
#8287=ORIENTED_EDGE('',*,*,#5292,.T.);
#8288=ORIENTED_EDGE('',*,*,#5914,.F.);
#8289=ORIENTED_EDGE('',*,*,#5826,.F.);
#8290=ORIENTED_EDGE('',*,*,#5913,.T.);
#8291=ORIENTED_EDGE('',*,*,#5291,.T.);
#8292=ORIENTED_EDGE('',*,*,#5915,.F.);
#8293=ORIENTED_EDGE('',*,*,#5827,.F.);
#8294=ORIENTED_EDGE('',*,*,#5914,.T.);
#8295=ORIENTED_EDGE('',*,*,#5290,.T.);
#8296=ORIENTED_EDGE('',*,*,#5916,.F.);
#8297=ORIENTED_EDGE('',*,*,#5828,.F.);
#8298=ORIENTED_EDGE('',*,*,#5915,.T.);
#8299=ORIENTED_EDGE('',*,*,#5289,.T.);
#8300=ORIENTED_EDGE('',*,*,#5917,.F.);
#8301=ORIENTED_EDGE('',*,*,#5829,.F.);
#8302=ORIENTED_EDGE('',*,*,#5916,.T.);
#8303=ORIENTED_EDGE('',*,*,#5288,.T.);
#8304=ORIENTED_EDGE('',*,*,#5918,.F.);
#8305=ORIENTED_EDGE('',*,*,#5830,.F.);
#8306=ORIENTED_EDGE('',*,*,#5917,.T.);
#8307=ORIENTED_EDGE('',*,*,#5287,.T.);
#8308=ORIENTED_EDGE('',*,*,#5919,.F.);
#8309=ORIENTED_EDGE('',*,*,#5831,.F.);
#8310=ORIENTED_EDGE('',*,*,#5918,.T.);
#8311=ORIENTED_EDGE('',*,*,#5286,.T.);
#8312=ORIENTED_EDGE('',*,*,#5920,.F.);
#8313=ORIENTED_EDGE('',*,*,#5832,.F.);
#8314=ORIENTED_EDGE('',*,*,#5919,.T.);
#8315=ORIENTED_EDGE('',*,*,#5285,.T.);
#8316=ORIENTED_EDGE('',*,*,#5921,.F.);
#8317=ORIENTED_EDGE('',*,*,#5833,.F.);
#8318=ORIENTED_EDGE('',*,*,#5920,.T.);
#8319=ORIENTED_EDGE('',*,*,#5284,.T.);
#8320=ORIENTED_EDGE('',*,*,#5922,.F.);
#8321=ORIENTED_EDGE('',*,*,#5834,.F.);
#8322=ORIENTED_EDGE('',*,*,#5921,.T.);
#8323=ORIENTED_EDGE('',*,*,#5283,.T.);
#8324=ORIENTED_EDGE('',*,*,#5923,.F.);
#8325=ORIENTED_EDGE('',*,*,#5835,.F.);
#8326=ORIENTED_EDGE('',*,*,#5922,.T.);
#8327=ORIENTED_EDGE('',*,*,#5282,.T.);
#8328=ORIENTED_EDGE('',*,*,#5924,.F.);
#8329=ORIENTED_EDGE('',*,*,#5836,.F.);
#8330=ORIENTED_EDGE('',*,*,#5923,.T.);
#8331=ORIENTED_EDGE('',*,*,#5281,.T.);
#8332=ORIENTED_EDGE('',*,*,#5925,.F.);
#8333=ORIENTED_EDGE('',*,*,#5837,.F.);
#8334=ORIENTED_EDGE('',*,*,#5924,.T.);
#8335=ORIENTED_EDGE('',*,*,#5280,.T.);
#8336=ORIENTED_EDGE('',*,*,#5926,.F.);
#8337=ORIENTED_EDGE('',*,*,#5838,.F.);
#8338=ORIENTED_EDGE('',*,*,#5925,.T.);
#8339=ORIENTED_EDGE('',*,*,#5279,.T.);
#8340=ORIENTED_EDGE('',*,*,#5927,.F.);
#8341=ORIENTED_EDGE('',*,*,#5839,.F.);
#8342=ORIENTED_EDGE('',*,*,#5926,.T.);
#8343=ORIENTED_EDGE('',*,*,#5278,.T.);
#8344=ORIENTED_EDGE('',*,*,#5928,.F.);
#8345=ORIENTED_EDGE('',*,*,#5840,.F.);
#8346=ORIENTED_EDGE('',*,*,#5927,.T.);
#8347=ORIENTED_EDGE('',*,*,#5277,.T.);
#8348=ORIENTED_EDGE('',*,*,#5929,.F.);
#8349=ORIENTED_EDGE('',*,*,#5841,.F.);
#8350=ORIENTED_EDGE('',*,*,#5928,.T.);
#8351=ORIENTED_EDGE('',*,*,#5276,.T.);
#8352=ORIENTED_EDGE('',*,*,#5765,.T.);
#8353=ORIENTED_EDGE('',*,*,#5930,.F.);
#8354=ORIENTED_EDGE('',*,*,#5842,.F.);
#8355=ORIENTED_EDGE('',*,*,#5929,.T.);
#8356=ORIENTED_EDGE('',*,*,#5764,.T.);
#8357=ORIENTED_EDGE('',*,*,#5931,.F.);
#8358=ORIENTED_EDGE('',*,*,#5843,.F.);
#8359=ORIENTED_EDGE('',*,*,#5930,.T.);
#8360=ORIENTED_EDGE('',*,*,#5763,.T.);
#8361=ORIENTED_EDGE('',*,*,#5932,.F.);
#8362=ORIENTED_EDGE('',*,*,#5844,.F.);
#8363=ORIENTED_EDGE('',*,*,#5931,.T.);
#8364=ORIENTED_EDGE('',*,*,#5762,.T.);
#8365=ORIENTED_EDGE('',*,*,#5933,.F.);
#8366=ORIENTED_EDGE('',*,*,#5845,.F.);
#8367=ORIENTED_EDGE('',*,*,#5932,.T.);
#8368=ORIENTED_EDGE('',*,*,#5761,.T.);
#8369=ORIENTED_EDGE('',*,*,#5934,.F.);
#8370=ORIENTED_EDGE('',*,*,#5846,.F.);
#8371=ORIENTED_EDGE('',*,*,#5933,.T.);
#8372=ORIENTED_EDGE('',*,*,#5760,.T.);
#8373=ORIENTED_EDGE('',*,*,#5935,.F.);
#8374=ORIENTED_EDGE('',*,*,#5847,.F.);
#8375=ORIENTED_EDGE('',*,*,#5934,.T.);
#8376=ORIENTED_EDGE('',*,*,#5759,.T.);
#8377=ORIENTED_EDGE('',*,*,#5936,.F.);
#8378=ORIENTED_EDGE('',*,*,#5848,.F.);
#8379=ORIENTED_EDGE('',*,*,#5935,.T.);
#8380=ORIENTED_EDGE('',*,*,#5758,.T.);
#8381=ORIENTED_EDGE('',*,*,#5937,.F.);
#8382=ORIENTED_EDGE('',*,*,#5849,.F.);
#8383=ORIENTED_EDGE('',*,*,#5936,.T.);
#8384=ORIENTED_EDGE('',*,*,#5757,.T.);
#8385=ORIENTED_EDGE('',*,*,#5938,.F.);
#8386=ORIENTED_EDGE('',*,*,#5850,.F.);
#8387=ORIENTED_EDGE('',*,*,#5937,.T.);
#8388=ORIENTED_EDGE('',*,*,#5756,.T.);
#8389=ORIENTED_EDGE('',*,*,#5939,.F.);
#8390=ORIENTED_EDGE('',*,*,#5851,.F.);
#8391=ORIENTED_EDGE('',*,*,#5938,.T.);
#8392=ORIENTED_EDGE('',*,*,#5755,.T.);
#8393=ORIENTED_EDGE('',*,*,#5940,.F.);
#8394=ORIENTED_EDGE('',*,*,#5852,.F.);
#8395=ORIENTED_EDGE('',*,*,#5939,.T.);
#8396=ORIENTED_EDGE('',*,*,#5754,.T.);
#8397=ORIENTED_EDGE('',*,*,#5941,.F.);
#8398=ORIENTED_EDGE('',*,*,#5853,.F.);
#8399=ORIENTED_EDGE('',*,*,#5940,.T.);
#8400=ORIENTED_EDGE('',*,*,#5753,.T.);
#8401=ORIENTED_EDGE('',*,*,#5942,.F.);
#8402=ORIENTED_EDGE('',*,*,#5854,.F.);
#8403=ORIENTED_EDGE('',*,*,#5941,.T.);
#8404=ORIENTED_EDGE('',*,*,#5752,.T.);
#8405=ORIENTED_EDGE('',*,*,#5943,.F.);
#8406=ORIENTED_EDGE('',*,*,#5855,.F.);
#8407=ORIENTED_EDGE('',*,*,#5942,.T.);
#8408=ORIENTED_EDGE('',*,*,#5751,.T.);
#8409=ORIENTED_EDGE('',*,*,#5944,.F.);
#8410=ORIENTED_EDGE('',*,*,#5856,.F.);
#8411=ORIENTED_EDGE('',*,*,#5943,.T.);
#8412=ORIENTED_EDGE('',*,*,#5750,.T.);
#8413=ORIENTED_EDGE('',*,*,#5945,.F.);
#8414=ORIENTED_EDGE('',*,*,#5857,.F.);
#8415=ORIENTED_EDGE('',*,*,#5944,.T.);
#8416=ORIENTED_EDGE('',*,*,#5749,.T.);
#8417=ORIENTED_EDGE('',*,*,#5946,.F.);
#8418=ORIENTED_EDGE('',*,*,#5858,.F.);
#8419=ORIENTED_EDGE('',*,*,#5945,.T.);
#8420=ORIENTED_EDGE('',*,*,#5748,.T.);
#8421=ORIENTED_EDGE('',*,*,#5947,.F.);
#8422=ORIENTED_EDGE('',*,*,#5859,.F.);
#8423=ORIENTED_EDGE('',*,*,#5946,.T.);
#8424=ORIENTED_EDGE('',*,*,#5747,.T.);
#8425=ORIENTED_EDGE('',*,*,#5948,.F.);
#8426=ORIENTED_EDGE('',*,*,#5860,.F.);
#8427=ORIENTED_EDGE('',*,*,#5947,.T.);
#8428=ORIENTED_EDGE('',*,*,#5746,.T.);
#8429=ORIENTED_EDGE('',*,*,#5949,.T.);
#8430=ORIENTED_EDGE('',*,*,#5774,.F.);
#8431=ORIENTED_EDGE('',*,*,#5948,.T.);
#8432=ORIENTED_EDGE('',*,*,#5745,.T.);
#8433=ORIENTED_EDGE('',*,*,#5113,.T.);
#8434=ORIENTED_EDGE('',*,*,#5864,.F.);
#8435=ORIENTED_EDGE('',*,*,#5775,.F.);
#8436=ORIENTED_EDGE('',*,*,#5949,.F.);
#8437=ORIENTED_EDGE('',*,*,#5861,.T.);
#8438=ORIENTED_EDGE('',*,*,#5950,.T.);
#8439=ORIENTED_EDGE('',*,*,#5065,.F.);
#8440=ORIENTED_EDGE('',*,*,#5950,.F.);
#8441=ORIENTED_EDGE('',*,*,#5862,.T.);
#8442=ORIENTED_EDGE('',*,*,#5951,.T.);
#8443=ORIENTED_EDGE('',*,*,#5091,.T.);
#8444=ORIENTED_EDGE('',*,*,#5951,.F.);
#8445=ORIENTED_EDGE('',*,*,#5952,.F.);
#8446=ORIENTED_EDGE('',*,*,#5953,.T.);
#8447=ORIENTED_EDGE('',*,*,#5954,.T.);
#8448=ORIENTED_EDGE('',*,*,#5955,.F.);
#8449=ORIENTED_EDGE('',*,*,#5956,.F.);
#8450=ORIENTED_EDGE('',*,*,#5957,.T.);
#8451=ORIENTED_EDGE('',*,*,#5958,.T.);
#8452=ORIENTED_EDGE('',*,*,#5959,.F.);
#8453=ORIENTED_EDGE('',*,*,#5960,.F.);
#8454=ORIENTED_EDGE('',*,*,#5961,.T.);
#8455=ORIENTED_EDGE('',*,*,#5962,.T.);
#8456=ORIENTED_EDGE('',*,*,#5963,.F.);
#8457=ORIENTED_EDGE('',*,*,#5964,.F.);
#8458=ORIENTED_EDGE('',*,*,#5965,.T.);
#8459=ORIENTED_EDGE('',*,*,#5966,.T.);
#8460=ORIENTED_EDGE('',*,*,#5967,.F.);
#8461=ORIENTED_EDGE('',*,*,#5968,.F.);
#8462=ORIENTED_EDGE('',*,*,#5969,.T.);
#8463=ORIENTED_EDGE('',*,*,#5970,.T.);
#8464=ORIENTED_EDGE('',*,*,#5971,.F.);
#8465=ORIENTED_EDGE('',*,*,#5972,.F.);
#8466=ORIENTED_EDGE('',*,*,#5973,.T.);
#8467=ORIENTED_EDGE('',*,*,#5974,.T.);
#8468=ORIENTED_EDGE('',*,*,#5975,.F.);
#8469=ORIENTED_EDGE('',*,*,#5976,.F.);
#8470=ORIENTED_EDGE('',*,*,#5977,.T.);
#8471=ORIENTED_EDGE('',*,*,#5978,.T.);
#8472=ORIENTED_EDGE('',*,*,#5979,.F.);
#8473=ORIENTED_EDGE('',*,*,#5980,.F.);
#8474=ORIENTED_EDGE('',*,*,#5981,.T.);
#8475=ORIENTED_EDGE('',*,*,#5982,.T.);
#8476=ORIENTED_EDGE('',*,*,#5983,.F.);
#8477=ORIENTED_EDGE('',*,*,#5984,.F.);
#8478=ORIENTED_EDGE('',*,*,#5985,.T.);
#8479=ORIENTED_EDGE('',*,*,#5986,.T.);
#8480=ORIENTED_EDGE('',*,*,#5987,.F.);
#8481=ORIENTED_EDGE('',*,*,#5988,.F.);
#8482=ORIENTED_EDGE('',*,*,#5989,.T.);
#8483=ORIENTED_EDGE('',*,*,#5990,.T.);
#8484=ORIENTED_EDGE('',*,*,#5991,.F.);
#8485=ORIENTED_EDGE('',*,*,#5992,.F.);
#8486=ORIENTED_EDGE('',*,*,#5993,.T.);
#8487=ORIENTED_EDGE('',*,*,#5994,.T.);
#8488=ORIENTED_EDGE('',*,*,#5995,.F.);
#8489=ORIENTED_EDGE('',*,*,#5996,.F.);
#8490=ORIENTED_EDGE('',*,*,#5997,.T.);
#8491=ORIENTED_EDGE('',*,*,#5998,.T.);
#8492=ORIENTED_EDGE('',*,*,#5999,.F.);
#8493=ORIENTED_EDGE('',*,*,#6000,.F.);
#8494=ORIENTED_EDGE('',*,*,#6001,.T.);
#8495=ORIENTED_EDGE('',*,*,#6002,.T.);
#8496=ORIENTED_EDGE('',*,*,#6003,.F.);
#8497=ORIENTED_EDGE('',*,*,#6004,.F.);
#8498=ORIENTED_EDGE('',*,*,#6005,.T.);
#8499=ORIENTED_EDGE('',*,*,#6006,.T.);
#8500=ORIENTED_EDGE('',*,*,#6007,.F.);
#8501=ORIENTED_EDGE('',*,*,#6008,.F.);
#8502=ORIENTED_EDGE('',*,*,#6009,.T.);
#8503=ORIENTED_EDGE('',*,*,#6010,.T.);
#8504=ORIENTED_EDGE('',*,*,#6011,.F.);
#8505=ORIENTED_EDGE('',*,*,#6012,.F.);
#8506=ORIENTED_EDGE('',*,*,#6013,.T.);
#8507=ORIENTED_EDGE('',*,*,#6014,.T.);
#8508=ORIENTED_EDGE('',*,*,#6015,.F.);
#8509=ORIENTED_EDGE('',*,*,#6016,.F.);
#8510=ORIENTED_EDGE('',*,*,#6017,.T.);
#8511=ORIENTED_EDGE('',*,*,#6018,.T.);
#8512=ORIENTED_EDGE('',*,*,#6019,.F.);
#8513=ORIENTED_EDGE('',*,*,#6020,.F.);
#8514=ORIENTED_EDGE('',*,*,#6021,.T.);
#8515=ORIENTED_EDGE('',*,*,#6022,.T.);
#8516=ORIENTED_EDGE('',*,*,#6023,.F.);
#8517=ORIENTED_EDGE('',*,*,#6024,.F.);
#8518=ORIENTED_EDGE('',*,*,#6025,.T.);
#8519=ORIENTED_EDGE('',*,*,#6026,.T.);
#8520=ORIENTED_EDGE('',*,*,#6027,.F.);
#8521=ORIENTED_EDGE('',*,*,#6028,.F.);
#8522=ORIENTED_EDGE('',*,*,#6029,.T.);
#8523=ORIENTED_EDGE('',*,*,#6030,.T.);
#8524=ORIENTED_EDGE('',*,*,#6031,.F.);
#8525=ORIENTED_EDGE('',*,*,#6032,.F.);
#8526=ORIENTED_EDGE('',*,*,#6033,.T.);
#8527=ORIENTED_EDGE('',*,*,#6034,.T.);
#8528=ORIENTED_EDGE('',*,*,#6035,.F.);
#8529=ORIENTED_EDGE('',*,*,#6036,.F.);
#8530=ORIENTED_EDGE('',*,*,#6037,.T.);
#8531=ORIENTED_EDGE('',*,*,#6038,.T.);
#8532=ORIENTED_EDGE('',*,*,#6039,.F.);
#8533=ORIENTED_EDGE('',*,*,#6040,.F.);
#8534=ORIENTED_EDGE('',*,*,#6041,.T.);
#8535=ORIENTED_EDGE('',*,*,#6042,.T.);
#8536=ORIENTED_EDGE('',*,*,#6043,.F.);
#8537=ORIENTED_EDGE('',*,*,#6044,.F.);
#8538=ORIENTED_EDGE('',*,*,#6045,.T.);
#8539=ORIENTED_EDGE('',*,*,#6046,.T.);
#8540=ORIENTED_EDGE('',*,*,#6047,.F.);
#8541=ORIENTED_EDGE('',*,*,#6048,.F.);
#8542=ORIENTED_EDGE('',*,*,#6049,.T.);
#8543=ORIENTED_EDGE('',*,*,#6050,.T.);
#8544=ORIENTED_EDGE('',*,*,#6051,.F.);
#8545=ORIENTED_EDGE('',*,*,#6052,.F.);
#8546=ORIENTED_EDGE('',*,*,#6053,.T.);
#8547=ORIENTED_EDGE('',*,*,#6054,.T.);
#8548=ORIENTED_EDGE('',*,*,#6055,.F.);
#8549=ORIENTED_EDGE('',*,*,#6056,.F.);
#8550=ORIENTED_EDGE('',*,*,#6057,.T.);
#8551=ORIENTED_EDGE('',*,*,#6058,.T.);
#8552=ORIENTED_EDGE('',*,*,#6059,.F.);
#8553=ORIENTED_EDGE('',*,*,#6060,.F.);
#8554=ORIENTED_EDGE('',*,*,#6061,.T.);
#8555=ORIENTED_EDGE('',*,*,#6062,.T.);
#8556=ORIENTED_EDGE('',*,*,#6063,.F.);
#8557=ORIENTED_EDGE('',*,*,#6064,.F.);
#8558=ORIENTED_EDGE('',*,*,#6065,.T.);
#8559=ORIENTED_EDGE('',*,*,#6066,.T.);
#8560=ORIENTED_EDGE('',*,*,#6067,.F.);
#8561=ORIENTED_EDGE('',*,*,#6068,.F.);
#8562=ORIENTED_EDGE('',*,*,#6069,.T.);
#8563=ORIENTED_EDGE('',*,*,#6070,.T.);
#8564=ORIENTED_EDGE('',*,*,#6071,.F.);
#8565=ORIENTED_EDGE('',*,*,#6072,.F.);
#8566=ORIENTED_EDGE('',*,*,#6073,.T.);
#8567=ORIENTED_EDGE('',*,*,#6074,.T.);
#8568=ORIENTED_EDGE('',*,*,#6075,.F.);
#8569=ORIENTED_EDGE('',*,*,#6076,.F.);
#8570=ORIENTED_EDGE('',*,*,#6077,.T.);
#8571=ORIENTED_EDGE('',*,*,#6078,.T.);
#8572=ORIENTED_EDGE('',*,*,#6079,.F.);
#8573=ORIENTED_EDGE('',*,*,#6080,.F.);
#8574=ORIENTED_EDGE('',*,*,#6081,.T.);
#8575=ORIENTED_EDGE('',*,*,#6082,.T.);
#8576=ORIENTED_EDGE('',*,*,#6083,.F.);
#8577=ORIENTED_EDGE('',*,*,#6084,.F.);
#8578=ORIENTED_EDGE('',*,*,#6085,.T.);
#8579=ORIENTED_EDGE('',*,*,#6086,.T.);
#8580=ORIENTED_EDGE('',*,*,#6087,.F.);
#8581=ORIENTED_EDGE('',*,*,#6088,.F.);
#8582=ORIENTED_EDGE('',*,*,#6089,.T.);
#8583=ORIENTED_EDGE('',*,*,#6090,.T.);
#8584=ORIENTED_EDGE('',*,*,#6091,.F.);
#8585=ORIENTED_EDGE('',*,*,#6092,.F.);
#8586=ORIENTED_EDGE('',*,*,#6093,.T.);
#8587=ORIENTED_EDGE('',*,*,#6094,.T.);
#8588=ORIENTED_EDGE('',*,*,#6095,.F.);
#8589=ORIENTED_EDGE('',*,*,#6096,.F.);
#8590=ORIENTED_EDGE('',*,*,#6097,.T.);
#8591=ORIENTED_EDGE('',*,*,#6098,.T.);
#8592=ORIENTED_EDGE('',*,*,#6099,.F.);
#8593=ORIENTED_EDGE('',*,*,#6100,.F.);
#8594=ORIENTED_EDGE('',*,*,#6101,.T.);
#8595=ORIENTED_EDGE('',*,*,#6102,.T.);
#8596=ORIENTED_EDGE('',*,*,#6103,.F.);
#8597=ORIENTED_EDGE('',*,*,#6104,.F.);
#8598=ORIENTED_EDGE('',*,*,#6105,.T.);
#8599=ORIENTED_EDGE('',*,*,#6106,.T.);
#8600=ORIENTED_EDGE('',*,*,#6107,.F.);
#8601=ORIENTED_EDGE('',*,*,#6108,.F.);
#8602=ORIENTED_EDGE('',*,*,#6109,.T.);
#8603=ORIENTED_EDGE('',*,*,#6110,.T.);
#8604=ORIENTED_EDGE('',*,*,#6111,.F.);
#8605=ORIENTED_EDGE('',*,*,#6112,.F.);
#8606=ORIENTED_EDGE('',*,*,#6113,.T.);
#8607=ORIENTED_EDGE('',*,*,#6114,.T.);
#8608=ORIENTED_EDGE('',*,*,#6115,.F.);
#8609=ORIENTED_EDGE('',*,*,#6116,.F.);
#8610=ORIENTED_EDGE('',*,*,#6117,.T.);
#8611=ORIENTED_EDGE('',*,*,#6118,.T.);
#8612=ORIENTED_EDGE('',*,*,#6119,.F.);
#8613=ORIENTED_EDGE('',*,*,#6120,.F.);
#8614=ORIENTED_EDGE('',*,*,#6121,.T.);
#8615=ORIENTED_EDGE('',*,*,#6122,.T.);
#8616=ORIENTED_EDGE('',*,*,#6123,.F.);
#8617=ORIENTED_EDGE('',*,*,#6124,.F.);
#8618=ORIENTED_EDGE('',*,*,#6125,.T.);
#8619=ORIENTED_EDGE('',*,*,#6126,.T.);
#8620=ORIENTED_EDGE('',*,*,#6127,.F.);
#8621=ORIENTED_EDGE('',*,*,#6128,.F.);
#8622=ORIENTED_EDGE('',*,*,#6129,.T.);
#8623=ORIENTED_EDGE('',*,*,#6130,.T.);
#8624=ORIENTED_EDGE('',*,*,#6131,.F.);
#8625=ORIENTED_EDGE('',*,*,#6132,.F.);
#8626=ORIENTED_EDGE('',*,*,#6133,.T.);
#8627=ORIENTED_EDGE('',*,*,#6134,.T.);
#8628=ORIENTED_EDGE('',*,*,#6135,.F.);
#8629=ORIENTED_EDGE('',*,*,#6136,.F.);
#8630=ORIENTED_EDGE('',*,*,#6137,.T.);
#8631=ORIENTED_EDGE('',*,*,#6138,.T.);
#8632=ORIENTED_EDGE('',*,*,#6139,.F.);
#8633=ORIENTED_EDGE('',*,*,#6140,.F.);
#8634=ORIENTED_EDGE('',*,*,#6141,.T.);
#8635=ORIENTED_EDGE('',*,*,#6142,.T.);
#8636=ORIENTED_EDGE('',*,*,#6143,.F.);
#8637=ORIENTED_EDGE('',*,*,#6144,.F.);
#8638=ORIENTED_EDGE('',*,*,#6145,.T.);
#8639=ORIENTED_EDGE('',*,*,#6146,.T.);
#8640=ORIENTED_EDGE('',*,*,#6147,.F.);
#8641=ORIENTED_EDGE('',*,*,#6148,.F.);
#8642=ORIENTED_EDGE('',*,*,#6149,.T.);
#8643=ORIENTED_EDGE('',*,*,#6150,.T.);
#8644=ORIENTED_EDGE('',*,*,#6151,.F.);
#8645=ORIENTED_EDGE('',*,*,#6152,.F.);
#8646=ORIENTED_EDGE('',*,*,#6153,.T.);
#8647=ORIENTED_EDGE('',*,*,#6154,.T.);
#8648=ORIENTED_EDGE('',*,*,#6155,.F.);
#8649=ORIENTED_EDGE('',*,*,#6156,.F.);
#8650=ORIENTED_EDGE('',*,*,#6157,.T.);
#8651=ORIENTED_EDGE('',*,*,#6158,.T.);
#8652=ORIENTED_EDGE('',*,*,#6159,.F.);
#8653=ORIENTED_EDGE('',*,*,#6160,.F.);
#8654=ORIENTED_EDGE('',*,*,#6161,.T.);
#8655=ORIENTED_EDGE('',*,*,#6162,.T.);
#8656=ORIENTED_EDGE('',*,*,#6163,.F.);
#8657=ORIENTED_EDGE('',*,*,#6164,.F.);
#8658=ORIENTED_EDGE('',*,*,#6165,.T.);
#8659=ORIENTED_EDGE('',*,*,#6166,.T.);
#8660=ORIENTED_EDGE('',*,*,#6167,.F.);
#8661=ORIENTED_EDGE('',*,*,#6168,.F.);
#8662=ORIENTED_EDGE('',*,*,#6169,.T.);
#8663=ORIENTED_EDGE('',*,*,#6170,.T.);
#8664=ORIENTED_EDGE('',*,*,#6171,.F.);
#8665=ORIENTED_EDGE('',*,*,#6172,.F.);
#8666=ORIENTED_EDGE('',*,*,#6173,.T.);
#8667=ORIENTED_EDGE('',*,*,#6174,.T.);
#8668=ORIENTED_EDGE('',*,*,#6175,.F.);
#8669=ORIENTED_EDGE('',*,*,#6176,.F.);
#8670=ORIENTED_EDGE('',*,*,#6177,.T.);
#8671=ORIENTED_EDGE('',*,*,#6178,.T.);
#8672=ORIENTED_EDGE('',*,*,#6179,.F.);
#8673=ORIENTED_EDGE('',*,*,#6180,.F.);
#8674=ORIENTED_EDGE('',*,*,#6181,.T.);
#8675=ORIENTED_EDGE('',*,*,#6182,.T.);
#8676=ORIENTED_EDGE('',*,*,#6183,.F.);
#8677=ORIENTED_EDGE('',*,*,#6184,.F.);
#8678=ORIENTED_EDGE('',*,*,#6185,.T.);
#8679=ORIENTED_EDGE('',*,*,#6186,.T.);
#8680=ORIENTED_EDGE('',*,*,#6187,.F.);
#8681=ORIENTED_EDGE('',*,*,#6188,.F.);
#8682=ORIENTED_EDGE('',*,*,#6189,.F.);
#8683=ORIENTED_EDGE('',*,*,#6190,.F.);
#8684=ORIENTED_EDGE('',*,*,#6191,.F.);
#8685=ORIENTED_EDGE('',*,*,#6192,.T.);
#8686=ORIENTED_EDGE('',*,*,#6193,.T.);
#8687=ORIENTED_EDGE('',*,*,#6194,.T.);
#8688=ORIENTED_EDGE('',*,*,#6195,.T.);
#8689=ORIENTED_EDGE('',*,*,#6196,.T.);
#8690=ORIENTED_EDGE('',*,*,#6197,.T.);
#8691=ORIENTED_EDGE('',*,*,#6198,.F.);
#8692=ORIENTED_EDGE('',*,*,#6188,.T.);
#8693=ORIENTED_EDGE('',*,*,#6199,.T.);
#8694=ORIENTED_EDGE('',*,*,#6200,.F.);
#8695=ORIENTED_EDGE('',*,*,#6201,.T.);
#8696=ORIENTED_EDGE('',*,*,#6202,.T.);
#8697=ORIENTED_EDGE('',*,*,#6201,.F.);
#8698=ORIENTED_EDGE('',*,*,#6203,.F.);
#8699=ORIENTED_EDGE('',*,*,#6204,.F.);
#8700=ORIENTED_EDGE('',*,*,#6205,.T.);
#8701=ORIENTED_EDGE('',*,*,#6206,.T.);
#8702=ORIENTED_EDGE('',*,*,#6207,.F.);
#8703=ORIENTED_EDGE('',*,*,#6208,.F.);
#8704=ORIENTED_EDGE('',*,*,#6209,.F.);
#8705=ORIENTED_EDGE('',*,*,#6189,.T.);
#8706=ORIENTED_EDGE('',*,*,#6198,.T.);
#8707=ORIENTED_EDGE('',*,*,#6210,.F.);
#8708=ORIENTED_EDGE('',*,*,#6211,.F.);
#8709=ORIENTED_EDGE('',*,*,#6190,.T.);
#8710=ORIENTED_EDGE('',*,*,#6209,.T.);
#8711=ORIENTED_EDGE('',*,*,#6212,.F.);
#8712=ORIENTED_EDGE('',*,*,#6199,.F.);
#8713=ORIENTED_EDGE('',*,*,#6191,.T.);
#8714=ORIENTED_EDGE('',*,*,#6211,.T.);
#8715=ORIENTED_EDGE('',*,*,#6208,.T.);
#8716=ORIENTED_EDGE('',*,*,#6207,.T.);
#8717=ORIENTED_EDGE('',*,*,#6213,.T.);
#8718=ORIENTED_EDGE('',*,*,#6214,.T.);
#8719=ORIENTED_EDGE('',*,*,#6215,.T.);
#8720=ORIENTED_EDGE('',*,*,#6203,.T.);
#8721=ORIENTED_EDGE('',*,*,#6200,.T.);
#8722=ORIENTED_EDGE('',*,*,#6212,.T.);
#8723=ORIENTED_EDGE('',*,*,#6210,.T.);
#8724=ORIENTED_EDGE('',*,*,#6216,.F.);
#8725=ORIENTED_EDGE('',*,*,#6217,.F.);
#8726=ORIENTED_EDGE('',*,*,#6218,.F.);
#8727=ORIENTED_EDGE('',*,*,#6219,.F.);
#8728=ORIENTED_EDGE('',*,*,#6220,.F.);
#8729=ORIENTED_EDGE('',*,*,#6221,.F.);
#8730=ORIENTED_EDGE('',*,*,#6222,.F.);
#8731=ORIENTED_EDGE('',*,*,#6223,.F.);
#8732=ORIENTED_EDGE('',*,*,#6224,.F.);
#8733=ORIENTED_EDGE('',*,*,#6225,.F.);
#8734=ORIENTED_EDGE('',*,*,#6226,.F.);
#8735=ORIENTED_EDGE('',*,*,#6227,.F.);
#8736=ORIENTED_EDGE('',*,*,#6228,.F.);
#8737=ORIENTED_EDGE('',*,*,#6202,.F.);
#8738=ORIENTED_EDGE('',*,*,#6229,.F.);
#8739=ORIENTED_EDGE('',*,*,#6230,.T.);
#8740=ORIENTED_EDGE('',*,*,#6231,.T.);
#8741=ORIENTED_EDGE('',*,*,#6186,.F.);
#8742=ORIENTED_EDGE('',*,*,#6232,.T.);
#8743=ORIENTED_EDGE('',*,*,#6233,.T.);
#8744=ORIENTED_EDGE('',*,*,#6182,.F.);
#8745=ORIENTED_EDGE('',*,*,#6234,.T.);
#8746=ORIENTED_EDGE('',*,*,#6235,.T.);
#8747=ORIENTED_EDGE('',*,*,#6178,.F.);
#8748=ORIENTED_EDGE('',*,*,#6236,.T.);
#8749=ORIENTED_EDGE('',*,*,#6237,.T.);
#8750=ORIENTED_EDGE('',*,*,#6174,.F.);
#8751=ORIENTED_EDGE('',*,*,#6238,.T.);
#8752=ORIENTED_EDGE('',*,*,#6239,.T.);
#8753=ORIENTED_EDGE('',*,*,#6170,.F.);
#8754=ORIENTED_EDGE('',*,*,#6240,.T.);
#8755=ORIENTED_EDGE('',*,*,#6241,.T.);
#8756=ORIENTED_EDGE('',*,*,#6166,.F.);
#8757=ORIENTED_EDGE('',*,*,#6242,.T.);
#8758=ORIENTED_EDGE('',*,*,#6243,.T.);
#8759=ORIENTED_EDGE('',*,*,#6162,.F.);
#8760=ORIENTED_EDGE('',*,*,#6244,.T.);
#8761=ORIENTED_EDGE('',*,*,#6245,.T.);
#8762=ORIENTED_EDGE('',*,*,#6158,.F.);
#8763=ORIENTED_EDGE('',*,*,#6246,.T.);
#8764=ORIENTED_EDGE('',*,*,#6247,.T.);
#8765=ORIENTED_EDGE('',*,*,#6154,.F.);
#8766=ORIENTED_EDGE('',*,*,#6248,.T.);
#8767=ORIENTED_EDGE('',*,*,#6249,.T.);
#8768=ORIENTED_EDGE('',*,*,#6150,.F.);
#8769=ORIENTED_EDGE('',*,*,#6250,.T.);
#8770=ORIENTED_EDGE('',*,*,#6251,.T.);
#8771=ORIENTED_EDGE('',*,*,#6146,.F.);
#8772=ORIENTED_EDGE('',*,*,#6252,.T.);
#8773=ORIENTED_EDGE('',*,*,#6253,.T.);
#8774=ORIENTED_EDGE('',*,*,#6142,.F.);
#8775=ORIENTED_EDGE('',*,*,#6254,.T.);
#8776=ORIENTED_EDGE('',*,*,#6255,.T.);
#8777=ORIENTED_EDGE('',*,*,#6138,.F.);
#8778=ORIENTED_EDGE('',*,*,#6256,.T.);
#8779=ORIENTED_EDGE('',*,*,#6257,.T.);
#8780=ORIENTED_EDGE('',*,*,#6134,.F.);
#8781=ORIENTED_EDGE('',*,*,#6258,.T.);
#8782=ORIENTED_EDGE('',*,*,#6259,.T.);
#8783=ORIENTED_EDGE('',*,*,#6130,.F.);
#8784=ORIENTED_EDGE('',*,*,#6260,.T.);
#8785=ORIENTED_EDGE('',*,*,#6261,.T.);
#8786=ORIENTED_EDGE('',*,*,#6126,.F.);
#8787=ORIENTED_EDGE('',*,*,#6262,.T.);
#8788=ORIENTED_EDGE('',*,*,#6263,.T.);
#8789=ORIENTED_EDGE('',*,*,#6122,.F.);
#8790=ORIENTED_EDGE('',*,*,#6264,.T.);
#8791=ORIENTED_EDGE('',*,*,#6265,.T.);
#8792=ORIENTED_EDGE('',*,*,#6118,.F.);
#8793=ORIENTED_EDGE('',*,*,#6266,.T.);
#8794=ORIENTED_EDGE('',*,*,#6267,.T.);
#8795=ORIENTED_EDGE('',*,*,#6114,.F.);
#8796=ORIENTED_EDGE('',*,*,#6268,.T.);
#8797=ORIENTED_EDGE('',*,*,#6269,.T.);
#8798=ORIENTED_EDGE('',*,*,#6110,.F.);
#8799=ORIENTED_EDGE('',*,*,#6270,.T.);
#8800=ORIENTED_EDGE('',*,*,#6271,.T.);
#8801=ORIENTED_EDGE('',*,*,#6106,.F.);
#8802=ORIENTED_EDGE('',*,*,#6272,.T.);
#8803=ORIENTED_EDGE('',*,*,#6273,.T.);
#8804=ORIENTED_EDGE('',*,*,#6102,.F.);
#8805=ORIENTED_EDGE('',*,*,#6274,.T.);
#8806=ORIENTED_EDGE('',*,*,#6275,.T.);
#8807=ORIENTED_EDGE('',*,*,#6098,.F.);
#8808=ORIENTED_EDGE('',*,*,#6276,.T.);
#8809=ORIENTED_EDGE('',*,*,#6277,.T.);
#8810=ORIENTED_EDGE('',*,*,#6094,.F.);
#8811=ORIENTED_EDGE('',*,*,#6278,.T.);
#8812=ORIENTED_EDGE('',*,*,#6279,.T.);
#8813=ORIENTED_EDGE('',*,*,#6090,.F.);
#8814=ORIENTED_EDGE('',*,*,#6280,.T.);
#8815=ORIENTED_EDGE('',*,*,#6281,.T.);
#8816=ORIENTED_EDGE('',*,*,#6086,.F.);
#8817=ORIENTED_EDGE('',*,*,#6282,.T.);
#8818=ORIENTED_EDGE('',*,*,#6283,.T.);
#8819=ORIENTED_EDGE('',*,*,#6082,.F.);
#8820=ORIENTED_EDGE('',*,*,#6284,.T.);
#8821=ORIENTED_EDGE('',*,*,#6285,.T.);
#8822=ORIENTED_EDGE('',*,*,#6078,.F.);
#8823=ORIENTED_EDGE('',*,*,#6286,.T.);
#8824=ORIENTED_EDGE('',*,*,#6287,.T.);
#8825=ORIENTED_EDGE('',*,*,#6074,.F.);
#8826=ORIENTED_EDGE('',*,*,#6288,.T.);
#8827=ORIENTED_EDGE('',*,*,#6289,.T.);
#8828=ORIENTED_EDGE('',*,*,#6070,.F.);
#8829=ORIENTED_EDGE('',*,*,#6290,.T.);
#8830=ORIENTED_EDGE('',*,*,#6291,.T.);
#8831=ORIENTED_EDGE('',*,*,#6066,.F.);
#8832=ORIENTED_EDGE('',*,*,#6292,.T.);
#8833=ORIENTED_EDGE('',*,*,#6293,.T.);
#8834=ORIENTED_EDGE('',*,*,#6062,.F.);
#8835=ORIENTED_EDGE('',*,*,#6294,.T.);
#8836=ORIENTED_EDGE('',*,*,#6295,.T.);
#8837=ORIENTED_EDGE('',*,*,#6058,.F.);
#8838=ORIENTED_EDGE('',*,*,#6296,.T.);
#8839=ORIENTED_EDGE('',*,*,#6297,.T.);
#8840=ORIENTED_EDGE('',*,*,#6054,.F.);
#8841=ORIENTED_EDGE('',*,*,#6298,.T.);
#8842=ORIENTED_EDGE('',*,*,#6299,.T.);
#8843=ORIENTED_EDGE('',*,*,#6050,.F.);
#8844=ORIENTED_EDGE('',*,*,#6300,.T.);
#8845=ORIENTED_EDGE('',*,*,#6301,.T.);
#8846=ORIENTED_EDGE('',*,*,#6046,.F.);
#8847=ORIENTED_EDGE('',*,*,#6302,.T.);
#8848=ORIENTED_EDGE('',*,*,#6303,.T.);
#8849=ORIENTED_EDGE('',*,*,#6042,.F.);
#8850=ORIENTED_EDGE('',*,*,#6304,.T.);
#8851=ORIENTED_EDGE('',*,*,#6305,.T.);
#8852=ORIENTED_EDGE('',*,*,#6038,.F.);
#8853=ORIENTED_EDGE('',*,*,#6306,.T.);
#8854=ORIENTED_EDGE('',*,*,#6307,.T.);
#8855=ORIENTED_EDGE('',*,*,#6034,.F.);
#8856=ORIENTED_EDGE('',*,*,#6308,.T.);
#8857=ORIENTED_EDGE('',*,*,#6309,.T.);
#8858=ORIENTED_EDGE('',*,*,#6030,.F.);
#8859=ORIENTED_EDGE('',*,*,#6310,.T.);
#8860=ORIENTED_EDGE('',*,*,#6311,.T.);
#8861=ORIENTED_EDGE('',*,*,#6026,.F.);
#8862=ORIENTED_EDGE('',*,*,#6312,.T.);
#8863=ORIENTED_EDGE('',*,*,#6313,.T.);
#8864=ORIENTED_EDGE('',*,*,#6022,.F.);
#8865=ORIENTED_EDGE('',*,*,#6314,.T.);
#8866=ORIENTED_EDGE('',*,*,#6315,.T.);
#8867=ORIENTED_EDGE('',*,*,#6018,.F.);
#8868=ORIENTED_EDGE('',*,*,#6316,.T.);
#8869=ORIENTED_EDGE('',*,*,#6317,.T.);
#8870=ORIENTED_EDGE('',*,*,#6014,.F.);
#8871=ORIENTED_EDGE('',*,*,#6318,.T.);
#8872=ORIENTED_EDGE('',*,*,#6319,.T.);
#8873=ORIENTED_EDGE('',*,*,#6010,.F.);
#8874=ORIENTED_EDGE('',*,*,#6320,.T.);
#8875=ORIENTED_EDGE('',*,*,#6321,.T.);
#8876=ORIENTED_EDGE('',*,*,#6006,.F.);
#8877=ORIENTED_EDGE('',*,*,#6322,.T.);
#8878=ORIENTED_EDGE('',*,*,#6323,.T.);
#8879=ORIENTED_EDGE('',*,*,#6002,.F.);
#8880=ORIENTED_EDGE('',*,*,#6324,.T.);
#8881=ORIENTED_EDGE('',*,*,#6325,.T.);
#8882=ORIENTED_EDGE('',*,*,#5998,.F.);
#8883=ORIENTED_EDGE('',*,*,#6326,.T.);
#8884=ORIENTED_EDGE('',*,*,#6327,.T.);
#8885=ORIENTED_EDGE('',*,*,#5994,.F.);
#8886=ORIENTED_EDGE('',*,*,#6328,.T.);
#8887=ORIENTED_EDGE('',*,*,#6329,.T.);
#8888=ORIENTED_EDGE('',*,*,#5990,.F.);
#8889=ORIENTED_EDGE('',*,*,#6330,.T.);
#8890=ORIENTED_EDGE('',*,*,#6331,.T.);
#8891=ORIENTED_EDGE('',*,*,#5986,.F.);
#8892=ORIENTED_EDGE('',*,*,#6332,.T.);
#8893=ORIENTED_EDGE('',*,*,#6333,.T.);
#8894=ORIENTED_EDGE('',*,*,#5982,.F.);
#8895=ORIENTED_EDGE('',*,*,#6334,.T.);
#8896=ORIENTED_EDGE('',*,*,#6335,.T.);
#8897=ORIENTED_EDGE('',*,*,#5978,.F.);
#8898=ORIENTED_EDGE('',*,*,#6336,.T.);
#8899=ORIENTED_EDGE('',*,*,#6337,.T.);
#8900=ORIENTED_EDGE('',*,*,#5974,.F.);
#8901=ORIENTED_EDGE('',*,*,#6338,.T.);
#8902=ORIENTED_EDGE('',*,*,#6339,.T.);
#8903=ORIENTED_EDGE('',*,*,#5970,.F.);
#8904=ORIENTED_EDGE('',*,*,#6340,.T.);
#8905=ORIENTED_EDGE('',*,*,#6341,.T.);
#8906=ORIENTED_EDGE('',*,*,#5966,.F.);
#8907=ORIENTED_EDGE('',*,*,#6342,.T.);
#8908=ORIENTED_EDGE('',*,*,#6343,.T.);
#8909=ORIENTED_EDGE('',*,*,#5962,.F.);
#8910=ORIENTED_EDGE('',*,*,#6344,.T.);
#8911=ORIENTED_EDGE('',*,*,#6345,.T.);
#8912=ORIENTED_EDGE('',*,*,#5958,.F.);
#8913=ORIENTED_EDGE('',*,*,#6346,.T.);
#8914=ORIENTED_EDGE('',*,*,#6347,.T.);
#8915=ORIENTED_EDGE('',*,*,#5954,.F.);
#8916=ORIENTED_EDGE('',*,*,#6348,.T.);
#8917=ORIENTED_EDGE('',*,*,#6349,.T.);
#8918=ORIENTED_EDGE('',*,*,#6197,.F.);
#8919=ORIENTED_EDGE('',*,*,#6350,.T.);
#8920=ORIENTED_EDGE('',*,*,#6217,.T.);
#8921=ORIENTED_EDGE('',*,*,#6350,.F.);
#8922=ORIENTED_EDGE('',*,*,#6196,.F.);
#8923=ORIENTED_EDGE('',*,*,#6351,.T.);
#8924=ORIENTED_EDGE('',*,*,#6216,.T.);
#8925=ORIENTED_EDGE('',*,*,#6351,.F.);
#8926=ORIENTED_EDGE('',*,*,#6192,.F.);
#8927=ORIENTED_EDGE('',*,*,#6352,.T.);
#8928=ORIENTED_EDGE('',*,*,#6218,.T.);
#8929=ORIENTED_EDGE('',*,*,#6352,.F.);
#8930=ORIENTED_EDGE('',*,*,#6193,.F.);
#8931=ORIENTED_EDGE('',*,*,#6353,.T.);
#8932=ORIENTED_EDGE('',*,*,#6219,.T.);
#8933=ORIENTED_EDGE('',*,*,#6353,.F.);
#8934=ORIENTED_EDGE('',*,*,#6194,.F.);
#8935=ORIENTED_EDGE('',*,*,#6354,.T.);
#8936=ORIENTED_EDGE('',*,*,#6220,.T.);
#8937=ORIENTED_EDGE('',*,*,#6354,.F.);
#8938=ORIENTED_EDGE('',*,*,#6195,.F.);
#8939=ORIENTED_EDGE('',*,*,#6355,.T.);
#8940=ORIENTED_EDGE('',*,*,#6221,.T.);
#8941=ORIENTED_EDGE('',*,*,#6355,.F.);
#8942=ORIENTED_EDGE('',*,*,#6215,.F.);
#8943=ORIENTED_EDGE('',*,*,#6356,.F.);
#8944=ORIENTED_EDGE('',*,*,#6357,.T.);
#8945=ORIENTED_EDGE('',*,*,#6204,.T.);
#8946=ORIENTED_EDGE('',*,*,#6214,.F.);
#8947=ORIENTED_EDGE('',*,*,#6358,.F.);
#8948=ORIENTED_EDGE('',*,*,#6359,.T.);
#8949=ORIENTED_EDGE('',*,*,#6356,.T.);
#8950=ORIENTED_EDGE('',*,*,#6213,.F.);
#8951=ORIENTED_EDGE('',*,*,#6206,.F.);
#8952=ORIENTED_EDGE('',*,*,#6360,.T.);
#8953=ORIENTED_EDGE('',*,*,#6358,.T.);
#8954=ORIENTED_EDGE('',*,*,#6205,.F.);
#8955=ORIENTED_EDGE('',*,*,#6357,.F.);
#8956=ORIENTED_EDGE('',*,*,#6359,.F.);
#8957=ORIENTED_EDGE('',*,*,#6360,.F.);
#8958=ORIENTED_EDGE('',*,*,#6361,.T.);
#8959=ORIENTED_EDGE('',*,*,#6362,.T.);
#8960=ORIENTED_EDGE('',*,*,#6363,.T.);
#8961=ORIENTED_EDGE('',*,*,#6364,.T.);
#8962=ORIENTED_EDGE('',*,*,#6365,.T.);
#8963=ORIENTED_EDGE('',*,*,#6366,.T.);
#8964=ORIENTED_EDGE('',*,*,#6366,.F.);
#8965=ORIENTED_EDGE('',*,*,#6367,.T.);
#8966=ORIENTED_EDGE('',*,*,#6228,.T.);
#8967=ORIENTED_EDGE('',*,*,#6367,.F.);
#8968=ORIENTED_EDGE('',*,*,#6365,.F.);
#8969=ORIENTED_EDGE('',*,*,#6368,.T.);
#8970=ORIENTED_EDGE('',*,*,#6227,.T.);
#8971=ORIENTED_EDGE('',*,*,#6368,.F.);
#8972=ORIENTED_EDGE('',*,*,#6364,.F.);
#8973=ORIENTED_EDGE('',*,*,#6369,.T.);
#8974=ORIENTED_EDGE('',*,*,#6226,.T.);
#8975=ORIENTED_EDGE('',*,*,#6369,.F.);
#8976=ORIENTED_EDGE('',*,*,#6363,.F.);
#8977=ORIENTED_EDGE('',*,*,#6370,.T.);
#8978=ORIENTED_EDGE('',*,*,#6225,.T.);
#8979=ORIENTED_EDGE('',*,*,#6370,.F.);
#8980=ORIENTED_EDGE('',*,*,#6362,.F.);
#8981=ORIENTED_EDGE('',*,*,#6371,.T.);
#8982=ORIENTED_EDGE('',*,*,#6224,.T.);
#8983=ORIENTED_EDGE('',*,*,#6371,.F.);
#8984=ORIENTED_EDGE('',*,*,#6361,.F.);
#8985=ORIENTED_EDGE('',*,*,#6372,.T.);
#8986=ORIENTED_EDGE('',*,*,#6223,.T.);
#8987=ORIENTED_EDGE('',*,*,#6372,.F.);
#8988=ORIENTED_EDGE('',*,*,#6373,.F.);
#8989=ORIENTED_EDGE('',*,*,#6374,.F.);
#8990=ORIENTED_EDGE('',*,*,#5952,.T.);
#8991=ORIENTED_EDGE('',*,*,#6375,.F.);
#8992=ORIENTED_EDGE('',*,*,#6376,.F.);
#8993=ORIENTED_EDGE('',*,*,#5956,.T.);
#8994=ORIENTED_EDGE('',*,*,#6377,.F.);
#8995=ORIENTED_EDGE('',*,*,#6378,.F.);
#8996=ORIENTED_EDGE('',*,*,#5960,.T.);
#8997=ORIENTED_EDGE('',*,*,#6379,.F.);
#8998=ORIENTED_EDGE('',*,*,#6380,.F.);
#8999=ORIENTED_EDGE('',*,*,#5964,.T.);
#9000=ORIENTED_EDGE('',*,*,#6381,.F.);
#9001=ORIENTED_EDGE('',*,*,#6382,.F.);
#9002=ORIENTED_EDGE('',*,*,#5968,.T.);
#9003=ORIENTED_EDGE('',*,*,#6383,.F.);
#9004=ORIENTED_EDGE('',*,*,#6384,.F.);
#9005=ORIENTED_EDGE('',*,*,#5972,.T.);
#9006=ORIENTED_EDGE('',*,*,#6385,.F.);
#9007=ORIENTED_EDGE('',*,*,#6386,.F.);
#9008=ORIENTED_EDGE('',*,*,#5976,.T.);
#9009=ORIENTED_EDGE('',*,*,#6387,.F.);
#9010=ORIENTED_EDGE('',*,*,#6388,.F.);
#9011=ORIENTED_EDGE('',*,*,#5980,.T.);
#9012=ORIENTED_EDGE('',*,*,#6389,.F.);
#9013=ORIENTED_EDGE('',*,*,#6390,.F.);
#9014=ORIENTED_EDGE('',*,*,#5984,.T.);
#9015=ORIENTED_EDGE('',*,*,#6391,.F.);
#9016=ORIENTED_EDGE('',*,*,#6392,.F.);
#9017=ORIENTED_EDGE('',*,*,#5988,.T.);
#9018=ORIENTED_EDGE('',*,*,#6393,.F.);
#9019=ORIENTED_EDGE('',*,*,#6394,.F.);
#9020=ORIENTED_EDGE('',*,*,#5992,.T.);
#9021=ORIENTED_EDGE('',*,*,#6395,.F.);
#9022=ORIENTED_EDGE('',*,*,#6396,.F.);
#9023=ORIENTED_EDGE('',*,*,#5996,.T.);
#9024=ORIENTED_EDGE('',*,*,#6397,.F.);
#9025=ORIENTED_EDGE('',*,*,#6398,.F.);
#9026=ORIENTED_EDGE('',*,*,#6000,.T.);
#9027=ORIENTED_EDGE('',*,*,#6399,.F.);
#9028=ORIENTED_EDGE('',*,*,#6400,.F.);
#9029=ORIENTED_EDGE('',*,*,#6004,.T.);
#9030=ORIENTED_EDGE('',*,*,#6401,.F.);
#9031=ORIENTED_EDGE('',*,*,#6402,.F.);
#9032=ORIENTED_EDGE('',*,*,#6008,.T.);
#9033=ORIENTED_EDGE('',*,*,#6403,.F.);
#9034=ORIENTED_EDGE('',*,*,#6404,.F.);
#9035=ORIENTED_EDGE('',*,*,#6012,.T.);
#9036=ORIENTED_EDGE('',*,*,#6405,.F.);
#9037=ORIENTED_EDGE('',*,*,#6406,.F.);
#9038=ORIENTED_EDGE('',*,*,#6016,.T.);
#9039=ORIENTED_EDGE('',*,*,#6407,.F.);
#9040=ORIENTED_EDGE('',*,*,#6408,.F.);
#9041=ORIENTED_EDGE('',*,*,#6020,.T.);
#9042=ORIENTED_EDGE('',*,*,#6409,.F.);
#9043=ORIENTED_EDGE('',*,*,#6410,.F.);
#9044=ORIENTED_EDGE('',*,*,#6024,.T.);
#9045=ORIENTED_EDGE('',*,*,#6411,.F.);
#9046=ORIENTED_EDGE('',*,*,#6412,.F.);
#9047=ORIENTED_EDGE('',*,*,#6028,.T.);
#9048=ORIENTED_EDGE('',*,*,#6413,.F.);
#9049=ORIENTED_EDGE('',*,*,#6414,.F.);
#9050=ORIENTED_EDGE('',*,*,#6032,.T.);
#9051=ORIENTED_EDGE('',*,*,#6415,.F.);
#9052=ORIENTED_EDGE('',*,*,#6416,.F.);
#9053=ORIENTED_EDGE('',*,*,#6036,.T.);
#9054=ORIENTED_EDGE('',*,*,#6417,.F.);
#9055=ORIENTED_EDGE('',*,*,#6418,.F.);
#9056=ORIENTED_EDGE('',*,*,#6040,.T.);
#9057=ORIENTED_EDGE('',*,*,#6419,.F.);
#9058=ORIENTED_EDGE('',*,*,#6420,.F.);
#9059=ORIENTED_EDGE('',*,*,#6044,.T.);
#9060=ORIENTED_EDGE('',*,*,#6421,.F.);
#9061=ORIENTED_EDGE('',*,*,#6422,.F.);
#9062=ORIENTED_EDGE('',*,*,#6048,.T.);
#9063=ORIENTED_EDGE('',*,*,#6423,.F.);
#9064=ORIENTED_EDGE('',*,*,#6424,.F.);
#9065=ORIENTED_EDGE('',*,*,#6052,.T.);
#9066=ORIENTED_EDGE('',*,*,#6425,.F.);
#9067=ORIENTED_EDGE('',*,*,#6426,.F.);
#9068=ORIENTED_EDGE('',*,*,#6056,.T.);
#9069=ORIENTED_EDGE('',*,*,#6427,.F.);
#9070=ORIENTED_EDGE('',*,*,#6428,.F.);
#9071=ORIENTED_EDGE('',*,*,#6060,.T.);
#9072=ORIENTED_EDGE('',*,*,#6429,.F.);
#9073=ORIENTED_EDGE('',*,*,#6430,.F.);
#9074=ORIENTED_EDGE('',*,*,#6064,.T.);
#9075=ORIENTED_EDGE('',*,*,#6431,.F.);
#9076=ORIENTED_EDGE('',*,*,#6432,.F.);
#9077=ORIENTED_EDGE('',*,*,#6068,.T.);
#9078=ORIENTED_EDGE('',*,*,#6433,.F.);
#9079=ORIENTED_EDGE('',*,*,#6434,.F.);
#9080=ORIENTED_EDGE('',*,*,#6072,.T.);
#9081=ORIENTED_EDGE('',*,*,#6435,.F.);
#9082=ORIENTED_EDGE('',*,*,#6436,.F.);
#9083=ORIENTED_EDGE('',*,*,#6076,.T.);
#9084=ORIENTED_EDGE('',*,*,#6437,.F.);
#9085=ORIENTED_EDGE('',*,*,#6438,.F.);
#9086=ORIENTED_EDGE('',*,*,#6080,.T.);
#9087=ORIENTED_EDGE('',*,*,#6439,.F.);
#9088=ORIENTED_EDGE('',*,*,#6440,.F.);
#9089=ORIENTED_EDGE('',*,*,#6084,.T.);
#9090=ORIENTED_EDGE('',*,*,#6441,.F.);
#9091=ORIENTED_EDGE('',*,*,#6442,.F.);
#9092=ORIENTED_EDGE('',*,*,#6088,.T.);
#9093=ORIENTED_EDGE('',*,*,#6443,.F.);
#9094=ORIENTED_EDGE('',*,*,#6444,.F.);
#9095=ORIENTED_EDGE('',*,*,#6092,.T.);
#9096=ORIENTED_EDGE('',*,*,#6445,.F.);
#9097=ORIENTED_EDGE('',*,*,#6446,.F.);
#9098=ORIENTED_EDGE('',*,*,#6096,.T.);
#9099=ORIENTED_EDGE('',*,*,#6447,.F.);
#9100=ORIENTED_EDGE('',*,*,#6448,.F.);
#9101=ORIENTED_EDGE('',*,*,#6100,.T.);
#9102=ORIENTED_EDGE('',*,*,#6449,.F.);
#9103=ORIENTED_EDGE('',*,*,#6450,.F.);
#9104=ORIENTED_EDGE('',*,*,#6104,.T.);
#9105=ORIENTED_EDGE('',*,*,#6451,.F.);
#9106=ORIENTED_EDGE('',*,*,#6452,.F.);
#9107=ORIENTED_EDGE('',*,*,#6108,.T.);
#9108=ORIENTED_EDGE('',*,*,#6453,.F.);
#9109=ORIENTED_EDGE('',*,*,#6454,.F.);
#9110=ORIENTED_EDGE('',*,*,#6112,.T.);
#9111=ORIENTED_EDGE('',*,*,#6455,.F.);
#9112=ORIENTED_EDGE('',*,*,#6456,.F.);
#9113=ORIENTED_EDGE('',*,*,#6116,.T.);
#9114=ORIENTED_EDGE('',*,*,#6457,.F.);
#9115=ORIENTED_EDGE('',*,*,#6458,.F.);
#9116=ORIENTED_EDGE('',*,*,#6120,.T.);
#9117=ORIENTED_EDGE('',*,*,#6459,.F.);
#9118=ORIENTED_EDGE('',*,*,#6460,.F.);
#9119=ORIENTED_EDGE('',*,*,#6124,.T.);
#9120=ORIENTED_EDGE('',*,*,#6461,.F.);
#9121=ORIENTED_EDGE('',*,*,#6462,.F.);
#9122=ORIENTED_EDGE('',*,*,#6128,.T.);
#9123=ORIENTED_EDGE('',*,*,#6463,.F.);
#9124=ORIENTED_EDGE('',*,*,#6464,.F.);
#9125=ORIENTED_EDGE('',*,*,#6132,.T.);
#9126=ORIENTED_EDGE('',*,*,#6465,.F.);
#9127=ORIENTED_EDGE('',*,*,#6466,.F.);
#9128=ORIENTED_EDGE('',*,*,#6136,.T.);
#9129=ORIENTED_EDGE('',*,*,#6467,.F.);
#9130=ORIENTED_EDGE('',*,*,#6468,.F.);
#9131=ORIENTED_EDGE('',*,*,#6140,.T.);
#9132=ORIENTED_EDGE('',*,*,#6469,.F.);
#9133=ORIENTED_EDGE('',*,*,#6470,.F.);
#9134=ORIENTED_EDGE('',*,*,#6144,.T.);
#9135=ORIENTED_EDGE('',*,*,#6471,.F.);
#9136=ORIENTED_EDGE('',*,*,#6472,.F.);
#9137=ORIENTED_EDGE('',*,*,#6148,.T.);
#9138=ORIENTED_EDGE('',*,*,#6473,.F.);
#9139=ORIENTED_EDGE('',*,*,#6474,.F.);
#9140=ORIENTED_EDGE('',*,*,#6152,.T.);
#9141=ORIENTED_EDGE('',*,*,#6475,.F.);
#9142=ORIENTED_EDGE('',*,*,#6476,.F.);
#9143=ORIENTED_EDGE('',*,*,#6156,.T.);
#9144=ORIENTED_EDGE('',*,*,#6477,.F.);
#9145=ORIENTED_EDGE('',*,*,#6478,.F.);
#9146=ORIENTED_EDGE('',*,*,#6160,.T.);
#9147=ORIENTED_EDGE('',*,*,#6479,.F.);
#9148=ORIENTED_EDGE('',*,*,#6480,.F.);
#9149=ORIENTED_EDGE('',*,*,#6164,.T.);
#9150=ORIENTED_EDGE('',*,*,#6481,.F.);
#9151=ORIENTED_EDGE('',*,*,#6482,.F.);
#9152=ORIENTED_EDGE('',*,*,#6168,.T.);
#9153=ORIENTED_EDGE('',*,*,#6483,.F.);
#9154=ORIENTED_EDGE('',*,*,#6484,.F.);
#9155=ORIENTED_EDGE('',*,*,#6172,.T.);
#9156=ORIENTED_EDGE('',*,*,#6485,.F.);
#9157=ORIENTED_EDGE('',*,*,#6486,.F.);
#9158=ORIENTED_EDGE('',*,*,#6176,.T.);
#9159=ORIENTED_EDGE('',*,*,#6487,.F.);
#9160=ORIENTED_EDGE('',*,*,#6488,.F.);
#9161=ORIENTED_EDGE('',*,*,#6180,.T.);
#9162=ORIENTED_EDGE('',*,*,#6489,.F.);
#9163=ORIENTED_EDGE('',*,*,#6490,.F.);
#9164=ORIENTED_EDGE('',*,*,#6184,.T.);
#9165=ORIENTED_EDGE('',*,*,#6491,.F.);
#9166=ORIENTED_EDGE('',*,*,#6492,.F.);
#9167=ORIENTED_EDGE('',*,*,#6493,.T.);
#9168=ORIENTED_EDGE('',*,*,#6494,.T.);
#9169=ORIENTED_EDGE('',*,*,#6229,.T.);
#9170=ORIENTED_EDGE('',*,*,#6495,.F.);
#9171=ORIENTED_EDGE('',*,*,#6493,.F.);
#9172=ORIENTED_EDGE('',*,*,#6496,.T.);
#9173=ORIENTED_EDGE('',*,*,#6497,.T.);
#9174=ORIENTED_EDGE('',*,*,#6498,.T.);
#9175=ORIENTED_EDGE('',*,*,#6497,.F.);
#9176=ORIENTED_EDGE('',*,*,#6499,.T.);
#9177=ORIENTED_EDGE('',*,*,#6222,.T.);
#9178=ORIENTED_EDGE('',*,*,#6499,.F.);
#9179=ORIENTED_EDGE('',*,*,#6494,.F.);
#9180=ORIENTED_EDGE('',*,*,#6500,.T.);
#9181=ORIENTED_EDGE('',*,*,#6498,.F.);
#9182=ORIENTED_EDGE('',*,*,#6500,.F.);
#9183=ORIENTED_EDGE('',*,*,#6496,.F.);
#9184=ORIENTED_EDGE('',*,*,#6492,.T.);
#9185=ORIENTED_EDGE('',*,*,#6501,.T.);
#9186=ORIENTED_EDGE('',*,*,#6230,.F.);
#9187=ORIENTED_EDGE('',*,*,#6501,.F.);
#9188=ORIENTED_EDGE('',*,*,#6491,.T.);
#9189=ORIENTED_EDGE('',*,*,#6187,.T.);
#9190=ORIENTED_EDGE('',*,*,#6231,.F.);
#9191=ORIENTED_EDGE('',*,*,#6185,.F.);
#9192=ORIENTED_EDGE('',*,*,#6490,.T.);
#9193=ORIENTED_EDGE('',*,*,#6502,.T.);
#9194=ORIENTED_EDGE('',*,*,#6232,.F.);
#9195=ORIENTED_EDGE('',*,*,#6502,.F.);
#9196=ORIENTED_EDGE('',*,*,#6489,.T.);
#9197=ORIENTED_EDGE('',*,*,#6183,.T.);
#9198=ORIENTED_EDGE('',*,*,#6233,.F.);
#9199=ORIENTED_EDGE('',*,*,#6181,.F.);
#9200=ORIENTED_EDGE('',*,*,#6488,.T.);
#9201=ORIENTED_EDGE('',*,*,#6503,.T.);
#9202=ORIENTED_EDGE('',*,*,#6234,.F.);
#9203=ORIENTED_EDGE('',*,*,#6503,.F.);
#9204=ORIENTED_EDGE('',*,*,#6487,.T.);
#9205=ORIENTED_EDGE('',*,*,#6179,.T.);
#9206=ORIENTED_EDGE('',*,*,#6235,.F.);
#9207=ORIENTED_EDGE('',*,*,#6177,.F.);
#9208=ORIENTED_EDGE('',*,*,#6486,.T.);
#9209=ORIENTED_EDGE('',*,*,#6504,.T.);
#9210=ORIENTED_EDGE('',*,*,#6236,.F.);
#9211=ORIENTED_EDGE('',*,*,#6504,.F.);
#9212=ORIENTED_EDGE('',*,*,#6485,.T.);
#9213=ORIENTED_EDGE('',*,*,#6175,.T.);
#9214=ORIENTED_EDGE('',*,*,#6237,.F.);
#9215=ORIENTED_EDGE('',*,*,#6173,.F.);
#9216=ORIENTED_EDGE('',*,*,#6484,.T.);
#9217=ORIENTED_EDGE('',*,*,#6505,.T.);
#9218=ORIENTED_EDGE('',*,*,#6238,.F.);
#9219=ORIENTED_EDGE('',*,*,#6505,.F.);
#9220=ORIENTED_EDGE('',*,*,#6483,.T.);
#9221=ORIENTED_EDGE('',*,*,#6171,.T.);
#9222=ORIENTED_EDGE('',*,*,#6239,.F.);
#9223=ORIENTED_EDGE('',*,*,#6169,.F.);
#9224=ORIENTED_EDGE('',*,*,#6482,.T.);
#9225=ORIENTED_EDGE('',*,*,#6506,.T.);
#9226=ORIENTED_EDGE('',*,*,#6240,.F.);
#9227=ORIENTED_EDGE('',*,*,#6506,.F.);
#9228=ORIENTED_EDGE('',*,*,#6481,.T.);
#9229=ORIENTED_EDGE('',*,*,#6167,.T.);
#9230=ORIENTED_EDGE('',*,*,#6241,.F.);
#9231=ORIENTED_EDGE('',*,*,#6165,.F.);
#9232=ORIENTED_EDGE('',*,*,#6480,.T.);
#9233=ORIENTED_EDGE('',*,*,#6507,.T.);
#9234=ORIENTED_EDGE('',*,*,#6242,.F.);
#9235=ORIENTED_EDGE('',*,*,#6507,.F.);
#9236=ORIENTED_EDGE('',*,*,#6479,.T.);
#9237=ORIENTED_EDGE('',*,*,#6163,.T.);
#9238=ORIENTED_EDGE('',*,*,#6243,.F.);
#9239=ORIENTED_EDGE('',*,*,#6161,.F.);
#9240=ORIENTED_EDGE('',*,*,#6478,.T.);
#9241=ORIENTED_EDGE('',*,*,#6508,.T.);
#9242=ORIENTED_EDGE('',*,*,#6244,.F.);
#9243=ORIENTED_EDGE('',*,*,#6508,.F.);
#9244=ORIENTED_EDGE('',*,*,#6477,.T.);
#9245=ORIENTED_EDGE('',*,*,#6159,.T.);
#9246=ORIENTED_EDGE('',*,*,#6245,.F.);
#9247=ORIENTED_EDGE('',*,*,#6157,.F.);
#9248=ORIENTED_EDGE('',*,*,#6476,.T.);
#9249=ORIENTED_EDGE('',*,*,#6509,.T.);
#9250=ORIENTED_EDGE('',*,*,#6246,.F.);
#9251=ORIENTED_EDGE('',*,*,#6509,.F.);
#9252=ORIENTED_EDGE('',*,*,#6475,.T.);
#9253=ORIENTED_EDGE('',*,*,#6155,.T.);
#9254=ORIENTED_EDGE('',*,*,#6247,.F.);
#9255=ORIENTED_EDGE('',*,*,#6153,.F.);
#9256=ORIENTED_EDGE('',*,*,#6474,.T.);
#9257=ORIENTED_EDGE('',*,*,#6510,.T.);
#9258=ORIENTED_EDGE('',*,*,#6248,.F.);
#9259=ORIENTED_EDGE('',*,*,#6510,.F.);
#9260=ORIENTED_EDGE('',*,*,#6473,.T.);
#9261=ORIENTED_EDGE('',*,*,#6151,.T.);
#9262=ORIENTED_EDGE('',*,*,#6249,.F.);
#9263=ORIENTED_EDGE('',*,*,#6149,.F.);
#9264=ORIENTED_EDGE('',*,*,#6472,.T.);
#9265=ORIENTED_EDGE('',*,*,#6511,.T.);
#9266=ORIENTED_EDGE('',*,*,#6250,.F.);
#9267=ORIENTED_EDGE('',*,*,#6511,.F.);
#9268=ORIENTED_EDGE('',*,*,#6471,.T.);
#9269=ORIENTED_EDGE('',*,*,#6147,.T.);
#9270=ORIENTED_EDGE('',*,*,#6251,.F.);
#9271=ORIENTED_EDGE('',*,*,#6145,.F.);
#9272=ORIENTED_EDGE('',*,*,#6470,.T.);
#9273=ORIENTED_EDGE('',*,*,#6512,.T.);
#9274=ORIENTED_EDGE('',*,*,#6252,.F.);
#9275=ORIENTED_EDGE('',*,*,#6512,.F.);
#9276=ORIENTED_EDGE('',*,*,#6469,.T.);
#9277=ORIENTED_EDGE('',*,*,#6143,.T.);
#9278=ORIENTED_EDGE('',*,*,#6253,.F.);
#9279=ORIENTED_EDGE('',*,*,#6141,.F.);
#9280=ORIENTED_EDGE('',*,*,#6468,.T.);
#9281=ORIENTED_EDGE('',*,*,#6513,.T.);
#9282=ORIENTED_EDGE('',*,*,#6254,.F.);
#9283=ORIENTED_EDGE('',*,*,#6513,.F.);
#9284=ORIENTED_EDGE('',*,*,#6467,.T.);
#9285=ORIENTED_EDGE('',*,*,#6139,.T.);
#9286=ORIENTED_EDGE('',*,*,#6255,.F.);
#9287=ORIENTED_EDGE('',*,*,#6137,.F.);
#9288=ORIENTED_EDGE('',*,*,#6466,.T.);
#9289=ORIENTED_EDGE('',*,*,#6514,.T.);
#9290=ORIENTED_EDGE('',*,*,#6256,.F.);
#9291=ORIENTED_EDGE('',*,*,#6514,.F.);
#9292=ORIENTED_EDGE('',*,*,#6465,.T.);
#9293=ORIENTED_EDGE('',*,*,#6135,.T.);
#9294=ORIENTED_EDGE('',*,*,#6257,.F.);
#9295=ORIENTED_EDGE('',*,*,#6133,.F.);
#9296=ORIENTED_EDGE('',*,*,#6464,.T.);
#9297=ORIENTED_EDGE('',*,*,#6515,.T.);
#9298=ORIENTED_EDGE('',*,*,#6258,.F.);
#9299=ORIENTED_EDGE('',*,*,#6515,.F.);
#9300=ORIENTED_EDGE('',*,*,#6463,.T.);
#9301=ORIENTED_EDGE('',*,*,#6131,.T.);
#9302=ORIENTED_EDGE('',*,*,#6259,.F.);
#9303=ORIENTED_EDGE('',*,*,#6129,.F.);
#9304=ORIENTED_EDGE('',*,*,#6462,.T.);
#9305=ORIENTED_EDGE('',*,*,#6516,.T.);
#9306=ORIENTED_EDGE('',*,*,#6260,.F.);
#9307=ORIENTED_EDGE('',*,*,#6516,.F.);
#9308=ORIENTED_EDGE('',*,*,#6461,.T.);
#9309=ORIENTED_EDGE('',*,*,#6127,.T.);
#9310=ORIENTED_EDGE('',*,*,#6261,.F.);
#9311=ORIENTED_EDGE('',*,*,#6125,.F.);
#9312=ORIENTED_EDGE('',*,*,#6460,.T.);
#9313=ORIENTED_EDGE('',*,*,#6517,.T.);
#9314=ORIENTED_EDGE('',*,*,#6262,.F.);
#9315=ORIENTED_EDGE('',*,*,#6517,.F.);
#9316=ORIENTED_EDGE('',*,*,#6459,.T.);
#9317=ORIENTED_EDGE('',*,*,#6123,.T.);
#9318=ORIENTED_EDGE('',*,*,#6263,.F.);
#9319=ORIENTED_EDGE('',*,*,#6121,.F.);
#9320=ORIENTED_EDGE('',*,*,#6458,.T.);
#9321=ORIENTED_EDGE('',*,*,#6518,.T.);
#9322=ORIENTED_EDGE('',*,*,#6264,.F.);
#9323=ORIENTED_EDGE('',*,*,#6518,.F.);
#9324=ORIENTED_EDGE('',*,*,#6457,.T.);
#9325=ORIENTED_EDGE('',*,*,#6119,.T.);
#9326=ORIENTED_EDGE('',*,*,#6265,.F.);
#9327=ORIENTED_EDGE('',*,*,#6117,.F.);
#9328=ORIENTED_EDGE('',*,*,#6456,.T.);
#9329=ORIENTED_EDGE('',*,*,#6519,.T.);
#9330=ORIENTED_EDGE('',*,*,#6266,.F.);
#9331=ORIENTED_EDGE('',*,*,#6519,.F.);
#9332=ORIENTED_EDGE('',*,*,#6455,.T.);
#9333=ORIENTED_EDGE('',*,*,#6115,.T.);
#9334=ORIENTED_EDGE('',*,*,#6267,.F.);
#9335=ORIENTED_EDGE('',*,*,#6113,.F.);
#9336=ORIENTED_EDGE('',*,*,#6454,.T.);
#9337=ORIENTED_EDGE('',*,*,#6520,.T.);
#9338=ORIENTED_EDGE('',*,*,#6268,.F.);
#9339=ORIENTED_EDGE('',*,*,#6520,.F.);
#9340=ORIENTED_EDGE('',*,*,#6453,.T.);
#9341=ORIENTED_EDGE('',*,*,#6111,.T.);
#9342=ORIENTED_EDGE('',*,*,#6269,.F.);
#9343=ORIENTED_EDGE('',*,*,#6109,.F.);
#9344=ORIENTED_EDGE('',*,*,#6452,.T.);
#9345=ORIENTED_EDGE('',*,*,#6521,.T.);
#9346=ORIENTED_EDGE('',*,*,#6270,.F.);
#9347=ORIENTED_EDGE('',*,*,#6521,.F.);
#9348=ORIENTED_EDGE('',*,*,#6451,.T.);
#9349=ORIENTED_EDGE('',*,*,#6107,.T.);
#9350=ORIENTED_EDGE('',*,*,#6271,.F.);
#9351=ORIENTED_EDGE('',*,*,#6105,.F.);
#9352=ORIENTED_EDGE('',*,*,#6450,.T.);
#9353=ORIENTED_EDGE('',*,*,#6522,.T.);
#9354=ORIENTED_EDGE('',*,*,#6272,.F.);
#9355=ORIENTED_EDGE('',*,*,#6522,.F.);
#9356=ORIENTED_EDGE('',*,*,#6449,.T.);
#9357=ORIENTED_EDGE('',*,*,#6103,.T.);
#9358=ORIENTED_EDGE('',*,*,#6273,.F.);
#9359=ORIENTED_EDGE('',*,*,#6101,.F.);
#9360=ORIENTED_EDGE('',*,*,#6448,.T.);
#9361=ORIENTED_EDGE('',*,*,#6523,.T.);
#9362=ORIENTED_EDGE('',*,*,#6274,.F.);
#9363=ORIENTED_EDGE('',*,*,#6523,.F.);
#9364=ORIENTED_EDGE('',*,*,#6447,.T.);
#9365=ORIENTED_EDGE('',*,*,#6099,.T.);
#9366=ORIENTED_EDGE('',*,*,#6275,.F.);
#9367=ORIENTED_EDGE('',*,*,#6097,.F.);
#9368=ORIENTED_EDGE('',*,*,#6446,.T.);
#9369=ORIENTED_EDGE('',*,*,#6524,.T.);
#9370=ORIENTED_EDGE('',*,*,#6276,.F.);
#9371=ORIENTED_EDGE('',*,*,#6524,.F.);
#9372=ORIENTED_EDGE('',*,*,#6445,.T.);
#9373=ORIENTED_EDGE('',*,*,#6095,.T.);
#9374=ORIENTED_EDGE('',*,*,#6277,.F.);
#9375=ORIENTED_EDGE('',*,*,#6093,.F.);
#9376=ORIENTED_EDGE('',*,*,#6444,.T.);
#9377=ORIENTED_EDGE('',*,*,#6525,.T.);
#9378=ORIENTED_EDGE('',*,*,#6278,.F.);
#9379=ORIENTED_EDGE('',*,*,#6525,.F.);
#9380=ORIENTED_EDGE('',*,*,#6443,.T.);
#9381=ORIENTED_EDGE('',*,*,#6091,.T.);
#9382=ORIENTED_EDGE('',*,*,#6279,.F.);
#9383=ORIENTED_EDGE('',*,*,#6089,.F.);
#9384=ORIENTED_EDGE('',*,*,#6442,.T.);
#9385=ORIENTED_EDGE('',*,*,#6526,.T.);
#9386=ORIENTED_EDGE('',*,*,#6280,.F.);
#9387=ORIENTED_EDGE('',*,*,#6526,.F.);
#9388=ORIENTED_EDGE('',*,*,#6441,.T.);
#9389=ORIENTED_EDGE('',*,*,#6087,.T.);
#9390=ORIENTED_EDGE('',*,*,#6281,.F.);
#9391=ORIENTED_EDGE('',*,*,#6085,.F.);
#9392=ORIENTED_EDGE('',*,*,#6440,.T.);
#9393=ORIENTED_EDGE('',*,*,#6527,.T.);
#9394=ORIENTED_EDGE('',*,*,#6282,.F.);
#9395=ORIENTED_EDGE('',*,*,#6527,.F.);
#9396=ORIENTED_EDGE('',*,*,#6439,.T.);
#9397=ORIENTED_EDGE('',*,*,#6083,.T.);
#9398=ORIENTED_EDGE('',*,*,#6283,.F.);
#9399=ORIENTED_EDGE('',*,*,#6081,.F.);
#9400=ORIENTED_EDGE('',*,*,#6438,.T.);
#9401=ORIENTED_EDGE('',*,*,#6528,.T.);
#9402=ORIENTED_EDGE('',*,*,#6284,.F.);
#9403=ORIENTED_EDGE('',*,*,#6528,.F.);
#9404=ORIENTED_EDGE('',*,*,#6437,.T.);
#9405=ORIENTED_EDGE('',*,*,#6079,.T.);
#9406=ORIENTED_EDGE('',*,*,#6285,.F.);
#9407=ORIENTED_EDGE('',*,*,#6077,.F.);
#9408=ORIENTED_EDGE('',*,*,#6436,.T.);
#9409=ORIENTED_EDGE('',*,*,#6529,.T.);
#9410=ORIENTED_EDGE('',*,*,#6286,.F.);
#9411=ORIENTED_EDGE('',*,*,#6529,.F.);
#9412=ORIENTED_EDGE('',*,*,#6435,.T.);
#9413=ORIENTED_EDGE('',*,*,#6075,.T.);
#9414=ORIENTED_EDGE('',*,*,#6287,.F.);
#9415=ORIENTED_EDGE('',*,*,#6073,.F.);
#9416=ORIENTED_EDGE('',*,*,#6434,.T.);
#9417=ORIENTED_EDGE('',*,*,#6530,.T.);
#9418=ORIENTED_EDGE('',*,*,#6288,.F.);
#9419=ORIENTED_EDGE('',*,*,#6530,.F.);
#9420=ORIENTED_EDGE('',*,*,#6433,.T.);
#9421=ORIENTED_EDGE('',*,*,#6071,.T.);
#9422=ORIENTED_EDGE('',*,*,#6289,.F.);
#9423=ORIENTED_EDGE('',*,*,#6069,.F.);
#9424=ORIENTED_EDGE('',*,*,#6432,.T.);
#9425=ORIENTED_EDGE('',*,*,#6531,.T.);
#9426=ORIENTED_EDGE('',*,*,#6290,.F.);
#9427=ORIENTED_EDGE('',*,*,#6531,.F.);
#9428=ORIENTED_EDGE('',*,*,#6431,.T.);
#9429=ORIENTED_EDGE('',*,*,#6067,.T.);
#9430=ORIENTED_EDGE('',*,*,#6291,.F.);
#9431=ORIENTED_EDGE('',*,*,#6065,.F.);
#9432=ORIENTED_EDGE('',*,*,#6430,.T.);
#9433=ORIENTED_EDGE('',*,*,#6532,.T.);
#9434=ORIENTED_EDGE('',*,*,#6292,.F.);
#9435=ORIENTED_EDGE('',*,*,#6532,.F.);
#9436=ORIENTED_EDGE('',*,*,#6429,.T.);
#9437=ORIENTED_EDGE('',*,*,#6063,.T.);
#9438=ORIENTED_EDGE('',*,*,#6293,.F.);
#9439=ORIENTED_EDGE('',*,*,#6061,.F.);
#9440=ORIENTED_EDGE('',*,*,#6428,.T.);
#9441=ORIENTED_EDGE('',*,*,#6533,.T.);
#9442=ORIENTED_EDGE('',*,*,#6294,.F.);
#9443=ORIENTED_EDGE('',*,*,#6533,.F.);
#9444=ORIENTED_EDGE('',*,*,#6427,.T.);
#9445=ORIENTED_EDGE('',*,*,#6059,.T.);
#9446=ORIENTED_EDGE('',*,*,#6295,.F.);
#9447=ORIENTED_EDGE('',*,*,#6057,.F.);
#9448=ORIENTED_EDGE('',*,*,#6426,.T.);
#9449=ORIENTED_EDGE('',*,*,#6534,.T.);
#9450=ORIENTED_EDGE('',*,*,#6296,.F.);
#9451=ORIENTED_EDGE('',*,*,#6534,.F.);
#9452=ORIENTED_EDGE('',*,*,#6425,.T.);
#9453=ORIENTED_EDGE('',*,*,#6055,.T.);
#9454=ORIENTED_EDGE('',*,*,#6297,.F.);
#9455=ORIENTED_EDGE('',*,*,#6053,.F.);
#9456=ORIENTED_EDGE('',*,*,#6424,.T.);
#9457=ORIENTED_EDGE('',*,*,#6535,.T.);
#9458=ORIENTED_EDGE('',*,*,#6298,.F.);
#9459=ORIENTED_EDGE('',*,*,#6535,.F.);
#9460=ORIENTED_EDGE('',*,*,#6423,.T.);
#9461=ORIENTED_EDGE('',*,*,#6051,.T.);
#9462=ORIENTED_EDGE('',*,*,#6299,.F.);
#9463=ORIENTED_EDGE('',*,*,#6049,.F.);
#9464=ORIENTED_EDGE('',*,*,#6422,.T.);
#9465=ORIENTED_EDGE('',*,*,#6536,.T.);
#9466=ORIENTED_EDGE('',*,*,#6300,.F.);
#9467=ORIENTED_EDGE('',*,*,#6536,.F.);
#9468=ORIENTED_EDGE('',*,*,#6421,.T.);
#9469=ORIENTED_EDGE('',*,*,#6047,.T.);
#9470=ORIENTED_EDGE('',*,*,#6301,.F.);
#9471=ORIENTED_EDGE('',*,*,#6045,.F.);
#9472=ORIENTED_EDGE('',*,*,#6420,.T.);
#9473=ORIENTED_EDGE('',*,*,#6537,.T.);
#9474=ORIENTED_EDGE('',*,*,#6302,.F.);
#9475=ORIENTED_EDGE('',*,*,#6537,.F.);
#9476=ORIENTED_EDGE('',*,*,#6419,.T.);
#9477=ORIENTED_EDGE('',*,*,#6043,.T.);
#9478=ORIENTED_EDGE('',*,*,#6303,.F.);
#9479=ORIENTED_EDGE('',*,*,#6041,.F.);
#9480=ORIENTED_EDGE('',*,*,#6418,.T.);
#9481=ORIENTED_EDGE('',*,*,#6538,.T.);
#9482=ORIENTED_EDGE('',*,*,#6304,.F.);
#9483=ORIENTED_EDGE('',*,*,#6538,.F.);
#9484=ORIENTED_EDGE('',*,*,#6417,.T.);
#9485=ORIENTED_EDGE('',*,*,#6039,.T.);
#9486=ORIENTED_EDGE('',*,*,#6305,.F.);
#9487=ORIENTED_EDGE('',*,*,#6037,.F.);
#9488=ORIENTED_EDGE('',*,*,#6416,.T.);
#9489=ORIENTED_EDGE('',*,*,#6539,.T.);
#9490=ORIENTED_EDGE('',*,*,#6306,.F.);
#9491=ORIENTED_EDGE('',*,*,#6539,.F.);
#9492=ORIENTED_EDGE('',*,*,#6415,.T.);
#9493=ORIENTED_EDGE('',*,*,#6035,.T.);
#9494=ORIENTED_EDGE('',*,*,#6307,.F.);
#9495=ORIENTED_EDGE('',*,*,#6033,.F.);
#9496=ORIENTED_EDGE('',*,*,#6414,.T.);
#9497=ORIENTED_EDGE('',*,*,#6540,.T.);
#9498=ORIENTED_EDGE('',*,*,#6308,.F.);
#9499=ORIENTED_EDGE('',*,*,#6540,.F.);
#9500=ORIENTED_EDGE('',*,*,#6413,.T.);
#9501=ORIENTED_EDGE('',*,*,#6031,.T.);
#9502=ORIENTED_EDGE('',*,*,#6309,.F.);
#9503=ORIENTED_EDGE('',*,*,#6029,.F.);
#9504=ORIENTED_EDGE('',*,*,#6412,.T.);
#9505=ORIENTED_EDGE('',*,*,#6541,.T.);
#9506=ORIENTED_EDGE('',*,*,#6310,.F.);
#9507=ORIENTED_EDGE('',*,*,#6541,.F.);
#9508=ORIENTED_EDGE('',*,*,#6411,.T.);
#9509=ORIENTED_EDGE('',*,*,#6027,.T.);
#9510=ORIENTED_EDGE('',*,*,#6311,.F.);
#9511=ORIENTED_EDGE('',*,*,#6025,.F.);
#9512=ORIENTED_EDGE('',*,*,#6410,.T.);
#9513=ORIENTED_EDGE('',*,*,#6542,.T.);
#9514=ORIENTED_EDGE('',*,*,#6312,.F.);
#9515=ORIENTED_EDGE('',*,*,#6542,.F.);
#9516=ORIENTED_EDGE('',*,*,#6409,.T.);
#9517=ORIENTED_EDGE('',*,*,#6023,.T.);
#9518=ORIENTED_EDGE('',*,*,#6313,.F.);
#9519=ORIENTED_EDGE('',*,*,#6021,.F.);
#9520=ORIENTED_EDGE('',*,*,#6408,.T.);
#9521=ORIENTED_EDGE('',*,*,#6543,.T.);
#9522=ORIENTED_EDGE('',*,*,#6314,.F.);
#9523=ORIENTED_EDGE('',*,*,#6543,.F.);
#9524=ORIENTED_EDGE('',*,*,#6407,.T.);
#9525=ORIENTED_EDGE('',*,*,#6019,.T.);
#9526=ORIENTED_EDGE('',*,*,#6315,.F.);
#9527=ORIENTED_EDGE('',*,*,#6017,.F.);
#9528=ORIENTED_EDGE('',*,*,#6406,.T.);
#9529=ORIENTED_EDGE('',*,*,#6544,.T.);
#9530=ORIENTED_EDGE('',*,*,#6316,.F.);
#9531=ORIENTED_EDGE('',*,*,#6544,.F.);
#9532=ORIENTED_EDGE('',*,*,#6405,.T.);
#9533=ORIENTED_EDGE('',*,*,#6015,.T.);
#9534=ORIENTED_EDGE('',*,*,#6317,.F.);
#9535=ORIENTED_EDGE('',*,*,#6013,.F.);
#9536=ORIENTED_EDGE('',*,*,#6404,.T.);
#9537=ORIENTED_EDGE('',*,*,#6545,.T.);
#9538=ORIENTED_EDGE('',*,*,#6318,.F.);
#9539=ORIENTED_EDGE('',*,*,#6545,.F.);
#9540=ORIENTED_EDGE('',*,*,#6403,.T.);
#9541=ORIENTED_EDGE('',*,*,#6011,.T.);
#9542=ORIENTED_EDGE('',*,*,#6319,.F.);
#9543=ORIENTED_EDGE('',*,*,#6009,.F.);
#9544=ORIENTED_EDGE('',*,*,#6402,.T.);
#9545=ORIENTED_EDGE('',*,*,#6546,.T.);
#9546=ORIENTED_EDGE('',*,*,#6320,.F.);
#9547=ORIENTED_EDGE('',*,*,#6546,.F.);
#9548=ORIENTED_EDGE('',*,*,#6401,.T.);
#9549=ORIENTED_EDGE('',*,*,#6007,.T.);
#9550=ORIENTED_EDGE('',*,*,#6321,.F.);
#9551=ORIENTED_EDGE('',*,*,#6005,.F.);
#9552=ORIENTED_EDGE('',*,*,#6400,.T.);
#9553=ORIENTED_EDGE('',*,*,#6547,.T.);
#9554=ORIENTED_EDGE('',*,*,#6322,.F.);
#9555=ORIENTED_EDGE('',*,*,#6547,.F.);
#9556=ORIENTED_EDGE('',*,*,#6399,.T.);
#9557=ORIENTED_EDGE('',*,*,#6003,.T.);
#9558=ORIENTED_EDGE('',*,*,#6323,.F.);
#9559=ORIENTED_EDGE('',*,*,#6001,.F.);
#9560=ORIENTED_EDGE('',*,*,#6398,.T.);
#9561=ORIENTED_EDGE('',*,*,#6548,.T.);
#9562=ORIENTED_EDGE('',*,*,#6324,.F.);
#9563=ORIENTED_EDGE('',*,*,#6548,.F.);
#9564=ORIENTED_EDGE('',*,*,#6397,.T.);
#9565=ORIENTED_EDGE('',*,*,#5999,.T.);
#9566=ORIENTED_EDGE('',*,*,#6325,.F.);
#9567=ORIENTED_EDGE('',*,*,#5997,.F.);
#9568=ORIENTED_EDGE('',*,*,#6396,.T.);
#9569=ORIENTED_EDGE('',*,*,#6549,.T.);
#9570=ORIENTED_EDGE('',*,*,#6326,.F.);
#9571=ORIENTED_EDGE('',*,*,#6549,.F.);
#9572=ORIENTED_EDGE('',*,*,#6395,.T.);
#9573=ORIENTED_EDGE('',*,*,#5995,.T.);
#9574=ORIENTED_EDGE('',*,*,#6327,.F.);
#9575=ORIENTED_EDGE('',*,*,#5993,.F.);
#9576=ORIENTED_EDGE('',*,*,#6394,.T.);
#9577=ORIENTED_EDGE('',*,*,#6550,.T.);
#9578=ORIENTED_EDGE('',*,*,#6328,.F.);
#9579=ORIENTED_EDGE('',*,*,#6550,.F.);
#9580=ORIENTED_EDGE('',*,*,#6393,.T.);
#9581=ORIENTED_EDGE('',*,*,#5991,.T.);
#9582=ORIENTED_EDGE('',*,*,#6329,.F.);
#9583=ORIENTED_EDGE('',*,*,#5989,.F.);
#9584=ORIENTED_EDGE('',*,*,#6392,.T.);
#9585=ORIENTED_EDGE('',*,*,#6551,.T.);
#9586=ORIENTED_EDGE('',*,*,#6330,.F.);
#9587=ORIENTED_EDGE('',*,*,#6551,.F.);
#9588=ORIENTED_EDGE('',*,*,#6391,.T.);
#9589=ORIENTED_EDGE('',*,*,#5987,.T.);
#9590=ORIENTED_EDGE('',*,*,#6331,.F.);
#9591=ORIENTED_EDGE('',*,*,#5985,.F.);
#9592=ORIENTED_EDGE('',*,*,#6390,.T.);
#9593=ORIENTED_EDGE('',*,*,#6552,.T.);
#9594=ORIENTED_EDGE('',*,*,#6332,.F.);
#9595=ORIENTED_EDGE('',*,*,#6552,.F.);
#9596=ORIENTED_EDGE('',*,*,#6389,.T.);
#9597=ORIENTED_EDGE('',*,*,#5983,.T.);
#9598=ORIENTED_EDGE('',*,*,#6333,.F.);
#9599=ORIENTED_EDGE('',*,*,#5981,.F.);
#9600=ORIENTED_EDGE('',*,*,#6388,.T.);
#9601=ORIENTED_EDGE('',*,*,#6553,.T.);
#9602=ORIENTED_EDGE('',*,*,#6334,.F.);
#9603=ORIENTED_EDGE('',*,*,#6553,.F.);
#9604=ORIENTED_EDGE('',*,*,#6387,.T.);
#9605=ORIENTED_EDGE('',*,*,#5979,.T.);
#9606=ORIENTED_EDGE('',*,*,#6335,.F.);
#9607=ORIENTED_EDGE('',*,*,#5977,.F.);
#9608=ORIENTED_EDGE('',*,*,#6386,.T.);
#9609=ORIENTED_EDGE('',*,*,#6554,.T.);
#9610=ORIENTED_EDGE('',*,*,#6336,.F.);
#9611=ORIENTED_EDGE('',*,*,#6554,.F.);
#9612=ORIENTED_EDGE('',*,*,#6385,.T.);
#9613=ORIENTED_EDGE('',*,*,#5975,.T.);
#9614=ORIENTED_EDGE('',*,*,#6337,.F.);
#9615=ORIENTED_EDGE('',*,*,#5973,.F.);
#9616=ORIENTED_EDGE('',*,*,#6384,.T.);
#9617=ORIENTED_EDGE('',*,*,#6555,.T.);
#9618=ORIENTED_EDGE('',*,*,#6338,.F.);
#9619=ORIENTED_EDGE('',*,*,#6555,.F.);
#9620=ORIENTED_EDGE('',*,*,#6383,.T.);
#9621=ORIENTED_EDGE('',*,*,#5971,.T.);
#9622=ORIENTED_EDGE('',*,*,#6339,.F.);
#9623=ORIENTED_EDGE('',*,*,#5969,.F.);
#9624=ORIENTED_EDGE('',*,*,#6382,.T.);
#9625=ORIENTED_EDGE('',*,*,#6556,.T.);
#9626=ORIENTED_EDGE('',*,*,#6340,.F.);
#9627=ORIENTED_EDGE('',*,*,#6556,.F.);
#9628=ORIENTED_EDGE('',*,*,#6381,.T.);
#9629=ORIENTED_EDGE('',*,*,#5967,.T.);
#9630=ORIENTED_EDGE('',*,*,#6341,.F.);
#9631=ORIENTED_EDGE('',*,*,#5965,.F.);
#9632=ORIENTED_EDGE('',*,*,#6380,.T.);
#9633=ORIENTED_EDGE('',*,*,#6557,.T.);
#9634=ORIENTED_EDGE('',*,*,#6342,.F.);
#9635=ORIENTED_EDGE('',*,*,#6557,.F.);
#9636=ORIENTED_EDGE('',*,*,#6379,.T.);
#9637=ORIENTED_EDGE('',*,*,#5963,.T.);
#9638=ORIENTED_EDGE('',*,*,#6343,.F.);
#9639=ORIENTED_EDGE('',*,*,#5961,.F.);
#9640=ORIENTED_EDGE('',*,*,#6378,.T.);
#9641=ORIENTED_EDGE('',*,*,#6558,.T.);
#9642=ORIENTED_EDGE('',*,*,#6344,.F.);
#9643=ORIENTED_EDGE('',*,*,#6558,.F.);
#9644=ORIENTED_EDGE('',*,*,#6377,.T.);
#9645=ORIENTED_EDGE('',*,*,#5959,.T.);
#9646=ORIENTED_EDGE('',*,*,#6345,.F.);
#9647=ORIENTED_EDGE('',*,*,#5957,.F.);
#9648=ORIENTED_EDGE('',*,*,#6376,.T.);
#9649=ORIENTED_EDGE('',*,*,#6559,.T.);
#9650=ORIENTED_EDGE('',*,*,#6346,.F.);
#9651=ORIENTED_EDGE('',*,*,#6559,.F.);
#9652=ORIENTED_EDGE('',*,*,#6375,.T.);
#9653=ORIENTED_EDGE('',*,*,#5955,.T.);
#9654=ORIENTED_EDGE('',*,*,#6347,.F.);
#9655=ORIENTED_EDGE('',*,*,#5953,.F.);
#9656=ORIENTED_EDGE('',*,*,#6374,.T.);
#9657=ORIENTED_EDGE('',*,*,#6560,.T.);
#9658=ORIENTED_EDGE('',*,*,#6348,.F.);
#9659=ORIENTED_EDGE('',*,*,#6560,.F.);
#9660=ORIENTED_EDGE('',*,*,#6373,.T.);
#9661=ORIENTED_EDGE('',*,*,#6495,.T.);
#9662=ORIENTED_EDGE('',*,*,#6349,.F.);
#9663=PLANE('',#10446);
#9664=PLANE('',#10449);
#9665=PLANE('',#10452);
#9666=PLANE('',#10454);
#9667=PLANE('',#10465);
#9668=PLANE('',#10472);
#9669=PLANE('',#10479);
#9670=PLANE('',#10485);
#9671=PLANE('',#10490);
#9672=PLANE('',#10502);
#9673=PLANE('',#10506);
#9674=PLANE('',#10510);
#9675=PLANE('',#10516);
#9676=PLANE('',#10517);
#9677=PLANE('',#10518);
#9678=PLANE('',#10520);
#9679=PLANE('',#10521);
#9680=PLANE('',#10523);
#9681=PLANE('',#10527);
#9682=PLANE('',#10531);
#9683=PLANE('',#10534);
#9684=PLANE('',#10540);
#9685=PLANE('',#10541);
#9686=PLANE('',#10542);
#9687=PLANE('',#10544);
#9688=PLANE('',#10545);
#9689=PLANE('',#10547);
#9690=PLANE('',#10550);
#9691=PLANE('',#10551);
#9692=PLANE('',#10561);
#9693=PLANE('',#10568);
#9694=PLANE('',#10573);
#9695=PLANE('',#10700);
#9696=PLANE('',#10703);
#9697=PLANE('',#10705);
#9698=PLANE('',#10715);
#9699=PLANE('',#10719);
#9700=PLANE('',#10724);
#9701=PLANE('',#10728);
#9702=PLANE('',#10732);
#9703=PLANE('',#10736);
#9704=PLANE('',#10740);
#9705=PLANE('',#10749);
#9706=PLANE('',#10751);
#9707=PLANE('',#10758);
#9708=PLANE('',#10930);
#9709=PLANE('',#10931);
#9710=PLANE('',#10937);
#9711=PLANE('',#10939);
#9712=PLANE('',#10942);
#9713=PLANE('',#10944);
#9714=PLANE('',#10947);
#9715=PLANE('',#10955);
#9716=PLANE('',#10957);
#9717=PLANE('',#10958);
#9718=PLANE('',#10960);
#9719=PLANE('',#10961);
#9720=PLANE('',#10962);
#9721=PLANE('',#10964);
#9722=PLANE('',#10967);
#9723=PLANE('',#10968);
#9724=PLANE('',#10978);
#9725=PLANE('',#10982);
#9726=PLANE('',#10987);
#9727=PLANE('',#11008);
#9728=PLANE('',#11009);
#9729=PLANE('',#11021);
#9730=PLANE('',#11023);
#9731=PLANE('',#11026);
#9732=PLANE('',#11028);
#9733=PLANE('',#11030);
#9734=PLANE('',#11032);
#9735=PLANE('',#11033);
#9736=PLANE('',#11034);
#9737=PLANE('',#11035);
#9738=PLANE('',#11036);
#9739=PLANE('',#11040);
#9740=PLANE('',#11046);
#9741=PLANE('',#11048);
#9742=PLANE('',#11050);
#9743=PLANE('',#11051);
#9744=PLANE('',#11052);
#9745=PLANE('',#11053);
#9746=PLANE('',#11054);
#9747=PLANE('',#11056);
#9748=PLANE('',#11058);
#9749=PLANE('',#11059);
#9750=PLANE('',#11060);
#9751=PLANE('',#11063);
#9752=PLANE('',#11064);
#9753=PLANE('',#11065);
#9754=PLANE('',#11066);
#9755=PLANE('',#11069);
#9756=PLANE('',#11097);
#9757=PLANE('',#11186);
#9758=PLANE('',#11271);
#9759=PLANE('',#11451);
#9760=PLANE('',#11466);
#9761=PLANE('',#11469);
#9762=PLANE('',#11470);
#9763=PLANE('',#11485);
#9764=PLANE('',#11493);
#9765=PLANE('',#11496);
#9766=PLANE('',#11497);
#9767=PLANE('',#11510);
#9768=PLANE('',#11514);
#9769=PLANE('',#11519);
#9770=PLANE('',#11520);
#9771=PLANE('',#11521);
#9772=PLANE('',#11522);
#9773=PLANE('',#11523);
#9774=PLANE('',#11524);
#9775=PLANE('',#11525);
#9776=PLANE('',#11526);
#9777=PLANE('',#11527);
#9778=PLANE('',#11528);
#9779=PLANE('',#11529);
#9780=PLANE('',#11530);
#9781=PLANE('',#11531);
#9782=PLANE('',#11532);
#9783=PLANE('',#11533);
#9784=PLANE('',#11534);
#9785=PLANE('',#11535);
#9786=PLANE('',#11536);
#9787=PLANE('',#11537);
#9788=PLANE('',#11538);
#9789=PLANE('',#11539);
#9790=PLANE('',#11540);
#9791=PLANE('',#11541);
#9792=PLANE('',#11542);
#9793=PLANE('',#11543);
#9794=PLANE('',#11544);
#9795=PLANE('',#11545);
#9796=PLANE('',#11546);
#9797=PLANE('',#11547);
#9798=PLANE('',#11548);
#9799=PLANE('',#11549);
#9800=PLANE('',#11550);
#9801=PLANE('',#11551);
#9802=PLANE('',#11552);
#9803=PLANE('',#11553);
#9804=PLANE('',#11554);
#9805=PLANE('',#11555);
#9806=PLANE('',#11556);
#9807=PLANE('',#11557);
#9808=PLANE('',#11558);
#9809=PLANE('',#11559);
#9810=PLANE('',#11560);
#9811=PLANE('',#11561);
#9812=PLANE('',#11562);
#9813=PLANE('',#11563);
#9814=PLANE('',#11564);
#9815=PLANE('',#11565);
#9816=PLANE('',#11566);
#9817=PLANE('',#11567);
#9818=PLANE('',#11568);
#9819=PLANE('',#11569);
#9820=PLANE('',#11570);
#9821=PLANE('',#11571);
#9822=PLANE('',#11572);
#9823=PLANE('',#11573);
#9824=PLANE('',#11574);
#9825=PLANE('',#11575);
#9826=PLANE('',#11576);
#9827=PLANE('',#11577);
#9828=PLANE('',#11578);
#9829=PLANE('',#11579);
#9830=PLANE('',#11580);
#9831=PLANE('',#11581);
#9832=PLANE('',#11582);
#9833=PLANE('',#11583);
#9834=PLANE('',#11584);
#9835=PLANE('',#11585);
#9836=PLANE('',#11586);
#9837=PLANE('',#11587);
#9838=PLANE('',#11588);
#9839=PLANE('',#11589);
#9840=PLANE('',#11590);
#9841=PLANE('',#11591);
#9842=PLANE('',#11592);
#9843=PLANE('',#11593);
#9844=PLANE('',#11594);
#9845=PLANE('',#11595);
#9846=PLANE('',#11596);
#9847=PLANE('',#11597);
#9848=PLANE('',#11598);
#9849=PLANE('',#11599);
#9850=PLANE('',#11600);
#9851=PLANE('',#11601);
#9852=PLANE('',#11602);
#9853=PLANE('',#11603);
#9854=PLANE('',#11604);
#9855=PLANE('',#11605);
#9856=PLANE('',#11606);
#9857=PLANE('',#11607);
#9858=PLANE('',#11608);
#9859=PLANE('',#11609);
#9860=PLANE('',#11610);
#9861=PLANE('',#11611);
#9862=PLANE('',#11612);
#9863=PLANE('',#11613);
#9864=PLANE('',#11614);
#9865=PLANE('',#11615);
#9866=PLANE('',#11616);
#9867=PLANE('',#11617);
#9868=PLANE('',#11618);
#9869=PLANE('',#11619);
#9870=PLANE('',#11620);
#9871=PLANE('',#11621);
#9872=PLANE('',#11622);
#9873=PLANE('',#11623);
#9874=PLANE('',#11624);
#9875=PLANE('',#11625);
#9876=PLANE('',#11626);
#9877=PLANE('',#11627);
#9878=PLANE('',#11628);
#9879=PLANE('',#11629);
#9880=PLANE('',#11630);
#9881=PLANE('',#11631);
#9882=PLANE('',#11632);
#9883=PLANE('',#11633);
#9884=PLANE('',#11634);
#9885=PLANE('',#11635);
#9886=PLANE('',#11636);
#9887=PLANE('',#11637);
#9888=PLANE('',#11638);
#9889=ADVANCED_FACE('',(#2191,#2126),#9663,.T.);
#9890=ADVANCED_FACE('',(#2192,#2127),#9664,.T.);
#9891=ADVANCED_FACE('',(#2193),#9665,.T.);
#9892=ADVANCED_FACE('',(#2194,#2128,#2129),#9666,.F.);
#9893=ADVANCED_FACE('',(#2195),#30,.F.);
#9894=ADVANCED_FACE('',(#2196),#9667,.F.);
#9895=ADVANCED_FACE('',(#2197),#31,.F.);
#9896=ADVANCED_FACE('',(#2198),#32,.T.);
#9897=ADVANCED_FACE('',(#2199),#33,.F.);
#9898=ADVANCED_FACE('',(#2200),#9668,.F.);
#9899=ADVANCED_FACE('',(#2201),#34,.F.);
#9900=ADVANCED_FACE('',(#2202),#35,.T.);
#9901=ADVANCED_FACE('',(#2203),#36,.F.);
#9902=ADVANCED_FACE('',(#2204),#37,.F.);
#9903=ADVANCED_FACE('',(#2205,#2130),#9669,.F.);
#9904=ADVANCED_FACE('',(#2206,#2131),#9670,.F.);
#9905=ADVANCED_FACE('',(#2207,#2132),#9671,.T.);
#9906=ADVANCED_FACE('',(#2208),#38,.T.);
#9907=ADVANCED_FACE('',(#2209),#9672,.T.);
#9908=ADVANCED_FACE('',(#2210),#39,.T.);
#9909=ADVANCED_FACE('',(#2211),#9673,.F.);
#9910=ADVANCED_FACE('',(#2212),#40,.F.);
#9911=ADVANCED_FACE('',(#2213),#9674,.F.);
#9912=ADVANCED_FACE('',(#2214),#9675,.T.);
#9913=ADVANCED_FACE('',(#2215),#24,.T.);
#9914=ADVANCED_FACE('',(#2216),#9676,.T.);
#9915=ADVANCED_FACE('',(#2217),#9677,.T.);
#9916=ADVANCED_FACE('',(#2218),#41,.T.);
#9917=ADVANCED_FACE('',(#2219),#9678,.T.);
#9918=ADVANCED_FACE('',(#2220,#2133),#9679,.F.);
#9919=ADVANCED_FACE('',(#2221),#9680,.T.);
#9920=ADVANCED_FACE('',(#2222),#42,.T.);
#9921=ADVANCED_FACE('',(#2223),#9681,.T.);
#9922=ADVANCED_FACE('',(#2224),#43,.T.);
#9923=ADVANCED_FACE('',(#2225),#9682,.F.);
#9924=ADVANCED_FACE('',(#2226),#44,.F.);
#9925=ADVANCED_FACE('',(#2227),#9683,.T.);
#9926=ADVANCED_FACE('',(#2228),#9684,.T.);
#9927=ADVANCED_FACE('',(#2229),#25,.T.);
#9928=ADVANCED_FACE('',(#2230),#9685,.T.);
#9929=ADVANCED_FACE('',(#2231),#9686,.T.);
#9930=ADVANCED_FACE('',(#2232),#45,.T.);
#9931=ADVANCED_FACE('',(#2233),#9687,.T.);
#9932=ADVANCED_FACE('',(#2234,#2134),#9688,.F.);
#9933=ADVANCED_FACE('',(#2235,#2135),#9689,.F.);
#9934=ADVANCED_FACE('',(#2236),#9690,.F.);
#9935=ADVANCED_FACE('',(#2237,#2136,#2137),#9691,.T.);
#9936=ADVANCED_FACE('',(#2238),#46,.F.);
#9937=ADVANCED_FACE('',(#2239),#9692,.F.);
#9938=ADVANCED_FACE('',(#2240),#47,.F.);
#9939=ADVANCED_FACE('',(#2241),#48,.T.);
#9940=ADVANCED_FACE('',(#2242),#49,.F.);
#9941=ADVANCED_FACE('',(#2243),#9693,.F.);
#9942=ADVANCED_FACE('',(#2244),#50,.F.);
#9943=ADVANCED_FACE('',(#2245),#51,.T.);
#9944=ADVANCED_FACE('',(#2246),#52,.F.);
#9945=ADVANCED_FACE('',(#2247),#53,.F.);
#9946=ADVANCED_FACE('',(#2248),#9694,.T.);
#9947=ADVANCED_FACE('',(#2249,#2138),#9695,.T.);
#9948=ADVANCED_FACE('',(#2250,#2139),#9696,.T.);
#9949=ADVANCED_FACE('',(#2251,#2140,#2141),#9697,.F.);
#9950=ADVANCED_FACE('',(#2252),#54,.F.);
#9951=ADVANCED_FACE('',(#2253),#9698,.F.);
#9952=ADVANCED_FACE('',(#2254),#55,.F.);
#9953=ADVANCED_FACE('',(#2255),#56,.T.);
#9954=ADVANCED_FACE('',(#2256),#57,.F.);
#9955=ADVANCED_FACE('',(#2257),#9699,.F.);
#9956=ADVANCED_FACE('',(#2258),#58,.F.);
#9957=ADVANCED_FACE('',(#2259),#59,.T.);
#9958=ADVANCED_FACE('',(#2260),#60,.F.);
#9959=ADVANCED_FACE('',(#2261),#61,.F.);
#9960=ADVANCED_FACE('',(#2262),#9700,.F.);
#9961=ADVANCED_FACE('',(#2263),#9701,.F.);
#9962=ADVANCED_FACE('',(#2264),#9702,.F.);
#9963=ADVANCED_FACE('',(#2265),#9703,.F.);
#9964=ADVANCED_FACE('',(#2266),#9704,.F.);
#9965=ADVANCED_FACE('',(#2267),#9705,.F.);
#9966=ADVANCED_FACE('',(#2268),#9706,.F.);
#9967=ADVANCED_FACE('',(#2269),#62,.T.);
#9968=ADVANCED_FACE('',(#2270),#63,.T.);
#9969=ADVANCED_FACE('',(#2271,#2142,#2143),#9707,.T.);
#9970=ADVANCED_FACE('',(#2272),#64,.T.);
#9971=ADVANCED_FACE('',(#2273),#65,.T.);
#9972=ADVANCED_FACE('',(#2274),#66,.T.);
#9973=ADVANCED_FACE('',(#2275),#67,.T.);
#9974=ADVANCED_FACE('',(#2276),#68,.T.);
#9975=ADVANCED_FACE('',(#2277),#69,.T.);
#9976=ADVANCED_FACE('',(#2278),#70,.T.);
#9977=ADVANCED_FACE('',(#2279),#71,.T.);
#9978=ADVANCED_FACE('',(#2280),#72,.T.);
#9979=ADVANCED_FACE('',(#2281),#73,.T.);
#9980=ADVANCED_FACE('',(#2282),#74,.T.);
#9981=ADVANCED_FACE('',(#2283),#75,.T.);
#9982=ADVANCED_FACE('',(#2284),#76,.T.);
#9983=ADVANCED_FACE('',(#2285),#77,.T.);
#9984=ADVANCED_FACE('',(#2286),#78,.T.);
#9985=ADVANCED_FACE('',(#2287),#79,.T.);
#9986=ADVANCED_FACE('',(#2288),#80,.T.);
#9987=ADVANCED_FACE('',(#2289),#81,.T.);
#9988=ADVANCED_FACE('',(#2290),#82,.T.);
#9989=ADVANCED_FACE('',(#2291),#83,.T.);
#9990=ADVANCED_FACE('',(#2292),#84,.T.);
#9991=ADVANCED_FACE('',(#2293),#85,.T.);
#9992=ADVANCED_FACE('',(#2294),#86,.T.);
#9993=ADVANCED_FACE('',(#2295),#87,.T.);
#9994=ADVANCED_FACE('',(#2296),#88,.T.);
#9995=ADVANCED_FACE('',(#2297),#89,.T.);
#9996=ADVANCED_FACE('',(#2298),#90,.T.);
#9997=ADVANCED_FACE('',(#2299),#91,.T.);
#9998=ADVANCED_FACE('',(#2300),#92,.T.);
#9999=ADVANCED_FACE('',(#2301),#93,.T.);
#10000=ADVANCED_FACE('',(#2302),#94,.T.);
#10001=ADVANCED_FACE('',(#2303),#95,.T.);
#10002=ADVANCED_FACE('',(#2304),#96,.T.);
#10003=ADVANCED_FACE('',(#2305),#97,.T.);
#10004=ADVANCED_FACE('',(#2306),#98,.T.);
#10005=ADVANCED_FACE('',(#2307),#99,.T.);
#10006=ADVANCED_FACE('',(#2308),#100,.T.);
#10007=ADVANCED_FACE('',(#2309),#101,.T.);
#10008=ADVANCED_FACE('',(#2310),#102,.T.);
#10009=ADVANCED_FACE('',(#2311),#103,.T.);
#10010=ADVANCED_FACE('',(#2312),#104,.T.);
#10011=ADVANCED_FACE('',(#2313),#105,.T.);
#10012=ADVANCED_FACE('',(#2314),#106,.T.);
#10013=ADVANCED_FACE('',(#2315),#107,.T.);
#10014=ADVANCED_FACE('',(#2316),#108,.T.);
#10015=ADVANCED_FACE('',(#2317),#109,.T.);
#10016=ADVANCED_FACE('',(#2318),#110,.T.);
#10017=ADVANCED_FACE('',(#2319),#111,.T.);
#10018=ADVANCED_FACE('',(#2320),#112,.T.);
#10019=ADVANCED_FACE('',(#2321),#113,.T.);
#10020=ADVANCED_FACE('',(#2322),#114,.T.);
#10021=ADVANCED_FACE('',(#2323),#115,.T.);
#10022=ADVANCED_FACE('',(#2324),#116,.T.);
#10023=ADVANCED_FACE('',(#2325),#117,.T.);
#10024=ADVANCED_FACE('',(#2326),#118,.T.);
#10025=ADVANCED_FACE('',(#2327),#119,.T.);
#10026=ADVANCED_FACE('',(#2328),#120,.T.);
#10027=ADVANCED_FACE('',(#2329),#121,.T.);
#10028=ADVANCED_FACE('',(#2330),#122,.T.);
#10029=ADVANCED_FACE('',(#2331),#123,.T.);
#10030=ADVANCED_FACE('',(#2332),#124,.T.);
#10031=ADVANCED_FACE('',(#2333),#125,.T.);
#10032=ADVANCED_FACE('',(#2334),#126,.T.);
#10033=ADVANCED_FACE('',(#2335),#127,.T.);
#10034=ADVANCED_FACE('',(#2336),#128,.T.);
#10035=ADVANCED_FACE('',(#2337),#129,.T.);
#10036=ADVANCED_FACE('',(#2338),#130,.T.);
#10037=ADVANCED_FACE('',(#2339),#131,.T.);
#10038=ADVANCED_FACE('',(#2340),#132,.T.);
#10039=ADVANCED_FACE('',(#2341),#133,.T.);
#10040=ADVANCED_FACE('',(#2342),#134,.T.);
#10041=ADVANCED_FACE('',(#2343),#135,.T.);
#10042=ADVANCED_FACE('',(#2344),#136,.T.);
#10043=ADVANCED_FACE('',(#2345),#9708,.T.);
#10044=ADVANCED_FACE('',(#2346),#9709,.F.);
#10045=ADVANCED_FACE('',(#2347),#137,.T.);
#10046=ADVANCED_FACE('',(#2348),#138,.F.);
#10047=ADVANCED_FACE('',(#2349),#139,.T.);
#10048=ADVANCED_FACE('',(#2350),#140,.T.);
#10049=ADVANCED_FACE('',(#2351),#141,.T.);
#10050=ADVANCED_FACE('',(#2352),#9710,.F.);
#10051=ADVANCED_FACE('',(#2353),#142,.T.);
#10052=ADVANCED_FACE('',(#2354),#9711,.T.);
#10053=ADVANCED_FACE('',(#2355),#143,.F.);
#10054=ADVANCED_FACE('',(#2356),#9712,.F.);
#10055=ADVANCED_FACE('',(#2357),#144,.F.);
#10056=ADVANCED_FACE('',(#2358),#9713,.T.);
#10057=ADVANCED_FACE('',(#2359),#145,.F.);
#10058=ADVANCED_FACE('',(#2360),#9714,.F.);
#10059=ADVANCED_FACE('',(#2361),#146,.F.);
#10060=ADVANCED_FACE('',(#2362),#147,.T.);
#10061=ADVANCED_FACE('',(#2363),#148,.T.);
#10062=ADVANCED_FACE('',(#2364),#149,.T.);
#10063=ADVANCED_FACE('',(#2365),#150,.T.);
#10064=ADVANCED_FACE('',(#2366),#151,.T.);
#10065=ADVANCED_FACE('',(#2367),#152,.T.);
#10066=ADVANCED_FACE('',(#2368),#9715,.T.);
#10067=ADVANCED_FACE('',(#2369),#9716,.T.);
#10068=ADVANCED_FACE('',(#2370),#9717,.T.);
#10069=ADVANCED_FACE('',(#2371),#9718,.T.);
#10070=ADVANCED_FACE('',(#2372),#9719,.T.);
#10071=ADVANCED_FACE('',(#2373),#9720,.T.);
#10072=ADVANCED_FACE('',(#2374,#2144),#9721,.F.);
#10073=ADVANCED_FACE('',(#2375),#9722,.F.);
#10074=ADVANCED_FACE('',(#2376,#2145,#2146),#9723,.T.);
#10075=ADVANCED_FACE('',(#2377),#153,.F.);
#10076=ADVANCED_FACE('',(#2378),#9724,.F.);
#10077=ADVANCED_FACE('',(#2379),#154,.F.);
#10078=ADVANCED_FACE('',(#2380),#155,.T.);
#10079=ADVANCED_FACE('',(#2381),#156,.F.);
#10080=ADVANCED_FACE('',(#2382),#9725,.F.);
#10081=ADVANCED_FACE('',(#2383),#157,.F.);
#10082=ADVANCED_FACE('',(#2384),#158,.T.);
#10083=ADVANCED_FACE('',(#2385),#159,.F.);
#10084=ADVANCED_FACE('',(#2386),#160,.F.);
#10085=ADVANCED_FACE('',(#2387),#9726,.T.);
#10086=ADVANCED_FACE('',(#2388),#23,.T.);
#10087=ADVANCED_FACE('',(#2389),#161,.F.);
#10088=ADVANCED_FACE('',(#2390),#162,.F.);
#10089=ADVANCED_FACE('',(#2391),#163,.F.);
#10090=ADVANCED_FACE('',(#2392),#164,.F.);
#10091=ADVANCED_FACE('',(#2393),#165,.T.);
#10092=ADVANCED_FACE('',(#2394),#9727,.T.);
#10093=ADVANCED_FACE('',(#2395,#2147,#2148,#2149,#2150,#2151),#9728,.F.);
#10094=ADVANCED_FACE('',(#2396),#166,.T.);
#10095=ADVANCED_FACE('',(#2397),#167,.F.);
#10096=ADVANCED_FACE('',(#2398),#9729,.F.);
#10097=ADVANCED_FACE('',(#2399),#9730,.T.);
#10098=ADVANCED_FACE('',(#2400),#9731,.F.);
#10099=ADVANCED_FACE('',(#2401),#168,.F.);
#10100=ADVANCED_FACE('',(#2402),#9732,.F.);
#10101=ADVANCED_FACE('',(#2403),#169,.F.);
#10102=ADVANCED_FACE('',(#2404),#9733,.F.);
#10103=ADVANCED_FACE('',(#2405),#170,.F.);
#10104=ADVANCED_FACE('',(#2406),#9734,.F.);
#10105=ADVANCED_FACE('',(#2407),#9735,.T.);
#10106=ADVANCED_FACE('',(#2408),#9736,.T.);
#10107=ADVANCED_FACE('',(#2409,#2152,#2153,#2154,#2155,#2156),#9737,.T.);
#10108=ADVANCED_FACE('',(#2410),#9738,.T.);
#10109=ADVANCED_FACE('',(#2411),#171,.F.);
#10110=ADVANCED_FACE('',(#2412),#9739,.T.);
#10111=ADVANCED_FACE('',(#2413),#172,.F.);
#10112=ADVANCED_FACE('',(#2414),#173,.T.);
#10113=ADVANCED_FACE('',(#2415,#2157),#9740,.T.);
#10114=ADVANCED_FACE('',(#2416,#2158,#2159,#2160),#9741,.T.);
#10115=ADVANCED_FACE('',(#2417),#9742,.F.);
#10116=ADVANCED_FACE('',(#2418),#9743,.T.);
#10117=ADVANCED_FACE('',(#2419),#9744,.F.);
#10118=ADVANCED_FACE('',(#2420),#9745,.F.);
#10119=ADVANCED_FACE('',(#2421),#9746,.T.);
#10120=ADVANCED_FACE('',(#2422),#174,.F.);
#10121=ADVANCED_FACE('',(#2423),#9747,.F.);
#10122=ADVANCED_FACE('',(#2424),#175,.F.);
#10123=ADVANCED_FACE('',(#2425),#9748,.F.);
#10124=ADVANCED_FACE('',(#2426),#9749,.F.);
#10125=ADVANCED_FACE('',(#2427),#9750,.F.);
#10126=ADVANCED_FACE('',(#2428),#176,.F.);
#10127=ADVANCED_FACE('',(#2429),#177,.T.);
#10128=ADVANCED_FACE('',(#2430),#9751,.T.);
#10129=ADVANCED_FACE('',(#2431),#9752,.T.);
#10130=ADVANCED_FACE('',(#2432),#9753,.T.);
#10131=ADVANCED_FACE('',(#2433),#9754,.F.);
#10132=ADVANCED_FACE('',(#2434),#9755,.F.);
#10133=ADVANCED_FACE('',(#2435,#2161,#2162),#9756,.T.);
#10134=ADVANCED_FACE('',(#2436),#178,.T.);
#10135=ADVANCED_FACE('',(#2437),#9757,.F.);
#10136=ADVANCED_FACE('',(#2438),#179,.T.);
#10137=ADVANCED_FACE('',(#2439),#180,.T.);
#10138=ADVANCED_FACE('',(#2440),#181,.T.);
#10139=ADVANCED_FACE('',(#2441),#182,.T.);
#10140=ADVANCED_FACE('',(#2442),#183,.T.);
#10141=ADVANCED_FACE('',(#2443),#184,.T.);
#10142=ADVANCED_FACE('',(#2444),#185,.T.);
#10143=ADVANCED_FACE('',(#2445),#186,.T.);
#10144=ADVANCED_FACE('',(#2446),#187,.T.);
#10145=ADVANCED_FACE('',(#2447),#188,.T.);
#10146=ADVANCED_FACE('',(#2448),#189,.T.);
#10147=ADVANCED_FACE('',(#2449),#190,.T.);
#10148=ADVANCED_FACE('',(#2450),#191,.T.);
#10149=ADVANCED_FACE('',(#2451),#192,.T.);
#10150=ADVANCED_FACE('',(#2452),#193,.T.);
#10151=ADVANCED_FACE('',(#2453),#194,.T.);
#10152=ADVANCED_FACE('',(#2454),#195,.T.);
#10153=ADVANCED_FACE('',(#2455),#196,.T.);
#10154=ADVANCED_FACE('',(#2456),#197,.T.);
#10155=ADVANCED_FACE('',(#2457),#198,.T.);
#10156=ADVANCED_FACE('',(#2458),#199,.T.);
#10157=ADVANCED_FACE('',(#2459),#200,.T.);
#10158=ADVANCED_FACE('',(#2460),#201,.T.);
#10159=ADVANCED_FACE('',(#2461),#202,.T.);
#10160=ADVANCED_FACE('',(#2462),#203,.T.);
#10161=ADVANCED_FACE('',(#2463),#204,.T.);
#10162=ADVANCED_FACE('',(#2464),#205,.T.);
#10163=ADVANCED_FACE('',(#2465),#206,.T.);
#10164=ADVANCED_FACE('',(#2466),#207,.T.);
#10165=ADVANCED_FACE('',(#2467),#208,.T.);
#10166=ADVANCED_FACE('',(#2468),#209,.T.);
#10167=ADVANCED_FACE('',(#2469),#210,.T.);
#10168=ADVANCED_FACE('',(#2470),#211,.T.);
#10169=ADVANCED_FACE('',(#2471),#212,.T.);
#10170=ADVANCED_FACE('',(#2472),#213,.T.);
#10171=ADVANCED_FACE('',(#2473),#214,.T.);
#10172=ADVANCED_FACE('',(#2474),#215,.T.);
#10173=ADVANCED_FACE('',(#2475),#216,.T.);
#10174=ADVANCED_FACE('',(#2476),#217,.T.);
#10175=ADVANCED_FACE('',(#2477),#218,.T.);
#10176=ADVANCED_FACE('',(#2478),#219,.T.);
#10177=ADVANCED_FACE('',(#2479),#220,.T.);
#10178=ADVANCED_FACE('',(#2480),#221,.T.);
#10179=ADVANCED_FACE('',(#2481),#222,.T.);
#10180=ADVANCED_FACE('',(#2482),#223,.T.);
#10181=ADVANCED_FACE('',(#2483),#224,.T.);
#10182=ADVANCED_FACE('',(#2484),#225,.T.);
#10183=ADVANCED_FACE('',(#2485),#226,.T.);
#10184=ADVANCED_FACE('',(#2486),#227,.T.);
#10185=ADVANCED_FACE('',(#2487),#228,.T.);
#10186=ADVANCED_FACE('',(#2488),#229,.T.);
#10187=ADVANCED_FACE('',(#2489),#230,.T.);
#10188=ADVANCED_FACE('',(#2490),#231,.T.);
#10189=ADVANCED_FACE('',(#2491),#232,.T.);
#10190=ADVANCED_FACE('',(#2492),#233,.T.);
#10191=ADVANCED_FACE('',(#2493),#234,.T.);
#10192=ADVANCED_FACE('',(#2494),#235,.T.);
#10193=ADVANCED_FACE('',(#2495),#236,.T.);
#10194=ADVANCED_FACE('',(#2496),#237,.T.);
#10195=ADVANCED_FACE('',(#2497),#238,.T.);
#10196=ADVANCED_FACE('',(#2498),#239,.T.);
#10197=ADVANCED_FACE('',(#2499),#240,.T.);
#10198=ADVANCED_FACE('',(#2500),#241,.T.);
#10199=ADVANCED_FACE('',(#2501),#242,.T.);
#10200=ADVANCED_FACE('',(#2502),#243,.T.);
#10201=ADVANCED_FACE('',(#2503),#244,.T.);
#10202=ADVANCED_FACE('',(#2504),#245,.T.);
#10203=ADVANCED_FACE('',(#2505),#246,.T.);
#10204=ADVANCED_FACE('',(#2506),#247,.T.);
#10205=ADVANCED_FACE('',(#2507),#248,.T.);
#10206=ADVANCED_FACE('',(#2508),#249,.T.);
#10207=ADVANCED_FACE('',(#2509),#250,.T.);
#10208=ADVANCED_FACE('',(#2510),#251,.T.);
#10209=ADVANCED_FACE('',(#2511),#252,.T.);
#10210=ADVANCED_FACE('',(#2512),#253,.T.);
#10211=ADVANCED_FACE('',(#2513),#254,.T.);
#10212=ADVANCED_FACE('',(#2514),#255,.T.);
#10213=ADVANCED_FACE('',(#2515),#256,.T.);
#10214=ADVANCED_FACE('',(#2516),#257,.T.);
#10215=ADVANCED_FACE('',(#2517),#258,.T.);
#10216=ADVANCED_FACE('',(#2518),#259,.T.);
#10217=ADVANCED_FACE('',(#2519),#260,.T.);
#10218=ADVANCED_FACE('',(#2520),#261,.T.);
#10219=ADVANCED_FACE('',(#2521),#262,.T.);
#10220=ADVANCED_FACE('',(#2522),#9758,.F.);
#10221=ADVANCED_FACE('',(#2523),#263,.F.);
#10222=ADVANCED_FACE('',(#2524),#264,.F.);
#10223=ADVANCED_FACE('',(#2525),#265,.F.);
#10224=ADVANCED_FACE('',(#2526),#266,.F.);
#10225=ADVANCED_FACE('',(#2527),#267,.F.);
#10226=ADVANCED_FACE('',(#2528),#268,.F.);
#10227=ADVANCED_FACE('',(#2529),#269,.F.);
#10228=ADVANCED_FACE('',(#2530),#270,.F.);
#10229=ADVANCED_FACE('',(#2531),#271,.F.);
#10230=ADVANCED_FACE('',(#2532),#272,.F.);
#10231=ADVANCED_FACE('',(#2533),#273,.F.);
#10232=ADVANCED_FACE('',(#2534),#274,.F.);
#10233=ADVANCED_FACE('',(#2535),#275,.F.);
#10234=ADVANCED_FACE('',(#2536),#276,.F.);
#10235=ADVANCED_FACE('',(#2537),#277,.F.);
#10236=ADVANCED_FACE('',(#2538),#278,.F.);
#10237=ADVANCED_FACE('',(#2539),#279,.F.);
#10238=ADVANCED_FACE('',(#2540),#280,.F.);
#10239=ADVANCED_FACE('',(#2541),#281,.F.);
#10240=ADVANCED_FACE('',(#2542),#282,.F.);
#10241=ADVANCED_FACE('',(#2543),#283,.F.);
#10242=ADVANCED_FACE('',(#2544),#284,.F.);
#10243=ADVANCED_FACE('',(#2545),#285,.F.);
#10244=ADVANCED_FACE('',(#2546),#286,.F.);
#10245=ADVANCED_FACE('',(#2547),#287,.F.);
#10246=ADVANCED_FACE('',(#2548),#288,.F.);
#10247=ADVANCED_FACE('',(#2549),#289,.F.);
#10248=ADVANCED_FACE('',(#2550),#290,.F.);
#10249=ADVANCED_FACE('',(#2551),#291,.F.);
#10250=ADVANCED_FACE('',(#2552),#292,.F.);
#10251=ADVANCED_FACE('',(#2553),#293,.F.);
#10252=ADVANCED_FACE('',(#2554),#294,.F.);
#10253=ADVANCED_FACE('',(#2555),#295,.F.);
#10254=ADVANCED_FACE('',(#2556),#296,.F.);
#10255=ADVANCED_FACE('',(#2557),#297,.F.);
#10256=ADVANCED_FACE('',(#2558),#298,.F.);
#10257=ADVANCED_FACE('',(#2559),#299,.F.);
#10258=ADVANCED_FACE('',(#2560),#300,.F.);
#10259=ADVANCED_FACE('',(#2561),#301,.F.);
#10260=ADVANCED_FACE('',(#2562),#302,.F.);
#10261=ADVANCED_FACE('',(#2563),#303,.F.);
#10262=ADVANCED_FACE('',(#2564),#304,.F.);
#10263=ADVANCED_FACE('',(#2565),#305,.F.);
#10264=ADVANCED_FACE('',(#2566),#306,.F.);
#10265=ADVANCED_FACE('',(#2567),#307,.F.);
#10266=ADVANCED_FACE('',(#2568),#308,.F.);
#10267=ADVANCED_FACE('',(#2569),#309,.F.);
#10268=ADVANCED_FACE('',(#2570),#310,.F.);
#10269=ADVANCED_FACE('',(#2571),#311,.F.);
#10270=ADVANCED_FACE('',(#2572),#312,.F.);
#10271=ADVANCED_FACE('',(#2573),#313,.F.);
#10272=ADVANCED_FACE('',(#2574),#314,.F.);
#10273=ADVANCED_FACE('',(#2575),#315,.F.);
#10274=ADVANCED_FACE('',(#2576),#316,.F.);
#10275=ADVANCED_FACE('',(#2577),#317,.F.);
#10276=ADVANCED_FACE('',(#2578),#318,.F.);
#10277=ADVANCED_FACE('',(#2579),#319,.F.);
#10278=ADVANCED_FACE('',(#2580),#320,.F.);
#10279=ADVANCED_FACE('',(#2581),#321,.F.);
#10280=ADVANCED_FACE('',(#2582),#322,.F.);
#10281=ADVANCED_FACE('',(#2583),#323,.F.);
#10282=ADVANCED_FACE('',(#2584,#2163,#2164,#2165,#2166,#2167,#2168),#9759,
 .F.);
#10283=ADVANCED_FACE('',(#2585),#324,.T.);
#10284=ADVANCED_FACE('',(#2586),#9760,.T.);
#10285=ADVANCED_FACE('',(#2587),#325,.T.);
#10286=ADVANCED_FACE('',(#2588),#9761,.T.);
#10287=ADVANCED_FACE('',(#2589,#2169,#2170,#2171,#2172,#2173,#2174,#2175,
#2176,#2177,#2178,#2179,#2180,#2181),#9762,.T.);
#10288=ADVANCED_FACE('',(#2590,#2182),#9763,.F.);
#10289=ADVANCED_FACE('',(#2591),#326,.F.);
#10290=ADVANCED_FACE('',(#2592),#327,.F.);
#10291=ADVANCED_FACE('',(#2593),#328,.F.);
#10292=ADVANCED_FACE('',(#2594),#329,.F.);
#10293=ADVANCED_FACE('',(#2595),#330,.F.);
#10294=ADVANCED_FACE('',(#2596),#331,.F.);
#10295=ADVANCED_FACE('',(#2597),#9764,.T.);
#10296=ADVANCED_FACE('',(#2598),#332,.T.);
#10297=ADVANCED_FACE('',(#2599),#9765,.T.);
#10298=ADVANCED_FACE('',(#2600,#2183,#2184,#2185,#2186,#2187,#2188),#9766,
 .F.);
#10299=ADVANCED_FACE('',(#2601),#333,.F.);
#10300=ADVANCED_FACE('',(#2602),#334,.F.);
#10301=ADVANCED_FACE('',(#2603),#335,.F.);
#10302=ADVANCED_FACE('',(#2604),#336,.F.);
#10303=ADVANCED_FACE('',(#2605),#337,.F.);
#10304=ADVANCED_FACE('',(#2606),#338,.F.);
#10305=ADVANCED_FACE('',(#2607,#2189),#9767,.F.);
#10306=ADVANCED_FACE('',(#2608),#339,.F.);
#10307=ADVANCED_FACE('',(#2609,#2190),#9768,.F.);
#10308=ADVANCED_FACE('',(#2610),#340,.F.);
#10309=ADVANCED_FACE('',(#2611),#341,.F.);
#10310=ADVANCED_FACE('',(#2612),#9769,.T.);
#10311=ADVANCED_FACE('',(#2613),#9770,.T.);
#10312=ADVANCED_FACE('',(#2614),#9771,.T.);
#10313=ADVANCED_FACE('',(#2615),#9772,.T.);
#10314=ADVANCED_FACE('',(#2616),#9773,.T.);
#10315=ADVANCED_FACE('',(#2617),#9774,.T.);
#10316=ADVANCED_FACE('',(#2618),#9775,.T.);
#10317=ADVANCED_FACE('',(#2619),#9776,.T.);
#10318=ADVANCED_FACE('',(#2620),#9777,.T.);
#10319=ADVANCED_FACE('',(#2621),#9778,.T.);
#10320=ADVANCED_FACE('',(#2622),#9779,.T.);
#10321=ADVANCED_FACE('',(#2623),#9780,.T.);
#10322=ADVANCED_FACE('',(#2624),#9781,.T.);
#10323=ADVANCED_FACE('',(#2625),#9782,.T.);
#10324=ADVANCED_FACE('',(#2626),#9783,.T.);
#10325=ADVANCED_FACE('',(#2627),#9784,.T.);
#10326=ADVANCED_FACE('',(#2628),#9785,.T.);
#10327=ADVANCED_FACE('',(#2629),#9786,.T.);
#10328=ADVANCED_FACE('',(#2630),#9787,.T.);
#10329=ADVANCED_FACE('',(#2631),#9788,.T.);
#10330=ADVANCED_FACE('',(#2632),#9789,.T.);
#10331=ADVANCED_FACE('',(#2633),#9790,.T.);
#10332=ADVANCED_FACE('',(#2634),#9791,.T.);
#10333=ADVANCED_FACE('',(#2635),#9792,.T.);
#10334=ADVANCED_FACE('',(#2636),#9793,.T.);
#10335=ADVANCED_FACE('',(#2637),#9794,.T.);
#10336=ADVANCED_FACE('',(#2638),#9795,.T.);
#10337=ADVANCED_FACE('',(#2639),#9796,.T.);
#10338=ADVANCED_FACE('',(#2640),#9797,.T.);
#10339=ADVANCED_FACE('',(#2641),#9798,.T.);
#10340=ADVANCED_FACE('',(#2642),#9799,.T.);
#10341=ADVANCED_FACE('',(#2643),#9800,.T.);
#10342=ADVANCED_FACE('',(#2644),#9801,.T.);
#10343=ADVANCED_FACE('',(#2645),#9802,.T.);
#10344=ADVANCED_FACE('',(#2646),#9803,.T.);
#10345=ADVANCED_FACE('',(#2647),#9804,.T.);
#10346=ADVANCED_FACE('',(#2648),#9805,.T.);
#10347=ADVANCED_FACE('',(#2649),#9806,.T.);
#10348=ADVANCED_FACE('',(#2650),#9807,.T.);
#10349=ADVANCED_FACE('',(#2651),#9808,.T.);
#10350=ADVANCED_FACE('',(#2652),#9809,.T.);
#10351=ADVANCED_FACE('',(#2653),#9810,.T.);
#10352=ADVANCED_FACE('',(#2654),#9811,.T.);
#10353=ADVANCED_FACE('',(#2655),#9812,.T.);
#10354=ADVANCED_FACE('',(#2656),#9813,.T.);
#10355=ADVANCED_FACE('',(#2657),#9814,.T.);
#10356=ADVANCED_FACE('',(#2658),#9815,.T.);
#10357=ADVANCED_FACE('',(#2659),#9816,.T.);
#10358=ADVANCED_FACE('',(#2660),#9817,.T.);
#10359=ADVANCED_FACE('',(#2661),#9818,.T.);
#10360=ADVANCED_FACE('',(#2662),#9819,.T.);
#10361=ADVANCED_FACE('',(#2663),#9820,.T.);
#10362=ADVANCED_FACE('',(#2664),#9821,.T.);
#10363=ADVANCED_FACE('',(#2665),#9822,.T.);
#10364=ADVANCED_FACE('',(#2666),#9823,.T.);
#10365=ADVANCED_FACE('',(#2667),#9824,.T.);
#10366=ADVANCED_FACE('',(#2668),#9825,.T.);
#10367=ADVANCED_FACE('',(#2669),#9826,.T.);
#10368=ADVANCED_FACE('',(#2670),#9827,.T.);
#10369=ADVANCED_FACE('',(#2671),#9828,.T.);
#10370=ADVANCED_FACE('',(#2672),#9829,.T.);
#10371=ADVANCED_FACE('',(#2673),#9830,.T.);
#10372=ADVANCED_FACE('',(#2674),#9831,.T.);
#10373=ADVANCED_FACE('',(#2675),#9832,.T.);
#10374=ADVANCED_FACE('',(#2676),#9833,.T.);
#10375=ADVANCED_FACE('',(#2677),#9834,.T.);
#10376=ADVANCED_FACE('',(#2678),#9835,.T.);
#10377=ADVANCED_FACE('',(#2679),#9836,.T.);
#10378=ADVANCED_FACE('',(#2680),#9837,.T.);
#10379=ADVANCED_FACE('',(#2681),#9838,.T.);
#10380=ADVANCED_FACE('',(#2682),#9839,.T.);
#10381=ADVANCED_FACE('',(#2683),#9840,.T.);
#10382=ADVANCED_FACE('',(#2684),#9841,.T.);
#10383=ADVANCED_FACE('',(#2685),#9842,.T.);
#10384=ADVANCED_FACE('',(#2686),#9843,.T.);
#10385=ADVANCED_FACE('',(#2687),#9844,.T.);
#10386=ADVANCED_FACE('',(#2688),#9845,.T.);
#10387=ADVANCED_FACE('',(#2689),#9846,.T.);
#10388=ADVANCED_FACE('',(#2690),#9847,.T.);
#10389=ADVANCED_FACE('',(#2691),#9848,.T.);
#10390=ADVANCED_FACE('',(#2692),#9849,.T.);
#10391=ADVANCED_FACE('',(#2693),#9850,.T.);
#10392=ADVANCED_FACE('',(#2694),#9851,.T.);
#10393=ADVANCED_FACE('',(#2695),#9852,.T.);
#10394=ADVANCED_FACE('',(#2696),#9853,.T.);
#10395=ADVANCED_FACE('',(#2697),#9854,.T.);
#10396=ADVANCED_FACE('',(#2698),#9855,.T.);
#10397=ADVANCED_FACE('',(#2699),#9856,.T.);
#10398=ADVANCED_FACE('',(#2700),#9857,.T.);
#10399=ADVANCED_FACE('',(#2701),#9858,.T.);
#10400=ADVANCED_FACE('',(#2702),#9859,.T.);
#10401=ADVANCED_FACE('',(#2703),#9860,.T.);
#10402=ADVANCED_FACE('',(#2704),#9861,.T.);
#10403=ADVANCED_FACE('',(#2705),#9862,.T.);
#10404=ADVANCED_FACE('',(#2706),#9863,.T.);
#10405=ADVANCED_FACE('',(#2707),#9864,.T.);
#10406=ADVANCED_FACE('',(#2708),#9865,.T.);
#10407=ADVANCED_FACE('',(#2709),#9866,.T.);
#10408=ADVANCED_FACE('',(#2710),#9867,.T.);
#10409=ADVANCED_FACE('',(#2711),#9868,.T.);
#10410=ADVANCED_FACE('',(#2712),#9869,.T.);
#10411=ADVANCED_FACE('',(#2713),#9870,.T.);
#10412=ADVANCED_FACE('',(#2714),#9871,.T.);
#10413=ADVANCED_FACE('',(#2715),#9872,.T.);
#10414=ADVANCED_FACE('',(#2716),#9873,.T.);
#10415=ADVANCED_FACE('',(#2717),#9874,.T.);
#10416=ADVANCED_FACE('',(#2718),#9875,.T.);
#10417=ADVANCED_FACE('',(#2719),#9876,.T.);
#10418=ADVANCED_FACE('',(#2720),#9877,.T.);
#10419=ADVANCED_FACE('',(#2721),#9878,.T.);
#10420=ADVANCED_FACE('',(#2722),#9879,.T.);
#10421=ADVANCED_FACE('',(#2723),#9880,.T.);
#10422=ADVANCED_FACE('',(#2724),#9881,.T.);
#10423=ADVANCED_FACE('',(#2725),#9882,.T.);
#10424=ADVANCED_FACE('',(#2726),#9883,.T.);
#10425=ADVANCED_FACE('',(#2727),#9884,.T.);
#10426=ADVANCED_FACE('',(#2728),#9885,.T.);
#10427=ADVANCED_FACE('',(#2729),#9886,.T.);
#10428=ADVANCED_FACE('',(#2730),#9887,.T.);
#10429=ADVANCED_FACE('',(#2731),#9888,.T.);
#10430=CLOSED_SHELL('',(#9889,#9890,#9891,#9892,#9893,#9894,#9895,#9896,
#9897,#9898,#9899,#9900,#9901,#9902,#9903,#9904,#9905,#9906,#9907,#9908,
#9909,#9910,#9911,#9912,#9913,#9914,#9915,#9916,#9917,#9918,#9919,#9920,
#9921,#9922,#9923,#9924,#9925,#9926,#9927,#9928,#9929,#9930,#9931,#9932,
#9933,#9934,#9935,#9936,#9937,#9938,#9939,#9940,#9941,#9942,#9943,#9944,
#9945,#9946,#9947,#9948,#9949,#9950,#9951,#9952,#9953,#9954,#9955,#9956,
#9957,#9958,#9959,#9960,#9961,#9962,#9963,#9964,#9965,#9966,#9967,#9968,
#9969,#9970,#9971,#9972,#9973,#9974,#9975,#9976,#9977,#9978,#9979,#9980,
#9981,#9982,#9983,#9984,#9985,#9986,#9987,#9988,#9989,#9990,#9991,#9992,
#9993,#9994,#9995,#9996,#9997,#9998,#9999,#10000,#10001,#10002,#10003,#10004,
#10005,#10006,#10007,#10008,#10009,#10010,#10011,#10012,#10013,#10014,#10015,
#10016,#10017,#10018,#10019,#10020,#10021,#10022,#10023,#10024,#10025,#10026,
#10027,#10028,#10029,#10030,#10031,#10032,#10033,#10034,#10035,#10036,#10037,
#10038,#10039,#10040,#10041,#10042,#10043,#10044,#10045,#10046,#10047,#10048,
#10049,#10050,#10051,#10052,#10053,#10054,#10055,#10056,#10057,#10058,#10059,
#10060,#10061,#10062,#10063,#10064,#10065,#10066,#10067,#10068,#10069,#10070,
#10071,#10072,#10073,#10074,#10075,#10076,#10077,#10078,#10079,#10080,#10081,
#10082,#10083,#10084,#10085,#10086,#10087,#10088,#10089,#10090,#10091,#10092,
#10093,#10094,#10095,#10096,#10097,#10098,#10099,#10100,#10101,#10102,#10103,
#10104,#10105,#10106,#10107,#10108,#10109,#10110,#10111,#10112,#10113,#10114,
#10115,#10116,#10117,#10118,#10119,#10120,#10121,#10122,#10123,#10124,#10125,
#10126,#10127,#10128,#10129,#10130,#10131,#10132,#10133,#10134,#10135,#10136,
#10137,#10138,#10139,#10140,#10141,#10142,#10143,#10144,#10145,#10146,#10147,
#10148,#10149,#10150,#10151,#10152,#10153,#10154,#10155,#10156,#10157,#10158,
#10159,#10160,#10161,#10162,#10163,#10164,#10165,#10166,#10167,#10168,#10169,
#10170,#10171,#10172,#10173,#10174,#10175,#10176,#10177,#10178,#10179,#10180,
#10181,#10182,#10183,#10184,#10185,#10186,#10187,#10188,#10189,#10190,#10191,
#10192,#10193,#10194,#10195,#10196,#10197,#10198,#10199,#10200,#10201,#10202,
#10203,#10204,#10205,#10206,#10207,#10208,#10209,#10210,#10211,#10212,#10213,
#10214,#10215,#10216,#10217,#10218,#10219,#10220,#10221,#10222));
#10431=CLOSED_SHELL('',(#10223,#10224,#10225,#10226,#10227,#10228,#10229,
#10230,#10231,#10232,#10233,#10234,#10235,#10236,#10237,#10238,#10239,#10240,
#10241,#10242,#10243,#10244,#10245,#10246,#10247,#10248,#10249,#10250,#10251,
#10252,#10253,#10254,#10255,#10256,#10257,#10258,#10259,#10260,#10261,#10262,
#10263,#10264,#10265,#10266,#10267,#10268,#10269,#10270,#10271,#10272,#10273,
#10274,#10275,#10276,#10277,#10278,#10279,#10280,#10281,#10282,#10283,#10284,
#10285,#10286,#10287,#10288,#10289,#10290,#10291,#10292,#10293,#10294,#10295,
#10296,#10297,#10298,#10299,#10300,#10301,#10302,#10303,#10304,#10305,#10306,
#10307,#10308,#10309,#10310,#10311,#10312,#10313,#10314,#10315,#10316,#10317,
#10318,#10319,#10320,#10321,#10322,#10323,#10324,#10325,#10326,#10327,#10328,
#10329,#10330,#10331,#10332,#10333,#10334,#10335,#10336,#10337,#10338,#10339,
#10340,#10341,#10342,#10343,#10344,#10345,#10346,#10347,#10348,#10349,#10350,
#10351,#10352,#10353,#10354,#10355,#10356,#10357,#10358,#10359,#10360,#10361,
#10362,#10363,#10364,#10365,#10366,#10367,#10368,#10369,#10370,#10371,#10372,
#10373,#10374,#10375,#10376,#10377,#10378,#10379,#10380,#10381,#10382,#10383,
#10384,#10385,#10386,#10387,#10388,#10389,#10390,#10391,#10392,#10393,#10394,
#10395,#10396,#10397,#10398,#10399,#10400,#10401,#10402,#10403,#10404,#10405,
#10406,#10407,#10408,#10409,#10410,#10411,#10412,#10413,#10414,#10415,#10416,
#10417,#10418,#10419,#10420,#10421,#10422,#10423,#10424,#10425,#10426,#10427,
#10428,#10429));
#10432=DERIVED_UNIT_ELEMENT(#10434,1.);
#10433=DERIVED_UNIT_ELEMENT(#18080,-3.);
#10434=(
MASS_UNIT()
NAMED_UNIT(*)
SI_UNIT(.KILO.,.GRAM.)
);
#10435=DERIVED_UNIT((#10432,#10433));
#10436=MEASURE_REPRESENTATION_ITEM('density measure',
POSITIVE_RATIO_MEASURE(7850.),#10435);
#10437=PROPERTY_DEFINITION_REPRESENTATION(#10442,#10439);
#10438=PROPERTY_DEFINITION_REPRESENTATION(#10443,#10440);
#10439=REPRESENTATION('material name',(#10441),#18077);
#10440=REPRESENTATION('density',(#10436),#18077);
#10441=DESCRIPTIVE_REPRESENTATION_ITEM('Steel','Steel');
#10442=PROPERTY_DEFINITION('material property','material name',#18092);
#10443=PROPERTY_DEFINITION('material property','density of part',#18092);
#10444=AXIS2_PLACEMENT_3D('',#14924,#11640,#11641);
#10445=AXIS2_PLACEMENT_3D('',#14925,#11642,#11643);
#10446=AXIS2_PLACEMENT_3D('',#14926,#11644,#11645);
#10447=AXIS2_PLACEMENT_3D('',#14928,#11646,#11647);
#10448=AXIS2_PLACEMENT_3D('',#14930,#11648,#11649);
#10449=AXIS2_PLACEMENT_3D('',#14931,#11650,#11651);
#10450=AXIS2_PLACEMENT_3D('',#14933,#11652,#11653);
#10451=AXIS2_PLACEMENT_3D('',#14935,#11654,#11655);
#10452=AXIS2_PLACEMENT_3D('',#14936,#11656,#11657);
#10453=AXIS2_PLACEMENT_3D('',#14943,#11660,#11661);
#10454=AXIS2_PLACEMENT_3D('',#14947,#11664,#11665);
#10455=AXIS2_PLACEMENT_3D('',#14950,#11666,#11667);
#10456=AXIS2_PLACEMENT_3D('',#14952,#11668,#11669);
#10457=AXIS2_PLACEMENT_3D('',#14954,#11670,#11671);
#10458=AXIS2_PLACEMENT_3D('',#14958,#11673,#11674);
#10459=AXIS2_PLACEMENT_3D('',#14960,#11675,#11676);
#10460=AXIS2_PLACEMENT_3D('',#14962,#11677,#11678);
#10461=AXIS2_PLACEMENT_3D('',#14965,#11680,#11681);
#10462=AXIS2_PLACEMENT_3D('',#14967,#11682,#11683);
#10463=AXIS2_PLACEMENT_3D('',#14968,#11684,#11685);
#10464=AXIS2_PLACEMENT_3D('',#14972,#11687,#11688);
#10465=AXIS2_PLACEMENT_3D('',#14974,#11690,#11691);
#10466=AXIS2_PLACEMENT_3D('',#14979,#11695,#11696);
#10467=AXIS2_PLACEMENT_3D('',#14982,#11698,#11699);
#10468=AXIS2_PLACEMENT_3D('',#14983,#11700,#11701);
#10469=AXIS2_PLACEMENT_3D('',#14986,#11703,#11704);
#10470=AXIS2_PLACEMENT_3D('',#14987,#11705,#11706);
#10471=AXIS2_PLACEMENT_3D('',#14990,#11708,#11709);
#10472=AXIS2_PLACEMENT_3D('',#14991,#11710,#11711);
#10473=AXIS2_PLACEMENT_3D('',#14994,#11714,#11715);
#10474=AXIS2_PLACEMENT_3D('',#14997,#11717,#11718);
#10475=AXIS2_PLACEMENT_3D('',#14998,#11719,#11720);
#10476=AXIS2_PLACEMENT_3D('',#14999,#11721,#11722);
#10477=AXIS2_PLACEMENT_3D('',#15000,#11723,#11724);
#10478=AXIS2_PLACEMENT_3D('',#15002,#11726,#11727);
#10479=AXIS2_PLACEMENT_3D('',#15004,#11729,#11730);
#10480=AXIS2_PLACEMENT_3D('',#15014,#11735,#11736);
#10481=AXIS2_PLACEMENT_3D('',#15016,#11737,#11738);
#10482=AXIS2_PLACEMENT_3D('',#15018,#11739,#11740);
#10483=AXIS2_PLACEMENT_3D('',#15030,#11746,#11747);
#10484=AXIS2_PLACEMENT_3D('',#15039,#11752,#11753);
#10485=AXIS2_PLACEMENT_3D('',#15040,#11754,#11755);
#10486=AXIS2_PLACEMENT_3D('',#15044,#11757,#11758);
#10487=AXIS2_PLACEMENT_3D('',#15053,#11760,#11761);
#10488=AXIS2_PLACEMENT_3D('',#15062,#11766,#11767);
#10489=AXIS2_PLACEMENT_3D('',#15064,#11768,#11769);
#10490=AXIS2_PLACEMENT_3D('',#15065,#11770,#11771);
#10491=AXIS2_PLACEMENT_3D('',#15070,#11773,#11774);
#10492=AXIS2_PLACEMENT_3D('',#15072,#11775,#11776);
#10493=AXIS2_PLACEMENT_3D('',#15074,#11777,#11778);
#10494=AXIS2_PLACEMENT_3D('',#15076,#11779,#11780);
#10495=AXIS2_PLACEMENT_3D('',#15086,#11785,#11786);
#10496=AXIS2_PLACEMENT_3D('',#15095,#11788,#11789);
#10497=AXIS2_PLACEMENT_3D('',#15098,#11791,#11792);
#10498=AXIS2_PLACEMENT_3D('',#15099,#11793,#11794);
#10499=AXIS2_PLACEMENT_3D('',#15103,#11796,#11797);
#10500=AXIS2_PLACEMENT_3D('',#15107,#11799,#11800);
#10501=AXIS2_PLACEMENT_3D('',#15108,#11801,#11802);
#10502=AXIS2_PLACEMENT_3D('',#15109,#11803,#11804);
#10503=AXIS2_PLACEMENT_3D('',#15115,#11808,#11809);
#10504=AXIS2_PLACEMENT_3D('',#15117,#11810,#11811);
#10505=AXIS2_PLACEMENT_3D('',#15119,#11812,#11813);
#10506=AXIS2_PLACEMENT_3D('',#15121,#11815,#11816);
#10507=AXIS2_PLACEMENT_3D('',#15128,#11821,#11822);
#10508=AXIS2_PLACEMENT_3D('',#15130,#11823,#11824);
#10509=AXIS2_PLACEMENT_3D('',#15133,#11826,#11827);
#10510=AXIS2_PLACEMENT_3D('',#15134,#11828,#11829);
#10511=AXIS2_PLACEMENT_3D('',#15140,#11832,#11833);
#10512=AXIS2_PLACEMENT_3D('',#15148,#11835,#11836);
#10513=AXIS2_PLACEMENT_3D('',#15157,#11841,#11842);
#10514=AXIS2_PLACEMENT_3D('',#15159,#11843,#11844);
#10515=AXIS2_PLACEMENT_3D('',#15160,#11845,#11846);
#10516=AXIS2_PLACEMENT_3D('',#15161,#11847,#11848);
#10517=AXIS2_PLACEMENT_3D('',#15172,#11851,#11852);
#10518=AXIS2_PLACEMENT_3D('',#15174,#11854,#11855);
#10519=AXIS2_PLACEMENT_3D('',#15176,#11857,#11858);
#10520=AXIS2_PLACEMENT_3D('',#15178,#11860,#11861);
#10521=AXIS2_PLACEMENT_3D('',#15179,#11862,#11863);
#10522=AXIS2_PLACEMENT_3D('',#15181,#11864,#11865);
#10523=AXIS2_PLACEMENT_3D('',#15182,#11866,#11867);
#10524=AXIS2_PLACEMENT_3D('',#15186,#11871,#11872);
#10525=AXIS2_PLACEMENT_3D('',#15190,#11874,#11875);
#10526=AXIS2_PLACEMENT_3D('',#15192,#11876,#11877);
#10527=AXIS2_PLACEMENT_3D('',#15194,#11879,#11880);
#10528=AXIS2_PLACEMENT_3D('',#15200,#11884,#11885);
#10529=AXIS2_PLACEMENT_3D('',#15204,#11887,#11888);
#10530=AXIS2_PLACEMENT_3D('',#15205,#11889,#11890);
#10531=AXIS2_PLACEMENT_3D('',#15206,#11891,#11892);
#10532=AXIS2_PLACEMENT_3D('',#15212,#11896,#11897);
#10533=AXIS2_PLACEMENT_3D('',#15214,#11898,#11899);
#10534=AXIS2_PLACEMENT_3D('',#15216,#11901,#11902);
#10535=AXIS2_PLACEMENT_3D('',#15222,#11905,#11906);
#10536=AXIS2_PLACEMENT_3D('',#15224,#11907,#11908);
#10537=AXIS2_PLACEMENT_3D('',#15225,#11909,#11910);
#10538=AXIS2_PLACEMENT_3D('',#15235,#11915,#11916);
#10539=AXIS2_PLACEMENT_3D('',#15242,#11918,#11919);
#10540=AXIS2_PLACEMENT_3D('',#15243,#11920,#11921);
#10541=AXIS2_PLACEMENT_3D('',#15254,#11924,#11925);
#10542=AXIS2_PLACEMENT_3D('',#15256,#11927,#11928);
#10543=AXIS2_PLACEMENT_3D('',#15258,#11930,#11931);
#10544=AXIS2_PLACEMENT_3D('',#15260,#11933,#11934);
#10545=AXIS2_PLACEMENT_3D('',#15261,#11935,#11936);
#10546=AXIS2_PLACEMENT_3D('',#15263,#11937,#11938);
#10547=AXIS2_PLACEMENT_3D('',#15264,#11939,#11940);
#10548=AXIS2_PLACEMENT_3D('',#15266,#11941,#11942);
#10549=AXIS2_PLACEMENT_3D('',#15268,#11943,#11944);
#10550=AXIS2_PLACEMENT_3D('',#15269,#11945,#11946);
#10551=AXIS2_PLACEMENT_3D('',#15275,#11950,#11951);
#10552=AXIS2_PLACEMENT_3D('',#15278,#11952,#11953);
#10553=AXIS2_PLACEMENT_3D('',#15282,#11955,#11956);
#10554=AXIS2_PLACEMENT_3D('',#15284,#11957,#11958);
#10555=AXIS2_PLACEMENT_3D('',#15286,#11959,#11960);
#10556=AXIS2_PLACEMENT_3D('',#15290,#11962,#11963);
#10557=AXIS2_PLACEMENT_3D('',#15291,#11964,#11965);
#10558=AXIS2_PLACEMENT_3D('',#15293,#11966,#11967);
#10559=AXIS2_PLACEMENT_3D('',#15295,#11968,#11969);
#10560=AXIS2_PLACEMENT_3D('',#15296,#11970,#11971);
#10561=AXIS2_PLACEMENT_3D('',#15299,#11974,#11975);
#10562=AXIS2_PLACEMENT_3D('',#15303,#11978,#11979);
#10563=AXIS2_PLACEMENT_3D('',#15305,#11980,#11981);
#10564=AXIS2_PLACEMENT_3D('',#15307,#11983,#11984);
#10565=AXIS2_PLACEMENT_3D('',#15309,#11985,#11986);
#10566=AXIS2_PLACEMENT_3D('',#15311,#11988,#11989);
#10567=AXIS2_PLACEMENT_3D('',#15313,#11990,#11991);
#10568=AXIS2_PLACEMENT_3D('',#15315,#11993,#11994);
#10569=AXIS2_PLACEMENT_3D('',#15318,#11997,#11998);
#10570=AXIS2_PLACEMENT_3D('',#15320,#12000,#12001);
#10571=AXIS2_PLACEMENT_3D('',#15321,#12002,#12003);
#10572=AXIS2_PLACEMENT_3D('',#15323,#12005,#12006);
#10573=AXIS2_PLACEMENT_3D('',#15325,#12008,#12009);
#10574=AXIS2_PLACEMENT_3D('',#15335,#12014,#12015);
#10575=AXIS2_PLACEMENT_3D('',#15337,#12016,#12017);
#10576=AXIS2_PLACEMENT_3D('',#15339,#12018,#12019);
#10577=AXIS2_PLACEMENT_3D('',#15345,#12022,#12023);
#10578=AXIS2_PLACEMENT_3D('',#15347,#12024,#12025);
#10579=AXIS2_PLACEMENT_3D('',#15349,#12026,#12027);
#10580=AXIS2_PLACEMENT_3D('',#15351,#12028,#12029);
#10581=AXIS2_PLACEMENT_3D('',#15353,#12030,#12031);
#10582=AXIS2_PLACEMENT_3D('',#15355,#12032,#12033);
#10583=AXIS2_PLACEMENT_3D('',#15357,#12034,#12035);
#10584=AXIS2_PLACEMENT_3D('',#15359,#12036,#12037);
#10585=AXIS2_PLACEMENT_3D('',#15361,#12038,#12039);
#10586=AXIS2_PLACEMENT_3D('',#15363,#12040,#12041);
#10587=AXIS2_PLACEMENT_3D('',#15365,#12042,#12043);
#10588=AXIS2_PLACEMENT_3D('',#15367,#12044,#12045);
#10589=AXIS2_PLACEMENT_3D('',#15369,#12046,#12047);
#10590=AXIS2_PLACEMENT_3D('',#15371,#12048,#12049);
#10591=AXIS2_PLACEMENT_3D('',#15373,#12050,#12051);
#10592=AXIS2_PLACEMENT_3D('',#15375,#12052,#12053);
#10593=AXIS2_PLACEMENT_3D('',#15377,#12054,#12055);
#10594=AXIS2_PLACEMENT_3D('',#15379,#12056,#12057);
#10595=AXIS2_PLACEMENT_3D('',#15381,#12058,#12059);
#10596=AXIS2_PLACEMENT_3D('',#15383,#12060,#12061);
#10597=AXIS2_PLACEMENT_3D('',#15385,#12062,#12063);
#10598=AXIS2_PLACEMENT_3D('',#15387,#12064,#12065);
#10599=AXIS2_PLACEMENT_3D('',#15389,#12066,#12067);
#10600=AXIS2_PLACEMENT_3D('',#15391,#12068,#12069);
#10601=AXIS2_PLACEMENT_3D('',#15393,#12070,#12071);
#10602=AXIS2_PLACEMENT_3D('',#15395,#12072,#12073);
#10603=AXIS2_PLACEMENT_3D('',#15397,#12074,#12075);
#10604=AXIS2_PLACEMENT_3D('',#15399,#12076,#12077);
#10605=AXIS2_PLACEMENT_3D('',#15401,#12078,#12079);
#10606=AXIS2_PLACEMENT_3D('',#15403,#12080,#12081);
#10607=AXIS2_PLACEMENT_3D('',#15405,#12082,#12083);
#10608=AXIS2_PLACEMENT_3D('',#15407,#12084,#12085);
#10609=AXIS2_PLACEMENT_3D('',#15409,#12086,#12087);
#10610=AXIS2_PLACEMENT_3D('',#15413,#12089,#12090);
#10611=AXIS2_PLACEMENT_3D('',#15415,#12091,#12092);
#10612=AXIS2_PLACEMENT_3D('',#15417,#12093,#12094);
#10613=AXIS2_PLACEMENT_3D('',#15419,#12095,#12096);
#10614=AXIS2_PLACEMENT_3D('',#15421,#12097,#12098);
#10615=AXIS2_PLACEMENT_3D('',#15423,#12099,#12100);
#10616=AXIS2_PLACEMENT_3D('',#15425,#12101,#12102);
#10617=AXIS2_PLACEMENT_3D('',#15427,#12103,#12104);
#10618=AXIS2_PLACEMENT_3D('',#15429,#12105,#12106);
#10619=AXIS2_PLACEMENT_3D('',#15431,#12107,#12108);
#10620=AXIS2_PLACEMENT_3D('',#15433,#12109,#12110);
#10621=AXIS2_PLACEMENT_3D('',#15435,#12111,#12112);
#10622=AXIS2_PLACEMENT_3D('',#15437,#12113,#12114);
#10623=AXIS2_PLACEMENT_3D('',#15439,#12115,#12116);
#10624=AXIS2_PLACEMENT_3D('',#15441,#12117,#12118);
#10625=AXIS2_PLACEMENT_3D('',#15443,#12119,#12120);
#10626=AXIS2_PLACEMENT_3D('',#15445,#12121,#12122);
#10627=AXIS2_PLACEMENT_3D('',#15447,#12123,#12124);
#10628=AXIS2_PLACEMENT_3D('',#15449,#12125,#12126);
#10629=AXIS2_PLACEMENT_3D('',#15451,#12127,#12128);
#10630=AXIS2_PLACEMENT_3D('',#15453,#12129,#12130);
#10631=AXIS2_PLACEMENT_3D('',#15455,#12131,#12132);
#10632=AXIS2_PLACEMENT_3D('',#15457,#12133,#12134);
#10633=AXIS2_PLACEMENT_3D('',#15459,#12135,#12136);
#10634=AXIS2_PLACEMENT_3D('',#15461,#12137,#12138);
#10635=AXIS2_PLACEMENT_3D('',#15463,#12139,#12140);
#10636=AXIS2_PLACEMENT_3D('',#15465,#12141,#12142);
#10637=AXIS2_PLACEMENT_3D('',#15467,#12143,#12144);
#10638=AXIS2_PLACEMENT_3D('',#15469,#12145,#12146);
#10639=AXIS2_PLACEMENT_3D('',#15471,#12147,#12148);
#10640=AXIS2_PLACEMENT_3D('',#15473,#12149,#12150);
#10641=AXIS2_PLACEMENT_3D('',#15475,#12151,#12152);
#10642=AXIS2_PLACEMENT_3D('',#15477,#12153,#12154);
#10643=AXIS2_PLACEMENT_3D('',#15479,#12155,#12156);
#10644=AXIS2_PLACEMENT_3D('',#15487,#12160,#12161);
#10645=AXIS2_PLACEMENT_3D('',#15489,#12162,#12163);
#10646=AXIS2_PLACEMENT_3D('',#15491,#12164,#12165);
#10647=AXIS2_PLACEMENT_3D('',#15493,#12166,#12167);
#10648=AXIS2_PLACEMENT_3D('',#15495,#12168,#12169);
#10649=AXIS2_PLACEMENT_3D('',#15497,#12170,#12171);
#10650=AXIS2_PLACEMENT_3D('',#15499,#12172,#12173);
#10651=AXIS2_PLACEMENT_3D('',#15501,#12174,#12175);
#10652=AXIS2_PLACEMENT_3D('',#15503,#12176,#12177);
#10653=AXIS2_PLACEMENT_3D('',#15505,#12178,#12179);
#10654=AXIS2_PLACEMENT_3D('',#15507,#12180,#12181);
#10655=AXIS2_PLACEMENT_3D('',#15509,#12182,#12183);
#10656=AXIS2_PLACEMENT_3D('',#15511,#12184,#12185);
#10657=AXIS2_PLACEMENT_3D('',#15513,#12186,#12187);
#10658=AXIS2_PLACEMENT_3D('',#15515,#12188,#12189);
#10659=AXIS2_PLACEMENT_3D('',#15517,#12190,#12191);
#10660=AXIS2_PLACEMENT_3D('',#15519,#12192,#12193);
#10661=AXIS2_PLACEMENT_3D('',#15521,#12194,#12195);
#10662=AXIS2_PLACEMENT_3D('',#15523,#12196,#12197);
#10663=AXIS2_PLACEMENT_3D('',#15525,#12198,#12199);
#10664=AXIS2_PLACEMENT_3D('',#15527,#12200,#12201);
#10665=AXIS2_PLACEMENT_3D('',#15529,#12202,#12203);
#10666=AXIS2_PLACEMENT_3D('',#15531,#12204,#12205);
#10667=AXIS2_PLACEMENT_3D('',#15533,#12206,#12207);
#10668=AXIS2_PLACEMENT_3D('',#15535,#12208,#12209);
#10669=AXIS2_PLACEMENT_3D('',#15537,#12210,#12211);
#10670=AXIS2_PLACEMENT_3D('',#15539,#12212,#12213);
#10671=AXIS2_PLACEMENT_3D('',#15541,#12214,#12215);
#10672=AXIS2_PLACEMENT_3D('',#15543,#12216,#12217);
#10673=AXIS2_PLACEMENT_3D('',#15545,#12218,#12219);
#10674=AXIS2_PLACEMENT_3D('',#15547,#12220,#12221);
#10675=AXIS2_PLACEMENT_3D('',#15549,#12222,#12223);
#10676=AXIS2_PLACEMENT_3D('',#15551,#12224,#12225);
#10677=AXIS2_PLACEMENT_3D('',#15553,#12226,#12227);
#10678=AXIS2_PLACEMENT_3D('',#15555,#12228,#12229);
#10679=AXIS2_PLACEMENT_3D('',#15557,#12230,#12231);
#10680=AXIS2_PLACEMENT_3D('',#15559,#12232,#12233);
#10681=AXIS2_PLACEMENT_3D('',#15561,#12234,#12235);
#10682=AXIS2_PLACEMENT_3D('',#15563,#12236,#12237);
#10683=AXIS2_PLACEMENT_3D('',#15565,#12238,#12239);
#10684=AXIS2_PLACEMENT_3D('',#15567,#12240,#12241);
#10685=AXIS2_PLACEMENT_3D('',#15569,#12242,#12243);
#10686=AXIS2_PLACEMENT_3D('',#15571,#12244,#12245);
#10687=AXIS2_PLACEMENT_3D('',#15573,#12246,#12247);
#10688=AXIS2_PLACEMENT_3D('',#15575,#12248,#12249);
#10689=AXIS2_PLACEMENT_3D('',#15577,#12250,#12251);
#10690=AXIS2_PLACEMENT_3D('',#15579,#12252,#12253);
#10691=AXIS2_PLACEMENT_3D('',#15581,#12254,#12255);
#10692=AXIS2_PLACEMENT_3D('',#15583,#12256,#12257);
#10693=AXIS2_PLACEMENT_3D('',#15585,#12258,#12259);
#10694=AXIS2_PLACEMENT_3D('',#15587,#12260,#12261);
#10695=AXIS2_PLACEMENT_3D('',#15589,#12262,#12263);
#10696=AXIS2_PLACEMENT_3D('',#15591,#12264,#12265);
#10697=AXIS2_PLACEMENT_3D('',#15593,#12266,#12267);
#10698=AXIS2_PLACEMENT_3D('',#15595,#12268,#12269);
#10699=AXIS2_PLACEMENT_3D('',#15597,#12270,#12271);
#10700=AXIS2_PLACEMENT_3D('',#15599,#12273,#12274);
#10701=AXIS2_PLACEMENT_3D('',#15601,#12275,#12276);
#10702=AXIS2_PLACEMENT_3D('',#15603,#12277,#12278);
#10703=AXIS2_PLACEMENT_3D('',#15604,#12279,#12280);
#10704=AXIS2_PLACEMENT_3D('',#15606,#12281,#12282);
#10705=AXIS2_PLACEMENT_3D('',#15607,#12283,#12284);
#10706=AXIS2_PLACEMENT_3D('',#15610,#12285,#12286);
#10707=AXIS2_PLACEMENT_3D('',#15612,#12287,#12288);
#10708=AXIS2_PLACEMENT_3D('',#15614,#12289,#12290);
#10709=AXIS2_PLACEMENT_3D('',#15618,#12292,#12293);
#10710=AXIS2_PLACEMENT_3D('',#15620,#12294,#12295);
#10711=AXIS2_PLACEMENT_3D('',#15622,#12296,#12297);
#10712=AXIS2_PLACEMENT_3D('',#15625,#12299,#12300);
#10713=AXIS2_PLACEMENT_3D('',#15627,#12301,#12302);
#10714=AXIS2_PLACEMENT_3D('',#15628,#12303,#12304);
#10715=AXIS2_PLACEMENT_3D('',#15631,#12307,#12308);
#10716=AXIS2_PLACEMENT_3D('',#15633,#12310,#12311);
#10717=AXIS2_PLACEMENT_3D('',#15635,#12313,#12314);
#10718=AXIS2_PLACEMENT_3D('',#15637,#12316,#12317);
#10719=AXIS2_PLACEMENT_3D('',#15639,#12319,#12320);
#10720=AXIS2_PLACEMENT_3D('',#15641,#12322,#12323);
#10721=AXIS2_PLACEMENT_3D('',#15643,#12325,#12326);
#10722=AXIS2_PLACEMENT_3D('',#15644,#12327,#12328);
#10723=AXIS2_PLACEMENT_3D('',#15646,#12330,#12331);
#10724=AXIS2_PLACEMENT_3D('',#15648,#12333,#12334);
#10725=AXIS2_PLACEMENT_3D('',#15651,#12335,#12336);
#10726=AXIS2_PLACEMENT_3D('',#15655,#12338,#12339);
#10727=AXIS2_PLACEMENT_3D('',#15658,#12341,#12342);
#10728=AXIS2_PLACEMENT_3D('',#15659,#12343,#12344);
#10729=AXIS2_PLACEMENT_3D('',#15663,#12346,#12347);
#10730=AXIS2_PLACEMENT_3D('',#15665,#12348,#12349);
#10731=AXIS2_PLACEMENT_3D('',#15666,#12350,#12351);
#10732=AXIS2_PLACEMENT_3D('',#15667,#12352,#12353);
#10733=AXIS2_PLACEMENT_3D('',#15672,#12355,#12356);
#10734=AXIS2_PLACEMENT_3D('',#15674,#12357,#12358);
#10735=AXIS2_PLACEMENT_3D('',#15675,#12359,#12360);
#10736=AXIS2_PLACEMENT_3D('',#15676,#12361,#12362);
#10737=AXIS2_PLACEMENT_3D('',#15681,#12364,#12365);
#10738=AXIS2_PLACEMENT_3D('',#15683,#12366,#12367);
#10739=AXIS2_PLACEMENT_3D('',#15684,#12368,#12369);
#10740=AXIS2_PLACEMENT_3D('',#15685,#12370,#12371);
#10741=AXIS2_PLACEMENT_3D('',#15690,#12373,#12374);
#10742=AXIS2_PLACEMENT_3D('',#15692,#12375,#12376);
#10743=AXIS2_PLACEMENT_3D('',#15694,#12377,#12378);
#10744=AXIS2_PLACEMENT_3D('',#15696,#12379,#12380);
#10745=AXIS2_PLACEMENT_3D('',#15698,#12381,#12382);
#10746=AXIS2_PLACEMENT_3D('',#15700,#12383,#12384);
#10747=AXIS2_PLACEMENT_3D('',#15702,#12385,#12386);
#10748=AXIS2_PLACEMENT_3D('',#15703,#12387,#12388);
#10749=AXIS2_PLACEMENT_3D('',#15705,#12390,#12391);
#10750=AXIS2_PLACEMENT_3D('',#15709,#12393,#12394);
#10751=AXIS2_PLACEMENT_3D('',#15713,#12397,#12398);
#10752=AXIS2_PLACEMENT_3D('',#15716,#12399,#12400);
#10753=AXIS2_PLACEMENT_3D('',#15720,#12402,#12403);
#10754=AXIS2_PLACEMENT_3D('',#15722,#12405,#12406);
#10755=AXIS2_PLACEMENT_3D('',#15725,#12407,#12408);
#10756=AXIS2_PLACEMENT_3D('',#15728,#12411,#12412);
#10757=AXIS2_PLACEMENT_3D('',#15731,#12413,#12414);
#10758=AXIS2_PLACEMENT_3D('',#15734,#12417,#12418);
#10759=AXIS2_PLACEMENT_3D('',#15739,#12420,#12421);
#10760=AXIS2_PLACEMENT_3D('',#15741,#12422,#12423);
#10761=AXIS2_PLACEMENT_3D('',#15743,#12424,#12425);
#10762=AXIS2_PLACEMENT_3D('',#15745,#12426,#12427);
#10763=AXIS2_PLACEMENT_3D('',#15747,#12428,#12429);
#10764=AXIS2_PLACEMENT_3D('',#15749,#12430,#12431);
#10765=AXIS2_PLACEMENT_3D('',#15751,#12432,#12433);
#10766=AXIS2_PLACEMENT_3D('',#15753,#12434,#12435);
#10767=AXIS2_PLACEMENT_3D('',#15755,#12436,#12437);
#10768=AXIS2_PLACEMENT_3D('',#15757,#12438,#12439);
#10769=AXIS2_PLACEMENT_3D('',#15759,#12440,#12441);
#10770=AXIS2_PLACEMENT_3D('',#15761,#12442,#12443);
#10771=AXIS2_PLACEMENT_3D('',#15763,#12444,#12445);
#10772=AXIS2_PLACEMENT_3D('',#15765,#12446,#12447);
#10773=AXIS2_PLACEMENT_3D('',#15767,#12448,#12449);
#10774=AXIS2_PLACEMENT_3D('',#15769,#12450,#12451);
#10775=AXIS2_PLACEMENT_3D('',#15771,#12452,#12453);
#10776=AXIS2_PLACEMENT_3D('',#15773,#12454,#12455);
#10777=AXIS2_PLACEMENT_3D('',#15775,#12456,#12457);
#10778=AXIS2_PLACEMENT_3D('',#15777,#12458,#12459);
#10779=AXIS2_PLACEMENT_3D('',#15779,#12460,#12461);
#10780=AXIS2_PLACEMENT_3D('',#15781,#12462,#12463);
#10781=AXIS2_PLACEMENT_3D('',#15783,#12464,#12465);
#10782=AXIS2_PLACEMENT_3D('',#15785,#12466,#12467);
#10783=AXIS2_PLACEMENT_3D('',#15787,#12468,#12469);
#10784=AXIS2_PLACEMENT_3D('',#15789,#12470,#12471);
#10785=AXIS2_PLACEMENT_3D('',#15791,#12472,#12473);
#10786=AXIS2_PLACEMENT_3D('',#15793,#12474,#12475);
#10787=AXIS2_PLACEMENT_3D('',#15795,#12476,#12477);
#10788=AXIS2_PLACEMENT_3D('',#15797,#12478,#12479);
#10789=AXIS2_PLACEMENT_3D('',#15799,#12480,#12481);
#10790=AXIS2_PLACEMENT_3D('',#15801,#12482,#12483);
#10791=AXIS2_PLACEMENT_3D('',#15803,#12484,#12485);
#10792=AXIS2_PLACEMENT_3D('',#15805,#12486,#12487);
#10793=AXIS2_PLACEMENT_3D('',#15807,#12488,#12489);
#10794=AXIS2_PLACEMENT_3D('',#15808,#12490,#12491);
#10795=AXIS2_PLACEMENT_3D('',#15810,#12492,#12493);
#10796=AXIS2_PLACEMENT_3D('',#15812,#12494,#12495);
#10797=AXIS2_PLACEMENT_3D('',#15813,#12496,#12497);
#10798=AXIS2_PLACEMENT_3D('',#15815,#12498,#12499);
#10799=AXIS2_PLACEMENT_3D('',#15817,#12500,#12501);
#10800=AXIS2_PLACEMENT_3D('',#15819,#12502,#12503);
#10801=AXIS2_PLACEMENT_3D('',#15821,#12504,#12505);
#10802=AXIS2_PLACEMENT_3D('',#15825,#12507,#12508);
#10803=AXIS2_PLACEMENT_3D('',#15827,#12509,#12510);
#10804=AXIS2_PLACEMENT_3D('',#15829,#12511,#12512);
#10805=AXIS2_PLACEMENT_3D('',#15831,#12513,#12514);
#10806=AXIS2_PLACEMENT_3D('',#15833,#12515,#12516);
#10807=AXIS2_PLACEMENT_3D('',#15835,#12517,#12518);
#10808=AXIS2_PLACEMENT_3D('',#15837,#12519,#12520);
#10809=AXIS2_PLACEMENT_3D('',#15839,#12521,#12522);
#10810=AXIS2_PLACEMENT_3D('',#15841,#12523,#12524);
#10811=AXIS2_PLACEMENT_3D('',#15843,#12525,#12526);
#10812=AXIS2_PLACEMENT_3D('',#15845,#12527,#12528);
#10813=AXIS2_PLACEMENT_3D('',#15847,#12529,#12530);
#10814=AXIS2_PLACEMENT_3D('',#15849,#12531,#12532);
#10815=AXIS2_PLACEMENT_3D('',#15851,#12533,#12534);
#10816=AXIS2_PLACEMENT_3D('',#15853,#12535,#12536);
#10817=AXIS2_PLACEMENT_3D('',#15855,#12537,#12538);
#10818=AXIS2_PLACEMENT_3D('',#15857,#12539,#12540);
#10819=AXIS2_PLACEMENT_3D('',#15859,#12541,#12542);
#10820=AXIS2_PLACEMENT_3D('',#15861,#12543,#12544);
#10821=AXIS2_PLACEMENT_3D('',#15863,#12545,#12546);
#10822=AXIS2_PLACEMENT_3D('',#15865,#12547,#12548);
#10823=AXIS2_PLACEMENT_3D('',#15867,#12549,#12550);
#10824=AXIS2_PLACEMENT_3D('',#15869,#12551,#12552);
#10825=AXIS2_PLACEMENT_3D('',#15871,#12553,#12554);
#10826=AXIS2_PLACEMENT_3D('',#15873,#12555,#12556);
#10827=AXIS2_PLACEMENT_3D('',#15875,#12557,#12558);
#10828=AXIS2_PLACEMENT_3D('',#15877,#12559,#12560);
#10829=AXIS2_PLACEMENT_3D('',#15879,#12561,#12562);
#10830=AXIS2_PLACEMENT_3D('',#15881,#12563,#12564);
#10831=AXIS2_PLACEMENT_3D('',#15883,#12565,#12566);
#10832=AXIS2_PLACEMENT_3D('',#15885,#12567,#12568);
#10833=AXIS2_PLACEMENT_3D('',#15887,#12569,#12570);
#10834=AXIS2_PLACEMENT_3D('',#15889,#12571,#12572);
#10835=AXIS2_PLACEMENT_3D('',#15891,#12573,#12574);
#10836=AXIS2_PLACEMENT_3D('',#15893,#12575,#12576);
#10837=AXIS2_PLACEMENT_3D('',#15895,#12577,#12578);
#10838=AXIS2_PLACEMENT_3D('',#15897,#12579,#12580);
#10839=AXIS2_PLACEMENT_3D('',#15899,#12581,#12582);
#10840=AXIS2_PLACEMENT_3D('',#15901,#12583,#12584);
#10841=AXIS2_PLACEMENT_3D('',#15903,#12585,#12586);
#10842=AXIS2_PLACEMENT_3D('',#15906,#12588,#12589);
#10843=AXIS2_PLACEMENT_3D('',#15908,#12590,#12591);
#10844=AXIS2_PLACEMENT_3D('',#15911,#12592,#12593);
#10845=AXIS2_PLACEMENT_3D('',#15915,#12595,#12596);
#10846=AXIS2_PLACEMENT_3D('',#15919,#12598,#12599);
#10847=AXIS2_PLACEMENT_3D('',#15923,#12601,#12602);
#10848=AXIS2_PLACEMENT_3D('',#15925,#12604,#12605);
#10849=AXIS2_PLACEMENT_3D('',#15928,#12608,#12609);
#10850=AXIS2_PLACEMENT_3D('',#15930,#12611,#12612);
#10851=AXIS2_PLACEMENT_3D('',#15932,#12614,#12615);
#10852=AXIS2_PLACEMENT_3D('',#15934,#12617,#12618);
#10853=AXIS2_PLACEMENT_3D('',#15936,#12620,#12621);
#10854=AXIS2_PLACEMENT_3D('',#15938,#12623,#12624);
#10855=AXIS2_PLACEMENT_3D('',#15940,#12626,#12627);
#10856=AXIS2_PLACEMENT_3D('',#15942,#12629,#12630);
#10857=AXIS2_PLACEMENT_3D('',#15944,#12632,#12633);
#10858=AXIS2_PLACEMENT_3D('',#15946,#12635,#12636);
#10859=AXIS2_PLACEMENT_3D('',#15948,#12638,#12639);
#10860=AXIS2_PLACEMENT_3D('',#15950,#12641,#12642);
#10861=AXIS2_PLACEMENT_3D('',#15952,#12644,#12645);
#10862=AXIS2_PLACEMENT_3D('',#15954,#12647,#12648);
#10863=AXIS2_PLACEMENT_3D('',#15956,#12650,#12651);
#10864=AXIS2_PLACEMENT_3D('',#15958,#12653,#12654);
#10865=AXIS2_PLACEMENT_3D('',#15960,#12656,#12657);
#10866=AXIS2_PLACEMENT_3D('',#15962,#12659,#12660);
#10867=AXIS2_PLACEMENT_3D('',#15964,#12662,#12663);
#10868=AXIS2_PLACEMENT_3D('',#15966,#12665,#12666);
#10869=AXIS2_PLACEMENT_3D('',#15968,#12668,#12669);
#10870=AXIS2_PLACEMENT_3D('',#15970,#12671,#12672);
#10871=AXIS2_PLACEMENT_3D('',#15972,#12674,#12675);
#10872=AXIS2_PLACEMENT_3D('',#15974,#12677,#12678);
#10873=AXIS2_PLACEMENT_3D('',#15976,#12680,#12681);
#10874=AXIS2_PLACEMENT_3D('',#15978,#12683,#12684);
#10875=AXIS2_PLACEMENT_3D('',#15980,#12686,#12687);
#10876=AXIS2_PLACEMENT_3D('',#15982,#12689,#12690);
#10877=AXIS2_PLACEMENT_3D('',#15984,#12692,#12693);
#10878=AXIS2_PLACEMENT_3D('',#15986,#12695,#12696);
#10879=AXIS2_PLACEMENT_3D('',#15988,#12698,#12699);
#10880=AXIS2_PLACEMENT_3D('',#15990,#12701,#12702);
#10881=AXIS2_PLACEMENT_3D('',#15992,#12704,#12705);
#10882=AXIS2_PLACEMENT_3D('',#15994,#12707,#12708);
#10883=AXIS2_PLACEMENT_3D('',#15996,#12710,#12711);
#10884=AXIS2_PLACEMENT_3D('',#15998,#12713,#12714);
#10885=AXIS2_PLACEMENT_3D('',#16000,#12716,#12717);
#10886=AXIS2_PLACEMENT_3D('',#16002,#12719,#12720);
#10887=AXIS2_PLACEMENT_3D('',#16004,#12722,#12723);
#10888=AXIS2_PLACEMENT_3D('',#16006,#12724,#12725);
#10889=AXIS2_PLACEMENT_3D('',#16008,#12727,#12728);
#10890=AXIS2_PLACEMENT_3D('',#16011,#12729,#12730);
#10891=AXIS2_PLACEMENT_3D('',#16014,#12733,#12734);
#10892=AXIS2_PLACEMENT_3D('',#16015,#12735,#12736);
#10893=AXIS2_PLACEMENT_3D('',#16017,#12738,#12739);
#10894=AXIS2_PLACEMENT_3D('',#16019,#12741,#12742);
#10895=AXIS2_PLACEMENT_3D('',#16021,#12743,#12744);
#10896=AXIS2_PLACEMENT_3D('',#16023,#12746,#12747);
#10897=AXIS2_PLACEMENT_3D('',#16025,#12748,#12749);
#10898=AXIS2_PLACEMENT_3D('',#16027,#12751,#12752);
#10899=AXIS2_PLACEMENT_3D('',#16028,#12753,#12754);
#10900=AXIS2_PLACEMENT_3D('',#16030,#12756,#12757);
#10901=AXIS2_PLACEMENT_3D('',#16032,#12759,#12760);
#10902=AXIS2_PLACEMENT_3D('',#16034,#12761,#12762);
#10903=AXIS2_PLACEMENT_3D('',#16036,#12764,#12765);
#10904=AXIS2_PLACEMENT_3D('',#16038,#12766,#12767);
#10905=AXIS2_PLACEMENT_3D('',#16040,#12769,#12770);
#10906=AXIS2_PLACEMENT_3D('',#16041,#12771,#12772);
#10907=AXIS2_PLACEMENT_3D('',#16043,#12774,#12775);
#10908=AXIS2_PLACEMENT_3D('',#16045,#12777,#12778);
#10909=AXIS2_PLACEMENT_3D('',#16047,#12780,#12781);
#10910=AXIS2_PLACEMENT_3D('',#16049,#12783,#12784);
#10911=AXIS2_PLACEMENT_3D('',#16051,#12786,#12787);
#10912=AXIS2_PLACEMENT_3D('',#16053,#12789,#12790);
#10913=AXIS2_PLACEMENT_3D('',#16055,#12792,#12793);
#10914=AXIS2_PLACEMENT_3D('',#16057,#12795,#12796);
#10915=AXIS2_PLACEMENT_3D('',#16059,#12798,#12799);
#10916=AXIS2_PLACEMENT_3D('',#16061,#12801,#12802);
#10917=AXIS2_PLACEMENT_3D('',#16063,#12804,#12805);
#10918=AXIS2_PLACEMENT_3D('',#16065,#12807,#12808);
#10919=AXIS2_PLACEMENT_3D('',#16067,#12810,#12811);
#10920=AXIS2_PLACEMENT_3D('',#16069,#12813,#12814);
#10921=AXIS2_PLACEMENT_3D('',#16071,#12816,#12817);
#10922=AXIS2_PLACEMENT_3D('',#16073,#12819,#12820);
#10923=AXIS2_PLACEMENT_3D('',#16075,#12822,#12823);
#10924=AXIS2_PLACEMENT_3D('',#16077,#12825,#12826);
#10925=AXIS2_PLACEMENT_3D('',#16079,#12828,#12829);
#10926=AXIS2_PLACEMENT_3D('',#16081,#12831,#12832);
#10927=AXIS2_PLACEMENT_3D('',#16083,#12834,#12835);
#10928=AXIS2_PLACEMENT_3D('',#16085,#12837,#12838);
#10929=AXIS2_PLACEMENT_3D('',#16087,#12840,#12841);
#10930=AXIS2_PLACEMENT_3D('',#16089,#12843,#12844);
#10931=AXIS2_PLACEMENT_3D('',#16092,#12847,#12848);
#10932=AXIS2_PLACEMENT_3D('',#16095,#12851,#12852);
#10933=AXIS2_PLACEMENT_3D('',#16096,#12853,#12854);
#10934=AXIS2_PLACEMENT_3D('',#16098,#12856,#12857);
#10935=AXIS2_PLACEMENT_3D('',#16101,#12860,#12861);
#10936=AXIS2_PLACEMENT_3D('',#16103,#12863,#12864);
#10937=AXIS2_PLACEMENT_3D('',#16105,#12866,#12867);
#10938=AXIS2_PLACEMENT_3D('',#16106,#12868,#12869);
#10939=AXIS2_PLACEMENT_3D('',#16107,#12870,#12871);
#10940=AXIS2_PLACEMENT_3D('',#16112,#12875,#12876);
#10941=AXIS2_PLACEMENT_3D('',#16114,#12877,#12878);
#10942=AXIS2_PLACEMENT_3D('',#16116,#12880,#12881);
#10943=AXIS2_PLACEMENT_3D('',#16119,#12884,#12885);
#10944=AXIS2_PLACEMENT_3D('',#16121,#12887,#12888);
#10945=AXIS2_PLACEMENT_3D('',#16125,#12891,#12892);
#10946=AXIS2_PLACEMENT_3D('',#16127,#12893,#12894);
#10947=AXIS2_PLACEMENT_3D('',#16129,#12896,#12897);
#10948=AXIS2_PLACEMENT_3D('',#16132,#12900,#12901);
#10949=AXIS2_PLACEMENT_3D('',#16133,#12902,#12903);
#10950=AXIS2_PLACEMENT_3D('',#16135,#12905,#12906);
#10951=AXIS2_PLACEMENT_3D('',#16137,#12908,#12909);
#10952=AXIS2_PLACEMENT_3D('',#16138,#12910,#12911);
#10953=AXIS2_PLACEMENT_3D('',#16140,#12913,#12914);
#10954=AXIS2_PLACEMENT_3D('',#16142,#12916,#12917);
#10955=AXIS2_PLACEMENT_3D('',#16143,#12918,#12919);
#10956=AXIS2_PLACEMENT_3D('',#16144,#12920,#12921);
#10957=AXIS2_PLACEMENT_3D('',#16145,#12922,#12923);
#10958=AXIS2_PLACEMENT_3D('',#16147,#12925,#12926);
#10959=AXIS2_PLACEMENT_3D('',#16150,#12928,#12929);
#10960=AXIS2_PLACEMENT_3D('',#16151,#12930,#12931);
#10961=AXIS2_PLACEMENT_3D('',#16153,#12933,#12934);
#10962=AXIS2_PLACEMENT_3D('',#16155,#12936,#12937);
#10963=AXIS2_PLACEMENT_3D('',#16156,#12938,#12939);
#10964=AXIS2_PLACEMENT_3D('',#16157,#12940,#12941);
#10965=AXIS2_PLACEMENT_3D('',#16159,#12942,#12943);
#10966=AXIS2_PLACEMENT_3D('',#16161,#12944,#12945);
#10967=AXIS2_PLACEMENT_3D('',#16162,#12946,#12947);
#10968=AXIS2_PLACEMENT_3D('',#16166,#12951,#12952);
#10969=AXIS2_PLACEMENT_3D('',#16169,#12953,#12954);
#10970=AXIS2_PLACEMENT_3D('',#16173,#12956,#12957);
#10971=AXIS2_PLACEMENT_3D('',#16175,#12958,#12959);
#10972=AXIS2_PLACEMENT_3D('',#16177,#12960,#12961);
#10973=AXIS2_PLACEMENT_3D('',#16181,#12963,#12964);
#10974=AXIS2_PLACEMENT_3D('',#16182,#12965,#12966);
#10975=AXIS2_PLACEMENT_3D('',#16184,#12967,#12968);
#10976=AXIS2_PLACEMENT_3D('',#16186,#12969,#12970);
#10977=AXIS2_PLACEMENT_3D('',#16187,#12971,#12972);
#10978=AXIS2_PLACEMENT_3D('',#16190,#12975,#12976);
#10979=AXIS2_PLACEMENT_3D('',#16192,#12978,#12979);
#10980=AXIS2_PLACEMENT_3D('',#16194,#12981,#12982);
#10981=AXIS2_PLACEMENT_3D('',#16196,#12984,#12985);
#10982=AXIS2_PLACEMENT_3D('',#16198,#12987,#12988);
#10983=AXIS2_PLACEMENT_3D('',#16200,#12990,#12991);
#10984=AXIS2_PLACEMENT_3D('',#16202,#12993,#12994);
#10985=AXIS2_PLACEMENT_3D('',#16203,#12995,#12996);
#10986=AXIS2_PLACEMENT_3D('',#16205,#12998,#12999);
#10987=AXIS2_PLACEMENT_3D('',#16207,#13001,#13002);
#10988=AXIS2_PLACEMENT_3D('',#16210,#13003,#13004);
#10989=AXIS2_PLACEMENT_3D('',#16214,#13006,#13007);
#10990=AXIS2_PLACEMENT_3D('',#16215,#13008,#13009);
#10991=AXIS2_PLACEMENT_3D('',#16230,#13011,#13012);
#10992=AXIS2_PLACEMENT_3D('',#16233,#13014,#13015);
#10993=AXIS2_PLACEMENT_3D('',#16234,#13016,#13017);
#10994=AXIS2_PLACEMENT_3D('',#16236,#13018,#13019);
#10995=AXIS2_PLACEMENT_3D('',#16239,#13021,#13022);
#10996=AXIS2_PLACEMENT_3D('',#16240,#13023,#13024);
#10997=AXIS2_PLACEMENT_3D('',#16242,#13025,#13026);
#10998=AXIS2_PLACEMENT_3D('',#16245,#13028,#13029);
#10999=AXIS2_PLACEMENT_3D('',#16246,#13030,#13031);
#11000=AXIS2_PLACEMENT_3D('',#16248,#13032,#13033);
#11001=AXIS2_PLACEMENT_3D('',#16251,#13035,#13036);
#11002=AXIS2_PLACEMENT_3D('',#16252,#13037,#13038);
#11003=AXIS2_PLACEMENT_3D('',#16254,#13039,#13040);
#11004=AXIS2_PLACEMENT_3D('',#16257,#13042,#13043);
#11005=AXIS2_PLACEMENT_3D('',#16258,#13044,#13045);
#11006=AXIS2_PLACEMENT_3D('',#16261,#13046,#13047);
#11007=AXIS2_PLACEMENT_3D('',#16265,#13049,#13050);
#11008=AXIS2_PLACEMENT_3D('',#16267,#13052,#13053);
#11009=AXIS2_PLACEMENT_3D('',#16273,#13057,#13058);
#11010=AXIS2_PLACEMENT_3D('',#16279,#13062,#13063);
#11011=AXIS2_PLACEMENT_3D('',#16283,#13065,#13066);
#11012=AXIS2_PLACEMENT_3D('',#16287,#13068,#13069);
#11013=AXIS2_PLACEMENT_3D('',#16291,#13071,#13072);
#11014=AXIS2_PLACEMENT_3D('',#16293,#13074,#13075);
#11015=AXIS2_PLACEMENT_3D('',#16295,#13076,#13077);
#11016=AXIS2_PLACEMENT_3D('',#16297,#13079,#13080);
#11017=AXIS2_PLACEMENT_3D('',#16300,#13081,#13082);
#11018=AXIS2_PLACEMENT_3D('',#16303,#13084,#13085);
#11019=AXIS2_PLACEMENT_3D('',#16305,#13086,#13087);
#11020=AXIS2_PLACEMENT_3D('',#16306,#13088,#13089);
#11021=AXIS2_PLACEMENT_3D('',#16307,#13090,#13091);
#11022=AXIS2_PLACEMENT_3D('',#16311,#13093,#13094);
#11023=AXIS2_PLACEMENT_3D('',#16313,#13096,#13097);
#11024=AXIS2_PLACEMENT_3D('',#16317,#13099,#13100);
#11025=AXIS2_PLACEMENT_3D('',#16322,#13103,#13104);
#11026=AXIS2_PLACEMENT_3D('',#16324,#13106,#13107);
#11027=AXIS2_PLACEMENT_3D('',#16326,#13109,#13110);
#11028=AXIS2_PLACEMENT_3D('',#16328,#13112,#13113);
#11029=AXIS2_PLACEMENT_3D('',#16330,#13115,#13116);
#11030=AXIS2_PLACEMENT_3D('',#16332,#13118,#13119);
#11031=AXIS2_PLACEMENT_3D('',#16334,#13121,#13122);
#11032=AXIS2_PLACEMENT_3D('',#16336,#13124,#13125);
#11033=AXIS2_PLACEMENT_3D('',#16337,#13126,#13127);
#11034=AXIS2_PLACEMENT_3D('',#16341,#13130,#13131);
#11035=AXIS2_PLACEMENT_3D('',#16345,#13134,#13135);
#11036=AXIS2_PLACEMENT_3D('',#16348,#13138,#13139);
#11037=AXIS2_PLACEMENT_3D('',#16350,#13140,#13141);
#11038=AXIS2_PLACEMENT_3D('',#16351,#13142,#13143);
#11039=AXIS2_PLACEMENT_3D('',#16354,#13145,#13146);
#11040=AXIS2_PLACEMENT_3D('',#16355,#13147,#13148);
#11041=AXIS2_PLACEMENT_3D('',#16357,#13149,#13150);
#11042=AXIS2_PLACEMENT_3D('',#16358,#13151,#13152);
#11043=AXIS2_PLACEMENT_3D('',#16361,#13154,#13155);
#11044=AXIS2_PLACEMENT_3D('',#16362,#13156,#13157);
#11045=AXIS2_PLACEMENT_3D('',#16365,#13158,#13159);
#11046=AXIS2_PLACEMENT_3D('',#16368,#13162,#13163);
#11047=AXIS2_PLACEMENT_3D('',#16378,#13168,#13169);
#11048=AXIS2_PLACEMENT_3D('',#16379,#13170,#13171);
#11049=AXIS2_PLACEMENT_3D('',#16386,#13174,#13175);
#11050=AXIS2_PLACEMENT_3D('',#16397,#13182,#13183);
#11051=AXIS2_PLACEMENT_3D('',#16400,#13186,#13187);
#11052=AXIS2_PLACEMENT_3D('',#16403,#13190,#13191);
#11053=AXIS2_PLACEMENT_3D('',#16405,#13193,#13194);
#11054=AXIS2_PLACEMENT_3D('',#16407,#13196,#13197);
#11055=AXIS2_PLACEMENT_3D('',#16409,#13199,#13200);
#11056=AXIS2_PLACEMENT_3D('',#16411,#13202,#13203);
#11057=AXIS2_PLACEMENT_3D('',#16413,#13205,#13206);
#11058=AXIS2_PLACEMENT_3D('',#16415,#13208,#13209);
#11059=AXIS2_PLACEMENT_3D('',#16417,#13211,#13212);
#11060=AXIS2_PLACEMENT_3D('',#16419,#13214,#13215);
#11061=AXIS2_PLACEMENT_3D('',#16424,#13219,#13220);
#11062=AXIS2_PLACEMENT_3D('',#16426,#13222,#13223);
#11063=AXIS2_PLACEMENT_3D('',#16428,#13225,#13226);
#11064=AXIS2_PLACEMENT_3D('',#16429,#13227,#13228);
#11065=AXIS2_PLACEMENT_3D('',#16431,#13230,#13231);
#11066=AXIS2_PLACEMENT_3D('',#16432,#13232,#13233);
#11067=AXIS2_PLACEMENT_3D('',#16434,#13234,#13235);
#11068=AXIS2_PLACEMENT_3D('',#16435,#13236,#13237);
#11069=AXIS2_PLACEMENT_3D('',#16436,#13238,#13239);
#11070=AXIS2_PLACEMENT_3D('',#16440,#13241,#13242);
#11071=AXIS2_PLACEMENT_3D('',#16442,#13243,#13244);
#11072=AXIS2_PLACEMENT_3D('',#16444,#13245,#13246);
#11073=AXIS2_PLACEMENT_3D('',#16446,#13247,#13248);
#11074=AXIS2_PLACEMENT_3D('',#16448,#13249,#13250);
#11075=AXIS2_PLACEMENT_3D('',#16450,#13251,#13252);
#11076=AXIS2_PLACEMENT_3D('',#16452,#13253,#13254);
#11077=AXIS2_PLACEMENT_3D('',#16454,#13255,#13256);
#11078=AXIS2_PLACEMENT_3D('',#16456,#13257,#13258);
#11079=AXIS2_PLACEMENT_3D('',#16458,#13259,#13260);
#11080=AXIS2_PLACEMENT_3D('',#16460,#13261,#13262);
#11081=AXIS2_PLACEMENT_3D('',#16462,#13263,#13264);
#11082=AXIS2_PLACEMENT_3D('',#16464,#13265,#13266);
#11083=AXIS2_PLACEMENT_3D('',#16466,#13267,#13268);
#11084=AXIS2_PLACEMENT_3D('',#16468,#13269,#13270);
#11085=AXIS2_PLACEMENT_3D('',#16470,#13271,#13272);
#11086=AXIS2_PLACEMENT_3D('',#16472,#13273,#13274);
#11087=AXIS2_PLACEMENT_3D('',#16474,#13275,#13276);
#11088=AXIS2_PLACEMENT_3D('',#16476,#13277,#13278);
#11089=AXIS2_PLACEMENT_3D('',#16477,#13279,#13280);
#11090=AXIS2_PLACEMENT_3D('',#16479,#13281,#13282);
#11091=AXIS2_PLACEMENT_3D('',#16481,#13283,#13284);
#11092=AXIS2_PLACEMENT_3D('',#16483,#13285,#13286);
#11093=AXIS2_PLACEMENT_3D('',#16485,#13287,#13288);
#11094=AXIS2_PLACEMENT_3D('',#16487,#13289,#13290);
#11095=AXIS2_PLACEMENT_3D('',#16489,#13291,#13292);
#11096=AXIS2_PLACEMENT_3D('',#16491,#13293,#13294);
#11097=AXIS2_PLACEMENT_3D('',#16493,#13296,#13297);
#11098=AXIS2_PLACEMENT_3D('',#16496,#13298,#13299);
#11099=AXIS2_PLACEMENT_3D('',#16500,#13301,#13302);
#11100=AXIS2_PLACEMENT_3D('',#16504,#13304,#13305);
#11101=AXIS2_PLACEMENT_3D('',#16506,#13306,#13307);
#11102=AXIS2_PLACEMENT_3D('',#16508,#13308,#13309);
#11103=AXIS2_PLACEMENT_3D('',#16510,#13310,#13311);
#11104=AXIS2_PLACEMENT_3D('',#16512,#13312,#13313);
#11105=AXIS2_PLACEMENT_3D('',#16514,#13314,#13315);
#11106=AXIS2_PLACEMENT_3D('',#16516,#13316,#13317);
#11107=AXIS2_PLACEMENT_3D('',#16518,#13318,#13319);
#11108=AXIS2_PLACEMENT_3D('',#16520,#13320,#13321);
#11109=AXIS2_PLACEMENT_3D('',#16522,#13322,#13323);
#11110=AXIS2_PLACEMENT_3D('',#16524,#13324,#13325);
#11111=AXIS2_PLACEMENT_3D('',#16526,#13326,#13327);
#11112=AXIS2_PLACEMENT_3D('',#16528,#13328,#13329);
#11113=AXIS2_PLACEMENT_3D('',#16530,#13330,#13331);
#11114=AXIS2_PLACEMENT_3D('',#16532,#13332,#13333);
#11115=AXIS2_PLACEMENT_3D('',#16534,#13334,#13335);
#11116=AXIS2_PLACEMENT_3D('',#16536,#13336,#13337);
#11117=AXIS2_PLACEMENT_3D('',#16538,#13338,#13339);
#11118=AXIS2_PLACEMENT_3D('',#16540,#13340,#13341);
#11119=AXIS2_PLACEMENT_3D('',#16542,#13342,#13343);
#11120=AXIS2_PLACEMENT_3D('',#16544,#13344,#13345);
#11121=AXIS2_PLACEMENT_3D('',#16546,#13346,#13347);
#11122=AXIS2_PLACEMENT_3D('',#16548,#13348,#13349);
#11123=AXIS2_PLACEMENT_3D('',#16550,#13350,#13351);
#11124=AXIS2_PLACEMENT_3D('',#16552,#13352,#13353);
#11125=AXIS2_PLACEMENT_3D('',#16554,#13354,#13355);
#11126=AXIS2_PLACEMENT_3D('',#16556,#13356,#13357);
#11127=AXIS2_PLACEMENT_3D('',#16558,#13358,#13359);
#11128=AXIS2_PLACEMENT_3D('',#16560,#13360,#13361);
#11129=AXIS2_PLACEMENT_3D('',#16562,#13362,#13363);
#11130=AXIS2_PLACEMENT_3D('',#16564,#13364,#13365);
#11131=AXIS2_PLACEMENT_3D('',#16566,#13366,#13367);
#11132=AXIS2_PLACEMENT_3D('',#16568,#13368,#13369);
#11133=AXIS2_PLACEMENT_3D('',#16570,#13370,#13371);
#11134=AXIS2_PLACEMENT_3D('',#16572,#13372,#13373);
#11135=AXIS2_PLACEMENT_3D('',#16574,#13374,#13375);
#11136=AXIS2_PLACEMENT_3D('',#16576,#13376,#13377);
#11137=AXIS2_PLACEMENT_3D('',#16578,#13378,#13379);
#11138=AXIS2_PLACEMENT_3D('',#16580,#13380,#13381);
#11139=AXIS2_PLACEMENT_3D('',#16582,#13382,#13383);
#11140=AXIS2_PLACEMENT_3D('',#16584,#13384,#13385);
#11141=AXIS2_PLACEMENT_3D('',#16586,#13386,#13387);
#11142=AXIS2_PLACEMENT_3D('',#16588,#13388,#13389);
#11143=AXIS2_PLACEMENT_3D('',#16590,#13390,#13391);
#11144=AXIS2_PLACEMENT_3D('',#16592,#13392,#13393);
#11145=AXIS2_PLACEMENT_3D('',#16594,#13394,#13395);
#11146=AXIS2_PLACEMENT_3D('',#16596,#13396,#13397);
#11147=AXIS2_PLACEMENT_3D('',#16598,#13398,#13399);
#11148=AXIS2_PLACEMENT_3D('',#16600,#13400,#13401);
#11149=AXIS2_PLACEMENT_3D('',#16602,#13402,#13403);
#11150=AXIS2_PLACEMENT_3D('',#16604,#13404,#13405);
#11151=AXIS2_PLACEMENT_3D('',#16606,#13406,#13407);
#11152=AXIS2_PLACEMENT_3D('',#16608,#13408,#13409);
#11153=AXIS2_PLACEMENT_3D('',#16610,#13410,#13411);
#11154=AXIS2_PLACEMENT_3D('',#16612,#13412,#13413);
#11155=AXIS2_PLACEMENT_3D('',#16614,#13414,#13415);
#11156=AXIS2_PLACEMENT_3D('',#16616,#13416,#13417);
#11157=AXIS2_PLACEMENT_3D('',#16618,#13418,#13419);
#11158=AXIS2_PLACEMENT_3D('',#16620,#13420,#13421);
#11159=AXIS2_PLACEMENT_3D('',#16622,#13422,#13423);
#11160=AXIS2_PLACEMENT_3D('',#16624,#13424,#13425);
#11161=AXIS2_PLACEMENT_3D('',#16626,#13426,#13427);
#11162=AXIS2_PLACEMENT_3D('',#16628,#13428,#13429);
#11163=AXIS2_PLACEMENT_3D('',#16630,#13430,#13431);
#11164=AXIS2_PLACEMENT_3D('',#16632,#13432,#13433);
#11165=AXIS2_PLACEMENT_3D('',#16634,#13434,#13435);
#11166=AXIS2_PLACEMENT_3D('',#16636,#13436,#13437);
#11167=AXIS2_PLACEMENT_3D('',#16638,#13438,#13439);
#11168=AXIS2_PLACEMENT_3D('',#16640,#13440,#13441);
#11169=AXIS2_PLACEMENT_3D('',#16642,#13442,#13443);
#11170=AXIS2_PLACEMENT_3D('',#16644,#13444,#13445);
#11171=AXIS2_PLACEMENT_3D('',#16646,#13446,#13447);
#11172=AXIS2_PLACEMENT_3D('',#16648,#13448,#13449);
#11173=AXIS2_PLACEMENT_3D('',#16650,#13450,#13451);
#11174=AXIS2_PLACEMENT_3D('',#16652,#13452,#13453);
#11175=AXIS2_PLACEMENT_3D('',#16654,#13454,#13455);
#11176=AXIS2_PLACEMENT_3D('',#16656,#13456,#13457);
#11177=AXIS2_PLACEMENT_3D('',#16658,#13458,#13459);
#11178=AXIS2_PLACEMENT_3D('',#16660,#13460,#13461);
#11179=AXIS2_PLACEMENT_3D('',#16662,#13462,#13463);
#11180=AXIS2_PLACEMENT_3D('',#16664,#13464,#13465);
#11181=AXIS2_PLACEMENT_3D('',#16666,#13466,#13467);
#11182=AXIS2_PLACEMENT_3D('',#16667,#13468,#13469);
#11183=AXIS2_PLACEMENT_3D('',#16669,#13470,#13471);
#11184=AXIS2_PLACEMENT_3D('',#16671,#13472,#13473);
#11185=AXIS2_PLACEMENT_3D('',#16672,#13474,#13475);
#11186=AXIS2_PLACEMENT_3D('',#16675,#13478,#13479);
#11187=AXIS2_PLACEMENT_3D('',#16677,#13481,#13482);
#11188=AXIS2_PLACEMENT_3D('',#16679,#13484,#13485);
#11189=AXIS2_PLACEMENT_3D('',#16681,#13487,#13488);
#11190=AXIS2_PLACEMENT_3D('',#16683,#13490,#13491);
#11191=AXIS2_PLACEMENT_3D('',#16685,#13493,#13494);
#11192=AXIS2_PLACEMENT_3D('',#16687,#13496,#13497);
#11193=AXIS2_PLACEMENT_3D('',#16689,#13499,#13500);
#11194=AXIS2_PLACEMENT_3D('',#16691,#13502,#13503);
#11195=AXIS2_PLACEMENT_3D('',#16693,#13505,#13506);
#11196=AXIS2_PLACEMENT_3D('',#16695,#13508,#13509);
#11197=AXIS2_PLACEMENT_3D('',#16697,#13511,#13512);
#11198=AXIS2_PLACEMENT_3D('',#16699,#13514,#13515);
#11199=AXIS2_PLACEMENT_3D('',#16701,#13517,#13518);
#11200=AXIS2_PLACEMENT_3D('',#16703,#13520,#13521);
#11201=AXIS2_PLACEMENT_3D('',#16705,#13523,#13524);
#11202=AXIS2_PLACEMENT_3D('',#16707,#13526,#13527);
#11203=AXIS2_PLACEMENT_3D('',#16709,#13529,#13530);
#11204=AXIS2_PLACEMENT_3D('',#16711,#13532,#13533);
#11205=AXIS2_PLACEMENT_3D('',#16713,#13535,#13536);
#11206=AXIS2_PLACEMENT_3D('',#16715,#13538,#13539);
#11207=AXIS2_PLACEMENT_3D('',#16717,#13541,#13542);
#11208=AXIS2_PLACEMENT_3D('',#16719,#13544,#13545);
#11209=AXIS2_PLACEMENT_3D('',#16721,#13547,#13548);
#11210=AXIS2_PLACEMENT_3D('',#16723,#13550,#13551);
#11211=AXIS2_PLACEMENT_3D('',#16725,#13553,#13554);
#11212=AXIS2_PLACEMENT_3D('',#16727,#13556,#13557);
#11213=AXIS2_PLACEMENT_3D('',#16729,#13559,#13560);
#11214=AXIS2_PLACEMENT_3D('',#16731,#13562,#13563);
#11215=AXIS2_PLACEMENT_3D('',#16733,#13565,#13566);
#11216=AXIS2_PLACEMENT_3D('',#16735,#13568,#13569);
#11217=AXIS2_PLACEMENT_3D('',#16737,#13571,#13572);
#11218=AXIS2_PLACEMENT_3D('',#16739,#13574,#13575);
#11219=AXIS2_PLACEMENT_3D('',#16741,#13577,#13578);
#11220=AXIS2_PLACEMENT_3D('',#16743,#13580,#13581);
#11221=AXIS2_PLACEMENT_3D('',#16745,#13583,#13584);
#11222=AXIS2_PLACEMENT_3D('',#16747,#13586,#13587);
#11223=AXIS2_PLACEMENT_3D('',#16749,#13589,#13590);
#11224=AXIS2_PLACEMENT_3D('',#16751,#13592,#13593);
#11225=AXIS2_PLACEMENT_3D('',#16753,#13595,#13596);
#11226=AXIS2_PLACEMENT_3D('',#16755,#13598,#13599);
#11227=AXIS2_PLACEMENT_3D('',#16757,#13601,#13602);
#11228=AXIS2_PLACEMENT_3D('',#16759,#13604,#13605);
#11229=AXIS2_PLACEMENT_3D('',#16761,#13607,#13608);
#11230=AXIS2_PLACEMENT_3D('',#16763,#13610,#13611);
#11231=AXIS2_PLACEMENT_3D('',#16765,#13613,#13614);
#11232=AXIS2_PLACEMENT_3D('',#16767,#13616,#13617);
#11233=AXIS2_PLACEMENT_3D('',#16769,#13619,#13620);
#11234=AXIS2_PLACEMENT_3D('',#16771,#13622,#13623);
#11235=AXIS2_PLACEMENT_3D('',#16773,#13625,#13626);
#11236=AXIS2_PLACEMENT_3D('',#16775,#13628,#13629);
#11237=AXIS2_PLACEMENT_3D('',#16777,#13631,#13632);
#11238=AXIS2_PLACEMENT_3D('',#16779,#13634,#13635);
#11239=AXIS2_PLACEMENT_3D('',#16781,#13637,#13638);
#11240=AXIS2_PLACEMENT_3D('',#16783,#13640,#13641);
#11241=AXIS2_PLACEMENT_3D('',#16785,#13643,#13644);
#11242=AXIS2_PLACEMENT_3D('',#16787,#13646,#13647);
#11243=AXIS2_PLACEMENT_3D('',#16789,#13649,#13650);
#11244=AXIS2_PLACEMENT_3D('',#16791,#13652,#13653);
#11245=AXIS2_PLACEMENT_3D('',#16793,#13655,#13656);
#11246=AXIS2_PLACEMENT_3D('',#16795,#13658,#13659);
#11247=AXIS2_PLACEMENT_3D('',#16797,#13661,#13662);
#11248=AXIS2_PLACEMENT_3D('',#16799,#13664,#13665);
#11249=AXIS2_PLACEMENT_3D('',#16801,#13667,#13668);
#11250=AXIS2_PLACEMENT_3D('',#16803,#13670,#13671);
#11251=AXIS2_PLACEMENT_3D('',#16805,#13673,#13674);
#11252=AXIS2_PLACEMENT_3D('',#16807,#13676,#13677);
#11253=AXIS2_PLACEMENT_3D('',#16809,#13679,#13680);
#11254=AXIS2_PLACEMENT_3D('',#16811,#13682,#13683);
#11255=AXIS2_PLACEMENT_3D('',#16813,#13685,#13686);
#11256=AXIS2_PLACEMENT_3D('',#16815,#13688,#13689);
#11257=AXIS2_PLACEMENT_3D('',#16817,#13691,#13692);
#11258=AXIS2_PLACEMENT_3D('',#16819,#13694,#13695);
#11259=AXIS2_PLACEMENT_3D('',#16821,#13697,#13698);
#11260=AXIS2_PLACEMENT_3D('',#16823,#13700,#13701);
#11261=AXIS2_PLACEMENT_3D('',#16825,#13703,#13704);
#11262=AXIS2_PLACEMENT_3D('',#16827,#13706,#13707);
#11263=AXIS2_PLACEMENT_3D('',#16829,#13709,#13710);
#11264=AXIS2_PLACEMENT_3D('',#16831,#13712,#13713);
#11265=AXIS2_PLACEMENT_3D('',#16833,#13715,#13716);
#11266=AXIS2_PLACEMENT_3D('',#16835,#13718,#13719);
#11267=AXIS2_PLACEMENT_3D('',#16837,#13721,#13722);
#11268=AXIS2_PLACEMENT_3D('',#16839,#13724,#13725);
#11269=AXIS2_PLACEMENT_3D('',#16841,#13727,#13728);
#11270=AXIS2_PLACEMENT_3D('',#16843,#13730,#13731);
#11271=AXIS2_PLACEMENT_3D('',#16845,#13733,#13734);
#11272=AXIS2_PLACEMENT_3D('',#16846,#13735,#13736);
#11273=AXIS2_PLACEMENT_3D('',#16848,#13738,#13739);
#11274=AXIS2_PLACEMENT_3D('',#16850,#13741,#13742);
#11275=AXIS2_PLACEMENT_3D('',#16853,#13743,#13744);
#11276=AXIS2_PLACEMENT_3D('',#16857,#13746,#13747);
#11277=AXIS2_PLACEMENT_3D('',#16859,#13749,#13750);
#11278=AXIS2_PLACEMENT_3D('',#16862,#13751,#13752);
#11279=AXIS2_PLACEMENT_3D('',#16866,#13754,#13755);
#11280=AXIS2_PLACEMENT_3D('',#16868,#13757,#13758);
#11281=AXIS2_PLACEMENT_3D('',#16871,#13759,#13760);
#11282=AXIS2_PLACEMENT_3D('',#16875,#13762,#13763);
#11283=AXIS2_PLACEMENT_3D('',#16877,#13765,#13766);
#11284=AXIS2_PLACEMENT_3D('',#16880,#13767,#13768);
#11285=AXIS2_PLACEMENT_3D('',#16884,#13770,#13771);
#11286=AXIS2_PLACEMENT_3D('',#16886,#13773,#13774);
#11287=AXIS2_PLACEMENT_3D('',#16889,#13775,#13776);
#11288=AXIS2_PLACEMENT_3D('',#16893,#13778,#13779);
#11289=AXIS2_PLACEMENT_3D('',#16895,#13781,#13782);
#11290=AXIS2_PLACEMENT_3D('',#16898,#13783,#13784);
#11291=AXIS2_PLACEMENT_3D('',#16902,#13786,#13787);
#11292=AXIS2_PLACEMENT_3D('',#16904,#13789,#13790);
#11293=AXIS2_PLACEMENT_3D('',#16907,#13791,#13792);
#11294=AXIS2_PLACEMENT_3D('',#16911,#13794,#13795);
#11295=AXIS2_PLACEMENT_3D('',#16913,#13797,#13798);
#11296=AXIS2_PLACEMENT_3D('',#16916,#13799,#13800);
#11297=AXIS2_PLACEMENT_3D('',#16920,#13802,#13803);
#11298=AXIS2_PLACEMENT_3D('',#16922,#13805,#13806);
#11299=AXIS2_PLACEMENT_3D('',#16925,#13807,#13808);
#11300=AXIS2_PLACEMENT_3D('',#16929,#13810,#13811);
#11301=AXIS2_PLACEMENT_3D('',#16931,#13813,#13814);
#11302=AXIS2_PLACEMENT_3D('',#16934,#13815,#13816);
#11303=AXIS2_PLACEMENT_3D('',#16938,#13818,#13819);
#11304=AXIS2_PLACEMENT_3D('',#16940,#13821,#13822);
#11305=AXIS2_PLACEMENT_3D('',#16943,#13823,#13824);
#11306=AXIS2_PLACEMENT_3D('',#16947,#13826,#13827);
#11307=AXIS2_PLACEMENT_3D('',#16949,#13829,#13830);
#11308=AXIS2_PLACEMENT_3D('',#16952,#13831,#13832);
#11309=AXIS2_PLACEMENT_3D('',#16956,#13834,#13835);
#11310=AXIS2_PLACEMENT_3D('',#16958,#13837,#13838);
#11311=AXIS2_PLACEMENT_3D('',#16961,#13839,#13840);
#11312=AXIS2_PLACEMENT_3D('',#16965,#13842,#13843);
#11313=AXIS2_PLACEMENT_3D('',#16967,#13845,#13846);
#11314=AXIS2_PLACEMENT_3D('',#16970,#13847,#13848);
#11315=AXIS2_PLACEMENT_3D('',#16974,#13850,#13851);
#11316=AXIS2_PLACEMENT_3D('',#16976,#13853,#13854);
#11317=AXIS2_PLACEMENT_3D('',#16979,#13855,#13856);
#11318=AXIS2_PLACEMENT_3D('',#16983,#13858,#13859);
#11319=AXIS2_PLACEMENT_3D('',#16985,#13861,#13862);
#11320=AXIS2_PLACEMENT_3D('',#16988,#13863,#13864);
#11321=AXIS2_PLACEMENT_3D('',#16992,#13866,#13867);
#11322=AXIS2_PLACEMENT_3D('',#16994,#13869,#13870);
#11323=AXIS2_PLACEMENT_3D('',#16997,#13871,#13872);
#11324=AXIS2_PLACEMENT_3D('',#17001,#13874,#13875);
#11325=AXIS2_PLACEMENT_3D('',#17003,#13877,#13878);
#11326=AXIS2_PLACEMENT_3D('',#17006,#13879,#13880);
#11327=AXIS2_PLACEMENT_3D('',#17010,#13882,#13883);
#11328=AXIS2_PLACEMENT_3D('',#17012,#13885,#13886);
#11329=AXIS2_PLACEMENT_3D('',#17015,#13887,#13888);
#11330=AXIS2_PLACEMENT_3D('',#17019,#13890,#13891);
#11331=AXIS2_PLACEMENT_3D('',#17021,#13893,#13894);
#11332=AXIS2_PLACEMENT_3D('',#17024,#13895,#13896);
#11333=AXIS2_PLACEMENT_3D('',#17028,#13898,#13899);
#11334=AXIS2_PLACEMENT_3D('',#17030,#13901,#13902);
#11335=AXIS2_PLACEMENT_3D('',#17033,#13903,#13904);
#11336=AXIS2_PLACEMENT_3D('',#17037,#13906,#13907);
#11337=AXIS2_PLACEMENT_3D('',#17039,#13909,#13910);
#11338=AXIS2_PLACEMENT_3D('',#17042,#13911,#13912);
#11339=AXIS2_PLACEMENT_3D('',#17046,#13914,#13915);
#11340=AXIS2_PLACEMENT_3D('',#17048,#13917,#13918);
#11341=AXIS2_PLACEMENT_3D('',#17051,#13919,#13920);
#11342=AXIS2_PLACEMENT_3D('',#17055,#13922,#13923);
#11343=AXIS2_PLACEMENT_3D('',#17057,#13925,#13926);
#11344=AXIS2_PLACEMENT_3D('',#17060,#13927,#13928);
#11345=AXIS2_PLACEMENT_3D('',#17064,#13930,#13931);
#11346=AXIS2_PLACEMENT_3D('',#17066,#13933,#13934);
#11347=AXIS2_PLACEMENT_3D('',#17069,#13935,#13936);
#11348=AXIS2_PLACEMENT_3D('',#17073,#13938,#13939);
#11349=AXIS2_PLACEMENT_3D('',#17075,#13941,#13942);
#11350=AXIS2_PLACEMENT_3D('',#17078,#13943,#13944);
#11351=AXIS2_PLACEMENT_3D('',#17082,#13946,#13947);
#11352=AXIS2_PLACEMENT_3D('',#17084,#13949,#13950);
#11353=AXIS2_PLACEMENT_3D('',#17087,#13951,#13952);
#11354=AXIS2_PLACEMENT_3D('',#17091,#13954,#13955);
#11355=AXIS2_PLACEMENT_3D('',#17093,#13957,#13958);
#11356=AXIS2_PLACEMENT_3D('',#17096,#13959,#13960);
#11357=AXIS2_PLACEMENT_3D('',#17100,#13962,#13963);
#11358=AXIS2_PLACEMENT_3D('',#17102,#13965,#13966);
#11359=AXIS2_PLACEMENT_3D('',#17105,#13967,#13968);
#11360=AXIS2_PLACEMENT_3D('',#17109,#13970,#13971);
#11361=AXIS2_PLACEMENT_3D('',#17111,#13973,#13974);
#11362=AXIS2_PLACEMENT_3D('',#17114,#13975,#13976);
#11363=AXIS2_PLACEMENT_3D('',#17118,#13978,#13979);
#11364=AXIS2_PLACEMENT_3D('',#17120,#13981,#13982);
#11365=AXIS2_PLACEMENT_3D('',#17123,#13983,#13984);
#11366=AXIS2_PLACEMENT_3D('',#17127,#13986,#13987);
#11367=AXIS2_PLACEMENT_3D('',#17129,#13989,#13990);
#11368=AXIS2_PLACEMENT_3D('',#17132,#13991,#13992);
#11369=AXIS2_PLACEMENT_3D('',#17136,#13994,#13995);
#11370=AXIS2_PLACEMENT_3D('',#17138,#13997,#13998);
#11371=AXIS2_PLACEMENT_3D('',#17141,#13999,#14000);
#11372=AXIS2_PLACEMENT_3D('',#17145,#14002,#14003);
#11373=AXIS2_PLACEMENT_3D('',#17147,#14005,#14006);
#11374=AXIS2_PLACEMENT_3D('',#17150,#14007,#14008);
#11375=AXIS2_PLACEMENT_3D('',#17154,#14010,#14011);
#11376=AXIS2_PLACEMENT_3D('',#17156,#14013,#14014);
#11377=AXIS2_PLACEMENT_3D('',#17159,#14015,#14016);
#11378=AXIS2_PLACEMENT_3D('',#17163,#14018,#14019);
#11379=AXIS2_PLACEMENT_3D('',#17165,#14021,#14022);
#11380=AXIS2_PLACEMENT_3D('',#17168,#14023,#14024);
#11381=AXIS2_PLACEMENT_3D('',#17172,#14026,#14027);
#11382=AXIS2_PLACEMENT_3D('',#17174,#14029,#14030);
#11383=AXIS2_PLACEMENT_3D('',#17177,#14031,#14032);
#11384=AXIS2_PLACEMENT_3D('',#17181,#14034,#14035);
#11385=AXIS2_PLACEMENT_3D('',#17183,#14037,#14038);
#11386=AXIS2_PLACEMENT_3D('',#17186,#14039,#14040);
#11387=AXIS2_PLACEMENT_3D('',#17190,#14042,#14043);
#11388=AXIS2_PLACEMENT_3D('',#17192,#14045,#14046);
#11389=AXIS2_PLACEMENT_3D('',#17195,#14047,#14048);
#11390=AXIS2_PLACEMENT_3D('',#17199,#14050,#14051);
#11391=AXIS2_PLACEMENT_3D('',#17201,#14053,#14054);
#11392=AXIS2_PLACEMENT_3D('',#17204,#14055,#14056);
#11393=AXIS2_PLACEMENT_3D('',#17208,#14058,#14059);
#11394=AXIS2_PLACEMENT_3D('',#17210,#14061,#14062);
#11395=AXIS2_PLACEMENT_3D('',#17213,#14063,#14064);
#11396=AXIS2_PLACEMENT_3D('',#17217,#14066,#14067);
#11397=AXIS2_PLACEMENT_3D('',#17219,#14069,#14070);
#11398=AXIS2_PLACEMENT_3D('',#17222,#14071,#14072);
#11399=AXIS2_PLACEMENT_3D('',#17226,#14074,#14075);
#11400=AXIS2_PLACEMENT_3D('',#17228,#14077,#14078);
#11401=AXIS2_PLACEMENT_3D('',#17231,#14079,#14080);
#11402=AXIS2_PLACEMENT_3D('',#17235,#14082,#14083);
#11403=AXIS2_PLACEMENT_3D('',#17237,#14085,#14086);
#11404=AXIS2_PLACEMENT_3D('',#17240,#14087,#14088);
#11405=AXIS2_PLACEMENT_3D('',#17244,#14090,#14091);
#11406=AXIS2_PLACEMENT_3D('',#17246,#14093,#14094);
#11407=AXIS2_PLACEMENT_3D('',#17249,#14095,#14096);
#11408=AXIS2_PLACEMENT_3D('',#17253,#14098,#14099);
#11409=AXIS2_PLACEMENT_3D('',#17255,#14101,#14102);
#11410=AXIS2_PLACEMENT_3D('',#17258,#14103,#14104);
#11411=AXIS2_PLACEMENT_3D('',#17262,#14106,#14107);
#11412=AXIS2_PLACEMENT_3D('',#17264,#14109,#14110);
#11413=AXIS2_PLACEMENT_3D('',#17267,#14111,#14112);
#11414=AXIS2_PLACEMENT_3D('',#17271,#14114,#14115);
#11415=AXIS2_PLACEMENT_3D('',#17273,#14117,#14118);
#11416=AXIS2_PLACEMENT_3D('',#17276,#14119,#14120);
#11417=AXIS2_PLACEMENT_3D('',#17280,#14122,#14123);
#11418=AXIS2_PLACEMENT_3D('',#17282,#14125,#14126);
#11419=AXIS2_PLACEMENT_3D('',#17285,#14127,#14128);
#11420=AXIS2_PLACEMENT_3D('',#17289,#14130,#14131);
#11421=AXIS2_PLACEMENT_3D('',#17291,#14133,#14134);
#11422=AXIS2_PLACEMENT_3D('',#17294,#14135,#14136);
#11423=AXIS2_PLACEMENT_3D('',#17298,#14138,#14139);
#11424=AXIS2_PLACEMENT_3D('',#17300,#14141,#14142);
#11425=AXIS2_PLACEMENT_3D('',#17303,#14143,#14144);
#11426=AXIS2_PLACEMENT_3D('',#17307,#14146,#14147);
#11427=AXIS2_PLACEMENT_3D('',#17309,#14149,#14150);
#11428=AXIS2_PLACEMENT_3D('',#17312,#14151,#14152);
#11429=AXIS2_PLACEMENT_3D('',#17316,#14154,#14155);
#11430=AXIS2_PLACEMENT_3D('',#17318,#14157,#14158);
#11431=AXIS2_PLACEMENT_3D('',#17321,#14159,#14160);
#11432=AXIS2_PLACEMENT_3D('',#17325,#14162,#14163);
#11433=AXIS2_PLACEMENT_3D('',#17327,#14165,#14166);
#11434=AXIS2_PLACEMENT_3D('',#17330,#14167,#14168);
#11435=AXIS2_PLACEMENT_3D('',#17334,#14170,#14171);
#11436=AXIS2_PLACEMENT_3D('',#17336,#14173,#14174);
#11437=AXIS2_PLACEMENT_3D('',#17339,#14175,#14176);
#11438=AXIS2_PLACEMENT_3D('',#17343,#14178,#14179);
#11439=AXIS2_PLACEMENT_3D('',#17345,#14181,#14182);
#11440=AXIS2_PLACEMENT_3D('',#17348,#14183,#14184);
#11441=AXIS2_PLACEMENT_3D('',#17352,#14186,#14187);
#11442=AXIS2_PLACEMENT_3D('',#17354,#14189,#14190);
#11443=AXIS2_PLACEMENT_3D('',#17357,#14191,#14192);
#11444=AXIS2_PLACEMENT_3D('',#17361,#14194,#14195);
#11445=AXIS2_PLACEMENT_3D('',#17363,#14197,#14198);
#11446=AXIS2_PLACEMENT_3D('',#17366,#14199,#14200);
#11447=AXIS2_PLACEMENT_3D('',#17370,#14202,#14203);
#11448=AXIS2_PLACEMENT_3D('',#17372,#14205,#14206);
#11449=AXIS2_PLACEMENT_3D('',#17375,#14207,#14208);
#11450=AXIS2_PLACEMENT_3D('',#17379,#14210,#14211);
#11451=AXIS2_PLACEMENT_3D('',#17381,#14213,#14214);
#11452=AXIS2_PLACEMENT_3D('',#17384,#14215,#14216);
#11453=AXIS2_PLACEMENT_3D('',#17388,#14218,#14219);
#11454=AXIS2_PLACEMENT_3D('',#17391,#14221,#14222);
#11455=AXIS2_PLACEMENT_3D('',#17393,#14223,#14224);
#11456=AXIS2_PLACEMENT_3D('',#17395,#14225,#14226);
#11457=AXIS2_PLACEMENT_3D('',#17397,#14227,#14228);
#11458=AXIS2_PLACEMENT_3D('',#17399,#14229,#14230);
#11459=AXIS2_PLACEMENT_3D('',#17401,#14231,#14232);
#11460=AXIS2_PLACEMENT_3D('',#17402,#14233,#14234);
#11461=AXIS2_PLACEMENT_3D('',#17408,#14237,#14238);
#11462=AXIS2_PLACEMENT_3D('',#17411,#14240,#14241);
#11463=AXIS2_PLACEMENT_3D('',#17413,#14242,#14243);
#11464=AXIS2_PLACEMENT_3D('',#17417,#14245,#14246);
#11465=AXIS2_PLACEMENT_3D('',#17420,#14248,#14249);
#11466=AXIS2_PLACEMENT_3D('',#17421,#14250,#14251);
#11467=AXIS2_PLACEMENT_3D('',#17425,#14254,#14255);
#11468=AXIS2_PLACEMENT_3D('',#17427,#14256,#14257);
#11469=AXIS2_PLACEMENT_3D('',#17429,#14259,#14260);
#11470=AXIS2_PLACEMENT_3D('',#17431,#14262,#14263);
#11471=AXIS2_PLACEMENT_3D('',#17435,#14265,#14266);
#11472=AXIS2_PLACEMENT_3D('',#17438,#14268,#14269);
#11473=AXIS2_PLACEMENT_3D('',#17440,#14270,#14271);
#11474=AXIS2_PLACEMENT_3D('',#17442,#14272,#14273);
#11475=AXIS2_PLACEMENT_3D('',#17444,#14274,#14275);
#11476=AXIS2_PLACEMENT_3D('',#17446,#14276,#14277);
#11477=AXIS2_PLACEMENT_3D('',#17448,#14278,#14279);
#11478=AXIS2_PLACEMENT_3D('',#17450,#14280,#14281);
#11479=AXIS2_PLACEMENT_3D('',#17452,#14282,#14283);
#11480=AXIS2_PLACEMENT_3D('',#17454,#14284,#14285);
#11481=AXIS2_PLACEMENT_3D('',#17456,#14286,#14287);
#11482=AXIS2_PLACEMENT_3D('',#17458,#14288,#14289);
#11483=AXIS2_PLACEMENT_3D('',#17460,#14290,#14291);
#11484=AXIS2_PLACEMENT_3D('',#17462,#14292,#14293);
#11485=AXIS2_PLACEMENT_3D('',#17463,#14294,#14295);
#11486=AXIS2_PLACEMENT_3D('',#17466,#14296,#14297);
#11487=AXIS2_PLACEMENT_3D('',#17647,#14418,#14419);
#11488=AXIS2_PLACEMENT_3D('',#17649,#14421,#14422);
#11489=AXIS2_PLACEMENT_3D('',#17651,#14424,#14425);
#11490=AXIS2_PLACEMENT_3D('',#17653,#14427,#14428);
#11491=AXIS2_PLACEMENT_3D('',#17655,#14430,#14431);
#11492=AXIS2_PLACEMENT_3D('',#17657,#14433,#14434);
#11493=AXIS2_PLACEMENT_3D('',#17659,#14436,#14437);
#11494=AXIS2_PLACEMENT_3D('',#17663,#14440,#14441);
#11495=AXIS2_PLACEMENT_3D('',#17666,#14443,#14444);
#11496=AXIS2_PLACEMENT_3D('',#17667,#14445,#14446);
#11497=AXIS2_PLACEMENT_3D('',#17669,#14448,#14449);
#11498=AXIS2_PLACEMENT_3D('',#17671,#14450,#14451);
#11499=AXIS2_PLACEMENT_3D('',#17673,#14452,#14453);
#11500=AXIS2_PLACEMENT_3D('',#17675,#14454,#14455);
#11501=AXIS2_PLACEMENT_3D('',#17677,#14456,#14457);
#11502=AXIS2_PLACEMENT_3D('',#17679,#14458,#14459);
#11503=AXIS2_PLACEMENT_3D('',#17681,#14460,#14461);
#11504=AXIS2_PLACEMENT_3D('',#17682,#14462,#14463);
#11505=AXIS2_PLACEMENT_3D('',#17684,#14465,#14466);
#11506=AXIS2_PLACEMENT_3D('',#17686,#14468,#14469);
#11507=AXIS2_PLACEMENT_3D('',#17688,#14471,#14472);
#11508=AXIS2_PLACEMENT_3D('',#17690,#14474,#14475);
#11509=AXIS2_PLACEMENT_3D('',#17692,#14477,#14478);
#11510=AXIS2_PLACEMENT_3D('',#17694,#14480,#14481);
#11511=AXIS2_PLACEMENT_3D('',#17877,#14602,#14603);
#11512=AXIS2_PLACEMENT_3D('',#17879,#14604,#14605);
#11513=AXIS2_PLACEMENT_3D('',#17880,#14606,#14607);
#11514=AXIS2_PLACEMENT_3D('',#17883,#14610,#14611);
#11515=AXIS2_PLACEMENT_3D('',#17885,#14612,#14613);
#11516=AXIS2_PLACEMENT_3D('',#17887,#14614,#14615);
#11517=AXIS2_PLACEMENT_3D('',#17888,#14616,#14617);
#11518=AXIS2_PLACEMENT_3D('',#17890,#14619,#14620);
#11519=AXIS2_PLACEMENT_3D('',#17892,#14622,#14623);
#11520=AXIS2_PLACEMENT_3D('',#17894,#14625,#14626);
#11521=AXIS2_PLACEMENT_3D('',#17895,#14627,#14628);
#11522=AXIS2_PLACEMENT_3D('',#17897,#14630,#14631);
#11523=AXIS2_PLACEMENT_3D('',#17898,#14632,#14633);
#11524=AXIS2_PLACEMENT_3D('',#17900,#14635,#14636);
#11525=AXIS2_PLACEMENT_3D('',#17901,#14637,#14638);
#11526=AXIS2_PLACEMENT_3D('',#17903,#14640,#14641);
#11527=AXIS2_PLACEMENT_3D('',#17904,#14642,#14643);
#11528=AXIS2_PLACEMENT_3D('',#17906,#14645,#14646);
#11529=AXIS2_PLACEMENT_3D('',#17907,#14647,#14648);
#11530=AXIS2_PLACEMENT_3D('',#17909,#14650,#14651);
#11531=AXIS2_PLACEMENT_3D('',#17910,#14652,#14653);
#11532=AXIS2_PLACEMENT_3D('',#17912,#14655,#14656);
#11533=AXIS2_PLACEMENT_3D('',#17913,#14657,#14658);
#11534=AXIS2_PLACEMENT_3D('',#17915,#14660,#14661);
#11535=AXIS2_PLACEMENT_3D('',#17916,#14662,#14663);
#11536=AXIS2_PLACEMENT_3D('',#17918,#14665,#14666);
#11537=AXIS2_PLACEMENT_3D('',#17919,#14667,#14668);
#11538=AXIS2_PLACEMENT_3D('',#17921,#14670,#14671);
#11539=AXIS2_PLACEMENT_3D('',#17922,#14672,#14673);
#11540=AXIS2_PLACEMENT_3D('',#17924,#14675,#14676);
#11541=AXIS2_PLACEMENT_3D('',#17925,#14677,#14678);
#11542=AXIS2_PLACEMENT_3D('',#17927,#14680,#14681);
#11543=AXIS2_PLACEMENT_3D('',#17928,#14682,#14683);
#11544=AXIS2_PLACEMENT_3D('',#17930,#14685,#14686);
#11545=AXIS2_PLACEMENT_3D('',#17931,#14687,#14688);
#11546=AXIS2_PLACEMENT_3D('',#17933,#14690,#14691);
#11547=AXIS2_PLACEMENT_3D('',#17934,#14692,#14693);
#11548=AXIS2_PLACEMENT_3D('',#17936,#14695,#14696);
#11549=AXIS2_PLACEMENT_3D('',#17937,#14697,#14698);
#11550=AXIS2_PLACEMENT_3D('',#17939,#14700,#14701);
#11551=AXIS2_PLACEMENT_3D('',#17940,#14702,#14703);
#11552=AXIS2_PLACEMENT_3D('',#17942,#14705,#14706);
#11553=AXIS2_PLACEMENT_3D('',#17943,#14707,#14708);
#11554=AXIS2_PLACEMENT_3D('',#17945,#14710,#14711);
#11555=AXIS2_PLACEMENT_3D('',#17946,#14712,#14713);
#11556=AXIS2_PLACEMENT_3D('',#17948,#14715,#14716);
#11557=AXIS2_PLACEMENT_3D('',#17949,#14717,#14718);
#11558=AXIS2_PLACEMENT_3D('',#17951,#14720,#14721);
#11559=AXIS2_PLACEMENT_3D('',#17952,#14722,#14723);
#11560=AXIS2_PLACEMENT_3D('',#17954,#14725,#14726);
#11561=AXIS2_PLACEMENT_3D('',#17955,#14727,#14728);
#11562=AXIS2_PLACEMENT_3D('',#17957,#14730,#14731);
#11563=AXIS2_PLACEMENT_3D('',#17958,#14732,#14733);
#11564=AXIS2_PLACEMENT_3D('',#17960,#14735,#14736);
#11565=AXIS2_PLACEMENT_3D('',#17961,#14737,#14738);
#11566=AXIS2_PLACEMENT_3D('',#17963,#14740,#14741);
#11567=AXIS2_PLACEMENT_3D('',#17964,#14742,#14743);
#11568=AXIS2_PLACEMENT_3D('',#17966,#14745,#14746);
#11569=AXIS2_PLACEMENT_3D('',#17967,#14747,#14748);
#11570=AXIS2_PLACEMENT_3D('',#17969,#14750,#14751);
#11571=AXIS2_PLACEMENT_3D('',#17970,#14752,#14753);
#11572=AXIS2_PLACEMENT_3D('',#17972,#14755,#14756);
#11573=AXIS2_PLACEMENT_3D('',#17973,#14757,#14758);
#11574=AXIS2_PLACEMENT_3D('',#17975,#14760,#14761);
#11575=AXIS2_PLACEMENT_3D('',#17976,#14762,#14763);
#11576=AXIS2_PLACEMENT_3D('',#17978,#14765,#14766);
#11577=AXIS2_PLACEMENT_3D('',#17979,#14767,#14768);
#11578=AXIS2_PLACEMENT_3D('',#17981,#14770,#14771);
#11579=AXIS2_PLACEMENT_3D('',#17982,#14772,#14773);
#11580=AXIS2_PLACEMENT_3D('',#17984,#14775,#14776);
#11581=AXIS2_PLACEMENT_3D('',#17985,#14777,#14778);
#11582=AXIS2_PLACEMENT_3D('',#17987,#14780,#14781);
#11583=AXIS2_PLACEMENT_3D('',#17988,#14782,#14783);
#11584=AXIS2_PLACEMENT_3D('',#17990,#14785,#14786);
#11585=AXIS2_PLACEMENT_3D('',#17991,#14787,#14788);
#11586=AXIS2_PLACEMENT_3D('',#17993,#14790,#14791);
#11587=AXIS2_PLACEMENT_3D('',#17994,#14792,#14793);
#11588=AXIS2_PLACEMENT_3D('',#17996,#14795,#14796);
#11589=AXIS2_PLACEMENT_3D('',#17997,#14797,#14798);
#11590=AXIS2_PLACEMENT_3D('',#17999,#14800,#14801);
#11591=AXIS2_PLACEMENT_3D('',#18000,#14802,#14803);
#11592=AXIS2_PLACEMENT_3D('',#18002,#14805,#14806);
#11593=AXIS2_PLACEMENT_3D('',#18003,#14807,#14808);
#11594=AXIS2_PLACEMENT_3D('',#18005,#14810,#14811);
#11595=AXIS2_PLACEMENT_3D('',#18006,#14812,#14813);
#11596=AXIS2_PLACEMENT_3D('',#18008,#14815,#14816);
#11597=AXIS2_PLACEMENT_3D('',#18009,#14817,#14818);
#11598=AXIS2_PLACEMENT_3D('',#18011,#14820,#14821);
#11599=AXIS2_PLACEMENT_3D('',#18012,#14822,#14823);
#11600=AXIS2_PLACEMENT_3D('',#18014,#14825,#14826);
#11601=AXIS2_PLACEMENT_3D('',#18015,#14827,#14828);
#11602=AXIS2_PLACEMENT_3D('',#18017,#14830,#14831);
#11603=AXIS2_PLACEMENT_3D('',#18018,#14832,#14833);
#11604=AXIS2_PLACEMENT_3D('',#18020,#14835,#14836);
#11605=AXIS2_PLACEMENT_3D('',#18021,#14837,#14838);
#11606=AXIS2_PLACEMENT_3D('',#18023,#14840,#14841);
#11607=AXIS2_PLACEMENT_3D('',#18024,#14842,#14843);
#11608=AXIS2_PLACEMENT_3D('',#18026,#14845,#14846);
#11609=AXIS2_PLACEMENT_3D('',#18027,#14847,#14848);
#11610=AXIS2_PLACEMENT_3D('',#18029,#14850,#14851);
#11611=AXIS2_PLACEMENT_3D('',#18030,#14852,#14853);
#11612=AXIS2_PLACEMENT_3D('',#18032,#14855,#14856);
#11613=AXIS2_PLACEMENT_3D('',#18033,#14857,#14858);
#11614=AXIS2_PLACEMENT_3D('',#18035,#14860,#14861);
#11615=AXIS2_PLACEMENT_3D('',#18036,#14862,#14863);
#11616=AXIS2_PLACEMENT_3D('',#18038,#14865,#14866);
#11617=AXIS2_PLACEMENT_3D('',#18039,#14867,#14868);
#11618=AXIS2_PLACEMENT_3D('',#18041,#14870,#14871);
#11619=AXIS2_PLACEMENT_3D('',#18042,#14872,#14873);
#11620=AXIS2_PLACEMENT_3D('',#18044,#14875,#14876);
#11621=AXIS2_PLACEMENT_3D('',#18045,#14877,#14878);
#11622=AXIS2_PLACEMENT_3D('',#18047,#14880,#14881);
#11623=AXIS2_PLACEMENT_3D('',#18048,#14882,#14883);
#11624=AXIS2_PLACEMENT_3D('',#18050,#14885,#14886);
#11625=AXIS2_PLACEMENT_3D('',#18051,#14887,#14888);
#11626=AXIS2_PLACEMENT_3D('',#18053,#14890,#14891);
#11627=AXIS2_PLACEMENT_3D('',#18054,#14892,#14893);
#11628=AXIS2_PLACEMENT_3D('',#18056,#14895,#14896);
#11629=AXIS2_PLACEMENT_3D('',#18057,#14897,#14898);
#11630=AXIS2_PLACEMENT_3D('',#18059,#14900,#14901);
#11631=AXIS2_PLACEMENT_3D('',#18060,#14902,#14903);
#11632=AXIS2_PLACEMENT_3D('',#18062,#14905,#14906);
#11633=AXIS2_PLACEMENT_3D('',#18063,#14907,#14908);
#11634=AXIS2_PLACEMENT_3D('',#18065,#14910,#14911);
#11635=AXIS2_PLACEMENT_3D('',#18066,#14912,#14913);
#11636=AXIS2_PLACEMENT_3D('',#18068,#14915,#14916);
#11637=AXIS2_PLACEMENT_3D('',#18069,#14917,#14918);
#11638=AXIS2_PLACEMENT_3D('',#18071,#14920,#14921);
#11639=AXIS2_PLACEMENT_3D('',#18072,#14922,#14923);
#11640=DIRECTION('axis',(0.,0.,1.));
#11641=DIRECTION('refdir',(1.,0.,0.));
#11642=DIRECTION('axis',(0.,0.,1.));
#11643=DIRECTION('refdir',(1.,0.,0.));
#11644=DIRECTION('center_axis',(-1.32729367274908E-15,1.,1.70663786616096E-15));
#11645=DIRECTION('ref_axis',(-0.8792531585059,-1.97999227153663E-15,0.476354787167504));
#11646=DIRECTION('center_axis',(-9.01386468961326E-16,1.,1.8605338498662E-15));
#11647=DIRECTION('ref_axis',(0.511686042838979,2.05974640403192E-15,-0.859172505125593));
#11648=DIRECTION('center_axis',(-1.32729367274908E-15,1.,1.70663786616096E-15));
#11649=DIRECTION('ref_axis',(-0.8792531585059,-1.97999227153663E-15,0.476354787167505));
#11650=DIRECTION('center_axis',(-1.32729367274908E-15,1.,1.70663786616096E-15));
#11651=DIRECTION('ref_axis',(-0.8792531585059,-1.97999227153663E-15,0.476354787167504));
#11652=DIRECTION('center_axis',(-9.01386468891376E-16,1.,1.86053384984483E-15));
#11653=DIRECTION('ref_axis',(0.804959761115203,1.82948927901365E-15,-0.593329405124468));
#11654=DIRECTION('center_axis',(-1.32729367274908E-15,1.,1.70663786616096E-15));
#11655=DIRECTION('ref_axis',(-0.8792531585059,-1.97999227153663E-15,0.476354787167504));
#11656=DIRECTION('center_axis',(-1.32729367274908E-15,1.,1.70663786616096E-15));
#11657=DIRECTION('ref_axis',(-0.8792531585059,-1.97999227153663E-15,0.476354787167504));
#11658=DIRECTION('',(-0.902331679737227,-1.61531851913045E-15,0.43104238740824));
#11659=DIRECTION('',(-0.476354787167504,8.68304039256631E-16,-0.8792531585059));
#11660=DIRECTION('center_axis',(-9.01386468891376E-16,1.,1.86053384984483E-15));
#11661=DIRECTION('ref_axis',(0.804959761115203,1.82948927901365E-15,-0.593329405124468));
#11662=DIRECTION('',(0.804959761115203,1.82948927901365E-15,-0.593329405124468));
#11663=DIRECTION('',(0.476354787167504,-8.68304039256631E-16,0.8792531585059));
#11664=DIRECTION('center_axis',(-1.32729367274908E-15,1.,1.70663786616096E-15));
#11665=DIRECTION('ref_axis',(-0.8792531585059,-1.97999227153663E-15,0.476354787167504));
#11666=DIRECTION('center_axis',(1.32729367274908E-15,-1.,-1.70663786616096E-15));
#11667=DIRECTION('ref_axis',(-0.8792531585059,-1.97999227153663E-15,0.476354787167504));
#11668=DIRECTION('center_axis',(-1.32729367274908E-15,1.,1.70663786616096E-15));
#11669=DIRECTION('ref_axis',(-0.8792531585059,-1.97999227153663E-15,0.476354787167504));
#11670=DIRECTION('center_axis',(1.32729367274908E-15,-1.,-1.70663786616096E-15));
#11671=DIRECTION('ref_axis',(0.8792531585059,1.97999227153663E-15,-0.476354787167504));
#11672=DIRECTION('',(-0.476354787167504,8.68304039256631E-16,-0.8792531585059));
#11673=DIRECTION('center_axis',(1.32729367274908E-15,-1.,-1.70663786616096E-15));
#11674=DIRECTION('ref_axis',(-0.8792531585059,-1.97999227153663E-15,0.476354787167504));
#11675=DIRECTION('center_axis',(-1.32729367274908E-15,1.,1.70663786616096E-15));
#11676=DIRECTION('ref_axis',(-0.8792531585059,-1.97999227153663E-15,0.476354787167504));
#11677=DIRECTION('center_axis',(1.32729367274908E-15,-1.,-1.70663786616096E-15));
#11678=DIRECTION('ref_axis',(0.8792531585059,1.97999227153663E-15,-0.476354787167504));
#11679=DIRECTION('',(0.476354787167504,-8.68304039256631E-16,0.8792531585059));
#11680=DIRECTION('center_axis',(-1.32729367274908E-15,1.,1.70663786616096E-15));
#11681=DIRECTION('ref_axis',(-0.8792531585059,-1.97999227153663E-15,0.476354787167504));
#11682=DIRECTION('center_axis',(-1.32729367274908E-15,1.,1.70663786616096E-15));
#11683=DIRECTION('ref_axis',(-0.8792531585059,-1.97999227153663E-15,0.476354787167505));
#11684=DIRECTION('center_axis',(1.32729367274908E-15,-1.,-1.70663786616096E-15));
#11685=DIRECTION('ref_axis',(0.8792531585059,1.97999227153663E-15,-0.476354787167504));
#11686=DIRECTION('',(1.32729367274908E-15,-1.,-1.70663786616096E-15));
#11687=DIRECTION('center_axis',(9.01386468891376E-16,-1.,-1.86053384984483E-15));
#11688=DIRECTION('ref_axis',(0.8792531585059,1.97999227153663E-15,-0.476354787167504));
#11689=DIRECTION('',(1.32729367274908E-15,-1.,-1.70663786616096E-15));
#11690=DIRECTION('center_axis',(0.8792531585059,1.97999227153663E-15,-0.476354787167504));
#11691=DIRECTION('ref_axis',(-0.476354787167504,8.6830403925663E-16,-0.8792531585059));
#11692=DIRECTION('',(1.32729367274908E-15,-1.,-1.70663786616096E-15));
#11693=DIRECTION('',(0.476354787167504,-1.20650050442425E-15,0.8792531585059));
#11694=DIRECTION('',(0.476354787167504,-1.20650050443879E-15,0.8792531585059));
#11695=DIRECTION('center_axis',(1.32729367274908E-15,-1.,-1.70663786616096E-15));
#11696=DIRECTION('ref_axis',(0.8792531585059,1.97999227153663E-15,-0.476354787167504));
#11697=DIRECTION('',(1.32729367274908E-15,-1.,-1.70663786616096E-15));
#11698=DIRECTION('center_axis',(9.01386468961326E-16,-1.,-1.8605338498662E-15));
#11699=DIRECTION('ref_axis',(0.8792531585059,1.97999227153663E-15,-0.476354787167504));
#11700=DIRECTION('center_axis',(1.32729367274908E-15,-1.,-1.70663786616096E-15));
#11701=DIRECTION('ref_axis',(0.476354787167504,-8.68304039256631E-16,0.8792531585059));
#11702=DIRECTION('',(1.32729367274908E-15,-1.,-1.70663786616096E-15));
#11703=DIRECTION('center_axis',(-9.01386468961326E-16,1.,1.8605338498662E-15));
#11704=DIRECTION('ref_axis',(0.8792531585059,1.97999227153663E-15,-0.476354787167504));
#11705=DIRECTION('center_axis',(1.32729367274908E-15,-1.,-1.70663786616096E-15));
#11706=DIRECTION('ref_axis',(0.8792531585059,1.97999227153663E-15,-0.476354787167504));
#11707=DIRECTION('',(1.32729367274908E-15,-1.,-1.70663786616096E-15));
#11708=DIRECTION('center_axis',(9.01386468961326E-16,-1.,-1.8605338498662E-15));
#11709=DIRECTION('ref_axis',(0.8792531585059,1.97999227153663E-15,-0.476354787167504));
#11710=DIRECTION('center_axis',(-0.8792531585059,-1.97999227153663E-15,
0.476354787167504));
#11711=DIRECTION('ref_axis',(0.476354787167504,-8.6830403925663E-16,0.8792531585059));
#11712=DIRECTION('',(1.32729367274908E-15,-1.,-1.70663786616096E-15));
#11713=DIRECTION('',(-0.476354787167504,1.20650050442425E-15,-0.8792531585059));
#11714=DIRECTION('center_axis',(1.32729367274908E-15,-1.,-1.70663786616096E-15));
#11715=DIRECTION('ref_axis',(0.8792531585059,1.97999227153663E-15,-0.476354787167504));
#11716=DIRECTION('',(1.32729367274908E-15,-1.,-1.70663786616096E-15));
#11717=DIRECTION('center_axis',(9.01386468891376E-16,-1.,-1.86053384984483E-15));
#11718=DIRECTION('ref_axis',(0.8792531585059,1.97999227153663E-15,-0.476354787167504));
#11719=DIRECTION('center_axis',(1.32729367274908E-15,-1.,-1.70663786616096E-15));
#11720=DIRECTION('ref_axis',(-0.476354787167505,8.68304039256631E-16,-0.8792531585059));
#11721=DIRECTION('center_axis',(-9.01386468891376E-16,1.,1.86053384984483E-15));
#11722=DIRECTION('ref_axis',(0.8792531585059,1.97999227153663E-15,-0.476354787167504));
#11723=DIRECTION('center_axis',(1.32729367274908E-15,-1.,-1.70663786616096E-15));
#11724=DIRECTION('ref_axis',(0.8792531585059,1.97999227153663E-15,-0.476354787167504));
#11725=DIRECTION('',(1.32729367274908E-15,-1.,-1.70663786616096E-15));
#11726=DIRECTION('center_axis',(1.32729367274908E-15,-1.,-1.70663786616096E-15));
#11727=DIRECTION('ref_axis',(0.8792531585059,1.97999227153663E-15,-0.476354787167505));
#11728=DIRECTION('',(1.32729367274908E-15,-1.,-1.70663786616096E-15));
#11729=DIRECTION('center_axis',(-9.01386468961326E-16,1.,1.8605338498662E-15));
#11730=DIRECTION('ref_axis',(0.511686042838979,2.05974640403192E-15,-0.859172505125593));
#11731=DIRECTION('',(-0.902331679737227,-1.61531851913045E-15,0.43104238740824));
#11732=DIRECTION('',(-0.859172505125593,1.77562732582189E-16,-0.511686042838979));
#11733=DIRECTION('',(-0.0508346346317495,1.81230668434171E-15,-0.998707084145225));
#11734=DIRECTION('',(-1.,-9.01386468967454E-16,3.29394713558178E-12));
#11735=DIRECTION('center_axis',(9.01386468961326E-16,-1.,-1.8605338498662E-15));
#11736=DIRECTION('ref_axis',(3.29397620291161E-12,-1.8605552431981E-15,
1.));
#11737=DIRECTION('center_axis',(-9.01386468961326E-16,1.,1.8605338498662E-15));
#11738=DIRECTION('ref_axis',(3.29397620291161E-12,-1.8605552431981E-15,
1.));
#11739=DIRECTION('center_axis',(9.01386468961326E-16,-1.,-1.8605338498662E-15));
#11740=DIRECTION('ref_axis',(3.29397620291161E-12,-1.8605552431981E-15,
1.));
#11741=DIRECTION('',(1.,9.01386468967454E-16,-3.29396166924669E-12));
#11742=DIRECTION('',(-0.0508346346317495,1.81230668434171E-15,-0.998707084145225));
#11743=DIRECTION('',(-0.511686042838979,-2.05974640403192E-15,0.859172505125593));
#11744=DIRECTION('',(0.859172505125593,-1.77562732582189E-16,0.511686042838979));
#11745=DIRECTION('',(0.511686042838978,2.05974640403192E-15,-0.859172505125593));
#11746=DIRECTION('center_axis',(-9.01386468961326E-16,1.,1.8605338498662E-15));
#11747=DIRECTION('ref_axis',(0.511686042838979,2.05974640403192E-15,-0.859172505125593));
#11748=DIRECTION('',(-0.859172505125593,1.77562732582189E-16,-0.511686042838979));
#11749=DIRECTION('',(0.511686042838979,2.05974640403192E-15,-0.859172505125593));
#11750=DIRECTION('',(0.859172505125593,-1.77562732582189E-16,0.511686042838979));
#11751=DIRECTION('',(-0.902331679737227,-1.61531851913045E-15,0.43104238740824));
#11752=DIRECTION('center_axis',(-9.01386468961326E-16,1.,1.8605338498662E-15));
#11753=DIRECTION('ref_axis',(0.511686042838979,2.05974640403192E-15,-0.859172505125593));
#11754=DIRECTION('center_axis',(-9.01386468891376E-16,1.,1.86053384984483E-15));
#11755=DIRECTION('ref_axis',(0.804959761115203,1.82948927901365E-15,-0.593329405124468));
#11756=DIRECTION('',(0.804959761115203,1.82948927901365E-15,-0.593329405124468));
#11757=DIRECTION('center_axis',(-9.01386468891376E-16,1.,1.86053384984483E-15));
#11758=DIRECTION('ref_axis',(0.804959761115203,1.82948927901365E-15,-0.593329405124468));
#11759=DIRECTION('',(0.804959761115203,1.82948927901365E-15,-0.593329405124468));
#11760=DIRECTION('center_axis',(-9.01386468891376E-16,1.,1.86053384984483E-15));
#11761=DIRECTION('ref_axis',(0.804959761115203,1.82948927901365E-15,-0.593329405124468));
#11762=DIRECTION('',(0.85917250513641,-1.77562732587813E-16,0.511686042820816));
#11763=DIRECTION('',(-0.511686042820826,-2.05974640398152E-15,0.859172505136404));
#11764=DIRECTION('',(-0.860396731083041,1.72624271624002E-16,-0.509624827830843));
#11765=DIRECTION('',(0.464974299027246,2.06629714392868E-15,-0.885324178617145));
#11766=DIRECTION('center_axis',(-9.01386468891376E-16,1.,1.86053384984483E-15));
#11767=DIRECTION('ref_axis',(0.804959761115203,1.82948927901365E-15,-0.593329405124468));
#11768=DIRECTION('center_axis',(-9.01386468891376E-16,1.,1.86053384984483E-15));
#11769=DIRECTION('ref_axis',(0.804959761115203,1.82948927901365E-15,-0.593329405124468));
#11770=DIRECTION('center_axis',(8.24080991365821E-16,-1.,-1.90158295510514E-15));
#11771=DIRECTION('ref_axis',(0.138240317808782,1.99724653321276E-15,-0.990398714928552));
#11772=DIRECTION('',(1.,9.01394394450284E-16,-3.29395759982051E-12));
#11773=DIRECTION('center_axis',(9.01394394444155E-16,-1.,-1.86055524320107E-15));
#11774=DIRECTION('ref_axis',(3.29397620291161E-12,-1.8605552431981E-15,
1.));
#11775=DIRECTION('center_axis',(-9.01394394444155E-16,1.,1.86055524320107E-15));
#11776=DIRECTION('ref_axis',(-3.29397620291161E-12,1.8605552431981E-15,
-1.));
#11777=DIRECTION('center_axis',(9.01394394444155E-16,-1.,-1.86055524320107E-15));
#11778=DIRECTION('ref_axis',(-3.29397620291161E-12,1.8605552431981E-15,
-1.));
#11779=DIRECTION('center_axis',(8.24080991365821E-16,-1.,-1.90158295510514E-15));
#11780=DIRECTION('ref_axis',(0.138240317808782,1.99724653321275E-15,-0.990398714928552));
#11781=DIRECTION('',(0.556931347101886,2.03833248378107E-15,-0.830558531721443));
#11782=DIRECTION('',(-0.857943341236363,2.69912637267569E-16,-0.513744316978967));
#11783=DIRECTION('',(0.511686042820806,2.05545853269821E-15,-0.859172505136416));
#11784=DIRECTION('',(0.85917250513641,-2.64985727606193E-16,0.511686042820816));
#11785=DIRECTION('center_axis',(8.24080991365821E-16,-1.,-1.90158295510514E-15));
#11786=DIRECTION('ref_axis',(0.138240317808782,1.99724653321276E-15,-0.990398714928552));
#11787=DIRECTION('',(0.138240317808782,1.99724653321276E-15,-0.990398714928552));
#11788=DIRECTION('center_axis',(8.24080991365821E-16,-1.,-1.90158295510514E-15));
#11789=DIRECTION('ref_axis',(0.138240317808782,1.99724653321276E-15,-0.990398714928552));
#11790=DIRECTION('',(0.138240317808782,1.99724653321275E-15,-0.990398714928552));
#11791=DIRECTION('center_axis',(8.24080991365821E-16,-1.,-1.90158295510514E-15));
#11792=DIRECTION('ref_axis',(0.138240317808782,1.99724653321275E-15,-0.990398714928552));
#11793=DIRECTION('center_axis',(-8.24080991365821E-16,1.,1.90158295510514E-15));
#11794=DIRECTION('ref_axis',(-0.138240317808782,-1.99724653321275E-15,0.990398714928552));
#11795=DIRECTION('',(8.24080991365821E-16,-1.,-1.90158295510514E-15));
#11796=DIRECTION('center_axis',(9.01394394444155E-16,-1.,-1.86055524320107E-15));
#11797=DIRECTION('ref_axis',(-0.138240317808782,-1.99724653321275E-15,0.990398714928552));
#11798=DIRECTION('',(-8.24080991365821E-16,1.,1.90158295510514E-15));
#11799=DIRECTION('center_axis',(-2.79084197117967E-28,1.,2.20236406190898E-27));
#11800=DIRECTION('ref_axis',(-0.138240317808782,-1.99724653321275E-15,0.990398714928552));
#11801=DIRECTION('center_axis',(8.24080991365821E-16,-1.,-1.90158295510514E-15));
#11802=DIRECTION('ref_axis',(0.138240317808782,1.99724653321275E-15,-0.990398714928552));
#11803=DIRECTION('center_axis',(0.990398714928552,5.53293322792259E-16,
0.138240317808782));
#11804=DIRECTION('ref_axis',(-0.138240317808782,-1.99724653321276E-15,0.990398714928552));
#11805=DIRECTION('',(8.24080991365821E-16,-1.,-1.90158295510514E-15));
#11806=DIRECTION('',(0.138240317808782,1.99724653321276E-15,-0.990398714928552));
#11807=DIRECTION('',(-8.24080991365821E-16,1.,1.90158295510514E-15));
#11808=DIRECTION('center_axis',(-8.24080991365821E-16,1.,1.90158295510514E-15));
#11809=DIRECTION('ref_axis',(-0.138240317808782,-1.99724653321276E-15,0.990398714928552));
#11810=DIRECTION('center_axis',(8.24080991365821E-16,-1.,-1.90158295510514E-15));
#11811=DIRECTION('ref_axis',(0.138240317808782,1.99724653321276E-15,-0.990398714928552));
#11812=DIRECTION('center_axis',(0.,1.,0.));
#11813=DIRECTION('ref_axis',(-0.138240317808782,-1.99724653321276E-15,0.990398714928552));
#11814=DIRECTION('',(-8.24080991365821E-16,1.,1.90158295510514E-15));
#11815=DIRECTION('center_axis',(0.990398714928552,5.53293322792259E-16,
0.138240317808782));
#11816=DIRECTION('ref_axis',(-0.138240317808782,-1.99724653321276E-15,0.990398714928552));
#11817=DIRECTION('',(-0.138240317808782,0.,0.990398714928552));
#11818=DIRECTION('',(0.138240317808782,1.99724653321275E-15,-0.990398714928552));
#11819=DIRECTION('',(-0.138240317808782,-2.21979922482448E-27,0.990398714928552));
#11820=DIRECTION('',(0.138240317808782,1.96730056947893E-15,-0.990398714928552));
#11821=DIRECTION('center_axis',(-8.24080991365821E-16,1.,1.90158295510514E-15));
#11822=DIRECTION('ref_axis',(-0.138240317808782,-1.99724653321275E-15,0.990398714928552));
#11823=DIRECTION('center_axis',(-9.01394394444155E-16,1.,1.86055524320107E-15));
#11824=DIRECTION('ref_axis',(-0.138240317808782,-1.99724653321275E-15,0.990398714928552));
#11825=DIRECTION('',(-8.24080991365821E-16,1.,1.90158295510514E-15));
#11826=DIRECTION('center_axis',(2.79084197117967E-28,-1.,-2.20236406190898E-27));
#11827=DIRECTION('ref_axis',(-0.138240317808782,-1.99724653321275E-15,0.990398714928552));
#11828=DIRECTION('center_axis',(8.24080991365821E-16,-1.,-1.90158295510514E-15));
#11829=DIRECTION('ref_axis',(0.138240317808782,1.99724653321276E-15,-0.990398714928552));
#11830=DIRECTION('',(1.,2.79084197125221E-28,-3.29390208866928E-12));
#11831=DIRECTION('',(-1.,0.,6.32917891184136E-17));
#11832=DIRECTION('center_axis',(0.,1.,0.));
#11833=DIRECTION('ref_axis',(0.,0.,1.));
#11834=DIRECTION('',(1.,0.,0.));
#11835=DIRECTION('center_axis',(8.24080991365821E-16,-1.,-1.90158295510514E-15));
#11836=DIRECTION('ref_axis',(0.138240317808782,1.99724653321276E-15,-0.990398714928552));
#11837=DIRECTION('',(-0.85917250513641,2.64985727606193E-16,-0.511686042820816));
#11838=DIRECTION('',(-0.511686042820806,-2.05545853269822E-15,0.859172505136416));
#11839=DIRECTION('',(0.857943341236363,-2.69912637267569E-16,0.513744316978967));
#11840=DIRECTION('',(0.556931347101886,2.03833248378107E-15,-0.830558531721443));
#11841=DIRECTION('center_axis',(2.79084197117967E-28,-1.,-2.20236406190898E-27));
#11842=DIRECTION('ref_axis',(-3.29392069176038E-12,2.20236406190806E-27,
-1.));
#11843=DIRECTION('center_axis',(-2.79084197117967E-28,1.,2.20236406190898E-27));
#11844=DIRECTION('ref_axis',(-3.29392069176038E-12,2.20236406190806E-27,
-1.));
#11845=DIRECTION('center_axis',(2.79084197117967E-28,-1.,-2.20236406190898E-27));
#11846=DIRECTION('ref_axis',(3.29392069176038E-12,-2.20236406190806E-27,
1.));
#11847=DIRECTION('center_axis',(-0.830558531721443,3.74603658604343E-16,
-0.556931347101886));
#11848=DIRECTION('ref_axis',(0.556931347101886,2.03833248378107E-15,-0.830558531721443));
#11849=DIRECTION('',(-8.24080991365821E-16,1.,1.90158295510514E-15));
#11850=DIRECTION('',(8.24080991365821E-16,-1.,-1.90158295510514E-15));
#11851=DIRECTION('center_axis',(-0.513744316978967,-2.0548173601856E-15,
0.857943341236363));
#11852=DIRECTION('ref_axis',(8.24080991365821E-16,-1.,-1.90158295510514E-15));
#11853=DIRECTION('',(8.24080991365821E-16,-1.,-1.90158295510514E-15));
#11854=DIRECTION('center_axis',(-0.859172505136416,2.6498572760617E-16,
-0.511686042820806));
#11855=DIRECTION('ref_axis',(0.511686042820806,2.05545853269821E-15,-0.859172505136416));
#11856=DIRECTION('',(8.24080991365821E-16,-1.,-1.90158295510514E-15));
#11857=DIRECTION('center_axis',(8.24080991365821E-16,-1.,-1.90158295510514E-15));
#11858=DIRECTION('ref_axis',(0.138240317808782,1.99724653321276E-15,-0.990398714928552));
#11859=DIRECTION('',(8.24080991365821E-16,-1.,-1.90158295510514E-15));
#11860=DIRECTION('center_axis',(0.511686042820816,2.05545853269821E-15,
-0.85917250513641));
#11861=DIRECTION('ref_axis',(-8.24080991365821E-16,1.,1.90158295510514E-15));
#11862=DIRECTION('center_axis',(-2.79084197117967E-28,1.,2.20236406190898E-27));
#11863=DIRECTION('ref_axis',(-3.29392069176038E-12,2.20236406190806E-27,
-1.));
#11864=DIRECTION('center_axis',(-2.79084197117967E-28,1.,2.20236406190898E-27));
#11865=DIRECTION('ref_axis',(-3.29392069176038E-12,2.20236406190806E-27,
-1.));
#11866=DIRECTION('center_axis',(-9.01394394444155E-16,1.,1.86055524320107E-15));
#11867=DIRECTION('ref_axis',(-3.29397620291161E-12,1.8605552431981E-15,
-1.));
#11868=DIRECTION('',(-1.,-9.01394394450284E-16,3.29394829827497E-12));
#11869=DIRECTION('',(-0.0508346346317495,1.81230668434171E-15,-0.998707084145225));
#11870=DIRECTION('',(1.,9.01394394450284E-16,-3.29395759982051E-12));
#11871=DIRECTION('center_axis',(9.01386468891376E-16,-1.,-1.86053384984483E-15));
#11872=DIRECTION('ref_axis',(-0.804959761115203,-1.82948927901365E-15,0.593329405124468));
#11873=DIRECTION('',(-9.01386468891376E-16,1.,1.86053384984483E-15));
#11874=DIRECTION('center_axis',(-9.01386468891376E-16,1.,1.86053384984483E-15));
#11875=DIRECTION('ref_axis',(0.804959761115203,1.82948927901365E-15,-0.593329405124468));
#11876=DIRECTION('center_axis',(-9.29336605370308E-16,1.,1.96236816899172E-15));
#11877=DIRECTION('ref_axis',(-0.804959761115203,-1.82948927901365E-15,0.593329405124468));
#11878=DIRECTION('',(9.01386468891376E-16,-1.,-1.86053384984483E-15));
#11879=DIRECTION('center_axis',(-0.593329405124468,9.62835785943277E-16,
-0.804959761115203));
#11880=DIRECTION('ref_axis',(-0.804959761115203,-1.82948927901365E-15,0.593329405124468));
#11881=DIRECTION('',(-9.01386468891376E-16,1.,1.86053384984483E-15));
#11882=DIRECTION('',(9.01386468891376E-16,-1.,-1.86053384984483E-15));
#11883=DIRECTION('',(0.804959761115203,1.82948927901365E-15,-0.593329405124468));
#11884=DIRECTION('center_axis',(9.01386468891376E-16,-1.,-1.86053384984483E-15));
#11885=DIRECTION('ref_axis',(-0.804959761115203,-1.82948927901365E-15,0.593329405124468));
#11886=DIRECTION('',(9.01386468891376E-16,-1.,-1.86053384984483E-15));
#11887=DIRECTION('center_axis',(-1.95385354527497E-15,1.,5.26882510999715E-16));
#11888=DIRECTION('ref_axis',(-0.804959761115203,-1.82948927901365E-15,0.593329405124468));
#11889=DIRECTION('center_axis',(-9.01386468891376E-16,1.,1.86053384984483E-15));
#11890=DIRECTION('ref_axis',(0.804959761115203,1.82948927901365E-15,-0.593329405124468));
#11891=DIRECTION('center_axis',(-0.593329405124468,9.62835785943277E-16,
-0.804959761115203));
#11892=DIRECTION('ref_axis',(-0.804959761115203,-1.82948927901365E-15,0.593329405124468));
#11893=DIRECTION('',(0.804959761115203,1.91240931019754E-15,-0.593329405124468));
#11894=DIRECTION('',(0.804959761115203,1.82948927901365E-15,-0.593329405124468));
#11895=DIRECTION('',(0.804959761115203,1.88538836988058E-15,-0.593329405124468));
#11896=DIRECTION('center_axis',(9.01386468891376E-16,-1.,-1.86053384984483E-15));
#11897=DIRECTION('ref_axis',(-0.804959761115203,-1.82948927901365E-15,0.593329405124468));
#11898=DIRECTION('center_axis',(9.29336605370308E-16,-1.,-1.96236816899172E-15));
#11899=DIRECTION('ref_axis',(-0.804959761115203,-1.82948927901365E-15,0.593329405124468));
#11900=DIRECTION('',(9.01386468891376E-16,-1.,-1.86053384984483E-15));
#11901=DIRECTION('center_axis',(-9.01386468891376E-16,1.,1.86053384984483E-15));
#11902=DIRECTION('ref_axis',(0.804959761115203,1.82948927901365E-15,-0.593329405124468));
#11903=DIRECTION('',(-0.476354787167505,-4.67464377757913E-16,-0.8792531585059));
#11904=DIRECTION('',(0.476354787167504,-1.28272446987926E-15,0.8792531585059));
#11905=DIRECTION('center_axis',(9.29336605370308E-16,-1.,-1.96236816899172E-15));
#11906=DIRECTION('ref_axis',(-0.8792531585059,-1.75190561707133E-15,0.476354787167504));
#11907=DIRECTION('center_axis',(-9.29336605370308E-16,1.,1.96236816899172E-15));
#11908=DIRECTION('ref_axis',(-0.8792531585059,-1.75190561707133E-15,0.476354787167504));
#11909=DIRECTION('center_axis',(9.29336605370308E-16,-1.,-1.96236816899172E-15));
#11910=DIRECTION('ref_axis',(0.8792531585059,1.75190561707133E-15,-0.476354787167504));
#11911=DIRECTION('',(0.464974299027246,2.06629714392868E-15,-0.885324178617145));
#11912=DIRECTION('',(0.860396731083041,-1.72624271624001E-16,0.509624827830843));
#11913=DIRECTION('',(0.511686042820825,2.05974640398152E-15,-0.859172505136404));
#11914=DIRECTION('',(-0.85917250513641,1.77562732587813E-16,-0.511686042820816));
#11915=DIRECTION('center_axis',(-9.01386468891376E-16,1.,1.86053384984483E-15));
#11916=DIRECTION('ref_axis',(0.804959761115203,1.82948927901365E-15,-0.593329405124468));
#11917=DIRECTION('',(-0.476354787167505,-4.67464377757913E-16,-0.8792531585059));
#11918=DIRECTION('center_axis',(-1.95385354527497E-15,1.,5.26882510999715E-16));
#11919=DIRECTION('ref_axis',(-0.933907802362135,-2.01308691258239E-15,0.357513939150808));
#11920=DIRECTION('center_axis',(0.885324178617145,-6.70811874601962E-17,
0.464974299027246));
#11921=DIRECTION('ref_axis',(0.464974299027246,2.06629714392868E-15,-0.885324178617145));
#11922=DIRECTION('',(9.01386468891376E-16,-1.,-1.86053384984483E-15));
#11923=DIRECTION('',(-9.01386468891376E-16,1.,1.86053384984483E-15));
#11924=DIRECTION('center_axis',(-0.509624827830844,-2.06016616649366E-15,
0.860396731083041));
#11925=DIRECTION('ref_axis',(-9.01386468891376E-16,1.,1.86053384984483E-15));
#11926=DIRECTION('',(-9.01386468891376E-16,1.,1.86053384984483E-15));
#11927=DIRECTION('center_axis',(0.859172505136404,-1.77562732587835E-16,
0.511686042820825));
#11928=DIRECTION('ref_axis',(0.511686042820825,2.05974640398152E-15,-0.859172505136404));
#11929=DIRECTION('',(-9.01386468891376E-16,1.,1.86053384984483E-15));
#11930=DIRECTION('center_axis',(-9.01386468891376E-16,1.,1.86053384984483E-15));
#11931=DIRECTION('ref_axis',(0.804959761115203,1.82948927901365E-15,-0.593329405124468));
#11932=DIRECTION('',(-9.01386468891376E-16,1.,1.86053384984483E-15));
#11933=DIRECTION('center_axis',(0.511686042820816,2.05974640398153E-15,
-0.85917250513641));
#11934=DIRECTION('ref_axis',(9.01386468891376E-16,-1.,-1.86053384984483E-15));
#11935=DIRECTION('center_axis',(-9.29336605370308E-16,1.,1.96236816899172E-15));
#11936=DIRECTION('ref_axis',(-0.8792531585059,-1.75190561707133E-15,0.476354787167504));
#11937=DIRECTION('center_axis',(-9.29336605370308E-16,1.,1.96236816899172E-15));
#11938=DIRECTION('ref_axis',(-0.8792531585059,-1.75190561707133E-15,0.476354787167504));
#11939=DIRECTION('center_axis',(-2.79084197117967E-28,1.,2.20236406190898E-27));
#11940=DIRECTION('ref_axis',(-3.29392069176038E-12,2.20236406190806E-27,
-1.));
#11941=DIRECTION('center_axis',(-9.01386468961326E-16,1.,1.8605338498662E-15));
#11942=DIRECTION('ref_axis',(0.511686042838979,2.05974640403192E-15,-0.859172505125593));
#11943=DIRECTION('center_axis',(-2.79084197117967E-28,1.,2.20236406190898E-27));
#11944=DIRECTION('ref_axis',(-3.29392069176038E-12,2.20236406190806E-27,
-1.));
#11945=DIRECTION('center_axis',(-2.79084197117967E-28,1.,2.20236406190898E-27));
#11946=DIRECTION('ref_axis',(-3.29392069176038E-12,2.20236406190806E-27,
-1.));
#11947=DIRECTION('',(1.,2.79084197125221E-28,-3.29390208866928E-12));
#11948=DIRECTION('',(-0.0508346346317495,1.81230668434171E-15,-0.998707084145225));
#11949=DIRECTION('',(-1.,-2.79084197125221E-28,3.29389278712374E-12));
#11950=DIRECTION('center_axis',(-2.79084197117967E-28,1.,2.20236406190898E-27));
#11951=DIRECTION('ref_axis',(-3.29392069176038E-12,2.20236406190806E-27,
-1.));
#11952=DIRECTION('center_axis',(2.79084197117967E-28,-1.,-2.20236406190898E-27));
#11953=DIRECTION('ref_axis',(-3.29392069176038E-12,2.20236406190806E-27,
-1.));
#11954=DIRECTION('',(-1.,-2.79084197125221E-28,3.29389278712374E-12));
#11955=DIRECTION('center_axis',(2.79084197117967E-28,-1.,-2.20236406190898E-27));
#11956=DIRECTION('ref_axis',(3.29392069176038E-12,-2.20236406190806E-27,
1.));
#11957=DIRECTION('center_axis',(-2.79084197117967E-28,1.,2.20236406190898E-27));
#11958=DIRECTION('ref_axis',(-3.29392069176038E-12,2.20236406190806E-27,
-1.));
#11959=DIRECTION('center_axis',(2.79084197117967E-28,-1.,-2.20236406190898E-27));
#11960=DIRECTION('ref_axis',(-3.29392069176038E-12,2.20236406190806E-27,
-1.));
#11961=DIRECTION('',(1.,2.79084197125221E-28,-3.29390208866928E-12));
#11962=DIRECTION('center_axis',(2.79084197117967E-28,-1.,-2.20236406190898E-27));
#11963=DIRECTION('ref_axis',(3.29392069176038E-12,-2.20236406190806E-27,
1.));
#11964=DIRECTION('center_axis',(-2.79084197117967E-28,1.,2.20236406190898E-27));
#11965=DIRECTION('ref_axis',(-3.29392069176038E-12,2.20236406190806E-27,
-1.));
#11966=DIRECTION('center_axis',(-2.79084197117967E-28,1.,2.20236406190898E-27));
#11967=DIRECTION('ref_axis',(-3.29392069176038E-12,2.20236406190806E-27,
-1.));
#11968=DIRECTION('center_axis',(-2.79084197117967E-28,1.,2.20236406190898E-27));
#11969=DIRECTION('ref_axis',(-3.29392069176038E-12,2.20236406190806E-27,
-1.));
#11970=DIRECTION('center_axis',(2.79084197117967E-28,-1.,-2.20236406190898E-27));
#11971=DIRECTION('ref_axis',(3.29392069176038E-12,-2.20236406190806E-27,
1.));
#11972=DIRECTION('',(2.79084197117967E-28,-1.,-2.20236406190898E-27));
#11973=DIRECTION('',(2.79084197117967E-28,-1.,-2.20236406190898E-27));
#11974=DIRECTION('center_axis',(3.29389162443054E-12,-2.20236406190806E-27,
1.));
#11975=DIRECTION('ref_axis',(1.,2.79084197125221E-28,-3.29389162443054E-12));
#11976=DIRECTION('',(1.,9.01386468967454E-16,-3.29389162443054E-12));
#11977=DIRECTION('',(2.79084197117967E-28,-1.,-2.20236406190898E-27));
#11978=DIRECTION('center_axis',(2.79084197117967E-28,-1.,-2.20236406190898E-27));
#11979=DIRECTION('ref_axis',(3.29392069176038E-12,-2.20236406190806E-27,
1.));
#11980=DIRECTION('center_axis',(-9.01386468961326E-16,1.,1.8605338498662E-15));
#11981=DIRECTION('ref_axis',(3.29392069176038E-12,-2.20236406190806E-27,
1.));
#11982=DIRECTION('',(2.79084197117967E-28,-1.,-2.20236406190898E-27));
#11983=DIRECTION('center_axis',(2.79084197117967E-28,-1.,-2.20236406190898E-27));
#11984=DIRECTION('ref_axis',(-1.,-2.79084197125219E-28,3.29331579028556E-12));
#11985=DIRECTION('center_axis',(9.01386468961326E-16,-1.,-1.8605338498662E-15));
#11986=DIRECTION('ref_axis',(3.29392069176038E-12,-2.20236406190806E-27,
1.));
#11987=DIRECTION('',(2.79084197117967E-28,-1.,-2.20236406190898E-27));
#11988=DIRECTION('center_axis',(2.79084197117967E-28,-1.,-2.20236406190898E-27));
#11989=DIRECTION('ref_axis',(3.29392069176038E-12,-2.20236406190806E-27,
1.));
#11990=DIRECTION('center_axis',(-9.01386468961326E-16,1.,1.8605338498662E-15));
#11991=DIRECTION('ref_axis',(3.29392069176038E-12,-2.20236406190806E-27,
1.));
#11992=DIRECTION('',(2.79084197117967E-28,-1.,-2.20236406190898E-27));
#11993=DIRECTION('center_axis',(-3.29390615809546E-12,2.20236406190806E-27,
-1.));
#11994=DIRECTION('ref_axis',(-1.,-2.79084197125221E-28,3.29390615809546E-12));
#11995=DIRECTION('',(-1.,-9.01386468967454E-16,3.29390615809546E-12));
#11996=DIRECTION('',(2.79084197117967E-28,-1.,-2.20236406190898E-27));
#11997=DIRECTION('center_axis',(2.79084197117967E-28,-1.,-2.20236406190898E-27));
#11998=DIRECTION('ref_axis',(3.29392069176038E-12,-2.20236406190806E-27,
1.));
#11999=DIRECTION('',(2.79084197117967E-28,-1.,-2.20236406190898E-27));
#12000=DIRECTION('center_axis',(2.79084197117967E-28,-1.,-2.20236406190898E-27));
#12001=DIRECTION('ref_axis',(1.,2.79084197125222E-28,-3.29410438878025E-12));
#12002=DIRECTION('center_axis',(2.79084197117967E-28,-1.,-2.20236406190898E-27));
#12003=DIRECTION('ref_axis',(3.29392069176038E-12,-2.20236406190806E-27,
1.));
#12004=DIRECTION('',(2.79084197117967E-28,-1.,-2.20236406190898E-27));
#12005=DIRECTION('center_axis',(2.79084197117967E-28,-1.,-2.20236406190898E-27));
#12006=DIRECTION('ref_axis',(3.29392069176038E-12,-2.20236406190806E-27,
1.));
#12007=DIRECTION('',(2.79084197117966E-28,-1.,-2.20236406190898E-27));
#12008=DIRECTION('center_axis',(-9.01386468961326E-16,1.,1.8605338498662E-15));
#12009=DIRECTION('ref_axis',(0.511686042838979,2.05974640403192E-15,-0.859172505125593));
#12010=DIRECTION('',(-0.0508346346317495,1.81230668434171E-15,-0.998707084145225));
#12011=DIRECTION('',(-0.859172505125593,1.77562732582189E-16,-0.511686042838979));
#12012=DIRECTION('',(-0.902331679737227,-1.61531851913045E-15,0.43104238740824));
#12013=DIRECTION('',(0.476354787167504,-1.20650050442425E-15,0.8792531585059));
#12014=DIRECTION('center_axis',(-9.01386468961326E-16,1.,1.8605338498662E-15));
#12015=DIRECTION('ref_axis',(0.8792531585059,1.75190561707133E-15,-0.476354787167504));
#12016=DIRECTION('center_axis',(9.01386468961326E-16,-1.,-1.8605338498662E-15));
#12017=DIRECTION('ref_axis',(0.8792531585059,1.75190561707133E-15,-0.476354787167504));
#12018=DIRECTION('center_axis',(-9.01386468961326E-16,1.,1.8605338498662E-15));
#12019=DIRECTION('ref_axis',(0.8792531585059,1.75190561707133E-15,-0.476354787167504));
#12020=DIRECTION('',(-0.476354787167504,1.20650050442425E-15,-0.8792531585059));
#12021=DIRECTION('',(-0.902331679737227,-1.61531851913045E-15,0.43104238740824));
#12022=DIRECTION('center_axis',(9.01386468961326E-16,-1.,-1.8605338498662E-15));
#12023=DIRECTION('ref_axis',(0.933907802362135,2.01308691258239E-15,-0.357513939150808));
#12024=DIRECTION('center_axis',(9.01386468961326E-16,-1.,-1.8605338498662E-15));
#12025=DIRECTION('ref_axis',(0.933907802362135,2.01308691258239E-15,-0.357513939150808));
#12026=DIRECTION('center_axis',(9.01386468961326E-16,-1.,-1.8605338498662E-15));
#12027=DIRECTION('ref_axis',(0.933907802362135,2.01308691258239E-15,-0.357513939150808));
#12028=DIRECTION('center_axis',(9.01386468961326E-16,-1.,-1.8605338498662E-15));
#12029=DIRECTION('ref_axis',(0.933907802362135,2.01308691258239E-15,-0.357513939150808));
#12030=DIRECTION('center_axis',(9.01386468961326E-16,-1.,-1.8605338498662E-15));
#12031=DIRECTION('ref_axis',(0.933907802362135,2.01308691258239E-15,-0.357513939150808));
#12032=DIRECTION('center_axis',(9.01386468961326E-16,-1.,-1.8605338498662E-15));
#12033=DIRECTION('ref_axis',(0.933907802362135,2.01308691258239E-15,-0.357513939150808));
#12034=DIRECTION('center_axis',(9.01386468961326E-16,-1.,-1.8605338498662E-15));
#12035=DIRECTION('ref_axis',(0.933907802362135,2.01308691258239E-15,-0.357513939150808));
#12036=DIRECTION('center_axis',(9.01386468961326E-16,-1.,-1.8605338498662E-15));
#12037=DIRECTION('ref_axis',(0.933907802362135,2.01308691258239E-15,-0.357513939150808));
#12038=DIRECTION('center_axis',(9.01386468961326E-16,-1.,-1.8605338498662E-15));
#12039=DIRECTION('ref_axis',(0.933907802362135,2.01308691258239E-15,-0.357513939150808));
#12040=DIRECTION('center_axis',(9.01386468961326E-16,-1.,-1.8605338498662E-15));
#12041=DIRECTION('ref_axis',(0.933907802362135,2.01308691258239E-15,-0.357513939150808));
#12042=DIRECTION('center_axis',(9.01386468961326E-16,-1.,-1.8605338498662E-15));
#12043=DIRECTION('ref_axis',(0.933907802362135,2.01308691258239E-15,-0.357513939150808));
#12044=DIRECTION('center_axis',(9.01386468961326E-16,-1.,-1.8605338498662E-15));
#12045=DIRECTION('ref_axis',(0.933907802362135,2.01308691258239E-15,-0.357513939150808));
#12046=DIRECTION('center_axis',(9.01386468961326E-16,-1.,-1.8605338498662E-15));
#12047=DIRECTION('ref_axis',(0.933907802362135,2.01308691258239E-15,-0.357513939150808));
#12048=DIRECTION('center_axis',(9.01386468961326E-16,-1.,-1.8605338498662E-15));
#12049=DIRECTION('ref_axis',(0.933907802362135,2.01308691258239E-15,-0.357513939150808));
#12050=DIRECTION('center_axis',(9.01386468961326E-16,-1.,-1.8605338498662E-15));
#12051=DIRECTION('ref_axis',(0.933907802362135,2.01308691258239E-15,-0.357513939150808));
#12052=DIRECTION('center_axis',(9.01386468961326E-16,-1.,-1.8605338498662E-15));
#12053=DIRECTION('ref_axis',(0.933907802362135,2.01308691258239E-15,-0.357513939150808));
#12054=DIRECTION('center_axis',(9.01386468961326E-16,-1.,-1.8605338498662E-15));
#12055=DIRECTION('ref_axis',(0.933907802362135,2.01308691258239E-15,-0.357513939150808));
#12056=DIRECTION('center_axis',(9.01386468961326E-16,-1.,-1.8605338498662E-15));
#12057=DIRECTION('ref_axis',(0.933907802362135,2.01308691258239E-15,-0.357513939150808));
#12058=DIRECTION('center_axis',(9.01386468961326E-16,-1.,-1.8605338498662E-15));
#12059=DIRECTION('ref_axis',(0.933907802362135,2.01308691258239E-15,-0.357513939150808));
#12060=DIRECTION('center_axis',(9.01386468961326E-16,-1.,-1.8605338498662E-15));
#12061=DIRECTION('ref_axis',(0.933907802362135,2.01308691258239E-15,-0.357513939150808));
#12062=DIRECTION('center_axis',(9.01386468961326E-16,-1.,-1.8605338498662E-15));
#12063=DIRECTION('ref_axis',(0.933907802362135,2.01308691258239E-15,-0.357513939150808));
#12064=DIRECTION('center_axis',(9.01386468961326E-16,-1.,-1.8605338498662E-15));
#12065=DIRECTION('ref_axis',(0.933907802362135,2.01308691258239E-15,-0.357513939150808));
#12066=DIRECTION('center_axis',(9.01386468961326E-16,-1.,-1.8605338498662E-15));
#12067=DIRECTION('ref_axis',(0.933907802362135,2.01308691258239E-15,-0.357513939150808));
#12068=DIRECTION('center_axis',(9.01386468961326E-16,-1.,-1.8605338498662E-15));
#12069=DIRECTION('ref_axis',(0.933907802362135,2.01308691258239E-15,-0.357513939150808));
#12070=DIRECTION('center_axis',(9.01386468961326E-16,-1.,-1.8605338498662E-15));
#12071=DIRECTION('ref_axis',(0.933907802362135,2.01308691258239E-15,-0.357513939150808));
#12072=DIRECTION('center_axis',(9.01386468961326E-16,-1.,-1.8605338498662E-15));
#12073=DIRECTION('ref_axis',(0.933907802362135,2.01308691258239E-15,-0.357513939150808));
#12074=DIRECTION('center_axis',(9.01386468961326E-16,-1.,-1.8605338498662E-15));
#12075=DIRECTION('ref_axis',(0.933907802362135,2.01308691258239E-15,-0.357513939150808));
#12076=DIRECTION('center_axis',(9.01386468961326E-16,-1.,-1.8605338498662E-15));
#12077=DIRECTION('ref_axis',(0.933907802362135,2.01308691258239E-15,-0.357513939150808));
#12078=DIRECTION('center_axis',(9.01386468961326E-16,-1.,-1.8605338498662E-15));
#12079=DIRECTION('ref_axis',(0.933907802362135,2.01308691258239E-15,-0.357513939150808));
#12080=DIRECTION('center_axis',(9.01386468961326E-16,-1.,-1.8605338498662E-15));
#12081=DIRECTION('ref_axis',(0.933907802362135,2.01308691258239E-15,-0.357513939150808));
#12082=DIRECTION('center_axis',(9.01386468961326E-16,-1.,-1.8605338498662E-15));
#12083=DIRECTION('ref_axis',(0.933907802362135,2.01308691258239E-15,-0.357513939150808));
#12084=DIRECTION('center_axis',(9.01386468961326E-16,-1.,-1.8605338498662E-15));
#12085=DIRECTION('ref_axis',(0.933907802362135,2.01308691258239E-15,-0.357513939150808));
#12086=DIRECTION('center_axis',(9.01386468961326E-16,-1.,-1.8605338498662E-15));
#12087=DIRECTION('ref_axis',(0.933907802362135,2.01308691258239E-15,-0.357513939150808));
#12088=DIRECTION('',(-0.796552783684383,4.068191681169E-16,-0.604568989284648));
#12089=DIRECTION('center_axis',(9.01386468961326E-16,-1.,-1.8605338498662E-15));
#12090=DIRECTION('ref_axis',(-0.933907802362135,-2.01308691258239E-15,0.357513939150808));
#12091=DIRECTION('center_axis',(9.01386468961326E-16,-1.,-1.8605338498662E-15));
#12092=DIRECTION('ref_axis',(-0.933907802362135,-2.01308691258239E-15,0.357513939150808));
#12093=DIRECTION('center_axis',(9.01386468961326E-16,-1.,-1.8605338498662E-15));
#12094=DIRECTION('ref_axis',(-0.933907802362135,-2.01308691258239E-15,0.357513939150808));
#12095=DIRECTION('center_axis',(9.01386468961326E-16,-1.,-1.8605338498662E-15));
#12096=DIRECTION('ref_axis',(-0.933907802362135,-2.01308691258239E-15,0.357513939150808));
#12097=DIRECTION('center_axis',(9.01386468961326E-16,-1.,-1.8605338498662E-15));
#12098=DIRECTION('ref_axis',(0.933907802362135,2.01308691258239E-15,-0.357513939150808));
#12099=DIRECTION('center_axis',(9.01386468961326E-16,-1.,-1.8605338498662E-15));
#12100=DIRECTION('ref_axis',(-0.933907802362135,-2.01308691258239E-15,0.357513939150808));
#12101=DIRECTION('center_axis',(9.01386468961326E-16,-1.,-1.8605338498662E-15));
#12102=DIRECTION('ref_axis',(-0.933907802362135,-2.01308691258239E-15,0.357513939150808));
#12103=DIRECTION('center_axis',(9.01386468961326E-16,-1.,-1.8605338498662E-15));
#12104=DIRECTION('ref_axis',(-0.933907802362135,-2.01308691258239E-15,0.357513939150808));
#12105=DIRECTION('center_axis',(9.01386468961326E-16,-1.,-1.8605338498662E-15));
#12106=DIRECTION('ref_axis',(0.933907802362135,2.01308691258239E-15,-0.357513939150808));
#12107=DIRECTION('center_axis',(9.01386468961326E-16,-1.,-1.8605338498662E-15));
#12108=DIRECTION('ref_axis',(-0.933907802362135,-2.01308691258239E-15,0.357513939150808));
#12109=DIRECTION('center_axis',(9.01386468961326E-16,-1.,-1.8605338498662E-15));
#12110=DIRECTION('ref_axis',(-0.933907802362135,-2.01308691258239E-15,0.357513939150808));
#12111=DIRECTION('center_axis',(9.01386468961326E-16,-1.,-1.8605338498662E-15));
#12112=DIRECTION('ref_axis',(-0.933907802362135,-2.01308691258239E-15,0.357513939150808));
#12113=DIRECTION('center_axis',(9.01386468961326E-16,-1.,-1.8605338498662E-15));
#12114=DIRECTION('ref_axis',(0.933907802362135,2.01308691258239E-15,-0.357513939150808));
#12115=DIRECTION('center_axis',(9.01386468961326E-16,-1.,-1.8605338498662E-15));
#12116=DIRECTION('ref_axis',(0.933907802362135,2.01308691258239E-15,-0.357513939150808));
#12117=DIRECTION('center_axis',(9.01386468961326E-16,-1.,-1.8605338498662E-15));
#12118=DIRECTION('ref_axis',(0.933907802362135,2.01308691258239E-15,-0.357513939150808));
#12119=DIRECTION('center_axis',(9.01386468961326E-16,-1.,-1.8605338498662E-15));
#12120=DIRECTION('ref_axis',(0.933907802362135,2.01308691258239E-15,-0.357513939150808));
#12121=DIRECTION('center_axis',(9.01386468961326E-16,-1.,-1.8605338498662E-15));
#12122=DIRECTION('ref_axis',(0.933907802362135,2.01308691258239E-15,-0.357513939150808));
#12123=DIRECTION('center_axis',(9.01386468961326E-16,-1.,-1.8605338498662E-15));
#12124=DIRECTION('ref_axis',(0.933907802362135,2.01308691258239E-15,-0.357513939150808));
#12125=DIRECTION('center_axis',(9.01386468961326E-16,-1.,-1.8605338498662E-15));
#12126=DIRECTION('ref_axis',(0.933907802362135,2.01308691258239E-15,-0.357513939150808));
#12127=DIRECTION('center_axis',(9.01386468961326E-16,-1.,-1.8605338498662E-15));
#12128=DIRECTION('ref_axis',(0.933907802362135,2.01308691258239E-15,-0.357513939150808));
#12129=DIRECTION('center_axis',(9.01386468961326E-16,-1.,-1.8605338498662E-15));
#12130=DIRECTION('ref_axis',(0.933907802362135,2.01308691258239E-15,-0.357513939150808));
#12131=DIRECTION('center_axis',(9.01386468961326E-16,-1.,-1.8605338498662E-15));
#12132=DIRECTION('ref_axis',(0.933907802362135,2.01308691258239E-15,-0.357513939150808));
#12133=DIRECTION('center_axis',(9.01386468961326E-16,-1.,-1.8605338498662E-15));
#12134=DIRECTION('ref_axis',(0.933907802362135,2.01308691258239E-15,-0.357513939150808));
#12135=DIRECTION('center_axis',(9.01386468961326E-16,-1.,-1.8605338498662E-15));
#12136=DIRECTION('ref_axis',(0.933907802362135,2.01308691258239E-15,-0.357513939150808));
#12137=DIRECTION('center_axis',(9.01386468961326E-16,-1.,-1.8605338498662E-15));
#12138=DIRECTION('ref_axis',(0.933907802362135,2.01308691258239E-15,-0.357513939150808));
#12139=DIRECTION('center_axis',(9.01386468961326E-16,-1.,-1.8605338498662E-15));
#12140=DIRECTION('ref_axis',(0.933907802362135,2.01308691258239E-15,-0.357513939150808));
#12141=DIRECTION('center_axis',(9.01386468961326E-16,-1.,-1.8605338498662E-15));
#12142=DIRECTION('ref_axis',(0.933907802362135,2.01308691258239E-15,-0.357513939150808));
#12143=DIRECTION('center_axis',(9.01386468961326E-16,-1.,-1.8605338498662E-15));
#12144=DIRECTION('ref_axis',(0.933907802362135,2.01308691258239E-15,-0.357513939150808));
#12145=DIRECTION('center_axis',(9.01386468961326E-16,-1.,-1.8605338498662E-15));
#12146=DIRECTION('ref_axis',(0.933907802362135,2.01308691258239E-15,-0.357513939150808));
#12147=DIRECTION('center_axis',(9.01386468961326E-16,-1.,-1.8605338498662E-15));
#12148=DIRECTION('ref_axis',(0.933907802362135,2.01308691258239E-15,-0.357513939150808));
#12149=DIRECTION('center_axis',(9.01386468961326E-16,-1.,-1.8605338498662E-15));
#12150=DIRECTION('ref_axis',(0.933907802362135,2.01308691258239E-15,-0.357513939150808));
#12151=DIRECTION('center_axis',(9.01386468961326E-16,-1.,-1.8605338498662E-15));
#12152=DIRECTION('ref_axis',(0.933907802362135,2.01308691258239E-15,-0.357513939150808));
#12153=DIRECTION('center_axis',(9.01386468961326E-16,-1.,-1.8605338498662E-15));
#12154=DIRECTION('ref_axis',(0.933907802362135,2.01308691258239E-15,-0.357513939150808));
#12155=DIRECTION('center_axis',(9.01386468961326E-16,-1.,-1.8605338498662E-15));
#12156=DIRECTION('ref_axis',(0.933907802362135,2.01308691258239E-15,-0.357513939150808));
#12157=DIRECTION('',(-0.511686042838979,-2.05974640403192E-15,0.859172505125593));
#12158=DIRECTION('',(-0.859172505125593,1.77562732582189E-16,-0.511686042838979));
#12159=DIRECTION('',(0.511686042838978,2.05974640403192E-15,-0.859172505125593));
#12160=DIRECTION('center_axis',(0.,1.,0.));
#12161=DIRECTION('ref_axis',(0.,0.,1.));
#12162=DIRECTION('center_axis',(0.,1.,0.));
#12163=DIRECTION('ref_axis',(0.,0.,1.));
#12164=DIRECTION('center_axis',(0.,1.,0.));
#12165=DIRECTION('ref_axis',(0.,0.,1.));
#12166=DIRECTION('center_axis',(0.,1.,0.));
#12167=DIRECTION('ref_axis',(0.,0.,1.));
#12168=DIRECTION('center_axis',(0.,1.,0.));
#12169=DIRECTION('ref_axis',(0.,0.,1.));
#12170=DIRECTION('center_axis',(0.,1.,0.));
#12171=DIRECTION('ref_axis',(0.,0.,1.));
#12172=DIRECTION('center_axis',(0.,1.,0.));
#12173=DIRECTION('ref_axis',(0.,0.,1.));
#12174=DIRECTION('center_axis',(0.,1.,0.));
#12175=DIRECTION('ref_axis',(0.,0.,1.));
#12176=DIRECTION('center_axis',(0.,1.,0.));
#12177=DIRECTION('ref_axis',(0.,0.,1.));
#12178=DIRECTION('center_axis',(0.,1.,0.));
#12179=DIRECTION('ref_axis',(0.,0.,1.));
#12180=DIRECTION('center_axis',(0.,1.,0.));
#12181=DIRECTION('ref_axis',(0.,0.,1.));
#12182=DIRECTION('center_axis',(0.,1.,0.));
#12183=DIRECTION('ref_axis',(0.,0.,1.));
#12184=DIRECTION('center_axis',(0.,1.,0.));
#12185=DIRECTION('ref_axis',(0.,0.,1.));
#12186=DIRECTION('center_axis',(0.,1.,0.));
#12187=DIRECTION('ref_axis',(0.,0.,1.));
#12188=DIRECTION('center_axis',(0.,1.,0.));
#12189=DIRECTION('ref_axis',(0.,0.,1.));
#12190=DIRECTION('center_axis',(0.,1.,0.));
#12191=DIRECTION('ref_axis',(0.,0.,1.));
#12192=DIRECTION('center_axis',(0.,1.,0.));
#12193=DIRECTION('ref_axis',(0.,0.,1.));
#12194=DIRECTION('center_axis',(0.,1.,0.));
#12195=DIRECTION('ref_axis',(0.,0.,1.));
#12196=DIRECTION('center_axis',(0.,1.,0.));
#12197=DIRECTION('ref_axis',(0.,0.,1.));
#12198=DIRECTION('center_axis',(0.,1.,0.));
#12199=DIRECTION('ref_axis',(0.,0.,1.));
#12200=DIRECTION('center_axis',(0.,1.,0.));
#12201=DIRECTION('ref_axis',(0.,0.,1.));
#12202=DIRECTION('center_axis',(0.,1.,0.));
#12203=DIRECTION('ref_axis',(0.,0.,1.));
#12204=DIRECTION('center_axis',(0.,1.,0.));
#12205=DIRECTION('ref_axis',(0.,0.,1.));
#12206=DIRECTION('center_axis',(0.,1.,0.));
#12207=DIRECTION('ref_axis',(0.,0.,1.));
#12208=DIRECTION('center_axis',(0.,1.,0.));
#12209=DIRECTION('ref_axis',(0.,0.,1.));
#12210=DIRECTION('center_axis',(0.,1.,0.));
#12211=DIRECTION('ref_axis',(0.,0.,1.));
#12212=DIRECTION('center_axis',(0.,1.,0.));
#12213=DIRECTION('ref_axis',(0.,0.,1.));
#12214=DIRECTION('center_axis',(0.,1.,0.));
#12215=DIRECTION('ref_axis',(0.,0.,1.));
#12216=DIRECTION('center_axis',(0.,1.,0.));
#12217=DIRECTION('ref_axis',(0.,0.,1.));
#12218=DIRECTION('center_axis',(0.,1.,0.));
#12219=DIRECTION('ref_axis',(0.,0.,1.));
#12220=DIRECTION('center_axis',(0.,1.,0.));
#12221=DIRECTION('ref_axis',(0.,0.,1.));
#12222=DIRECTION('center_axis',(0.,1.,0.));
#12223=DIRECTION('ref_axis',(0.,0.,1.));
#12224=DIRECTION('center_axis',(0.,1.,0.));
#12225=DIRECTION('ref_axis',(0.,0.,1.));
#12226=DIRECTION('center_axis',(0.,1.,0.));
#12227=DIRECTION('ref_axis',(0.,0.,1.));
#12228=DIRECTION('center_axis',(0.,1.,0.));
#12229=DIRECTION('ref_axis',(0.,0.,1.));
#12230=DIRECTION('center_axis',(0.,1.,0.));
#12231=DIRECTION('ref_axis',(0.,0.,1.));
#12232=DIRECTION('center_axis',(0.,1.,0.));
#12233=DIRECTION('ref_axis',(0.,0.,1.));
#12234=DIRECTION('center_axis',(0.,1.,0.));
#12235=DIRECTION('ref_axis',(0.,0.,1.));
#12236=DIRECTION('center_axis',(0.,1.,0.));
#12237=DIRECTION('ref_axis',(0.,0.,1.));
#12238=DIRECTION('center_axis',(0.,1.,0.));
#12239=DIRECTION('ref_axis',(0.,0.,1.));
#12240=DIRECTION('center_axis',(0.,1.,0.));
#12241=DIRECTION('ref_axis',(0.,0.,1.));
#12242=DIRECTION('center_axis',(0.,1.,0.));
#12243=DIRECTION('ref_axis',(0.,0.,1.));
#12244=DIRECTION('center_axis',(0.,1.,0.));
#12245=DIRECTION('ref_axis',(0.,0.,1.));
#12246=DIRECTION('center_axis',(0.,1.,0.));
#12247=DIRECTION('ref_axis',(0.,0.,1.));
#12248=DIRECTION('center_axis',(0.,1.,0.));
#12249=DIRECTION('ref_axis',(0.,0.,1.));
#12250=DIRECTION('center_axis',(0.,1.,0.));
#12251=DIRECTION('ref_axis',(0.,0.,1.));
#12252=DIRECTION('center_axis',(0.,1.,0.));
#12253=DIRECTION('ref_axis',(0.,0.,1.));
#12254=DIRECTION('center_axis',(0.,1.,0.));
#12255=DIRECTION('ref_axis',(0.,0.,1.));
#12256=DIRECTION('center_axis',(0.,1.,0.));
#12257=DIRECTION('ref_axis',(0.,0.,1.));
#12258=DIRECTION('center_axis',(0.,1.,0.));
#12259=DIRECTION('ref_axis',(0.,0.,1.));
#12260=DIRECTION('center_axis',(0.,1.,0.));
#12261=DIRECTION('ref_axis',(0.,0.,1.));
#12262=DIRECTION('center_axis',(0.,1.,0.));
#12263=DIRECTION('ref_axis',(0.,0.,1.));
#12264=DIRECTION('center_axis',(0.,1.,0.));
#12265=DIRECTION('ref_axis',(0.,0.,1.));
#12266=DIRECTION('center_axis',(0.,1.,0.));
#12267=DIRECTION('ref_axis',(0.,0.,1.));
#12268=DIRECTION('center_axis',(0.,1.,0.));
#12269=DIRECTION('ref_axis',(0.,0.,1.));
#12270=DIRECTION('center_axis',(0.,1.,0.));
#12271=DIRECTION('ref_axis',(0.,0.,1.));
#12272=DIRECTION('',(-0.0508346346317495,1.81230668434171E-15,-0.998707084145225));
#12273=DIRECTION('center_axis',(-9.01394394444155E-16,1.,1.86055524320107E-15));
#12274=DIRECTION('ref_axis',(-3.29397620291161E-12,1.8605552431981E-15,
-1.));
#12275=DIRECTION('center_axis',(-9.01386468961326E-16,1.,1.8605338498662E-15));
#12276=DIRECTION('ref_axis',(0.511686042838979,2.05974640403192E-15,-0.859172505125593));
#12277=DIRECTION('center_axis',(-9.01394394444155E-16,1.,1.86055524320107E-15));
#12278=DIRECTION('ref_axis',(-3.29397620291161E-12,1.8605552431981E-15,
-1.));
#12279=DIRECTION('center_axis',(-9.01394394444155E-16,1.,1.86055524320107E-15));
#12280=DIRECTION('ref_axis',(-3.29397620291161E-12,1.8605552431981E-15,
-1.));
#12281=DIRECTION('center_axis',(-9.01394394444155E-16,1.,1.86055524320107E-15));
#12282=DIRECTION('ref_axis',(-3.29397620291161E-12,1.8605552431981E-15,
-1.));
#12283=DIRECTION('center_axis',(-9.01394394444155E-16,1.,1.86055524320107E-15));
#12284=DIRECTION('ref_axis',(-3.29397620291161E-12,1.8605552431981E-15,
-1.));
#12285=DIRECTION('center_axis',(9.01394394444155E-16,-1.,-1.86055524320107E-15));
#12286=DIRECTION('ref_axis',(-3.29397620291161E-12,1.8605552431981E-15,
-1.));
#12287=DIRECTION('center_axis',(-9.01394394444155E-16,1.,1.86055524320107E-15));
#12288=DIRECTION('ref_axis',(-3.29397620291161E-12,1.8605552431981E-15,
-1.));
#12289=DIRECTION('center_axis',(9.01394394444155E-16,-1.,-1.86055524320107E-15));
#12290=DIRECTION('ref_axis',(3.29397620291161E-12,-1.8605552431981E-15,
1.));
#12291=DIRECTION('',(1.,9.01394394450284E-16,-3.29395759982051E-12));
#12292=DIRECTION('center_axis',(9.01394394444155E-16,-1.,-1.86055524320107E-15));
#12293=DIRECTION('ref_axis',(-3.29397620291161E-12,1.8605552431981E-15,
-1.));
#12294=DIRECTION('center_axis',(-9.01394394444155E-16,1.,1.86055524320107E-15));
#12295=DIRECTION('ref_axis',(-3.29397620291161E-12,1.8605552431981E-15,
-1.));
#12296=DIRECTION('center_axis',(9.01394394444155E-16,-1.,-1.86055524320107E-15));
#12297=DIRECTION('ref_axis',(3.29397620291161E-12,-1.8605552431981E-15,
1.));
#12298=DIRECTION('',(-1.,-9.01394394450284E-16,3.29394829827497E-12));
#12299=DIRECTION('center_axis',(-9.01394394444155E-16,1.,1.86055524320107E-15));
#12300=DIRECTION('ref_axis',(-3.29397620291161E-12,1.8605552431981E-15,
-1.));
#12301=DIRECTION('center_axis',(-9.01394394444155E-16,1.,1.86055524320107E-15));
#12302=DIRECTION('ref_axis',(-3.29397620291161E-12,1.8605552431981E-15,
-1.));
#12303=DIRECTION('center_axis',(9.01394394444155E-16,-1.,-1.86055524320107E-15));
#12304=DIRECTION('ref_axis',(3.29397620291161E-12,-1.8605552431981E-15,
1.));
#12305=DIRECTION('',(9.01394394444155E-16,-1.,-1.86055524320107E-15));
#12306=DIRECTION('',(9.01394394444155E-16,-1.,-1.86055524320107E-15));
#12307=DIRECTION('center_axis',(3.29394713558178E-12,-1.8605552431981E-15,
1.));
#12308=DIRECTION('ref_axis',(1.,9.01394394450284E-16,-3.29394713558178E-12));
#12309=DIRECTION('',(9.01394394444155E-16,-1.,-1.86055524320107E-15));
#12310=DIRECTION('center_axis',(9.01394394444155E-16,-1.,-1.86055524320107E-15));
#12311=DIRECTION('ref_axis',(3.29397620291161E-12,-1.8605552431981E-15,
1.));
#12312=DIRECTION('',(9.01394394444155E-16,-1.,-1.86055524320107E-15));
#12313=DIRECTION('center_axis',(9.01394394444155E-16,-1.,-1.86055524320107E-15));
#12314=DIRECTION('ref_axis',(-1.,-9.01394394450283E-16,3.29381539064664E-12));
#12315=DIRECTION('',(9.01394394444155E-16,-1.,-1.86055524320107E-15));
#12316=DIRECTION('center_axis',(9.01394394444155E-16,-1.,-1.86055524320107E-15));
#12317=DIRECTION('ref_axis',(3.29397620291161E-12,-1.8605552431981E-15,
1.));
#12318=DIRECTION('',(9.01394394444155E-16,-1.,-1.86055524320107E-15));
#12319=DIRECTION('center_axis',(-3.29396166924669E-12,1.8605552431981E-15,
-1.));
#12320=DIRECTION('ref_axis',(-1.,-9.01394394450284E-16,3.29396166924669E-12));
#12321=DIRECTION('',(9.01394394444155E-16,-1.,-1.86055524320107E-15));
#12322=DIRECTION('center_axis',(9.01394394444155E-16,-1.,-1.86055524320107E-15));
#12323=DIRECTION('ref_axis',(3.29397620291161E-12,-1.8605552431981E-15,
1.));
#12324=DIRECTION('',(9.01394394444155E-16,-1.,-1.86055524320107E-15));
#12325=DIRECTION('center_axis',(9.01394394444155E-16,-1.,-1.86055524320107E-15));
#12326=DIRECTION('ref_axis',(1.,9.01394394450284E-16,-3.29415989993148E-12));
#12327=DIRECTION('center_axis',(9.01394394444155E-16,-1.,-1.86055524320107E-15));
#12328=DIRECTION('ref_axis',(3.29397620291161E-12,-1.8605552431981E-15,
1.));
#12329=DIRECTION('',(9.01394394444155E-16,-1.,-1.86055524320107E-15));
#12330=DIRECTION('center_axis',(9.01394394444155E-16,-1.,-1.86055524320107E-15));
#12331=DIRECTION('ref_axis',(3.29397620291161E-12,-1.8605552431981E-15,
1.));
#12332=DIRECTION('',(9.01394394444155E-16,-1.,-1.86055524320107E-15));
#12333=DIRECTION('center_axis',(-1.95385354527497E-15,1.,5.26882510999715E-16));
#12334=DIRECTION('ref_axis',(-0.933907802362135,-2.01308691258239E-15,0.357513939150808));
#12335=DIRECTION('center_axis',(-9.01386468961326E-16,1.,1.8605338498662E-15));
#12336=DIRECTION('ref_axis',(0.511686042838979,2.05974640403192E-15,-0.859172505125593));
#12337=DIRECTION('',(0.317160839019788,1.20005333519264E-16,0.948371763704648));
#12338=DIRECTION('center_axis',(-1.95385354527497E-15,1.,5.26882510999715E-16));
#12339=DIRECTION('ref_axis',(-0.933907802362135,-2.01308691258239E-15,0.357513939150808));
#12340=DIRECTION('',(-0.39721007922226,-2.92555640312047E-16,-0.917727711777434));
#12341=DIRECTION('center_axis',(-9.01386468961326E-16,1.,1.8605338498662E-15));
#12342=DIRECTION('ref_axis',(0.511686042838979,2.05974640403192E-15,-0.859172505125593));
#12343=DIRECTION('center_axis',(-1.95385354527497E-15,1.,5.26882510999715E-16));
#12344=DIRECTION('ref_axis',(-0.933907802362135,-2.01308691258239E-15,0.357513939150808));
#12345=DIRECTION('',(-0.511686042838979,-2.05974640403192E-15,0.859172505125593));
#12346=DIRECTION('center_axis',(-1.95385354527497E-15,1.,5.26882510999715E-16));
#12347=DIRECTION('ref_axis',(-0.933907802362135,-2.01308691258239E-15,0.357513939150808));
#12348=DIRECTION('center_axis',(-1.95385354527497E-15,1.,5.26882510999715E-16));
#12349=DIRECTION('ref_axis',(-0.933907802362135,-2.01308691258239E-15,0.357513939150808));
#12350=DIRECTION('center_axis',(-1.95385354527497E-15,1.,5.26882510999715E-16));
#12351=DIRECTION('ref_axis',(-0.933907802362135,-2.01308691258239E-15,0.357513939150808));
#12352=DIRECTION('center_axis',(-1.95385354527497E-15,1.,5.26882510999715E-16));
#12353=DIRECTION('ref_axis',(-0.933907802362135,-2.01308691258239E-15,0.357513939150808));
#12354=DIRECTION('',(-0.511686042838979,-2.05974640403192E-15,0.859172505125593));
#12355=DIRECTION('center_axis',(-1.95385354527497E-15,1.,5.26882510999715E-16));
#12356=DIRECTION('ref_axis',(-0.933907802362135,-2.01308691258239E-15,0.357513939150808));
#12357=DIRECTION('center_axis',(-1.95385354527497E-15,1.,5.26882510999715E-16));
#12358=DIRECTION('ref_axis',(-0.933907802362135,-2.01308691258239E-15,0.357513939150808));
#12359=DIRECTION('center_axis',(-1.95385354527497E-15,1.,5.26882510999715E-16));
#12360=DIRECTION('ref_axis',(-0.933907802362135,-2.01308691258239E-15,0.357513939150808));
#12361=DIRECTION('center_axis',(-1.95385354527497E-15,1.,5.26882510999715E-16));
#12362=DIRECTION('ref_axis',(-0.933907802362135,-2.01308691258239E-15,0.357513939150808));
#12363=DIRECTION('',(-0.511686042838979,-2.05974640403192E-15,0.859172505125593));
#12364=DIRECTION('center_axis',(-1.95385354527497E-15,1.,5.26882510999715E-16));
#12365=DIRECTION('ref_axis',(-0.933907802362135,-2.01308691258239E-15,0.357513939150808));
#12366=DIRECTION('center_axis',(-1.95385354527497E-15,1.,5.26882510999715E-16));
#12367=DIRECTION('ref_axis',(-0.933907802362135,-2.01308691258239E-15,0.357513939150808));
#12368=DIRECTION('center_axis',(-1.95385354527497E-15,1.,5.26882510999715E-16));
#12369=DIRECTION('ref_axis',(-0.933907802362135,-2.01308691258239E-15,0.357513939150808));
#12370=DIRECTION('center_axis',(-1.95385354527497E-15,1.,5.26882510999715E-16));
#12371=DIRECTION('ref_axis',(-0.933907802362135,-2.01308691258239E-15,0.357513939150808));
#12372=DIRECTION('',(-0.859172505125593,1.77562732582189E-16,-0.511686042838979));
#12373=DIRECTION('center_axis',(-1.95385354527497E-15,1.,5.26882510999715E-16));
#12374=DIRECTION('ref_axis',(-0.933907802362135,-2.01308691258239E-15,0.357513939150808));
#12375=DIRECTION('center_axis',(-1.95385354527497E-15,1.,5.26882510999715E-16));
#12376=DIRECTION('ref_axis',(-0.933907802362135,-2.01308691258239E-15,0.357513939150808));
#12377=DIRECTION('center_axis',(-1.95385354527497E-15,1.,5.26882510999715E-16));
#12378=DIRECTION('ref_axis',(-0.933907802362135,-2.01308691258239E-15,0.357513939150808));
#12379=DIRECTION('center_axis',(-1.95385354527497E-15,1.,5.26882510999715E-16));
#12380=DIRECTION('ref_axis',(-0.933907802362135,-2.01308691258239E-15,0.357513939150808));
#12381=DIRECTION('center_axis',(-1.95385354527497E-15,1.,5.26882510999715E-16));
#12382=DIRECTION('ref_axis',(-0.933907802362135,-2.01308691258239E-15,0.357513939150808));
#12383=DIRECTION('center_axis',(-1.95385354527497E-15,1.,5.26882510999715E-16));
#12384=DIRECTION('ref_axis',(-0.933907802362135,-2.01308691258239E-15,0.357513939150808));
#12385=DIRECTION('center_axis',(-1.95385354527497E-15,1.,5.26882510999715E-16));
#12386=DIRECTION('ref_axis',(-0.933907802362135,-2.01308691258239E-15,0.357513939150808));
#12387=DIRECTION('center_axis',(-1.95385354527497E-15,1.,5.26882510999715E-16));
#12388=DIRECTION('ref_axis',(-0.933907802362135,-2.01308691258239E-15,0.357513939150808));
#12389=DIRECTION('',(-0.902331679737227,-1.61531851913045E-15,0.43104238740824));
#12390=DIRECTION('center_axis',(-1.95385354527497E-15,1.,5.26882510999715E-16));
#12391=DIRECTION('ref_axis',(-0.933907802362135,-2.01308691258239E-15,0.357513939150808));
#12392=DIRECTION('',(-0.476354787167505,-4.67464377757913E-16,-0.8792531585059));
#12393=DIRECTION('center_axis',(-9.01386468961326E-16,1.,1.8605338498662E-15));
#12394=DIRECTION('ref_axis',(0.511686042838979,2.05974640403192E-15,-0.859172505125593));
#12395=DIRECTION('',(-0.511686042838979,-2.05974640403192E-15,0.859172505125593));
#12396=DIRECTION('',(-0.476354787167505,-4.67464377757913E-16,-0.8792531585059));
#12397=DIRECTION('center_axis',(-1.95385354527497E-15,1.,5.26882510999715E-16));
#12398=DIRECTION('ref_axis',(-0.933907802362135,-2.01308691258239E-15,0.357513939150808));
#12399=DIRECTION('center_axis',(-9.01386468961326E-16,1.,1.8605338498662E-15));
#12400=DIRECTION('ref_axis',(0.511686042838979,2.05974640403192E-15,-0.859172505125593));
#12401=DIRECTION('',(-0.314014220960202,-1.1330591191273E-16,-0.949418279281981));
#12402=DIRECTION('center_axis',(-1.95385354527497E-15,1.,5.26882510999715E-16));
#12403=DIRECTION('ref_axis',(-0.933907802362135,-2.01308691258239E-15,0.357513939150808));
#12404=DIRECTION('',(0.397210079222264,2.92555640312054E-16,0.917727711777433));
#12405=DIRECTION('center_axis',(1.95385354527497E-15,-1.,-5.26882510999715E-16));
#12406=DIRECTION('ref_axis',(0.933907802362135,2.01308691258239E-15,-0.357513939150808));
#12407=DIRECTION('center_axis',(-1.95385354527497E-15,1.,5.26882510999715E-16));
#12408=DIRECTION('ref_axis',(-0.933907802362135,-2.01308691258239E-15,0.357513939150808));
#12409=DIRECTION('',(-1.95385354527497E-15,1.,5.26882510999715E-16));
#12410=DIRECTION('',(-1.95385354527497E-15,1.,5.26882510999715E-16));
#12411=DIRECTION('center_axis',(1.95385354527497E-15,-1.,-5.26882510999715E-16));
#12412=DIRECTION('ref_axis',(0.933907802362135,2.01308691258239E-15,-0.357513939150808));
#12413=DIRECTION('center_axis',(-1.95385354527497E-15,1.,5.26882510999715E-16));
#12414=DIRECTION('ref_axis',(-0.933907802362135,-2.01308691258239E-15,0.357513939150808));
#12415=DIRECTION('',(-1.95385354527497E-15,1.,5.26882510999715E-16));
#12416=DIRECTION('',(-1.95385354527497E-15,1.,5.26882510999715E-16));
#12417=DIRECTION('center_axis',(-1.95385354527497E-15,1.,5.26882510999715E-16));
#12418=DIRECTION('ref_axis',(-0.933907802362135,-2.01308691258239E-15,0.357513939150808));
#12419=DIRECTION('',(-0.476354787167505,-4.67464377757913E-16,-0.8792531585059));
#12420=DIRECTION('center_axis',(-1.95385354527497E-15,1.,5.26882510999715E-16));
#12421=DIRECTION('ref_axis',(-0.933907802362135,-2.01308691258239E-15,0.357513939150808));
#12422=DIRECTION('center_axis',(-1.95385354527497E-15,1.,5.26882510999715E-16));
#12423=DIRECTION('ref_axis',(-0.933907802362135,-2.01308691258239E-15,0.357513939150808));
#12424=DIRECTION('center_axis',(-1.95385354527497E-15,1.,5.26882510999715E-16));
#12425=DIRECTION('ref_axis',(-0.933907802362135,-2.01308691258239E-15,0.357513939150808));
#12426=DIRECTION('center_axis',(-1.95385354527497E-15,1.,5.26882510999715E-16));
#12427=DIRECTION('ref_axis',(-0.933907802362135,-2.01308691258239E-15,0.357513939150808));
#12428=DIRECTION('center_axis',(-1.95385354527497E-15,1.,5.26882510999715E-16));
#12429=DIRECTION('ref_axis',(-0.933907802362135,-2.01308691258239E-15,0.357513939150808));
#12430=DIRECTION('center_axis',(-1.95385354527497E-15,1.,5.26882510999715E-16));
#12431=DIRECTION('ref_axis',(-0.933907802362135,-2.01308691258239E-15,0.357513939150808));
#12432=DIRECTION('center_axis',(-1.95385354527497E-15,1.,5.26882510999715E-16));
#12433=DIRECTION('ref_axis',(-0.933907802362135,-2.01308691258239E-15,0.357513939150808));
#12434=DIRECTION('center_axis',(-1.95385354527497E-15,1.,5.26882510999715E-16));
#12435=DIRECTION('ref_axis',(-0.933907802362135,-2.01308691258239E-15,0.357513939150808));
#12436=DIRECTION('center_axis',(-1.95385354527497E-15,1.,5.26882510999715E-16));
#12437=DIRECTION('ref_axis',(-0.933907802362135,-2.01308691258239E-15,0.357513939150808));
#12438=DIRECTION('center_axis',(-1.95385354527497E-15,1.,5.26882510999715E-16));
#12439=DIRECTION('ref_axis',(-0.933907802362135,-2.01308691258239E-15,0.357513939150808));
#12440=DIRECTION('center_axis',(-1.95385354527497E-15,1.,5.26882510999715E-16));
#12441=DIRECTION('ref_axis',(-0.933907802362135,-2.01308691258239E-15,0.357513939150808));
#12442=DIRECTION('center_axis',(-1.95385354527497E-15,1.,5.26882510999715E-16));
#12443=DIRECTION('ref_axis',(-0.933907802362135,-2.01308691258239E-15,0.357513939150808));
#12444=DIRECTION('center_axis',(-1.95385354527497E-15,1.,5.26882510999715E-16));
#12445=DIRECTION('ref_axis',(-0.933907802362135,-2.01308691258239E-15,0.357513939150808));
#12446=DIRECTION('center_axis',(-1.95385354527497E-15,1.,5.26882510999715E-16));
#12447=DIRECTION('ref_axis',(-0.933907802362135,-2.01308691258239E-15,0.357513939150808));
#12448=DIRECTION('center_axis',(-1.95385354527497E-15,1.,5.26882510999715E-16));
#12449=DIRECTION('ref_axis',(-0.933907802362135,-2.01308691258239E-15,0.357513939150808));
#12450=DIRECTION('center_axis',(-1.95385354527497E-15,1.,5.26882510999715E-16));
#12451=DIRECTION('ref_axis',(-0.933907802362135,-2.01308691258239E-15,0.357513939150808));
#12452=DIRECTION('center_axis',(-1.95385354527497E-15,1.,5.26882510999715E-16));
#12453=DIRECTION('ref_axis',(-0.933907802362135,-2.01308691258239E-15,0.357513939150808));
#12454=DIRECTION('center_axis',(-1.95385354527497E-15,1.,5.26882510999715E-16));
#12455=DIRECTION('ref_axis',(-0.933907802362135,-2.01308691258239E-15,0.357513939150808));
#12456=DIRECTION('center_axis',(-1.95385354527497E-15,1.,5.26882510999715E-16));
#12457=DIRECTION('ref_axis',(-0.933907802362135,-2.01308691258239E-15,0.357513939150808));
#12458=DIRECTION('center_axis',(-1.95385354527497E-15,1.,5.26882510999715E-16));
#12459=DIRECTION('ref_axis',(-0.933907802362135,-2.01308691258239E-15,0.357513939150808));
#12460=DIRECTION('center_axis',(-1.95385354527497E-15,1.,5.26882510999715E-16));
#12461=DIRECTION('ref_axis',(-0.933907802362135,-2.01308691258239E-15,0.357513939150808));
#12462=DIRECTION('center_axis',(-1.95385354527497E-15,1.,5.26882510999715E-16));
#12463=DIRECTION('ref_axis',(-0.933907802362135,-2.01308691258239E-15,0.357513939150808));
#12464=DIRECTION('center_axis',(-1.95385354527497E-15,1.,5.26882510999715E-16));
#12465=DIRECTION('ref_axis',(-0.933907802362135,-2.01308691258239E-15,0.357513939150808));
#12466=DIRECTION('center_axis',(-1.95385354527497E-15,1.,5.26882510999715E-16));
#12467=DIRECTION('ref_axis',(-0.933907802362135,-2.01308691258239E-15,0.357513939150808));
#12468=DIRECTION('center_axis',(-1.95385354527497E-15,1.,5.26882510999715E-16));
#12469=DIRECTION('ref_axis',(-0.933907802362135,-2.01308691258239E-15,0.357513939150808));
#12470=DIRECTION('center_axis',(-1.95385354527497E-15,1.,5.26882510999715E-16));
#12471=DIRECTION('ref_axis',(-0.933907802362135,-2.01308691258239E-15,0.357513939150808));
#12472=DIRECTION('center_axis',(-1.95385354527497E-15,1.,5.26882510999715E-16));
#12473=DIRECTION('ref_axis',(-0.933907802362135,-2.01308691258239E-15,0.357513939150808));
#12474=DIRECTION('center_axis',(-1.95385354527497E-15,1.,5.26882510999715E-16));
#12475=DIRECTION('ref_axis',(-0.933907802362135,-2.01308691258239E-15,0.357513939150808));
#12476=DIRECTION('center_axis',(-1.95385354527497E-15,1.,5.26882510999715E-16));
#12477=DIRECTION('ref_axis',(-0.933907802362135,-2.01308691258239E-15,0.357513939150808));
#12478=DIRECTION('center_axis',(-1.95385354527497E-15,1.,5.26882510999715E-16));
#12479=DIRECTION('ref_axis',(-0.933907802362135,-2.01308691258239E-15,0.357513939150808));
#12480=DIRECTION('center_axis',(-1.95385354527497E-15,1.,5.26882510999715E-16));
#12481=DIRECTION('ref_axis',(-0.933907802362135,-2.01308691258239E-15,0.357513939150808));
#12482=DIRECTION('center_axis',(-1.95385354527497E-15,1.,5.26882510999715E-16));
#12483=DIRECTION('ref_axis',(-0.933907802362135,-2.01308691258239E-15,0.357513939150808));
#12484=DIRECTION('center_axis',(-1.95385354527497E-15,1.,5.26882510999715E-16));
#12485=DIRECTION('ref_axis',(-0.933907802362135,-2.01308691258239E-15,0.357513939150808));
#12486=DIRECTION('center_axis',(-1.95385354527497E-15,1.,5.26882510999715E-16));
#12487=DIRECTION('ref_axis',(-0.933907802362135,-2.01308691258239E-15,0.357513939150808));
#12488=DIRECTION('center_axis',(-1.95385354527497E-15,1.,5.26882510999715E-16));
#12489=DIRECTION('ref_axis',(-0.933907802362135,-2.01308691258239E-15,0.357513939150808));
#12490=DIRECTION('center_axis',(-1.95385354527497E-15,1.,5.26882510999715E-16));
#12491=DIRECTION('ref_axis',(-0.933907802362135,-2.01308691258239E-15,0.357513939150808));
#12492=DIRECTION('center_axis',(-1.95385354527497E-15,1.,5.26882510999715E-16));
#12493=DIRECTION('ref_axis',(-0.933907802362135,-2.01308691258239E-15,0.357513939150808));
#12494=DIRECTION('center_axis',(-1.95385354527497E-15,1.,5.26882510999715E-16));
#12495=DIRECTION('ref_axis',(-0.933907802362135,-2.01308691258239E-15,0.357513939150808));
#12496=DIRECTION('center_axis',(-1.95385354527497E-15,1.,5.26882510999715E-16));
#12497=DIRECTION('ref_axis',(-0.933907802362135,-2.01308691258239E-15,0.357513939150808));
#12498=DIRECTION('center_axis',(-1.95385354527497E-15,1.,5.26882510999715E-16));
#12499=DIRECTION('ref_axis',(-0.933907802362135,-2.01308691258239E-15,0.357513939150808));
#12500=DIRECTION('center_axis',(-1.95385354527497E-15,1.,5.26882510999715E-16));
#12501=DIRECTION('ref_axis',(-0.933907802362135,-2.01308691258239E-15,0.357513939150808));
#12502=DIRECTION('center_axis',(-1.95385354527497E-15,1.,5.26882510999715E-16));
#12503=DIRECTION('ref_axis',(-0.933907802362135,-2.01308691258239E-15,0.357513939150808));
#12504=DIRECTION('center_axis',(-1.95385354527497E-15,1.,5.26882510999715E-16));
#12505=DIRECTION('ref_axis',(-0.933907802362135,-2.01308691258239E-15,0.357513939150808));
#12506=DIRECTION('',(-0.796552783684383,-1.23781065325352E-15,-0.604568989284647));
#12507=DIRECTION('center_axis',(-1.95385354527497E-15,1.,5.26882510999715E-16));
#12508=DIRECTION('ref_axis',(-0.933907802362135,-2.01308691258239E-15,0.357513939150808));
#12509=DIRECTION('center_axis',(-1.95385354527497E-15,1.,5.26882510999715E-16));
#12510=DIRECTION('ref_axis',(-0.933907802362135,-2.01308691258239E-15,0.357513939150808));
#12511=DIRECTION('center_axis',(-1.95385354527497E-15,1.,5.26882510999715E-16));
#12512=DIRECTION('ref_axis',(-0.933907802362135,-2.01308691258239E-15,0.357513939150808));
#12513=DIRECTION('center_axis',(-1.95385354527497E-15,1.,5.26882510999715E-16));
#12514=DIRECTION('ref_axis',(-0.933907802362135,-2.01308691258239E-15,0.357513939150808));
#12515=DIRECTION('center_axis',(-1.95385354527497E-15,1.,5.26882510999715E-16));
#12516=DIRECTION('ref_axis',(-0.933907802362135,-2.01308691258239E-15,0.357513939150808));
#12517=DIRECTION('center_axis',(-1.95385354527497E-15,1.,5.26882510999715E-16));
#12518=DIRECTION('ref_axis',(-0.933907802362135,-2.01308691258239E-15,0.357513939150808));
#12519=DIRECTION('center_axis',(-1.95385354527497E-15,1.,5.26882510999715E-16));
#12520=DIRECTION('ref_axis',(-0.933907802362135,-2.01308691258239E-15,0.357513939150808));
#12521=DIRECTION('center_axis',(-1.95385354527497E-15,1.,5.26882510999715E-16));
#12522=DIRECTION('ref_axis',(-0.933907802362135,-2.01308691258239E-15,0.357513939150808));
#12523=DIRECTION('center_axis',(-1.95385354527497E-15,1.,5.26882510999715E-16));
#12524=DIRECTION('ref_axis',(-0.933907802362135,-2.01308691258239E-15,0.357513939150808));
#12525=DIRECTION('center_axis',(-1.95385354527497E-15,1.,5.26882510999715E-16));
#12526=DIRECTION('ref_axis',(-0.933907802362135,-2.01308691258239E-15,0.357513939150808));
#12527=DIRECTION('center_axis',(-1.95385354527497E-15,1.,5.26882510999715E-16));
#12528=DIRECTION('ref_axis',(-0.933907802362135,-2.01308691258239E-15,0.357513939150808));
#12529=DIRECTION('center_axis',(-1.95385354527497E-15,1.,5.26882510999715E-16));
#12530=DIRECTION('ref_axis',(-0.933907802362135,-2.01308691258239E-15,0.357513939150808));
#12531=DIRECTION('center_axis',(-1.95385354527497E-15,1.,5.26882510999715E-16));
#12532=DIRECTION('ref_axis',(-0.933907802362135,-2.01308691258239E-15,0.357513939150808));
#12533=DIRECTION('center_axis',(-1.95385354527497E-15,1.,5.26882510999715E-16));
#12534=DIRECTION('ref_axis',(-0.933907802362135,-2.01308691258239E-15,0.357513939150808));
#12535=DIRECTION('center_axis',(-1.95385354527497E-15,1.,5.26882510999715E-16));
#12536=DIRECTION('ref_axis',(-0.933907802362135,-2.01308691258239E-15,0.357513939150808));
#12537=DIRECTION('center_axis',(-1.95385354527497E-15,1.,5.26882510999715E-16));
#12538=DIRECTION('ref_axis',(-0.933907802362135,-2.01308691258239E-15,0.357513939150808));
#12539=DIRECTION('center_axis',(-1.95385354527497E-15,1.,5.26882510999715E-16));
#12540=DIRECTION('ref_axis',(-0.933907802362135,-2.01308691258239E-15,0.357513939150808));
#12541=DIRECTION('center_axis',(-1.95385354527497E-15,1.,5.26882510999715E-16));
#12542=DIRECTION('ref_axis',(-0.933907802362135,-2.01308691258239E-15,0.357513939150808));
#12543=DIRECTION('center_axis',(-1.95385354527497E-15,1.,5.26882510999715E-16));
#12544=DIRECTION('ref_axis',(-0.933907802362135,-2.01308691258239E-15,0.357513939150808));
#12545=DIRECTION('center_axis',(-1.95385354527497E-15,1.,5.26882510999715E-16));
#12546=DIRECTION('ref_axis',(-0.933907802362135,-2.01308691258239E-15,0.357513939150808));
#12547=DIRECTION('center_axis',(-1.95385354527497E-15,1.,5.26882510999715E-16));
#12548=DIRECTION('ref_axis',(-0.933907802362135,-2.01308691258239E-15,0.357513939150808));
#12549=DIRECTION('center_axis',(-1.95385354527497E-15,1.,5.26882510999715E-16));
#12550=DIRECTION('ref_axis',(-0.933907802362135,-2.01308691258239E-15,0.357513939150808));
#12551=DIRECTION('center_axis',(-1.95385354527497E-15,1.,5.26882510999715E-16));
#12552=DIRECTION('ref_axis',(-0.933907802362135,-2.01308691258239E-15,0.357513939150808));
#12553=DIRECTION('center_axis',(-1.95385354527497E-15,1.,5.26882510999715E-16));
#12554=DIRECTION('ref_axis',(-0.933907802362135,-2.01308691258239E-15,0.357513939150808));
#12555=DIRECTION('center_axis',(-1.95385354527497E-15,1.,5.26882510999715E-16));
#12556=DIRECTION('ref_axis',(-0.933907802362135,-2.01308691258239E-15,0.357513939150808));
#12557=DIRECTION('center_axis',(-1.95385354527497E-15,1.,5.26882510999715E-16));
#12558=DIRECTION('ref_axis',(-0.933907802362135,-2.01308691258239E-15,0.357513939150808));
#12559=DIRECTION('center_axis',(-1.95385354527497E-15,1.,5.26882510999715E-16));
#12560=DIRECTION('ref_axis',(-0.933907802362135,-2.01308691258239E-15,0.357513939150808));
#12561=DIRECTION('center_axis',(-1.95385354527497E-15,1.,5.26882510999715E-16));
#12562=DIRECTION('ref_axis',(-0.933907802362135,-2.01308691258239E-15,0.357513939150808));
#12563=DIRECTION('center_axis',(-1.95385354527497E-15,1.,5.26882510999715E-16));
#12564=DIRECTION('ref_axis',(-0.933907802362135,-2.01308691258239E-15,0.357513939150808));
#12565=DIRECTION('center_axis',(-1.95385354527497E-15,1.,5.26882510999715E-16));
#12566=DIRECTION('ref_axis',(-0.933907802362135,-2.01308691258239E-15,0.357513939150808));
#12567=DIRECTION('center_axis',(-1.95385354527497E-15,1.,5.26882510999715E-16));
#12568=DIRECTION('ref_axis',(-0.933907802362135,-2.01308691258239E-15,0.357513939150808));
#12569=DIRECTION('center_axis',(-1.95385354527497E-15,1.,5.26882510999715E-16));
#12570=DIRECTION('ref_axis',(-0.933907802362135,-2.01308691258239E-15,0.357513939150808));
#12571=DIRECTION('center_axis',(-1.95385354527497E-15,1.,5.26882510999715E-16));
#12572=DIRECTION('ref_axis',(-0.933907802362135,-2.01308691258239E-15,0.357513939150808));
#12573=DIRECTION('center_axis',(-1.95385354527497E-15,1.,5.26882510999715E-16));
#12574=DIRECTION('ref_axis',(-0.933907802362135,-2.01308691258239E-15,0.357513939150808));
#12575=DIRECTION('center_axis',(-1.95385354527497E-15,1.,5.26882510999715E-16));
#12576=DIRECTION('ref_axis',(-0.933907802362135,-2.01308691258239E-15,0.357513939150808));
#12577=DIRECTION('center_axis',(-1.95385354527497E-15,1.,5.26882510999715E-16));
#12578=DIRECTION('ref_axis',(-0.933907802362135,-2.01308691258239E-15,0.357513939150808));
#12579=DIRECTION('center_axis',(-1.95385354527497E-15,1.,5.26882510999715E-16));
#12580=DIRECTION('ref_axis',(-0.933907802362135,-2.01308691258239E-15,0.357513939150808));
#12581=DIRECTION('center_axis',(-1.95385354527497E-15,1.,5.26882510999715E-16));
#12582=DIRECTION('ref_axis',(-0.933907802362135,-2.01308691258239E-15,0.357513939150808));
#12583=DIRECTION('center_axis',(-1.95385354527497E-15,1.,5.26882510999715E-16));
#12584=DIRECTION('ref_axis',(-0.933907802362135,-2.01308691258239E-15,0.357513939150808));
#12585=DIRECTION('center_axis',(-1.95385354527497E-15,1.,5.26882510999715E-16));
#12586=DIRECTION('ref_axis',(-0.933907802362135,-2.01308691258239E-15,0.357513939150808));
#12587=DIRECTION('',(-0.476354787167505,-4.67464377757913E-16,-0.8792531585059));
#12588=DIRECTION('center_axis',(-1.95385354527497E-15,1.,5.26882510999715E-16));
#12589=DIRECTION('ref_axis',(-0.933907802362135,-2.01308691258239E-15,0.357513939150808));
#12590=DIRECTION('center_axis',(-1.95385354527497E-15,1.,5.26882510999715E-16));
#12591=DIRECTION('ref_axis',(-0.933907802362135,-2.01308691258239E-15,0.357513939150808));
#12592=DIRECTION('center_axis',(-1.95385354527497E-15,1.,5.26882510999715E-16));
#12593=DIRECTION('ref_axis',(-0.933907802362135,-2.01308691258239E-15,0.357513939150808));
#12594=DIRECTION('',(-0.314014220960202,-1.1330591191273E-16,-0.949418279281981));
#12595=DIRECTION('center_axis',(-1.95385354527497E-15,1.,5.26882510999715E-16));
#12596=DIRECTION('ref_axis',(-0.933907802362135,-2.01308691258239E-15,0.357513939150808));
#12597=DIRECTION('',(-0.39721007922226,-2.92555640312047E-16,-0.917727711777434));
#12598=DIRECTION('center_axis',(-1.95385354527497E-15,1.,5.26882510999715E-16));
#12599=DIRECTION('ref_axis',(-0.933907802362135,-2.01308691258239E-15,0.357513939150808));
#12600=DIRECTION('',(0.317160839019788,1.20005333519264E-16,0.948371763704648));
#12601=DIRECTION('center_axis',(-1.95385354527497E-15,1.,5.26882510999715E-16));
#12602=DIRECTION('ref_axis',(-0.933907802362135,-2.01308691258239E-15,0.357513939150808));
#12603=DIRECTION('',(0.397210079222264,2.92555640312054E-16,0.917727711777433));
#12604=DIRECTION('center_axis',(1.95385354527497E-15,-1.,-5.26882510999715E-16));
#12605=DIRECTION('ref_axis',(0.933907802362135,2.01308691258239E-15,-0.357513939150808));
#12606=DIRECTION('',(1.95385354527497E-15,-1.,-5.26882510999715E-16));
#12607=DIRECTION('',(1.95385354527497E-15,-1.,-5.26882510999715E-16));
#12608=DIRECTION('center_axis',(1.95385354527497E-15,-1.,-5.26882510999715E-16));
#12609=DIRECTION('ref_axis',(0.933907802362135,2.01308691258239E-15,-0.357513939150808));
#12610=DIRECTION('',(1.95385354527497E-15,-1.,-5.26882510999715E-16));
#12611=DIRECTION('center_axis',(1.95385354527497E-15,-1.,-5.26882510999715E-16));
#12612=DIRECTION('ref_axis',(0.933907802362135,2.01308691258239E-15,-0.357513939150808));
#12613=DIRECTION('',(1.95385354527497E-15,-1.,-5.26882510999715E-16));
#12614=DIRECTION('center_axis',(1.95385354527497E-15,-1.,-5.26882510999715E-16));
#12615=DIRECTION('ref_axis',(0.933907802362135,2.01308691258239E-15,-0.357513939150808));
#12616=DIRECTION('',(1.95385354527497E-15,-1.,-5.26882510999715E-16));
#12617=DIRECTION('center_axis',(1.95385354527497E-15,-1.,-5.26882510999715E-16));
#12618=DIRECTION('ref_axis',(0.933907802362135,2.01308691258239E-15,-0.357513939150808));
#12619=DIRECTION('',(1.95385354527497E-15,-1.,-5.26882510999715E-16));
#12620=DIRECTION('center_axis',(1.95385354527497E-15,-1.,-5.26882510999715E-16));
#12621=DIRECTION('ref_axis',(0.933907802362135,2.01308691258239E-15,-0.357513939150808));
#12622=DIRECTION('',(1.95385354527497E-15,-1.,-5.26882510999715E-16));
#12623=DIRECTION('center_axis',(1.95385354527497E-15,-1.,-5.26882510999715E-16));
#12624=DIRECTION('ref_axis',(0.933907802362135,2.01308691258239E-15,-0.357513939150808));
#12625=DIRECTION('',(1.95385354527497E-15,-1.,-5.26882510999715E-16));
#12626=DIRECTION('center_axis',(1.95385354527497E-15,-1.,-5.26882510999715E-16));
#12627=DIRECTION('ref_axis',(0.933907802362135,2.01308691258239E-15,-0.357513939150808));
#12628=DIRECTION('',(1.95385354527497E-15,-1.,-5.26882510999715E-16));
#12629=DIRECTION('center_axis',(1.95385354527497E-15,-1.,-5.26882510999715E-16));
#12630=DIRECTION('ref_axis',(0.933907802362135,2.01308691258239E-15,-0.357513939150808));
#12631=DIRECTION('',(1.95385354527497E-15,-1.,-5.26882510999715E-16));
#12632=DIRECTION('center_axis',(1.95385354527497E-15,-1.,-5.26882510999715E-16));
#12633=DIRECTION('ref_axis',(0.933907802362135,2.01308691258239E-15,-0.357513939150808));
#12634=DIRECTION('',(1.95385354527497E-15,-1.,-5.26882510999715E-16));
#12635=DIRECTION('center_axis',(1.95385354527497E-15,-1.,-5.26882510999715E-16));
#12636=DIRECTION('ref_axis',(0.933907802362135,2.01308691258239E-15,-0.357513939150808));
#12637=DIRECTION('',(1.95385354527497E-15,-1.,-5.26882510999715E-16));
#12638=DIRECTION('center_axis',(1.95385354527497E-15,-1.,-5.26882510999715E-16));
#12639=DIRECTION('ref_axis',(0.933907802362135,2.01308691258239E-15,-0.357513939150808));
#12640=DIRECTION('',(1.95385354527497E-15,-1.,-5.26882510999715E-16));
#12641=DIRECTION('center_axis',(1.95385354527497E-15,-1.,-5.26882510999715E-16));
#12642=DIRECTION('ref_axis',(0.933907802362135,2.01308691258239E-15,-0.357513939150808));
#12643=DIRECTION('',(1.95385354527497E-15,-1.,-5.26882510999715E-16));
#12644=DIRECTION('center_axis',(1.95385354527497E-15,-1.,-5.26882510999715E-16));
#12645=DIRECTION('ref_axis',(0.933907802362135,2.01308691258239E-15,-0.357513939150808));
#12646=DIRECTION('',(1.95385354527497E-15,-1.,-5.26882510999715E-16));
#12647=DIRECTION('center_axis',(1.95385354527497E-15,-1.,-5.26882510999715E-16));
#12648=DIRECTION('ref_axis',(0.933907802362135,2.01308691258239E-15,-0.357513939150808));
#12649=DIRECTION('',(1.95385354527497E-15,-1.,-5.26882510999715E-16));
#12650=DIRECTION('center_axis',(1.95385354527497E-15,-1.,-5.26882510999715E-16));
#12651=DIRECTION('ref_axis',(0.933907802362135,2.01308691258239E-15,-0.357513939150808));
#12652=DIRECTION('',(1.95385354527497E-15,-1.,-5.26882510999715E-16));
#12653=DIRECTION('center_axis',(1.95385354527497E-15,-1.,-5.26882510999715E-16));
#12654=DIRECTION('ref_axis',(0.933907802362135,2.01308691258239E-15,-0.357513939150808));
#12655=DIRECTION('',(1.95385354527497E-15,-1.,-5.26882510999715E-16));
#12656=DIRECTION('center_axis',(1.95385354527497E-15,-1.,-5.26882510999715E-16));
#12657=DIRECTION('ref_axis',(0.933907802362135,2.01308691258239E-15,-0.357513939150808));
#12658=DIRECTION('',(1.95385354527497E-15,-1.,-5.26882510999715E-16));
#12659=DIRECTION('center_axis',(1.95385354527497E-15,-1.,-5.26882510999715E-16));
#12660=DIRECTION('ref_axis',(0.933907802362135,2.01308691258239E-15,-0.357513939150808));
#12661=DIRECTION('',(1.95385354527497E-15,-1.,-5.26882510999715E-16));
#12662=DIRECTION('center_axis',(1.95385354527497E-15,-1.,-5.26882510999715E-16));
#12663=DIRECTION('ref_axis',(0.933907802362135,2.01308691258239E-15,-0.357513939150808));
#12664=DIRECTION('',(1.95385354527497E-15,-1.,-5.26882510999715E-16));
#12665=DIRECTION('center_axis',(1.95385354527497E-15,-1.,-5.26882510999715E-16));
#12666=DIRECTION('ref_axis',(0.933907802362135,2.01308691258239E-15,-0.357513939150808));
#12667=DIRECTION('',(1.95385354527497E-15,-1.,-5.26882510999715E-16));
#12668=DIRECTION('center_axis',(1.95385354527497E-15,-1.,-5.26882510999715E-16));
#12669=DIRECTION('ref_axis',(0.933907802362135,2.01308691258239E-15,-0.357513939150808));
#12670=DIRECTION('',(1.95385354527497E-15,-1.,-5.26882510999715E-16));
#12671=DIRECTION('center_axis',(1.95385354527497E-15,-1.,-5.26882510999715E-16));
#12672=DIRECTION('ref_axis',(0.933907802362135,2.01308691258239E-15,-0.357513939150808));
#12673=DIRECTION('',(1.95385354527497E-15,-1.,-5.26882510999715E-16));
#12674=DIRECTION('center_axis',(1.95385354527497E-15,-1.,-5.26882510999715E-16));
#12675=DIRECTION('ref_axis',(0.933907802362135,2.01308691258239E-15,-0.357513939150808));
#12676=DIRECTION('',(1.95385354527497E-15,-1.,-5.26882510999715E-16));
#12677=DIRECTION('center_axis',(1.95385354527497E-15,-1.,-5.26882510999715E-16));
#12678=DIRECTION('ref_axis',(0.933907802362135,2.01308691258239E-15,-0.357513939150808));
#12679=DIRECTION('',(1.95385354527497E-15,-1.,-5.26882510999715E-16));
#12680=DIRECTION('center_axis',(1.95385354527497E-15,-1.,-5.26882510999715E-16));
#12681=DIRECTION('ref_axis',(0.933907802362135,2.01308691258239E-15,-0.357513939150808));
#12682=DIRECTION('',(1.95385354527497E-15,-1.,-5.26882510999715E-16));
#12683=DIRECTION('center_axis',(1.95385354527497E-15,-1.,-5.26882510999715E-16));
#12684=DIRECTION('ref_axis',(0.933907802362135,2.01308691258239E-15,-0.357513939150808));
#12685=DIRECTION('',(1.95385354527497E-15,-1.,-5.26882510999715E-16));
#12686=DIRECTION('center_axis',(1.95385354527497E-15,-1.,-5.26882510999715E-16));
#12687=DIRECTION('ref_axis',(0.933907802362135,2.01308691258239E-15,-0.357513939150808));
#12688=DIRECTION('',(1.95385354527497E-15,-1.,-5.26882510999715E-16));
#12689=DIRECTION('center_axis',(1.95385354527497E-15,-1.,-5.26882510999715E-16));
#12690=DIRECTION('ref_axis',(0.933907802362135,2.01308691258239E-15,-0.357513939150808));
#12691=DIRECTION('',(1.95385354527497E-15,-1.,-5.26882510999715E-16));
#12692=DIRECTION('center_axis',(1.95385354527497E-15,-1.,-5.26882510999715E-16));
#12693=DIRECTION('ref_axis',(0.933907802362135,2.01308691258239E-15,-0.357513939150808));
#12694=DIRECTION('',(1.95385354527497E-15,-1.,-5.26882510999715E-16));
#12695=DIRECTION('center_axis',(1.95385354527497E-15,-1.,-5.26882510999715E-16));
#12696=DIRECTION('ref_axis',(0.933907802362135,2.01308691258239E-15,-0.357513939150808));
#12697=DIRECTION('',(1.95385354527497E-15,-1.,-5.26882510999715E-16));
#12698=DIRECTION('center_axis',(1.95385354527497E-15,-1.,-5.26882510999715E-16));
#12699=DIRECTION('ref_axis',(0.933907802362135,2.01308691258239E-15,-0.357513939150808));
#12700=DIRECTION('',(1.95385354527497E-15,-1.,-5.26882510999715E-16));
#12701=DIRECTION('center_axis',(1.95385354527497E-15,-1.,-5.26882510999715E-16));
#12702=DIRECTION('ref_axis',(0.933907802362135,2.01308691258239E-15,-0.357513939150808));
#12703=DIRECTION('',(1.95385354527497E-15,-1.,-5.26882510999715E-16));
#12704=DIRECTION('center_axis',(1.95385354527497E-15,-1.,-5.26882510999715E-16));
#12705=DIRECTION('ref_axis',(0.933907802362135,2.01308691258239E-15,-0.357513939150808));
#12706=DIRECTION('',(1.95385354527497E-15,-1.,-5.26882510999715E-16));
#12707=DIRECTION('center_axis',(1.95385354527497E-15,-1.,-5.26882510999715E-16));
#12708=DIRECTION('ref_axis',(0.933907802362135,2.01308691258239E-15,-0.357513939150808));
#12709=DIRECTION('',(1.95385354527497E-15,-1.,-5.26882510999715E-16));
#12710=DIRECTION('center_axis',(1.95385354527497E-15,-1.,-5.26882510999715E-16));
#12711=DIRECTION('ref_axis',(0.933907802362135,2.01308691258239E-15,-0.357513939150808));
#12712=DIRECTION('',(1.95385354527497E-15,-1.,-5.26882510999715E-16));
#12713=DIRECTION('center_axis',(1.95385354527497E-15,-1.,-5.26882510999715E-16));
#12714=DIRECTION('ref_axis',(0.933907802362135,2.01308691258239E-15,-0.357513939150808));
#12715=DIRECTION('',(1.95385354527497E-15,-1.,-5.26882510999715E-16));
#12716=DIRECTION('center_axis',(1.95385354527497E-15,-1.,-5.26882510999715E-16));
#12717=DIRECTION('ref_axis',(0.933907802362135,2.01308691258239E-15,-0.357513939150808));
#12718=DIRECTION('',(1.95385354527497E-15,-1.,-5.26882510999715E-16));
#12719=DIRECTION('center_axis',(1.95385354527497E-15,-1.,-5.26882510999715E-16));
#12720=DIRECTION('ref_axis',(0.933907802362135,2.01308691258239E-15,-0.357513939150808));
#12721=DIRECTION('',(1.95385354527497E-15,-1.,-5.26882510999715E-16));
#12722=DIRECTION('center_axis',(1.95385354527497E-15,-1.,-5.26882510999715E-16));
#12723=DIRECTION('ref_axis',(0.933907802362135,2.01308691258239E-15,-0.357513939150808));
#12724=DIRECTION('center_axis',(9.01386468961326E-16,-1.,-1.8605338498662E-15));
#12725=DIRECTION('ref_axis',(0.933907802362135,2.01308691258239E-15,-0.357513939150808));
#12726=DIRECTION('',(-1.95385354527497E-15,1.,5.26882510999715E-16));
#12727=DIRECTION('center_axis',(1.95385354527497E-15,-1.,-5.26882510999715E-16));
#12728=DIRECTION('ref_axis',(0.933907802362135,2.01308691258239E-15,-0.357513939150808));
#12729=DIRECTION('center_axis',(9.01386468961326E-16,-1.,-1.8605338498662E-15));
#12730=DIRECTION('ref_axis',(0.933907802362135,2.01308691258239E-15,-0.357513939150808));
#12731=DIRECTION('',(1.95385354527497E-15,-1.,-5.26882510999715E-16));
#12732=DIRECTION('',(-1.95385354527497E-15,1.,5.26882510999715E-16));
#12733=DIRECTION('center_axis',(1.95385354527497E-15,-1.,-5.26882510999715E-16));
#12734=DIRECTION('ref_axis',(0.933907802362135,2.01308691258239E-15,-0.357513939150808));
#12735=DIRECTION('center_axis',(9.01386468961326E-16,-1.,-1.8605338498662E-15));
#12736=DIRECTION('ref_axis',(0.933907802362135,2.01308691258239E-15,-0.357513939150808));
#12737=DIRECTION('',(1.95385354527497E-15,-1.,-5.26882510999715E-16));
#12738=DIRECTION('center_axis',(1.95385354527497E-15,-1.,-5.26882510999715E-16));
#12739=DIRECTION('ref_axis',(0.933907802362135,2.01308691258239E-15,-0.357513939150808));
#12740=DIRECTION('',(1.95385354527497E-15,-1.,-5.26882510999715E-16));
#12741=DIRECTION('center_axis',(1.95385354527497E-15,-1.,-5.26882510999715E-16));
#12742=DIRECTION('ref_axis',(0.933907802362135,2.01308691258239E-15,-0.357513939150808));
#12743=DIRECTION('center_axis',(9.01386468961326E-16,-1.,-1.8605338498662E-15));
#12744=DIRECTION('ref_axis',(0.933907802362135,2.01308691258239E-15,-0.357513939150808));
#12745=DIRECTION('',(1.95385354527497E-15,-1.,-5.26882510999715E-16));
#12746=DIRECTION('center_axis',(1.95385354527497E-15,-1.,-5.26882510999715E-16));
#12747=DIRECTION('ref_axis',(0.933907802362135,2.01308691258239E-15,-0.357513939150808));
#12748=DIRECTION('center_axis',(9.01386468961326E-16,-1.,-1.8605338498662E-15));
#12749=DIRECTION('ref_axis',(0.933907802362135,2.01308691258239E-15,-0.357513939150808));
#12750=DIRECTION('',(1.95385354527497E-15,-1.,-5.26882510999715E-16));
#12751=DIRECTION('center_axis',(1.95385354527497E-15,-1.,-5.26882510999715E-16));
#12752=DIRECTION('ref_axis',(0.933907802362135,2.01308691258239E-15,-0.357513939150808));
#12753=DIRECTION('center_axis',(9.01386468961326E-16,-1.,-1.8605338498662E-15));
#12754=DIRECTION('ref_axis',(0.933907802362135,2.01308691258239E-15,-0.357513939150808));
#12755=DIRECTION('',(1.95385354527497E-15,-1.,-5.26882510999715E-16));
#12756=DIRECTION('center_axis',(1.95385354527497E-15,-1.,-5.26882510999715E-16));
#12757=DIRECTION('ref_axis',(0.933907802362135,2.01308691258239E-15,-0.357513939150808));
#12758=DIRECTION('',(1.95385354527497E-15,-1.,-5.26882510999715E-16));
#12759=DIRECTION('center_axis',(1.95385354527497E-15,-1.,-5.26882510999715E-16));
#12760=DIRECTION('ref_axis',(0.933907802362135,2.01308691258239E-15,-0.357513939150808));
#12761=DIRECTION('center_axis',(9.01386468961326E-16,-1.,-1.8605338498662E-15));
#12762=DIRECTION('ref_axis',(0.933907802362135,2.01308691258239E-15,-0.357513939150808));
#12763=DIRECTION('',(1.95385354527497E-15,-1.,-5.26882510999715E-16));
#12764=DIRECTION('center_axis',(1.95385354527497E-15,-1.,-5.26882510999715E-16));
#12765=DIRECTION('ref_axis',(0.933907802362135,2.01308691258239E-15,-0.357513939150808));
#12766=DIRECTION('center_axis',(9.01386468961326E-16,-1.,-1.8605338498662E-15));
#12767=DIRECTION('ref_axis',(0.933907802362135,2.01308691258239E-15,-0.357513939150808));
#12768=DIRECTION('',(1.95385354527497E-15,-1.,-5.26882510999715E-16));
#12769=DIRECTION('center_axis',(1.95385354527497E-15,-1.,-5.26882510999715E-16));
#12770=DIRECTION('ref_axis',(0.933907802362135,2.01308691258239E-15,-0.357513939150808));
#12771=DIRECTION('center_axis',(9.01386468961326E-16,-1.,-1.8605338498662E-15));
#12772=DIRECTION('ref_axis',(0.933907802362135,2.01308691258239E-15,-0.357513939150808));
#12773=DIRECTION('',(1.95385354527497E-15,-1.,-5.26882510999715E-16));
#12774=DIRECTION('center_axis',(1.95385354527497E-15,-1.,-5.26882510999715E-16));
#12775=DIRECTION('ref_axis',(0.933907802362135,2.01308691258239E-15,-0.357513939150808));
#12776=DIRECTION('',(1.95385354527497E-15,-1.,-5.26882510999715E-16));
#12777=DIRECTION('center_axis',(1.95385354527497E-15,-1.,-5.26882510999715E-16));
#12778=DIRECTION('ref_axis',(0.933907802362135,2.01308691258239E-15,-0.357513939150808));
#12779=DIRECTION('',(1.95385354527497E-15,-1.,-5.26882510999715E-16));
#12780=DIRECTION('center_axis',(1.95385354527497E-15,-1.,-5.26882510999715E-16));
#12781=DIRECTION('ref_axis',(0.933907802362135,2.01308691258239E-15,-0.357513939150808));
#12782=DIRECTION('',(1.95385354527497E-15,-1.,-5.26882510999715E-16));
#12783=DIRECTION('center_axis',(1.95385354527497E-15,-1.,-5.26882510999715E-16));
#12784=DIRECTION('ref_axis',(0.933907802362135,2.01308691258239E-15,-0.357513939150808));
#12785=DIRECTION('',(1.95385354527497E-15,-1.,-5.26882510999715E-16));
#12786=DIRECTION('center_axis',(1.95385354527497E-15,-1.,-5.26882510999715E-16));
#12787=DIRECTION('ref_axis',(0.933907802362135,2.01308691258239E-15,-0.357513939150808));
#12788=DIRECTION('',(1.95385354527497E-15,-1.,-5.26882510999715E-16));
#12789=DIRECTION('center_axis',(1.95385354527497E-15,-1.,-5.26882510999715E-16));
#12790=DIRECTION('ref_axis',(0.933907802362135,2.01308691258239E-15,-0.357513939150808));
#12791=DIRECTION('',(1.95385354527497E-15,-1.,-5.26882510999715E-16));
#12792=DIRECTION('center_axis',(1.95385354527497E-15,-1.,-5.26882510999715E-16));
#12793=DIRECTION('ref_axis',(-0.933907802362139,-2.01308691258239E-15,0.357513939150798));
#12794=DIRECTION('',(1.95385354527497E-15,-1.,-5.26882510999715E-16));
#12795=DIRECTION('center_axis',(1.95385354527497E-15,-1.,-5.26882510999715E-16));
#12796=DIRECTION('ref_axis',(0.933907802362135,2.01308691258239E-15,-0.357513939150808));
#12797=DIRECTION('',(1.95385354527497E-15,-1.,-5.26882510999715E-16));
#12798=DIRECTION('center_axis',(1.95385354527497E-15,-1.,-5.26882510999715E-16));
#12799=DIRECTION('ref_axis',(0.933907802362135,2.01308691258239E-15,-0.357513939150808));
#12800=DIRECTION('',(1.95385354527497E-15,-1.,-5.26882510999715E-16));
#12801=DIRECTION('center_axis',(1.95385354527497E-15,-1.,-5.26882510999715E-16));
#12802=DIRECTION('ref_axis',(0.933907802362135,2.01308691258239E-15,-0.357513939150808));
#12803=DIRECTION('',(1.95385354527497E-15,-1.,-5.26882510999715E-16));
#12804=DIRECTION('center_axis',(1.95385354527497E-15,-1.,-5.26882510999715E-16));
#12805=DIRECTION('ref_axis',(0.933907802362135,2.01308691258239E-15,-0.357513939150808));
#12806=DIRECTION('',(1.95385354527497E-15,-1.,-5.26882510999715E-16));
#12807=DIRECTION('center_axis',(1.95385354527497E-15,-1.,-5.26882510999715E-16));
#12808=DIRECTION('ref_axis',(0.933907802362135,2.01308691258239E-15,-0.357513939150808));
#12809=DIRECTION('',(1.95385354527497E-15,-1.,-5.26882510999715E-16));
#12810=DIRECTION('center_axis',(1.95385354527497E-15,-1.,-5.26882510999715E-16));
#12811=DIRECTION('ref_axis',(0.933907802362135,2.01308691258239E-15,-0.357513939150808));
#12812=DIRECTION('',(1.95385354527497E-15,-1.,-5.26882510999715E-16));
#12813=DIRECTION('center_axis',(1.95385354527497E-15,-1.,-5.26882510999715E-16));
#12814=DIRECTION('ref_axis',(0.933907802362135,2.01308691258239E-15,-0.357513939150808));
#12815=DIRECTION('',(1.95385354527497E-15,-1.,-5.26882510999715E-16));
#12816=DIRECTION('center_axis',(1.95385354527497E-15,-1.,-5.26882510999715E-16));
#12817=DIRECTION('ref_axis',(0.933907802362135,2.01308691258239E-15,-0.357513939150808));
#12818=DIRECTION('',(1.95385354527497E-15,-1.,-5.26882510999715E-16));
#12819=DIRECTION('center_axis',(1.95385354527497E-15,-1.,-5.26882510999715E-16));
#12820=DIRECTION('ref_axis',(0.933907802362135,2.01308691258239E-15,-0.357513939150808));
#12821=DIRECTION('',(1.95385354527497E-15,-1.,-5.26882510999715E-16));
#12822=DIRECTION('center_axis',(1.95385354527497E-15,-1.,-5.26882510999715E-16));
#12823=DIRECTION('ref_axis',(0.933907802362135,2.01308691258239E-15,-0.357513939150808));
#12824=DIRECTION('',(1.95385354527497E-15,-1.,-5.26882510999715E-16));
#12825=DIRECTION('center_axis',(1.95385354527497E-15,-1.,-5.26882510999715E-16));
#12826=DIRECTION('ref_axis',(0.933907802362135,2.01308691258239E-15,-0.357513939150808));
#12827=DIRECTION('',(1.95385354527497E-15,-1.,-5.26882510999715E-16));
#12828=DIRECTION('center_axis',(1.95385354527497E-15,-1.,-5.26882510999715E-16));
#12829=DIRECTION('ref_axis',(0.933907802362135,2.01308691258239E-15,-0.357513939150808));
#12830=DIRECTION('',(1.95385354527497E-15,-1.,-5.26882510999715E-16));
#12831=DIRECTION('center_axis',(1.95385354527497E-15,-1.,-5.26882510999715E-16));
#12832=DIRECTION('ref_axis',(0.933907802362135,2.01308691258239E-15,-0.357513939150808));
#12833=DIRECTION('',(1.95385354527497E-15,-1.,-5.26882510999715E-16));
#12834=DIRECTION('center_axis',(1.95385354527497E-15,-1.,-5.26882510999715E-16));
#12835=DIRECTION('ref_axis',(0.933907802362135,2.01308691258239E-15,-0.357513939150808));
#12836=DIRECTION('',(1.95385354527497E-15,-1.,-5.26882510999715E-16));
#12837=DIRECTION('center_axis',(1.95385354527497E-15,-1.,-5.26882510999715E-16));
#12838=DIRECTION('ref_axis',(0.933907802362135,2.01308691258239E-15,-0.357513939150808));
#12839=DIRECTION('',(1.95385354527497E-15,-1.,-5.26882510999715E-16));
#12840=DIRECTION('center_axis',(1.95385354527497E-15,-1.,-5.26882510999715E-16));
#12841=DIRECTION('ref_axis',(0.933907802362135,2.01308691258239E-15,-0.357513939150808));
#12842=DIRECTION('',(-1.95385354527497E-15,1.,5.26882510999715E-16));
#12843=DIRECTION('center_axis',(0.8792531585059,1.96891490733052E-15,-0.476354787167505));
#12844=DIRECTION('ref_axis',(-0.476354787167505,-4.67464377757913E-16,-0.8792531585059));
#12845=DIRECTION('',(0.476354787167505,-1.20650050442425E-15,0.8792531585059));
#12846=DIRECTION('',(-1.95385354527497E-15,1.,5.26882510999715E-16));
#12847=DIRECTION('center_axis',(0.8792531585059,1.96891490733052E-15,-0.476354787167505));
#12848=DIRECTION('ref_axis',(-0.476354787167505,-4.67464377757913E-16,-0.8792531585059));
#12849=DIRECTION('',(-0.476354787167505,1.20650050442425E-15,-0.8792531585059));
#12850=DIRECTION('',(-1.95385354527497E-15,1.,5.26882510999715E-16));
#12851=DIRECTION('center_axis',(-1.95385354527497E-15,1.,5.26882510999715E-16));
#12852=DIRECTION('ref_axis',(-0.933907802362135,-2.01308691258239E-15,0.357513939150808));
#12853=DIRECTION('center_axis',(-1.95385354527497E-15,1.,5.26882510999715E-16));
#12854=DIRECTION('ref_axis',(-0.933907802362135,-2.01308691258239E-15,0.357513939150808));
#12855=DIRECTION('',(-1.95385354527497E-15,1.,5.26882510999715E-16));
#12856=DIRECTION('center_axis',(-1.95385354527497E-15,1.,5.26882510999715E-16));
#12857=DIRECTION('ref_axis',(-0.933907802362135,-2.01308691258239E-15,0.357513939150808));
#12858=DIRECTION('',(-1.95385354527497E-15,1.,5.26882510999715E-16));
#12859=DIRECTION('',(-1.95385354527497E-15,1.,5.26882510999715E-16));
#12860=DIRECTION('center_axis',(-1.95385354527497E-15,1.,5.26882510999715E-16));
#12861=DIRECTION('ref_axis',(0.975609300272548,2.02185589410194E-15,-0.219514221001074));
#12862=DIRECTION('',(-1.95385354527497E-15,1.,5.26882510999715E-16));
#12863=DIRECTION('center_axis',(-1.95385354527497E-15,1.,5.26882510999715E-16));
#12864=DIRECTION('ref_axis',(-0.933907802362135,-2.01308691258239E-15,0.357513939150808));
#12865=DIRECTION('',(-1.95385354527497E-15,1.,5.26882510999715E-16));
#12866=DIRECTION('center_axis',(0.604568989284648,1.60092899388855E-15,
-0.796552783684383));
#12867=DIRECTION('ref_axis',(-0.796552783684383,-1.23781065325352E-15,-0.604568989284648));
#12868=DIRECTION('center_axis',(-1.95385354527497E-15,1.,5.26882510999715E-16));
#12869=DIRECTION('ref_axis',(-0.933907802362135,-2.01308691258239E-15,0.357513939150808));
#12870=DIRECTION('center_axis',(0.949418279281981,2.02047287215309E-15,
-0.314014220960202));
#12871=DIRECTION('ref_axis',(-0.314014220960202,-1.1330591191273E-16,-0.949418279281981));
#12872=DIRECTION('',(-1.95385354527497E-15,1.,5.26882510999715E-16));
#12873=DIRECTION('',(0.314014220960202,-1.48337667645088E-15,0.949418279281981));
#12874=DIRECTION('',(-1.95385354527497E-15,1.,5.26882510999715E-16));
#12875=DIRECTION('center_axis',(-1.95385354527497E-15,1.,5.26882510999715E-16));
#12876=DIRECTION('ref_axis',(-0.933907802362135,-2.01308691258239E-15,0.357513939150808));
#12877=DIRECTION('center_axis',(-9.01386468961326E-16,1.,1.8605338498662E-15));
#12878=DIRECTION('ref_axis',(-0.933907802362135,-2.01308691258239E-15,0.357513939150808));
#12879=DIRECTION('',(-1.95385354527497E-15,1.,5.26882510999715E-16));
#12880=DIRECTION('center_axis',(0.917727711777434,2.00238858718845E-15,
-0.39721007922226));
#12881=DIRECTION('ref_axis',(-0.39721007922226,-2.92555640312047E-16,-0.917727711777434));
#12882=DIRECTION('',(-0.39721007922226,1.34942368197616E-15,-0.917727711777434));
#12883=DIRECTION('',(-1.95385354527497E-15,1.,5.26882510999715E-16));
#12884=DIRECTION('center_axis',(-1.95385354527497E-15,1.,5.26882510999715E-16));
#12885=DIRECTION('ref_axis',(0.933907802362135,2.01308691258239E-15,-0.357513939150808));
#12886=DIRECTION('',(-1.95385354527497E-15,1.,5.26882510999715E-16));
#12887=DIRECTION('center_axis',(-0.948371763704647,-2.02008603200652E-15,
0.317160839019788));
#12888=DIRECTION('ref_axis',(0.317160839019788,1.20005333519264E-16,0.948371763704647));
#12889=DIRECTION('',(-0.317160839019788,1.47859327985294E-15,-0.948371763704647));
#12890=DIRECTION('',(-1.95385354527497E-15,1.,5.26882510999715E-16));
#12891=DIRECTION('center_axis',(-1.95385354527497E-15,1.,5.26882510999715E-16));
#12892=DIRECTION('ref_axis',(-0.933907802362135,-2.01308691258239E-15,0.357513939150808));
#12893=DIRECTION('center_axis',(-9.01386468961326E-16,1.,1.8605338498662E-15));
#12894=DIRECTION('ref_axis',(-0.933907802362135,-2.01308691258239E-15,0.357513939150808));
#12895=DIRECTION('',(-1.95385354527497E-15,1.,5.26882510999715E-16));
#12896=DIRECTION('center_axis',(-0.917727711777433,-2.00238858718844E-15,
0.397210079222264));
#12897=DIRECTION('ref_axis',(0.397210079222264,2.92555640312054E-16,0.917727711777433));
#12898=DIRECTION('',(0.397210079222264,-1.34942368197616E-15,0.917727711777433));
#12899=DIRECTION('',(-1.95385354527497E-15,1.,5.26882510999715E-16));
#12900=DIRECTION('center_axis',(-1.95385354527497E-15,1.,5.26882510999715E-16));
#12901=DIRECTION('ref_axis',(-0.933907802362135,-2.01308691258239E-15,0.357513939150808));
#12902=DIRECTION('center_axis',(-1.95385354527497E-15,1.,5.26882510999715E-16));
#12903=DIRECTION('ref_axis',(-0.933907802362135,-2.01308691258239E-15,0.357513939150808));
#12904=DIRECTION('',(-1.95385354527497E-15,1.,5.26882510999715E-16));
#12905=DIRECTION('center_axis',(-1.95385354527497E-15,1.,5.26882510999715E-16));
#12906=DIRECTION('ref_axis',(-0.933907802362135,-2.01308691258239E-15,0.357513939150808));
#12907=DIRECTION('',(-1.95385354527497E-15,1.,5.26882510999715E-16));
#12908=DIRECTION('center_axis',(-1.95385354527497E-15,1.,5.26882510999715E-16));
#12909=DIRECTION('ref_axis',(-0.933907802362135,-2.01308691258239E-15,0.357513939150808));
#12910=DIRECTION('center_axis',(-1.95385354527497E-15,1.,5.26882510999715E-16));
#12911=DIRECTION('ref_axis',(-0.933907802362135,-2.01308691258239E-15,0.357513939150808));
#12912=DIRECTION('',(-1.95385354527497E-15,1.,5.26882510999715E-16));
#12913=DIRECTION('center_axis',(-1.95385354527497E-15,1.,5.26882510999715E-16));
#12914=DIRECTION('ref_axis',(-0.933907802362135,-2.01308691258239E-15,0.357513939150808));
#12915=DIRECTION('',(-1.95385354527497E-15,1.,5.26882510999715E-16));
#12916=DIRECTION('center_axis',(-1.95385354527497E-15,1.,5.26882510999715E-16));
#12917=DIRECTION('ref_axis',(-0.933907802362135,-2.01308691258239E-15,0.357513939150808));
#12918=DIRECTION('center_axis',(-9.01386468961326E-16,1.,1.8605338498662E-15));
#12919=DIRECTION('ref_axis',(0.511686042838979,2.05974640403192E-15,-0.859172505125593));
#12920=DIRECTION('center_axis',(-9.01386468961326E-16,1.,1.8605338498662E-15));
#12921=DIRECTION('ref_axis',(0.511686042838979,2.05974640403192E-15,-0.859172505125593));
#12922=DIRECTION('center_axis',(-9.01386468961326E-16,1.,1.8605338498662E-15));
#12923=DIRECTION('ref_axis',(0.511686042838979,2.05974640403192E-15,-0.859172505125593));
#12924=DIRECTION('',(-0.511686042838979,-2.05974640403192E-15,0.859172505125593));
#12925=DIRECTION('center_axis',(-9.01386468961326E-16,1.,1.8605338498662E-15));
#12926=DIRECTION('ref_axis',(0.511686042838979,2.05974640403192E-15,-0.859172505125593));
#12927=DIRECTION('',(-0.859172505125593,1.77562732582189E-16,-0.511686042838979));
#12928=DIRECTION('center_axis',(-9.01386468961326E-16,1.,1.8605338498662E-15));
#12929=DIRECTION('ref_axis',(0.511686042838979,2.05974640403192E-15,-0.859172505125593));
#12930=DIRECTION('center_axis',(-9.01386468961326E-16,1.,1.8605338498662E-15));
#12931=DIRECTION('ref_axis',(0.511686042838979,2.05974640403192E-15,-0.859172505125593));
#12932=DIRECTION('',(-0.511686042838979,-2.05974640403192E-15,0.859172505125593));
#12933=DIRECTION('center_axis',(-9.01386468961326E-16,1.,1.8605338498662E-15));
#12934=DIRECTION('ref_axis',(0.511686042838979,2.05974640403192E-15,-0.859172505125593));
#12935=DIRECTION('',(-0.511686042838979,-2.05974640403192E-15,0.859172505125593));
#12936=DIRECTION('center_axis',(-9.01386468961326E-16,1.,1.8605338498662E-15));
#12937=DIRECTION('ref_axis',(0.511686042838979,2.05974640403192E-15,-0.859172505125593));
#12938=DIRECTION('center_axis',(-9.01386468961326E-16,1.,1.8605338498662E-15));
#12939=DIRECTION('ref_axis',(0.511686042838979,2.05974640403192E-15,-0.859172505125593));
#12940=DIRECTION('center_axis',(-9.29336605370308E-16,1.,1.96236816899172E-15));
#12941=DIRECTION('ref_axis',(-0.8792531585059,-1.75190561707133E-15,0.476354787167504));
#12942=DIRECTION('center_axis',(-9.01386468961326E-16,1.,1.8605338498662E-15));
#12943=DIRECTION('ref_axis',(0.511686042838979,2.05974640403192E-15,-0.859172505125593));
#12944=DIRECTION('center_axis',(-9.29336605370308E-16,1.,1.96236816899172E-15));
#12945=DIRECTION('ref_axis',(-0.8792531585059,-1.75190561707133E-15,0.476354787167504));
#12946=DIRECTION('center_axis',(-9.29336605370308E-16,1.,1.96236816899172E-15));
#12947=DIRECTION('ref_axis',(-0.8792531585059,-1.75190561707133E-15,0.476354787167504));
#12948=DIRECTION('',(-0.476354787167504,1.28272446987926E-15,-0.8792531585059));
#12949=DIRECTION('',(-0.902331679737227,-1.61531851913045E-15,0.43104238740824));
#12950=DIRECTION('',(0.476354787167504,-1.28272446987926E-15,0.8792531585059));
#12951=DIRECTION('center_axis',(-9.29336605370308E-16,1.,1.96236816899172E-15));
#12952=DIRECTION('ref_axis',(-0.8792531585059,-1.75190561707133E-15,0.476354787167504));
#12953=DIRECTION('center_axis',(9.29336605370308E-16,-1.,-1.96236816899172E-15));
#12954=DIRECTION('ref_axis',(-0.8792531585059,-1.75190561707133E-15,0.476354787167504));
#12955=DIRECTION('',(0.476354787167504,-1.28272446987926E-15,0.8792531585059));
#12956=DIRECTION('center_axis',(9.29336605370308E-16,-1.,-1.96236816899172E-15));
#12957=DIRECTION('ref_axis',(0.8792531585059,1.75190561707133E-15,-0.476354787167504));
#12958=DIRECTION('center_axis',(-9.29336605370308E-16,1.,1.96236816899172E-15));
#12959=DIRECTION('ref_axis',(-0.8792531585059,-1.75190561707133E-15,0.476354787167504));
#12960=DIRECTION('center_axis',(9.29336605370308E-16,-1.,-1.96236816899172E-15));
#12961=DIRECTION('ref_axis',(-0.8792531585059,-1.75190561707133E-15,0.476354787167504));
#12962=DIRECTION('',(-0.476354787167504,1.28272446987926E-15,-0.8792531585059));
#12963=DIRECTION('center_axis',(9.29336605370308E-16,-1.,-1.96236816899172E-15));
#12964=DIRECTION('ref_axis',(0.8792531585059,1.75190561707133E-15,-0.476354787167504));
#12965=DIRECTION('center_axis',(-9.29336605370308E-16,1.,1.96236816899172E-15));
#12966=DIRECTION('ref_axis',(-0.8792531585059,-1.75190561707133E-15,0.476354787167504));
#12967=DIRECTION('center_axis',(-9.29336605370308E-16,1.,1.96236816899172E-15));
#12968=DIRECTION('ref_axis',(-0.8792531585059,-1.75190561707133E-15,0.476354787167504));
#12969=DIRECTION('center_axis',(-9.29336605370308E-16,1.,1.96236816899172E-15));
#12970=DIRECTION('ref_axis',(-0.8792531585059,-1.75190561707133E-15,0.476354787167504));
#12971=DIRECTION('center_axis',(9.29336605370308E-16,-1.,-1.96236816899172E-15));
#12972=DIRECTION('ref_axis',(0.8792531585059,1.75190561707133E-15,-0.476354787167504));
#12973=DIRECTION('',(9.29336605370308E-16,-1.,-1.96236816899172E-15));
#12974=DIRECTION('',(9.29336605370308E-16,-1.,-1.96236816899172E-15));
#12975=DIRECTION('center_axis',(0.8792531585059,1.75190561707133E-15,-0.476354787167504));
#12976=DIRECTION('ref_axis',(-0.476354787167504,1.28272446987926E-15,-0.8792531585059));
#12977=DIRECTION('',(9.29336605370308E-16,-1.,-1.96236816899172E-15));
#12978=DIRECTION('center_axis',(9.29336605370308E-16,-1.,-1.96236816899172E-15));
#12979=DIRECTION('ref_axis',(0.8792531585059,1.75190561707133E-15,-0.476354787167504));
#12980=DIRECTION('',(9.29336605370308E-16,-1.,-1.96236816899172E-15));
#12981=DIRECTION('center_axis',(9.29336605370308E-16,-1.,-1.96236816899172E-15));
#12982=DIRECTION('ref_axis',(0.476354787167504,-1.28272446987926E-15,0.8792531585059));
#12983=DIRECTION('',(9.29336605370308E-16,-1.,-1.96236816899172E-15));
#12984=DIRECTION('center_axis',(9.29336605370308E-16,-1.,-1.96236816899172E-15));
#12985=DIRECTION('ref_axis',(0.8792531585059,1.75190561707133E-15,-0.476354787167504));
#12986=DIRECTION('',(9.29336605370308E-16,-1.,-1.96236816899172E-15));
#12987=DIRECTION('center_axis',(-0.8792531585059,-1.75190561707133E-15,
0.476354787167504));
#12988=DIRECTION('ref_axis',(0.476354787167504,-1.28272446987926E-15,0.8792531585059));
#12989=DIRECTION('',(9.29336605370308E-16,-1.,-1.96236816899172E-15));
#12990=DIRECTION('center_axis',(9.29336605370308E-16,-1.,-1.96236816899172E-15));
#12991=DIRECTION('ref_axis',(0.8792531585059,1.75190561707133E-15,-0.476354787167504));
#12992=DIRECTION('',(9.29336605370308E-16,-1.,-1.96236816899172E-15));
#12993=DIRECTION('center_axis',(9.29336605370308E-16,-1.,-1.96236816899172E-15));
#12994=DIRECTION('ref_axis',(-0.476354787167504,1.28272446987926E-15,-0.8792531585059));
#12995=DIRECTION('center_axis',(9.29336605370308E-16,-1.,-1.96236816899172E-15));
#12996=DIRECTION('ref_axis',(0.8792531585059,1.75190561707133E-15,-0.476354787167504));
#12997=DIRECTION('',(9.29336605370308E-16,-1.,-1.96236816899172E-15));
#12998=DIRECTION('center_axis',(9.29336605370308E-16,-1.,-1.96236816899172E-15));
#12999=DIRECTION('ref_axis',(0.8792531585059,1.75190561707133E-15,-0.476354787167504));
#13000=DIRECTION('',(9.29336605370308E-16,-1.,-1.96236816899172E-15));
#13001=DIRECTION('center_axis',(-9.01386468961326E-16,1.,1.8605338498662E-15));
#13002=DIRECTION('ref_axis',(0.511686042838979,2.05974640403192E-15,-0.859172505125593));
#13003=DIRECTION('center_axis',(0.,1.,0.));
#13004=DIRECTION('ref_axis',(0.,0.,1.));
#13005=DIRECTION('',(-0.0508346346317495,1.81230668434171E-15,-0.998707084145225));
#13006=DIRECTION('center_axis',(0.,1.,0.));
#13007=DIRECTION('ref_axis',(0.,0.,1.));
#13008=DIRECTION('center_axis',(0.,1.,0.));
#13009=DIRECTION('ref_axis',(0.,0.,1.));
#13010=DIRECTION('',(0.511686042838979,2.05974640403192E-15,-0.859172505125593));
#13011=DIRECTION('center_axis',(0.511686042838979,2.05974640403192E-15,
-0.859172505125593));
#13012=DIRECTION('ref_axis',(9.01386468961326E-16,-1.,-1.8605338498662E-15));
#13013=DIRECTION('',(-0.511686042838979,-2.05974640403192E-15,0.859172505125593));
#13014=DIRECTION('center_axis',(-0.511686042838979,-2.05974640403192E-15,
0.859172505125593));
#13015=DIRECTION('ref_axis',(9.01386468961326E-16,-1.,-1.8605338498662E-15));
#13016=DIRECTION('center_axis',(-0.511686042838979,-2.05974640403192E-15,
0.859172505125593));
#13017=DIRECTION('ref_axis',(9.01386468961326E-16,-1.,-1.8605338498662E-15));
#13018=DIRECTION('center_axis',(-0.511686042838979,-2.05974640403192E-15,
0.859172505125593));
#13019=DIRECTION('ref_axis',(9.01386468961326E-16,-1.,-1.8605338498662E-15));
#13020=DIRECTION('',(-0.511686042838979,-2.05974640403192E-15,0.859172505125593));
#13021=DIRECTION('center_axis',(0.511686042838979,2.05974640403192E-15,
-0.859172505125593));
#13022=DIRECTION('ref_axis',(9.01386468961326E-16,-1.,-1.8605338498662E-15));
#13023=DIRECTION('center_axis',(-0.511686042838979,-2.05974640403192E-15,
0.859172505125593));
#13024=DIRECTION('ref_axis',(9.01386468961326E-16,-1.,-1.8605338498662E-15));
#13025=DIRECTION('center_axis',(-0.511686042838979,-2.05974640403192E-15,
0.859172505125593));
#13026=DIRECTION('ref_axis',(9.01386468961326E-16,-1.,-1.8605338498662E-15));
#13027=DIRECTION('',(-0.511686042838979,-2.05974640403192E-15,0.859172505125593));
#13028=DIRECTION('center_axis',(0.511686042838979,2.05974640403192E-15,
-0.859172505125593));
#13029=DIRECTION('ref_axis',(9.01386468961326E-16,-1.,-1.8605338498662E-15));
#13030=DIRECTION('center_axis',(-0.511686042838979,-2.05974640403192E-15,
0.859172505125593));
#13031=DIRECTION('ref_axis',(9.01386468961326E-16,-1.,-1.8605338498662E-15));
#13032=DIRECTION('center_axis',(-0.511686042838979,-2.05974640403192E-15,
0.859172505125593));
#13033=DIRECTION('ref_axis',(9.01386468961326E-16,-1.,-1.8605338498662E-15));
#13034=DIRECTION('',(-0.511686042838979,-2.05974640403192E-15,0.859172505125593));
#13035=DIRECTION('center_axis',(0.511686042838979,2.05974640403192E-15,
-0.859172505125593));
#13036=DIRECTION('ref_axis',(9.01386468961326E-16,-1.,-1.8605338498662E-15));
#13037=DIRECTION('center_axis',(-0.511686042838979,-2.05974640403192E-15,
0.859172505125593));
#13038=DIRECTION('ref_axis',(9.01386468961326E-16,-1.,-1.8605338498662E-15));
#13039=DIRECTION('center_axis',(-0.511686042838979,-2.05974640403192E-15,
0.859172505125593));
#13040=DIRECTION('ref_axis',(9.01386468961326E-16,-1.,-1.8605338498662E-15));
#13041=DIRECTION('',(-0.511686042838979,-2.05974640403192E-15,0.859172505125593));
#13042=DIRECTION('center_axis',(0.511686042838979,2.05974640403192E-15,
-0.859172505125593));
#13043=DIRECTION('ref_axis',(9.01386468961326E-16,-1.,-1.8605338498662E-15));
#13044=DIRECTION('center_axis',(-0.511686042838979,-2.05974640403192E-15,
0.859172505125593));
#13045=DIRECTION('ref_axis',(-0.60752670458334,-0.707106781186547,-0.361816670729953));
#13046=DIRECTION('center_axis',(0.511686042838979,2.05974640403192E-15,
-0.859172505125593));
#13047=DIRECTION('ref_axis',(-0.60752670458334,-0.707106781186547,-0.361816670729953));
#13048=DIRECTION('',(0.511686042838979,2.05974640403192E-15,-0.859172505125593));
#13049=DIRECTION('center_axis',(-0.511686042838979,-2.05974640403192E-15,
0.859172505125593));
#13050=DIRECTION('ref_axis',(-0.60752670458334,-0.707106781186547,-0.361816670729953));
#13051=DIRECTION('',(-0.511686042838979,-2.05974640403192E-15,0.859172505125593));
#13052=DIRECTION('center_axis',(9.01386468961326E-16,-1.,-1.8605338498662E-15));
#13053=DIRECTION('ref_axis',(0.859172505125593,-1.77562732582189E-16,0.511686042838979));
#13054=DIRECTION('',(-0.859172505125593,1.77562732582189E-16,-0.511686042838979));
#13055=DIRECTION('',(0.511686042838979,2.05974640403192E-15,-0.859172505125593));
#13056=DIRECTION('',(0.859172505125593,-1.77562732582189E-16,0.511686042838979));
#13057=DIRECTION('center_axis',(-0.511686042838979,-2.05974640403192E-15,
0.859172505125593));
#13058=DIRECTION('ref_axis',(-9.01386468961326E-16,1.,1.8605338498662E-15));
#13059=DIRECTION('',(-9.01386468961326E-16,1.,1.8605338498662E-15));
#13060=DIRECTION('',(0.859172505125593,-1.77562732582189E-16,0.511686042838979));
#13061=DIRECTION('',(-8.45515496069456E-16,1.,1.89380818867249E-15));
#13062=DIRECTION('center_axis',(-0.511686042838979,-2.05974640403192E-15,
0.859172505125593));
#13063=DIRECTION('ref_axis',(0.607526704583341,-0.707106781186548,0.361816670729951));
#13064=DIRECTION('',(0.857892716252858,0.0545609835210729,0.510923855850856));
#13065=DIRECTION('center_axis',(-0.511686042838979,-2.05974640403192E-15,
0.859172505125593));
#13066=DIRECTION('ref_axis',(0.0468772968939152,0.998510440144325,0.0279180937513022));
#13067=DIRECTION('',(-0.857892716252858,0.0545609835210729,-0.510923855850856));
#13068=DIRECTION('center_axis',(-0.511686042838979,-2.05974640403192E-15,
0.859172505125593));
#13069=DIRECTION('ref_axis',(-0.496515600502672,0.816107741587321,-0.295703250876134));
#13070=DIRECTION('',(-0.857892716252858,-0.0545609835210728,-0.510923855850856));
#13071=DIRECTION('center_axis',(-0.511686042838979,-2.05974640403192E-15,
0.859172505125593));
#13072=DIRECTION('ref_axis',(-0.0468772968939158,-0.998510440144325,-0.0279180937513026));
#13073=DIRECTION('',(0.857892716252858,-0.0545609835210727,0.510923855850856));
#13074=DIRECTION('center_axis',(-0.511686042838979,-2.05974640403192E-15,
0.859172505125593));
#13075=DIRECTION('ref_axis',(0.607526704583341,-0.707106781186548,0.361816670729951));
#13076=DIRECTION('center_axis',(0.511686042838979,2.05974640403192E-15,
-0.859172505125593));
#13077=DIRECTION('ref_axis',(0.607526704583341,-0.707106781186548,0.361816670729951));
#13078=DIRECTION('',(-0.511686042838979,-2.05974640403192E-15,0.859172505125593));
#13079=DIRECTION('center_axis',(-0.511686042838979,-2.05974640403192E-15,
0.859172505125593));
#13080=DIRECTION('ref_axis',(9.01386468961326E-16,-1.,-1.8605338498662E-15));
#13081=DIRECTION('center_axis',(0.511686042838979,2.05974640403192E-15,
-0.859172505125593));
#13082=DIRECTION('ref_axis',(9.01386468961326E-16,-1.,-1.8605338498662E-15));
#13083=DIRECTION('',(-0.511686042838979,-2.05974640403192E-15,0.859172505125593));
#13084=DIRECTION('center_axis',(0.511686042838979,2.05974640403192E-15,
-0.859172505125593));
#13085=DIRECTION('ref_axis',(9.01386468961326E-16,-1.,-1.8605338498662E-15));
#13086=DIRECTION('center_axis',(0.511686042838979,2.05974640403192E-15,
-0.859172505125593));
#13087=DIRECTION('ref_axis',(9.01386468961326E-16,-1.,-1.8605338498662E-15));
#13088=DIRECTION('center_axis',(-0.511686042838979,-2.05974640403192E-15,
0.859172505125593));
#13089=DIRECTION('ref_axis',(9.01386468961326E-16,-1.,-1.8605338498662E-15));
#13090=DIRECTION('center_axis',(0.511686042838979,2.05974640403192E-15,
-0.859172505125593));
#13091=DIRECTION('ref_axis',(9.01386468961326E-16,-1.,-1.8605338498662E-15));
#13092=DIRECTION('',(-0.857892716252858,-0.0545609835210728,-0.510923855850856));
#13093=DIRECTION('center_axis',(-0.511686042838979,-2.05974640403192E-15,
0.859172505125593));
#13094=DIRECTION('ref_axis',(-0.496515600502672,0.816107741587321,-0.295703250876134));
#13095=DIRECTION('',(-0.857892716252858,0.0545609835210729,-0.510923855850856));
#13096=DIRECTION('center_axis',(0.511686042838979,2.05974640403192E-15,
-0.859172505125593));
#13097=DIRECTION('ref_axis',(9.01386468961326E-16,-1.,-1.8605338498662E-15));
#13098=DIRECTION('',(-0.857892716252858,0.0545609835210729,-0.510923855850856));
#13099=DIRECTION('center_axis',(-0.511686042838979,-2.05974640403192E-15,
0.859172505125593));
#13100=DIRECTION('ref_axis',(0.0468772968939152,0.998510440144325,0.0279180937513022));
#13101=DIRECTION('',(0.857892716252858,0.0545609835210729,0.510923855850856));
#13102=DIRECTION('',(0.857892716252858,-0.0545609835210727,0.510923855850856));
#13103=DIRECTION('center_axis',(-0.511686042838979,-2.05974640403192E-15,
0.859172505125593));
#13104=DIRECTION('ref_axis',(-0.0468772968939158,-0.998510440144325,-0.0279180937513026));
#13105=DIRECTION('',(-0.857892716252858,-0.0545609835210728,-0.510923855850856));
#13106=DIRECTION('center_axis',(-0.0468772968939151,-0.998510440144325,
-0.0279180937513022));
#13107=DIRECTION('ref_axis',(0.857892716252858,-0.0545609835210727,0.510923855850856));
#13108=DIRECTION('',(-0.511686042838979,-2.05974640403192E-15,0.859172505125593));
#13109=DIRECTION('center_axis',(-0.511686042838979,-2.05974640403192E-15,
0.859172505125593));
#13110=DIRECTION('ref_axis',(-0.0468772968939158,-0.998510440144325,-0.0279180937513026));
#13111=DIRECTION('',(-0.511686042838979,-2.05974640403192E-15,0.859172505125593));
#13112=DIRECTION('center_axis',(-0.0468772968939174,0.998510440144325,-0.0279180937512987));
#13113=DIRECTION('ref_axis',(-0.857892716252858,-0.0545609835210728,-0.510923855850856));
#13114=DIRECTION('',(-0.511686042838979,-2.05974640403192E-15,0.859172505125593));
#13115=DIRECTION('center_axis',(-0.511686042838979,-2.05974640403192E-15,
0.859172505125593));
#13116=DIRECTION('ref_axis',(-0.496515600502672,0.816107741587321,-0.295703250876134));
#13117=DIRECTION('',(-0.511686042838979,-2.05974640403192E-15,0.859172505125593));
#13118=DIRECTION('center_axis',(0.0468772968939153,0.998510440144325,0.0279180937513023));
#13119=DIRECTION('ref_axis',(-0.857892716252858,0.0545609835210729,-0.510923855850856));
#13120=DIRECTION('',(-0.511686042838979,-2.05974640403192E-15,0.859172505125593));
#13121=DIRECTION('center_axis',(-0.511686042838979,-2.05974640403192E-15,
0.859172505125593));
#13122=DIRECTION('ref_axis',(0.0468772968939152,0.998510440144325,0.0279180937513022));
#13123=DIRECTION('',(-0.511686042838979,-2.05974640403192E-15,0.859172505125593));
#13124=DIRECTION('center_axis',(0.0468772968939175,-0.998510440144325,0.0279180937512988));
#13125=DIRECTION('ref_axis',(0.857892716252858,0.0545609835210729,0.510923855850856));
#13126=DIRECTION('center_axis',(-0.859172505125593,1.77562732582189E-16,
-0.511686042838979));
#13127=DIRECTION('ref_axis',(9.01386468961326E-16,-1.,-1.8605338498662E-15));
#13128=DIRECTION('',(9.01386468961326E-16,-1.,-1.8605338498662E-15));
#13129=DIRECTION('',(-0.511686042838979,-2.05974640403192E-15,0.859172505125593));
#13130=DIRECTION('center_axis',(-9.01386468961326E-16,1.,1.8605338498662E-15));
#13131=DIRECTION('ref_axis',(-0.859172505125593,1.77562732582189E-16,-0.511686042838979));
#13132=DIRECTION('',(-0.859172505125593,1.77562732582189E-16,-0.511686042838979));
#13133=DIRECTION('',(-0.511686042838979,-2.05974640403192E-15,0.859172505125593));
#13134=DIRECTION('center_axis',(-0.511686042838979,-2.05974640403192E-15,
0.859172505125593));
#13135=DIRECTION('ref_axis',(0.859172505125593,-1.77562732582189E-16,0.511686042838979));
#13136=DIRECTION('',(-8.45515496069456E-16,1.,1.89380818867249E-15));
#13137=DIRECTION('',(9.01386468961326E-16,-1.,-1.8605338498662E-15));
#13138=DIRECTION('center_axis',(9.01386468961326E-16,-1.,-1.8605338498662E-15));
#13139=DIRECTION('ref_axis',(-0.511686042838979,-2.05974640403192E-15,0.859172505125593));
#13140=DIRECTION('center_axis',(9.01386468961326E-16,-1.,-1.8605338498662E-15));
#13141=DIRECTION('ref_axis',(-0.511686042838979,-2.05974640403192E-15,0.859172505125593));
#13142=DIRECTION('center_axis',(9.01386468961326E-16,-1.,-1.8605338498662E-15));
#13143=DIRECTION('ref_axis',(-0.511686042838979,-2.05974640403192E-15,0.859172505125593));
#13144=DIRECTION('',(9.01386468961326E-16,-1.,-1.8605338498662E-15));
#13145=DIRECTION('center_axis',(9.01386468961326E-16,-1.,-1.8605338498662E-15));
#13146=DIRECTION('ref_axis',(-0.511686042838979,-2.05974640403192E-15,0.859172505125593));
#13147=DIRECTION('center_axis',(9.01386468961326E-16,-1.,-1.8605338498662E-15));
#13148=DIRECTION('ref_axis',(-0.511686042838979,-2.05974640403192E-15,0.859172505125593));
#13149=DIRECTION('center_axis',(9.01386468961326E-16,-1.,-1.8605338498662E-15));
#13150=DIRECTION('ref_axis',(-0.511686042838979,-2.05974640403192E-15,0.859172505125593));
#13151=DIRECTION('center_axis',(9.01386468961326E-16,-1.,-1.8605338498662E-15));
#13152=DIRECTION('ref_axis',(-0.511686042838979,-2.05974640403192E-15,0.859172505125593));
#13153=DIRECTION('',(9.01386468961326E-16,-1.,-1.8605338498662E-15));
#13154=DIRECTION('center_axis',(9.01386468961326E-16,-1.,-1.8605338498662E-15));
#13155=DIRECTION('ref_axis',(-0.511686042838979,-2.05974640403192E-15,0.859172505125593));
#13156=DIRECTION('center_axis',(-9.01386468961326E-16,1.,1.8605338498662E-15));
#13157=DIRECTION('ref_axis',(0.511686042838979,2.05974640403192E-15,-0.859172505125593));
#13158=DIRECTION('center_axis',(9.01386468961326E-16,-1.,-1.8605338498662E-15));
#13159=DIRECTION('ref_axis',(-0.511686042838979,-2.05974640403192E-15,0.859172505125593));
#13160=DIRECTION('',(-9.01386468961326E-16,1.,1.8605338498662E-15));
#13161=DIRECTION('',(-9.01386468961326E-16,1.,1.8605338498662E-15));
#13162=DIRECTION('center_axis',(9.01386468961326E-16,-1.,-1.8605338498662E-15));
#13163=DIRECTION('ref_axis',(-0.511686042838979,-2.05974640403192E-15,0.859172505125593));
#13164=DIRECTION('',(-0.511686042838979,-2.05974640403193E-15,0.859172505125593));
#13165=DIRECTION('',(0.859172505125607,-1.77562732582132E-16,0.511686042838955));
#13166=DIRECTION('',(-0.511686042838979,-2.05974640403192E-15,0.859172505125593));
#13167=DIRECTION('',(-0.859172505125593,1.77562732582189E-16,-0.511686042838979));
#13168=DIRECTION('center_axis',(9.01386468961326E-16,-1.,-1.8605338498662E-15));
#13169=DIRECTION('ref_axis',(-0.511686042838979,-2.05974640403192E-15,0.859172505125593));
#13170=DIRECTION('center_axis',(9.01386468961326E-16,-1.,-1.8605338498662E-15));
#13171=DIRECTION('ref_axis',(-0.511686042838979,-2.05974640403192E-15,0.859172505125593));
#13172=DIRECTION('',(0.511686042838979,2.05974640403192E-15,-0.859172505125593));
#13173=DIRECTION('',(-0.859172505125593,1.77562732582189E-16,-0.511686042838979));
#13174=DIRECTION('center_axis',(9.01386468961326E-16,-1.,-1.8605338498662E-15));
#13175=DIRECTION('ref_axis',(-0.511686042838979,-2.05974640403192E-15,0.859172505125593));
#13176=DIRECTION('',(0.511686042838978,2.05974640403192E-15,-0.859172505125593));
#13177=DIRECTION('',(0.859172505125593,-1.77562732582189E-16,0.511686042838979));
#13178=DIRECTION('',(0.511686042838966,2.05974640403193E-15,-0.8591725051256));
#13179=DIRECTION('',(-0.859172505125631,1.77562732582035E-16,-0.511686042838914));
#13180=DIRECTION('',(0.511686042838979,2.05974640403192E-15,-0.859172505125593));
#13181=DIRECTION('',(-0.859172505125593,1.77562732582189E-16,-0.511686042838979));
#13182=DIRECTION('center_axis',(0.511686042838979,2.05974640403192E-15,
-0.859172505125593));
#13183=DIRECTION('ref_axis',(-0.859172505125593,1.77562732582189E-16,-0.511686042838979));
#13184=DIRECTION('',(-9.01386468961326E-16,1.,1.8605338498662E-15));
#13185=DIRECTION('',(-9.01386468961326E-16,1.,1.8605338498662E-15));
#13186=DIRECTION('center_axis',(0.859172505125593,-1.7756273258219E-16,
0.511686042838979));
#13187=DIRECTION('ref_axis',(0.511686042838979,2.05974640403192E-15,-0.859172505125593));
#13188=DIRECTION('',(-9.01386468961326E-16,1.,1.8605338498662E-15));
#13189=DIRECTION('',(-9.01386468961326E-16,1.,1.8605338498662E-15));
#13190=DIRECTION('center_axis',(0.859172505125593,-1.77562732582189E-16,
0.511686042838978));
#13191=DIRECTION('ref_axis',(0.511686042838978,2.05974640403192E-15,-0.859172505125593));
#13192=DIRECTION('',(-9.01386468961326E-16,1.,1.8605338498662E-15));
#13193=DIRECTION('center_axis',(0.859172505125593,-1.77562732582189E-16,
0.511686042838979));
#13194=DIRECTION('ref_axis',(0.511686042838979,2.05974640403192E-15,-0.859172505125593));
#13195=DIRECTION('',(-9.01386468961326E-16,1.,1.8605338498662E-15));
#13196=DIRECTION('center_axis',(0.8591725051256,-1.7756273258216E-16,0.511686042838966));
#13197=DIRECTION('ref_axis',(0.511686042838966,2.05974640403193E-15,-0.8591725051256));
#13198=DIRECTION('',(-9.01386468961326E-16,1.,1.8605338498662E-15));
#13199=DIRECTION('center_axis',(9.01386468961326E-16,-1.,-1.8605338498662E-15));
#13200=DIRECTION('ref_axis',(-0.511686042838979,-2.05974640403192E-15,0.859172505125593));
#13201=DIRECTION('',(9.01386468961326E-16,-1.,-1.8605338498662E-15));
#13202=DIRECTION('center_axis',(-0.511686042838979,-2.05974640403192E-15,
0.859172505125593));
#13203=DIRECTION('ref_axis',(0.859172505125593,-1.77562732582189E-16,0.511686042838979));
#13204=DIRECTION('',(9.01386468961326E-16,-1.,-1.8605338498662E-15));
#13205=DIRECTION('center_axis',(9.01386468961326E-16,-1.,-1.8605338498662E-15));
#13206=DIRECTION('ref_axis',(-0.511686042838979,-2.05974640403192E-15,0.859172505125593));
#13207=DIRECTION('',(9.01386468961326E-16,-1.,-1.8605338498662E-15));
#13208=DIRECTION('center_axis',(0.43104238740824,-1.29028285839916E-15,
0.902331679737227));
#13209=DIRECTION('ref_axis',(0.902331679737227,1.61531851913045E-15,-0.43104238740824));
#13210=DIRECTION('',(9.01386468961326E-16,-1.,-1.8605338498662E-15));
#13211=DIRECTION('center_axis',(-0.511686042838979,-2.05974640403192E-15,
0.859172505125593));
#13212=DIRECTION('ref_axis',(0.859172505125593,-1.77562732582189E-16,0.511686042838979));
#13213=DIRECTION('',(9.01386468961326E-16,-1.,-1.8605338498662E-15));
#13214=DIRECTION('center_axis',(-0.998707084145225,-9.94800610582276E-16,
0.0508346346317495));
#13215=DIRECTION('ref_axis',(0.0508346346317495,-1.81230668434171E-15,0.998707084145224));
#13216=DIRECTION('',(-0.0508346346317495,0.,-0.998707084145225));
#13217=DIRECTION('',(-0.0508346346317495,0.,-0.998707084145225));
#13218=DIRECTION('',(9.01386468961326E-16,-1.,-1.8605338498662E-15));
#13219=DIRECTION('center_axis',(9.01386468961326E-16,-1.,-1.8605338498662E-15));
#13220=DIRECTION('ref_axis',(-0.511686042838979,-2.05974640403192E-15,0.859172505125593));
#13221=DIRECTION('',(9.01386468961326E-16,-1.,-1.8605338498662E-15));
#13222=DIRECTION('center_axis',(9.01386468961326E-16,-1.,-1.8605338498662E-15));
#13223=DIRECTION('ref_axis',(-0.511686042838979,-2.05974640403192E-15,0.859172505125593));
#13224=DIRECTION('',(-9.01386468961326E-16,1.,1.8605338498662E-15));
#13225=DIRECTION('center_axis',(0.511686042838914,2.05974640403194E-15,
-0.859172505125631));
#13226=DIRECTION('ref_axis',(-0.859172505125631,1.77562732582034E-16,-0.511686042838914));
#13227=DIRECTION('center_axis',(0.859172505125593,-1.77562732582189E-16,
0.511686042838979));
#13228=DIRECTION('ref_axis',(0.511686042838979,2.05974640403192E-15,-0.859172505125593));
#13229=DIRECTION('',(0.511686042838979,0.,-0.859172505125593));
#13230=DIRECTION('center_axis',(-0.511686042838979,-2.05974640403192E-15,
0.859172505125593));
#13231=DIRECTION('ref_axis',(0.859172505125593,-1.77562732582189E-16,0.511686042838979));
#13232=DIRECTION('center_axis',(0.,1.,0.));
#13233=DIRECTION('ref_axis',(0.,0.,1.));
#13234=DIRECTION('center_axis',(0.,1.,0.));
#13235=DIRECTION('ref_axis',(0.,0.,1.));
#13236=DIRECTION('center_axis',(0.,1.,0.));
#13237=DIRECTION('ref_axis',(0.,0.,1.));
#13238=DIRECTION('center_axis',(0.,1.,0.));
#13239=DIRECTION('ref_axis',(0.,0.,1.));
#13240=DIRECTION('',(1.,0.,0.));
#13241=DIRECTION('center_axis',(0.,1.,0.));
#13242=DIRECTION('ref_axis',(0.,0.,1.));
#13243=DIRECTION('center_axis',(0.,1.,0.));
#13244=DIRECTION('ref_axis',(0.,0.,1.));
#13245=DIRECTION('center_axis',(0.,1.,0.));
#13246=DIRECTION('ref_axis',(0.,0.,1.));
#13247=DIRECTION('center_axis',(0.,1.,0.));
#13248=DIRECTION('ref_axis',(0.,0.,1.));
#13249=DIRECTION('center_axis',(0.,1.,0.));
#13250=DIRECTION('ref_axis',(0.,0.,1.));
#13251=DIRECTION('center_axis',(0.,1.,0.));
#13252=DIRECTION('ref_axis',(0.,0.,1.));
#13253=DIRECTION('center_axis',(0.,1.,0.));
#13254=DIRECTION('ref_axis',(0.,0.,1.));
#13255=DIRECTION('center_axis',(0.,1.,0.));
#13256=DIRECTION('ref_axis',(0.,0.,1.));
#13257=DIRECTION('center_axis',(0.,1.,0.));
#13258=DIRECTION('ref_axis',(0.,0.,1.));
#13259=DIRECTION('center_axis',(0.,1.,0.));
#13260=DIRECTION('ref_axis',(0.,0.,1.));
#13261=DIRECTION('center_axis',(0.,1.,0.));
#13262=DIRECTION('ref_axis',(0.,0.,1.));
#13263=DIRECTION('center_axis',(0.,1.,0.));
#13264=DIRECTION('ref_axis',(0.,0.,1.));
#13265=DIRECTION('center_axis',(0.,1.,0.));
#13266=DIRECTION('ref_axis',(0.,0.,1.));
#13267=DIRECTION('center_axis',(0.,1.,0.));
#13268=DIRECTION('ref_axis',(0.,0.,1.));
#13269=DIRECTION('center_axis',(0.,1.,0.));
#13270=DIRECTION('ref_axis',(0.,0.,1.));
#13271=DIRECTION('center_axis',(0.,1.,0.));
#13272=DIRECTION('ref_axis',(0.,0.,1.));
#13273=DIRECTION('center_axis',(0.,1.,0.));
#13274=DIRECTION('ref_axis',(0.,0.,1.));
#13275=DIRECTION('center_axis',(0.,1.,0.));
#13276=DIRECTION('ref_axis',(0.,0.,1.));
#13277=DIRECTION('center_axis',(0.,1.,0.));
#13278=DIRECTION('ref_axis',(0.,0.,1.));
#13279=DIRECTION('center_axis',(0.,1.,0.));
#13280=DIRECTION('ref_axis',(0.,0.,1.));
#13281=DIRECTION('center_axis',(0.,1.,0.));
#13282=DIRECTION('ref_axis',(0.,0.,1.));
#13283=DIRECTION('center_axis',(0.,1.,0.));
#13284=DIRECTION('ref_axis',(0.,0.,1.));
#13285=DIRECTION('center_axis',(0.,1.,0.));
#13286=DIRECTION('ref_axis',(0.,0.,1.));
#13287=DIRECTION('center_axis',(0.,1.,0.));
#13288=DIRECTION('ref_axis',(0.,0.,1.));
#13289=DIRECTION('center_axis',(0.,1.,0.));
#13290=DIRECTION('ref_axis',(0.,0.,1.));
#13291=DIRECTION('center_axis',(0.,1.,0.));
#13292=DIRECTION('ref_axis',(0.,0.,1.));
#13293=DIRECTION('center_axis',(0.,1.,0.));
#13294=DIRECTION('ref_axis',(0.,0.,1.));
#13295=DIRECTION('',(-1.,0.,6.32917891184136E-17));
#13296=DIRECTION('center_axis',(0.,1.,0.));
#13297=DIRECTION('ref_axis',(0.,0.,1.));
#13298=DIRECTION('center_axis',(0.,1.,0.));
#13299=DIRECTION('ref_axis',(0.,0.,1.));
#13300=DIRECTION('',(1.,0.,0.));
#13301=DIRECTION('center_axis',(0.,1.,0.));
#13302=DIRECTION('ref_axis',(0.,0.,1.));
#13303=DIRECTION('',(-1.,0.,6.32917891184136E-17));
#13304=DIRECTION('center_axis',(0.,1.,0.));
#13305=DIRECTION('ref_axis',(0.,0.,1.));
#13306=DIRECTION('center_axis',(0.,1.,0.));
#13307=DIRECTION('ref_axis',(0.,0.,1.));
#13308=DIRECTION('center_axis',(0.,1.,0.));
#13309=DIRECTION('ref_axis',(0.,0.,1.));
#13310=DIRECTION('center_axis',(0.,1.,0.));
#13311=DIRECTION('ref_axis',(0.,0.,1.));
#13312=DIRECTION('center_axis',(0.,1.,0.));
#13313=DIRECTION('ref_axis',(0.,0.,1.));
#13314=DIRECTION('center_axis',(0.,1.,0.));
#13315=DIRECTION('ref_axis',(0.,0.,1.));
#13316=DIRECTION('center_axis',(0.,1.,0.));
#13317=DIRECTION('ref_axis',(0.,0.,1.));
#13318=DIRECTION('center_axis',(0.,1.,0.));
#13319=DIRECTION('ref_axis',(0.,0.,1.));
#13320=DIRECTION('center_axis',(0.,1.,0.));
#13321=DIRECTION('ref_axis',(0.,0.,1.));
#13322=DIRECTION('center_axis',(0.,1.,0.));
#13323=DIRECTION('ref_axis',(0.,0.,1.));
#13324=DIRECTION('center_axis',(0.,1.,0.));
#13325=DIRECTION('ref_axis',(0.,0.,1.));
#13326=DIRECTION('center_axis',(0.,1.,0.));
#13327=DIRECTION('ref_axis',(0.,0.,1.));
#13328=DIRECTION('center_axis',(0.,1.,0.));
#13329=DIRECTION('ref_axis',(0.,0.,1.));
#13330=DIRECTION('center_axis',(0.,1.,0.));
#13331=DIRECTION('ref_axis',(0.,0.,1.));
#13332=DIRECTION('center_axis',(0.,1.,0.));
#13333=DIRECTION('ref_axis',(0.,0.,1.));
#13334=DIRECTION('center_axis',(0.,1.,0.));
#13335=DIRECTION('ref_axis',(0.,0.,1.));
#13336=DIRECTION('center_axis',(0.,1.,0.));
#13337=DIRECTION('ref_axis',(0.,0.,1.));
#13338=DIRECTION('center_axis',(0.,1.,0.));
#13339=DIRECTION('ref_axis',(0.,0.,1.));
#13340=DIRECTION('center_axis',(0.,1.,0.));
#13341=DIRECTION('ref_axis',(0.,0.,1.));
#13342=DIRECTION('center_axis',(0.,1.,0.));
#13343=DIRECTION('ref_axis',(0.,0.,1.));
#13344=DIRECTION('center_axis',(0.,1.,0.));
#13345=DIRECTION('ref_axis',(0.,0.,1.));
#13346=DIRECTION('center_axis',(0.,1.,0.));
#13347=DIRECTION('ref_axis',(0.,0.,1.));
#13348=DIRECTION('center_axis',(0.,1.,0.));
#13349=DIRECTION('ref_axis',(0.,0.,1.));
#13350=DIRECTION('center_axis',(0.,1.,0.));
#13351=DIRECTION('ref_axis',(0.,0.,1.));
#13352=DIRECTION('center_axis',(0.,1.,0.));
#13353=DIRECTION('ref_axis',(0.,0.,1.));
#13354=DIRECTION('center_axis',(0.,1.,0.));
#13355=DIRECTION('ref_axis',(0.,0.,1.));
#13356=DIRECTION('center_axis',(0.,1.,0.));
#13357=DIRECTION('ref_axis',(0.,0.,1.));
#13358=DIRECTION('center_axis',(0.,1.,0.));
#13359=DIRECTION('ref_axis',(0.,0.,1.));
#13360=DIRECTION('center_axis',(0.,1.,0.));
#13361=DIRECTION('ref_axis',(0.,0.,1.));
#13362=DIRECTION('center_axis',(0.,1.,0.));
#13363=DIRECTION('ref_axis',(0.,0.,1.));
#13364=DIRECTION('center_axis',(0.,1.,0.));
#13365=DIRECTION('ref_axis',(0.,0.,1.));
#13366=DIRECTION('center_axis',(0.,1.,0.));
#13367=DIRECTION('ref_axis',(0.,0.,1.));
#13368=DIRECTION('center_axis',(0.,1.,0.));
#13369=DIRECTION('ref_axis',(0.,0.,1.));
#13370=DIRECTION('center_axis',(0.,1.,0.));
#13371=DIRECTION('ref_axis',(0.,0.,1.));
#13372=DIRECTION('center_axis',(0.,1.,0.));
#13373=DIRECTION('ref_axis',(0.,0.,1.));
#13374=DIRECTION('center_axis',(0.,1.,0.));
#13375=DIRECTION('ref_axis',(0.,0.,1.));
#13376=DIRECTION('center_axis',(0.,1.,0.));
#13377=DIRECTION('ref_axis',(0.,0.,1.));
#13378=DIRECTION('center_axis',(0.,1.,0.));
#13379=DIRECTION('ref_axis',(0.,0.,1.));
#13380=DIRECTION('center_axis',(0.,1.,0.));
#13381=DIRECTION('ref_axis',(0.,0.,1.));
#13382=DIRECTION('center_axis',(0.,1.,0.));
#13383=DIRECTION('ref_axis',(0.,0.,1.));
#13384=DIRECTION('center_axis',(0.,1.,0.));
#13385=DIRECTION('ref_axis',(0.,0.,1.));
#13386=DIRECTION('center_axis',(0.,1.,0.));
#13387=DIRECTION('ref_axis',(0.,0.,1.));
#13388=DIRECTION('center_axis',(0.,1.,0.));
#13389=DIRECTION('ref_axis',(0.,0.,1.));
#13390=DIRECTION('center_axis',(0.,1.,0.));
#13391=DIRECTION('ref_axis',(0.,0.,1.));
#13392=DIRECTION('center_axis',(0.,1.,0.));
#13393=DIRECTION('ref_axis',(0.,0.,1.));
#13394=DIRECTION('center_axis',(0.,1.,0.));
#13395=DIRECTION('ref_axis',(0.,0.,1.));
#13396=DIRECTION('center_axis',(0.,1.,0.));
#13397=DIRECTION('ref_axis',(0.,0.,1.));
#13398=DIRECTION('center_axis',(0.,1.,0.));
#13399=DIRECTION('ref_axis',(0.,0.,1.));
#13400=DIRECTION('center_axis',(0.,1.,0.));
#13401=DIRECTION('ref_axis',(0.,0.,1.));
#13402=DIRECTION('center_axis',(0.,1.,0.));
#13403=DIRECTION('ref_axis',(0.,0.,1.));
#13404=DIRECTION('center_axis',(0.,1.,0.));
#13405=DIRECTION('ref_axis',(0.,0.,1.));
#13406=DIRECTION('center_axis',(0.,1.,0.));
#13407=DIRECTION('ref_axis',(0.,0.,1.));
#13408=DIRECTION('center_axis',(0.,1.,0.));
#13409=DIRECTION('ref_axis',(0.,0.,1.));
#13410=DIRECTION('center_axis',(0.,1.,0.));
#13411=DIRECTION('ref_axis',(0.,0.,1.));
#13412=DIRECTION('center_axis',(0.,1.,0.));
#13413=DIRECTION('ref_axis',(0.,0.,1.));
#13414=DIRECTION('center_axis',(0.,1.,0.));
#13415=DIRECTION('ref_axis',(0.,0.,1.));
#13416=DIRECTION('center_axis',(0.,1.,0.));
#13417=DIRECTION('ref_axis',(0.,0.,1.));
#13418=DIRECTION('center_axis',(0.,1.,0.));
#13419=DIRECTION('ref_axis',(0.,0.,1.));
#13420=DIRECTION('center_axis',(0.,1.,0.));
#13421=DIRECTION('ref_axis',(0.,0.,1.));
#13422=DIRECTION('center_axis',(0.,1.,0.));
#13423=DIRECTION('ref_axis',(0.,0.,1.));
#13424=DIRECTION('center_axis',(0.,1.,0.));
#13425=DIRECTION('ref_axis',(0.,0.,1.));
#13426=DIRECTION('center_axis',(0.,1.,0.));
#13427=DIRECTION('ref_axis',(0.,0.,1.));
#13428=DIRECTION('center_axis',(0.,1.,0.));
#13429=DIRECTION('ref_axis',(0.,0.,1.));
#13430=DIRECTION('center_axis',(0.,1.,0.));
#13431=DIRECTION('ref_axis',(0.,0.,1.));
#13432=DIRECTION('center_axis',(0.,1.,0.));
#13433=DIRECTION('ref_axis',(0.,0.,1.));
#13434=DIRECTION('center_axis',(0.,1.,0.));
#13435=DIRECTION('ref_axis',(0.,0.,1.));
#13436=DIRECTION('center_axis',(0.,1.,0.));
#13437=DIRECTION('ref_axis',(0.,0.,1.));
#13438=DIRECTION('center_axis',(0.,1.,0.));
#13439=DIRECTION('ref_axis',(0.,0.,1.));
#13440=DIRECTION('center_axis',(0.,1.,0.));
#13441=DIRECTION('ref_axis',(0.,0.,1.));
#13442=DIRECTION('center_axis',(0.,1.,0.));
#13443=DIRECTION('ref_axis',(0.,0.,1.));
#13444=DIRECTION('center_axis',(0.,1.,0.));
#13445=DIRECTION('ref_axis',(0.,0.,1.));
#13446=DIRECTION('center_axis',(0.,1.,0.));
#13447=DIRECTION('ref_axis',(0.,0.,1.));
#13448=DIRECTION('center_axis',(0.,1.,0.));
#13449=DIRECTION('ref_axis',(0.,0.,1.));
#13450=DIRECTION('center_axis',(0.,1.,0.));
#13451=DIRECTION('ref_axis',(0.,0.,1.));
#13452=DIRECTION('center_axis',(0.,1.,0.));
#13453=DIRECTION('ref_axis',(0.,0.,1.));
#13454=DIRECTION('center_axis',(0.,1.,0.));
#13455=DIRECTION('ref_axis',(0.,0.,1.));
#13456=DIRECTION('center_axis',(0.,1.,0.));
#13457=DIRECTION('ref_axis',(0.,0.,1.));
#13458=DIRECTION('center_axis',(0.,1.,0.));
#13459=DIRECTION('ref_axis',(0.,0.,1.));
#13460=DIRECTION('center_axis',(0.,1.,0.));
#13461=DIRECTION('ref_axis',(0.,0.,1.));
#13462=DIRECTION('center_axis',(0.,1.,0.));
#13463=DIRECTION('ref_axis',(0.,0.,1.));
#13464=DIRECTION('center_axis',(0.,1.,0.));
#13465=DIRECTION('ref_axis',(0.,0.,1.));
#13466=DIRECTION('center_axis',(0.,1.,0.));
#13467=DIRECTION('ref_axis',(0.,0.,1.));
#13468=DIRECTION('center_axis',(0.,1.,0.));
#13469=DIRECTION('ref_axis',(0.,0.,1.));
#13470=DIRECTION('center_axis',(0.,1.,0.));
#13471=DIRECTION('ref_axis',(0.,0.,1.));
#13472=DIRECTION('center_axis',(0.,1.,0.));
#13473=DIRECTION('ref_axis',(0.,0.,1.));
#13474=DIRECTION('center_axis',(0.,-1.,0.));
#13475=DIRECTION('ref_axis',(0.,0.,-1.));
#13476=DIRECTION('',(0.,-1.,0.));
#13477=DIRECTION('',(0.,-1.,0.));
#13478=DIRECTION('center_axis',(6.59289469983475E-17,0.,1.));
#13479=DIRECTION('ref_axis',(1.,0.,-6.59289469983475E-17));
#13480=DIRECTION('',(0.,-1.,0.));
#13481=DIRECTION('center_axis',(0.,-1.,0.));
#13482=DIRECTION('ref_axis',(0.,0.,-1.));
#13483=DIRECTION('',(0.,-1.,0.));
#13484=DIRECTION('center_axis',(0.,-1.,0.));
#13485=DIRECTION('ref_axis',(0.,0.,-1.));
#13486=DIRECTION('',(0.,-1.,0.));
#13487=DIRECTION('center_axis',(0.,-1.,0.));
#13488=DIRECTION('ref_axis',(0.,0.,-1.));
#13489=DIRECTION('',(0.,-1.,0.));
#13490=DIRECTION('center_axis',(0.,-1.,0.));
#13491=DIRECTION('ref_axis',(0.,0.,-1.));
#13492=DIRECTION('',(0.,-1.,0.));
#13493=DIRECTION('center_axis',(0.,-1.,0.));
#13494=DIRECTION('ref_axis',(0.,0.,-1.));
#13495=DIRECTION('',(0.,-1.,0.));
#13496=DIRECTION('center_axis',(0.,-1.,0.));
#13497=DIRECTION('ref_axis',(0.,0.,-1.));
#13498=DIRECTION('',(0.,-1.,0.));
#13499=DIRECTION('center_axis',(0.,-1.,0.));
#13500=DIRECTION('ref_axis',(0.,0.,-1.));
#13501=DIRECTION('',(0.,-1.,0.));
#13502=DIRECTION('center_axis',(0.,-1.,0.));
#13503=DIRECTION('ref_axis',(0.,0.,-1.));
#13504=DIRECTION('',(0.,-1.,0.));
#13505=DIRECTION('center_axis',(0.,-1.,0.));
#13506=DIRECTION('ref_axis',(0.,0.,-1.));
#13507=DIRECTION('',(0.,-1.,0.));
#13508=DIRECTION('center_axis',(0.,-1.,0.));
#13509=DIRECTION('ref_axis',(0.,0.,-1.));
#13510=DIRECTION('',(0.,-1.,0.));
#13511=DIRECTION('center_axis',(0.,-1.,0.));
#13512=DIRECTION('ref_axis',(0.,0.,-1.));
#13513=DIRECTION('',(0.,-1.,0.));
#13514=DIRECTION('center_axis',(0.,-1.,0.));
#13515=DIRECTION('ref_axis',(0.,0.,-1.));
#13516=DIRECTION('',(0.,-1.,0.));
#13517=DIRECTION('center_axis',(0.,-1.,0.));
#13518=DIRECTION('ref_axis',(0.,0.,-1.));
#13519=DIRECTION('',(0.,-1.,0.));
#13520=DIRECTION('center_axis',(0.,-1.,0.));
#13521=DIRECTION('ref_axis',(0.,0.,-1.));
#13522=DIRECTION('',(0.,-1.,0.));
#13523=DIRECTION('center_axis',(0.,-1.,0.));
#13524=DIRECTION('ref_axis',(0.,0.,-1.));
#13525=DIRECTION('',(0.,-1.,0.));
#13526=DIRECTION('center_axis',(0.,-1.,0.));
#13527=DIRECTION('ref_axis',(0.,0.,-1.));
#13528=DIRECTION('',(0.,-1.,0.));
#13529=DIRECTION('center_axis',(0.,-1.,0.));
#13530=DIRECTION('ref_axis',(0.,0.,-1.));
#13531=DIRECTION('',(0.,-1.,0.));
#13532=DIRECTION('center_axis',(0.,-1.,0.));
#13533=DIRECTION('ref_axis',(0.,0.,-1.));
#13534=DIRECTION('',(0.,-1.,0.));
#13535=DIRECTION('center_axis',(0.,-1.,0.));
#13536=DIRECTION('ref_axis',(0.,0.,-1.));
#13537=DIRECTION('',(0.,-1.,0.));
#13538=DIRECTION('center_axis',(0.,-1.,0.));
#13539=DIRECTION('ref_axis',(0.,0.,-1.));
#13540=DIRECTION('',(0.,-1.,0.));
#13541=DIRECTION('center_axis',(0.,-1.,0.));
#13542=DIRECTION('ref_axis',(0.,0.,-1.));
#13543=DIRECTION('',(0.,-1.,0.));
#13544=DIRECTION('center_axis',(0.,-1.,0.));
#13545=DIRECTION('ref_axis',(0.,0.,-1.));
#13546=DIRECTION('',(0.,-1.,0.));
#13547=DIRECTION('center_axis',(0.,-1.,0.));
#13548=DIRECTION('ref_axis',(0.,0.,-1.));
#13549=DIRECTION('',(0.,-1.,0.));
#13550=DIRECTION('center_axis',(0.,-1.,0.));
#13551=DIRECTION('ref_axis',(0.,0.,-1.));
#13552=DIRECTION('',(0.,-1.,0.));
#13553=DIRECTION('center_axis',(0.,-1.,0.));
#13554=DIRECTION('ref_axis',(0.,0.,-1.));
#13555=DIRECTION('',(0.,-1.,0.));
#13556=DIRECTION('center_axis',(0.,-1.,0.));
#13557=DIRECTION('ref_axis',(0.,0.,-1.));
#13558=DIRECTION('',(0.,-1.,0.));
#13559=DIRECTION('center_axis',(0.,-1.,0.));
#13560=DIRECTION('ref_axis',(0.,0.,-1.));
#13561=DIRECTION('',(0.,-1.,0.));
#13562=DIRECTION('center_axis',(0.,-1.,0.));
#13563=DIRECTION('ref_axis',(0.,0.,-1.));
#13564=DIRECTION('',(0.,-1.,0.));
#13565=DIRECTION('center_axis',(0.,-1.,0.));
#13566=DIRECTION('ref_axis',(0.,0.,-1.));
#13567=DIRECTION('',(0.,-1.,0.));
#13568=DIRECTION('center_axis',(0.,-1.,0.));
#13569=DIRECTION('ref_axis',(0.,0.,-1.));
#13570=DIRECTION('',(0.,-1.,0.));
#13571=DIRECTION('center_axis',(0.,-1.,0.));
#13572=DIRECTION('ref_axis',(0.,0.,-1.));
#13573=DIRECTION('',(0.,-1.,0.));
#13574=DIRECTION('center_axis',(0.,-1.,0.));
#13575=DIRECTION('ref_axis',(0.,0.,-1.));
#13576=DIRECTION('',(0.,-1.,0.));
#13577=DIRECTION('center_axis',(0.,-1.,0.));
#13578=DIRECTION('ref_axis',(0.,0.,-1.));
#13579=DIRECTION('',(0.,-1.,0.));
#13580=DIRECTION('center_axis',(0.,-1.,0.));
#13581=DIRECTION('ref_axis',(0.,0.,-1.));
#13582=DIRECTION('',(0.,-1.,0.));
#13583=DIRECTION('center_axis',(0.,-1.,0.));
#13584=DIRECTION('ref_axis',(0.,0.,-1.));
#13585=DIRECTION('',(0.,-1.,0.));
#13586=DIRECTION('center_axis',(0.,-1.,0.));
#13587=DIRECTION('ref_axis',(0.,0.,-1.));
#13588=DIRECTION('',(0.,-1.,0.));
#13589=DIRECTION('center_axis',(0.,-1.,0.));
#13590=DIRECTION('ref_axis',(0.,0.,-1.));
#13591=DIRECTION('',(0.,-1.,0.));
#13592=DIRECTION('center_axis',(0.,-1.,0.));
#13593=DIRECTION('ref_axis',(0.,0.,-1.));
#13594=DIRECTION('',(0.,-1.,0.));
#13595=DIRECTION('center_axis',(0.,-1.,0.));
#13596=DIRECTION('ref_axis',(0.,0.,-1.));
#13597=DIRECTION('',(0.,-1.,0.));
#13598=DIRECTION('center_axis',(0.,-1.,0.));
#13599=DIRECTION('ref_axis',(0.,0.,-1.));
#13600=DIRECTION('',(0.,-1.,0.));
#13601=DIRECTION('center_axis',(0.,-1.,0.));
#13602=DIRECTION('ref_axis',(0.,0.,-1.));
#13603=DIRECTION('',(0.,-1.,0.));
#13604=DIRECTION('center_axis',(0.,-1.,0.));
#13605=DIRECTION('ref_axis',(0.,0.,-1.));
#13606=DIRECTION('',(0.,-1.,0.));
#13607=DIRECTION('center_axis',(0.,-1.,0.));
#13608=DIRECTION('ref_axis',(0.,0.,-1.));
#13609=DIRECTION('',(0.,-1.,0.));
#13610=DIRECTION('center_axis',(0.,-1.,0.));
#13611=DIRECTION('ref_axis',(0.,0.,-1.));
#13612=DIRECTION('',(0.,-1.,0.));
#13613=DIRECTION('center_axis',(0.,-1.,0.));
#13614=DIRECTION('ref_axis',(0.,0.,-1.));
#13615=DIRECTION('',(0.,-1.,0.));
#13616=DIRECTION('center_axis',(0.,-1.,0.));
#13617=DIRECTION('ref_axis',(0.,0.,-1.));
#13618=DIRECTION('',(0.,-1.,0.));
#13619=DIRECTION('center_axis',(0.,-1.,0.));
#13620=DIRECTION('ref_axis',(-0.143787880290268,0.,0.989608531431309));
#13621=DIRECTION('',(0.,-1.,0.));
#13622=DIRECTION('center_axis',(0.,-1.,0.));
#13623=DIRECTION('ref_axis',(0.,0.,-1.));
#13624=DIRECTION('',(0.,-1.,0.));
#13625=DIRECTION('center_axis',(0.,-1.,0.));
#13626=DIRECTION('ref_axis',(0.,0.,-1.));
#13627=DIRECTION('',(0.,-1.,0.));
#13628=DIRECTION('center_axis',(0.,-1.,0.));
#13629=DIRECTION('ref_axis',(0.,0.,-1.));
#13630=DIRECTION('',(0.,-1.,0.));
#13631=DIRECTION('center_axis',(0.,-1.,0.));
#13632=DIRECTION('ref_axis',(0.117241108050629,0.,0.993103480299541));
#13633=DIRECTION('',(0.,-1.,0.));
#13634=DIRECTION('center_axis',(0.,-1.,0.));
#13635=DIRECTION('ref_axis',(0.,0.,-1.));
#13636=DIRECTION('',(0.,-1.,0.));
#13637=DIRECTION('center_axis',(0.,-1.,0.));
#13638=DIRECTION('ref_axis',(0.,0.,-1.));
#13639=DIRECTION('',(0.,-1.,0.));
#13640=DIRECTION('center_axis',(0.,-1.,0.));
#13641=DIRECTION('ref_axis',(0.,0.,-1.));
#13642=DIRECTION('',(0.,-1.,0.));
#13643=DIRECTION('center_axis',(0.,-1.,0.));
#13644=DIRECTION('ref_axis',(0.,0.,-1.));
#13645=DIRECTION('',(0.,-1.,0.));
#13646=DIRECTION('center_axis',(0.,-1.,0.));
#13647=DIRECTION('ref_axis',(0.,0.,-1.));
#13648=DIRECTION('',(0.,-1.,0.));
#13649=DIRECTION('center_axis',(0.,-1.,0.));
#13650=DIRECTION('ref_axis',(0.,0.,-1.));
#13651=DIRECTION('',(0.,-1.,0.));
#13652=DIRECTION('center_axis',(0.,-1.,0.));
#13653=DIRECTION('ref_axis',(0.,0.,-1.));
#13654=DIRECTION('',(0.,-1.,0.));
#13655=DIRECTION('center_axis',(0.,-1.,0.));
#13656=DIRECTION('ref_axis',(0.,0.,-1.));
#13657=DIRECTION('',(0.,-1.,0.));
#13658=DIRECTION('center_axis',(0.,-1.,0.));
#13659=DIRECTION('ref_axis',(0.,0.,-1.));
#13660=DIRECTION('',(0.,-1.,0.));
#13661=DIRECTION('center_axis',(0.,-1.,0.));
#13662=DIRECTION('ref_axis',(0.,0.,-1.));
#13663=DIRECTION('',(0.,-1.,0.));
#13664=DIRECTION('center_axis',(0.,-1.,0.));
#13665=DIRECTION('ref_axis',(0.,0.,-1.));
#13666=DIRECTION('',(0.,-1.,0.));
#13667=DIRECTION('center_axis',(0.,-1.,0.));
#13668=DIRECTION('ref_axis',(0.,0.,-1.));
#13669=DIRECTION('',(0.,-1.,0.));
#13670=DIRECTION('center_axis',(0.,-1.,0.));
#13671=DIRECTION('ref_axis',(0.,0.,-1.));
#13672=DIRECTION('',(0.,-1.,0.));
#13673=DIRECTION('center_axis',(0.,-1.,0.));
#13674=DIRECTION('ref_axis',(0.,0.,-1.));
#13675=DIRECTION('',(0.,-1.,0.));
#13676=DIRECTION('center_axis',(0.,-1.,0.));
#13677=DIRECTION('ref_axis',(0.,0.,-1.));
#13678=DIRECTION('',(0.,-1.,0.));
#13679=DIRECTION('center_axis',(0.,-1.,0.));
#13680=DIRECTION('ref_axis',(0.,0.,-1.));
#13681=DIRECTION('',(0.,-1.,0.));
#13682=DIRECTION('center_axis',(0.,-1.,0.));
#13683=DIRECTION('ref_axis',(-1.05356763564868E-14,0.,1.));
#13684=DIRECTION('',(0.,-1.,0.));
#13685=DIRECTION('center_axis',(0.,-1.,0.));
#13686=DIRECTION('ref_axis',(0.,0.,-1.));
#13687=DIRECTION('',(0.,-1.,0.));
#13688=DIRECTION('center_axis',(0.,-1.,0.));
#13689=DIRECTION('ref_axis',(0.,0.,-1.));
#13690=DIRECTION('',(0.,-1.,0.));
#13691=DIRECTION('center_axis',(0.,-1.,0.));
#13692=DIRECTION('ref_axis',(0.,0.,-1.));
#13693=DIRECTION('',(0.,-1.,0.));
#13694=DIRECTION('center_axis',(0.,-1.,0.));
#13695=DIRECTION('ref_axis',(0.,0.,-1.));
#13696=DIRECTION('',(0.,-1.,0.));
#13697=DIRECTION('center_axis',(0.,-1.,0.));
#13698=DIRECTION('ref_axis',(0.,0.,-1.));
#13699=DIRECTION('',(0.,-1.,0.));
#13700=DIRECTION('center_axis',(0.,-1.,0.));
#13701=DIRECTION('ref_axis',(0.,0.,-1.));
#13702=DIRECTION('',(0.,-1.,0.));
#13703=DIRECTION('center_axis',(0.,-1.,0.));
#13704=DIRECTION('ref_axis',(0.,0.,-1.));
#13705=DIRECTION('',(0.,-1.,0.));
#13706=DIRECTION('center_axis',(0.,-1.,0.));
#13707=DIRECTION('ref_axis',(0.,0.,-1.));
#13708=DIRECTION('',(0.,-1.,0.));
#13709=DIRECTION('center_axis',(0.,-1.,0.));
#13710=DIRECTION('ref_axis',(0.,0.,-1.));
#13711=DIRECTION('',(0.,-1.,0.));
#13712=DIRECTION('center_axis',(0.,-1.,0.));
#13713=DIRECTION('ref_axis',(0.,0.,-1.));
#13714=DIRECTION('',(0.,-1.,0.));
#13715=DIRECTION('center_axis',(0.,-1.,0.));
#13716=DIRECTION('ref_axis',(0.,0.,-1.));
#13717=DIRECTION('',(0.,-1.,0.));
#13718=DIRECTION('center_axis',(0.,-1.,0.));
#13719=DIRECTION('ref_axis',(0.,0.,-1.));
#13720=DIRECTION('',(0.,-1.,0.));
#13721=DIRECTION('center_axis',(0.,-1.,0.));
#13722=DIRECTION('ref_axis',(0.,0.,-1.));
#13723=DIRECTION('',(0.,-1.,0.));
#13724=DIRECTION('center_axis',(0.,-1.,0.));
#13725=DIRECTION('ref_axis',(0.,0.,-1.));
#13726=DIRECTION('',(0.,-1.,0.));
#13727=DIRECTION('center_axis',(0.,-1.,0.));
#13728=DIRECTION('ref_axis',(0.,0.,-1.));
#13729=DIRECTION('',(0.,-1.,0.));
#13730=DIRECTION('center_axis',(0.,-1.,0.));
#13731=DIRECTION('ref_axis',(0.,0.,-1.));
#13732=DIRECTION('',(0.,1.,0.));
#13733=DIRECTION('center_axis',(0.,0.,-1.));
#13734=DIRECTION('ref_axis',(-1.,0.,0.));
#13735=DIRECTION('center_axis',(0.,-1.,0.));
#13736=DIRECTION('ref_axis',(0.,0.,-1.));
#13737=DIRECTION('',(0.,-1.,0.));
#13738=DIRECTION('center_axis',(0.,-1.,0.));
#13739=DIRECTION('ref_axis',(0.,0.,-1.));
#13740=DIRECTION('',(0.,-1.,0.));
#13741=DIRECTION('center_axis',(-0.511686042838979,-2.10137976745537E-15,
0.859172505125593));
#13742=DIRECTION('ref_axis',(-1.20295595071116E-15,1.,1.72938960274244E-15));
#13743=DIRECTION('center_axis',(-0.511686042838979,-2.10137976745537E-15,
0.859172505125593));
#13744=DIRECTION('ref_axis',(-1.20295595071116E-15,1.,1.72938960274244E-15));
#13745=DIRECTION('',(-0.511686042838979,-2.10137976745537E-15,0.859172505125593));
#13746=DIRECTION('center_axis',(-0.511686042838979,-2.10137976745537E-15,
0.859172505125593));
#13747=DIRECTION('ref_axis',(-1.20295595071116E-15,1.,1.72938960274244E-15));
#13748=DIRECTION('',(-0.511686042838979,-2.10137976745537E-15,0.859172505125593));
#13749=DIRECTION('center_axis',(-0.511686042838979,-2.10137976745537E-15,
0.859172505125593));
#13750=DIRECTION('ref_axis',(-1.20295595071116E-15,1.,1.72938960274244E-15));
#13751=DIRECTION('center_axis',(-0.511686042838979,-2.10137976745537E-15,
0.859172505125593));
#13752=DIRECTION('ref_axis',(-1.20295595071116E-15,1.,1.72938960274244E-15));
#13753=DIRECTION('',(-0.511686042838979,-2.10137976745537E-15,0.859172505125593));
#13754=DIRECTION('center_axis',(-0.511686042838979,-2.10137976745537E-15,
0.859172505125593));
#13755=DIRECTION('ref_axis',(-1.20295595071116E-15,1.,1.72938960274244E-15));
#13756=DIRECTION('',(-0.511686042838979,-2.10137976745537E-15,0.859172505125593));
#13757=DIRECTION('center_axis',(-0.511686042838979,-2.10137976745537E-15,
0.859172505125593));
#13758=DIRECTION('ref_axis',(-1.20295595071116E-15,1.,1.72938960274244E-15));
#13759=DIRECTION('center_axis',(-0.511686042838979,-2.10137976745537E-15,
0.859172505125593));
#13760=DIRECTION('ref_axis',(-1.20295595071116E-15,1.,1.72938960274244E-15));
#13761=DIRECTION('',(-0.511686042838979,-2.10137976745537E-15,0.859172505125593));
#13762=DIRECTION('center_axis',(-0.511686042838979,-2.10137976745537E-15,
0.859172505125593));
#13763=DIRECTION('ref_axis',(-1.20295595071116E-15,1.,1.72938960274244E-15));
#13764=DIRECTION('',(-0.511686042838979,-2.10137976745537E-15,0.859172505125593));
#13765=DIRECTION('center_axis',(-0.511686042838979,-2.10137976745537E-15,
0.859172505125593));
#13766=DIRECTION('ref_axis',(-1.20295595071116E-15,1.,1.72938960274244E-15));
#13767=DIRECTION('center_axis',(-0.511686042838979,-2.10137976745537E-15,
0.859172505125593));
#13768=DIRECTION('ref_axis',(-1.20295595071116E-15,1.,1.72938960274244E-15));
#13769=DIRECTION('',(-0.511686042838979,-2.10137976745537E-15,0.859172505125593));
#13770=DIRECTION('center_axis',(-0.511686042838979,-2.10137976745537E-15,
0.859172505125593));
#13771=DIRECTION('ref_axis',(-1.20295595071116E-15,1.,1.72938960274244E-15));
#13772=DIRECTION('',(-0.511686042838979,-2.10137976745537E-15,0.859172505125593));
#13773=DIRECTION('center_axis',(-0.511686042838979,-2.10137976745537E-15,
0.859172505125593));
#13774=DIRECTION('ref_axis',(-1.20295595071116E-15,1.,1.72938960274244E-15));
#13775=DIRECTION('center_axis',(-0.511686042838979,-2.10137976745537E-15,
0.859172505125593));
#13776=DIRECTION('ref_axis',(-1.20295595071116E-15,1.,1.72938960274244E-15));
#13777=DIRECTION('',(-0.511686042838979,-2.10137976745537E-15,0.859172505125593));
#13778=DIRECTION('center_axis',(-0.511686042838979,-2.10137976745537E-15,
0.859172505125593));
#13779=DIRECTION('ref_axis',(-1.20295595071116E-15,1.,1.72938960274244E-15));
#13780=DIRECTION('',(-0.511686042838979,-2.10137976745537E-15,0.859172505125593));
#13781=DIRECTION('center_axis',(-0.511686042838979,-2.10137976745537E-15,
0.859172505125593));
#13782=DIRECTION('ref_axis',(-1.20295595071116E-15,1.,1.72938960274244E-15));
#13783=DIRECTION('center_axis',(-0.511686042838979,-2.10137976745537E-15,
0.859172505125593));
#13784=DIRECTION('ref_axis',(-1.20295595071116E-15,1.,1.72938960274244E-15));
#13785=DIRECTION('',(-0.511686042838979,-2.10137976745537E-15,0.859172505125593));
#13786=DIRECTION('center_axis',(-0.511686042838979,-2.10137976745537E-15,
0.859172505125593));
#13787=DIRECTION('ref_axis',(-1.20295595071116E-15,1.,1.72938960274244E-15));
#13788=DIRECTION('',(-0.511686042838979,-2.10137976745537E-15,0.859172505125593));
#13789=DIRECTION('center_axis',(-0.511686042838979,-2.10137976745537E-15,
0.859172505125593));
#13790=DIRECTION('ref_axis',(-1.20295595071116E-15,1.,1.72938960274244E-15));
#13791=DIRECTION('center_axis',(-0.511686042838979,-2.10137976745537E-15,
0.859172505125593));
#13792=DIRECTION('ref_axis',(-1.20295595071116E-15,1.,1.72938960274244E-15));
#13793=DIRECTION('',(-0.511686042838979,-2.10137976745537E-15,0.859172505125593));
#13794=DIRECTION('center_axis',(-0.511686042838979,-2.10137976745537E-15,
0.859172505125593));
#13795=DIRECTION('ref_axis',(-1.20295595071116E-15,1.,1.72938960274244E-15));
#13796=DIRECTION('',(-0.511686042838979,-2.10137976745537E-15,0.859172505125593));
#13797=DIRECTION('center_axis',(-0.511686042838979,-2.10137976745537E-15,
0.859172505125593));
#13798=DIRECTION('ref_axis',(-1.20295595071116E-15,1.,1.72938960274244E-15));
#13799=DIRECTION('center_axis',(-0.511686042838979,-2.10137976745537E-15,
0.859172505125593));
#13800=DIRECTION('ref_axis',(-1.20295595071116E-15,1.,1.72938960274244E-15));
#13801=DIRECTION('',(-0.511686042838979,-2.10137976745537E-15,0.859172505125593));
#13802=DIRECTION('center_axis',(-0.511686042838979,-2.10137976745537E-15,
0.859172505125593));
#13803=DIRECTION('ref_axis',(-1.20295595071116E-15,1.,1.72938960274244E-15));
#13804=DIRECTION('',(-0.511686042838979,-2.10137976745537E-15,0.859172505125593));
#13805=DIRECTION('center_axis',(-0.511686042838979,-2.10137976745537E-15,
0.859172505125593));
#13806=DIRECTION('ref_axis',(-1.20295595071116E-15,1.,1.72938960274244E-15));
#13807=DIRECTION('center_axis',(-0.511686042838979,-2.10137976745537E-15,
0.859172505125593));
#13808=DIRECTION('ref_axis',(-1.20295595071116E-15,1.,1.72938960274244E-15));
#13809=DIRECTION('',(-0.511686042838979,-2.10137976745537E-15,0.859172505125593));
#13810=DIRECTION('center_axis',(-0.511686042838979,-2.10137976745537E-15,
0.859172505125593));
#13811=DIRECTION('ref_axis',(-1.20295595071116E-15,1.,1.72938960274244E-15));
#13812=DIRECTION('',(-0.511686042838979,-2.10137976745537E-15,0.859172505125593));
#13813=DIRECTION('center_axis',(-0.511686042838979,-2.10137976745537E-15,
0.859172505125593));
#13814=DIRECTION('ref_axis',(-1.20295595071116E-15,1.,1.72938960274244E-15));
#13815=DIRECTION('center_axis',(-0.511686042838979,-2.10137976745537E-15,
0.859172505125593));
#13816=DIRECTION('ref_axis',(-1.20295595071116E-15,1.,1.72938960274244E-15));
#13817=DIRECTION('',(-0.511686042838979,-2.10137976745537E-15,0.859172505125593));
#13818=DIRECTION('center_axis',(-0.511686042838979,-2.10137976745537E-15,
0.859172505125593));
#13819=DIRECTION('ref_axis',(-1.20295595071116E-15,1.,1.72938960274244E-15));
#13820=DIRECTION('',(-0.511686042838979,-2.10137976745537E-15,0.859172505125593));
#13821=DIRECTION('center_axis',(-0.511686042838979,-2.10137976745537E-15,
0.859172505125593));
#13822=DIRECTION('ref_axis',(-1.20295595071116E-15,1.,1.72938960274244E-15));
#13823=DIRECTION('center_axis',(-0.511686042838979,-2.10137976745537E-15,
0.859172505125593));
#13824=DIRECTION('ref_axis',(-1.20295595071116E-15,1.,1.72938960274244E-15));
#13825=DIRECTION('',(-0.511686042838979,-2.10137976745537E-15,0.859172505125593));
#13826=DIRECTION('center_axis',(-0.511686042838979,-2.10137976745537E-15,
0.859172505125593));
#13827=DIRECTION('ref_axis',(-1.20295595071116E-15,1.,1.72938960274244E-15));
#13828=DIRECTION('',(-0.511686042838979,-2.10137976745537E-15,0.859172505125593));
#13829=DIRECTION('center_axis',(-0.511686042838979,-2.10137976745537E-15,
0.859172505125593));
#13830=DIRECTION('ref_axis',(-1.20295595071116E-15,1.,1.72938960274244E-15));
#13831=DIRECTION('center_axis',(-0.511686042838979,-2.10137976745537E-15,
0.859172505125593));
#13832=DIRECTION('ref_axis',(-1.20295595071116E-15,1.,1.72938960274244E-15));
#13833=DIRECTION('',(-0.511686042838979,-2.10137976745537E-15,0.859172505125593));
#13834=DIRECTION('center_axis',(-0.511686042838979,-2.10137976745537E-15,
0.859172505125593));
#13835=DIRECTION('ref_axis',(-1.20295595071116E-15,1.,1.72938960274244E-15));
#13836=DIRECTION('',(-0.511686042838979,-2.10137976745537E-15,0.859172505125593));
#13837=DIRECTION('center_axis',(-0.511686042838979,-2.10137976745537E-15,
0.859172505125593));
#13838=DIRECTION('ref_axis',(-1.20295595071116E-15,1.,1.72938960274244E-15));
#13839=DIRECTION('center_axis',(-0.511686042838979,-2.10137976745537E-15,
0.859172505125593));
#13840=DIRECTION('ref_axis',(-1.20295595071116E-15,1.,1.72938960274244E-15));
#13841=DIRECTION('',(-0.511686042838979,-2.10137976745537E-15,0.859172505125593));
#13842=DIRECTION('center_axis',(-0.511686042838979,-2.10137976745537E-15,
0.859172505125593));
#13843=DIRECTION('ref_axis',(-1.20295595071116E-15,1.,1.72938960274244E-15));
#13844=DIRECTION('',(-0.511686042838979,-2.10137976745537E-15,0.859172505125593));
#13845=DIRECTION('center_axis',(-0.511686042838979,-2.10137976745537E-15,
0.859172505125593));
#13846=DIRECTION('ref_axis',(-1.20295595071116E-15,1.,1.72938960274244E-15));
#13847=DIRECTION('center_axis',(-0.511686042838979,-2.10137976745537E-15,
0.859172505125593));
#13848=DIRECTION('ref_axis',(-1.20295595071116E-15,1.,1.72938960274244E-15));
#13849=DIRECTION('',(-0.511686042838979,-2.10137976745537E-15,0.859172505125593));
#13850=DIRECTION('center_axis',(-0.511686042838979,-2.10137976745537E-15,
0.859172505125593));
#13851=DIRECTION('ref_axis',(-1.20295595071116E-15,1.,1.72938960274244E-15));
#13852=DIRECTION('',(-0.511686042838979,-2.10137976745537E-15,0.859172505125593));
#13853=DIRECTION('center_axis',(-0.511686042838979,-2.10137976745537E-15,
0.859172505125593));
#13854=DIRECTION('ref_axis',(-1.20295595071116E-15,1.,1.72938960274244E-15));
#13855=DIRECTION('center_axis',(-0.511686042838979,-2.10137976745537E-15,
0.859172505125593));
#13856=DIRECTION('ref_axis',(-1.20295595071116E-15,1.,1.72938960274244E-15));
#13857=DIRECTION('',(-0.511686042838979,-2.10137976745537E-15,0.859172505125593));
#13858=DIRECTION('center_axis',(-0.511686042838979,-2.10137976745537E-15,
0.859172505125593));
#13859=DIRECTION('ref_axis',(-1.20295595071116E-15,1.,1.72938960274244E-15));
#13860=DIRECTION('',(-0.511686042838979,-2.10137976745537E-15,0.859172505125593));
#13861=DIRECTION('center_axis',(-0.511686042838979,-2.10137976745537E-15,
0.859172505125593));
#13862=DIRECTION('ref_axis',(-1.20295595071116E-15,1.,1.72938960274244E-15));
#13863=DIRECTION('center_axis',(-0.511686042838979,-2.10137976745537E-15,
0.859172505125593));
#13864=DIRECTION('ref_axis',(-1.20295595071116E-15,1.,1.72938960274244E-15));
#13865=DIRECTION('',(-0.511686042838979,-2.10137976745537E-15,0.859172505125593));
#13866=DIRECTION('center_axis',(-0.511686042838979,-2.10137976745537E-15,
0.859172505125593));
#13867=DIRECTION('ref_axis',(-1.20295595071116E-15,1.,1.72938960274244E-15));
#13868=DIRECTION('',(-0.511686042838979,-2.10137976745537E-15,0.859172505125593));
#13869=DIRECTION('center_axis',(-0.511686042838979,-2.10137976745537E-15,
0.859172505125593));
#13870=DIRECTION('ref_axis',(-1.20295595071116E-15,1.,1.72938960274244E-15));
#13871=DIRECTION('center_axis',(-0.511686042838979,-2.10137976745537E-15,
0.859172505125593));
#13872=DIRECTION('ref_axis',(-1.20295595071116E-15,1.,1.72938960274244E-15));
#13873=DIRECTION('',(-0.511686042838979,-2.10137976745537E-15,0.859172505125593));
#13874=DIRECTION('center_axis',(-0.511686042838979,-2.10137976745537E-15,
0.859172505125593));
#13875=DIRECTION('ref_axis',(-1.20295595071116E-15,1.,1.72938960274244E-15));
#13876=DIRECTION('',(-0.511686042838979,-2.10137976745537E-15,0.859172505125593));
#13877=DIRECTION('center_axis',(-0.511686042838979,-2.10137976745537E-15,
0.859172505125593));
#13878=DIRECTION('ref_axis',(-1.20295595071116E-15,1.,1.72938960274244E-15));
#13879=DIRECTION('center_axis',(-0.511686042838979,-2.10137976745537E-15,
0.859172505125593));
#13880=DIRECTION('ref_axis',(-1.20295595071116E-15,1.,1.72938960274244E-15));
#13881=DIRECTION('',(-0.511686042838979,-2.10137976745537E-15,0.859172505125593));
#13882=DIRECTION('center_axis',(-0.511686042838979,-2.10137976745537E-15,
0.859172505125593));
#13883=DIRECTION('ref_axis',(-1.20295595071116E-15,1.,1.72938960274244E-15));
#13884=DIRECTION('',(-0.511686042838979,-2.10137976745537E-15,0.859172505125593));
#13885=DIRECTION('center_axis',(-0.511686042838979,-2.10137976745537E-15,
0.859172505125593));
#13886=DIRECTION('ref_axis',(-1.20295595071116E-15,1.,1.72938960274244E-15));
#13887=DIRECTION('center_axis',(-0.511686042838979,-2.10137976745537E-15,
0.859172505125593));
#13888=DIRECTION('ref_axis',(-1.20295595071116E-15,1.,1.72938960274244E-15));
#13889=DIRECTION('',(-0.511686042838979,-2.10137976745537E-15,0.859172505125593));
#13890=DIRECTION('center_axis',(-0.511686042838979,-2.10137976745537E-15,
0.859172505125593));
#13891=DIRECTION('ref_axis',(-1.20295595071116E-15,1.,1.72938960274244E-15));
#13892=DIRECTION('',(-0.511686042838979,-2.10137976745537E-15,0.859172505125593));
#13893=DIRECTION('center_axis',(-0.511686042838979,-2.10137976745537E-15,
0.859172505125593));
#13894=DIRECTION('ref_axis',(-1.20295595071116E-15,1.,1.72938960274244E-15));
#13895=DIRECTION('center_axis',(-0.511686042838979,-2.10137976745537E-15,
0.859172505125593));
#13896=DIRECTION('ref_axis',(-1.20295595071116E-15,1.,1.72938960274244E-15));
#13897=DIRECTION('',(-0.511686042838979,-2.10137976745537E-15,0.859172505125593));
#13898=DIRECTION('center_axis',(-0.511686042838979,-2.10137976745537E-15,
0.859172505125593));
#13899=DIRECTION('ref_axis',(-1.20295595071116E-15,1.,1.72938960274244E-15));
#13900=DIRECTION('',(-0.511686042838979,-2.10137976745537E-15,0.859172505125593));
#13901=DIRECTION('center_axis',(-0.511686042838979,-2.10137976745537E-15,
0.859172505125593));
#13902=DIRECTION('ref_axis',(-1.20295595071116E-15,1.,1.72938960274244E-15));
#13903=DIRECTION('center_axis',(-0.511686042838979,-2.10137976745537E-15,
0.859172505125593));
#13904=DIRECTION('ref_axis',(-1.20295595071116E-15,1.,1.72938960274244E-15));
#13905=DIRECTION('',(-0.511686042838979,-2.10137976745537E-15,0.859172505125593));
#13906=DIRECTION('center_axis',(-0.511686042838979,-2.10137976745537E-15,
0.859172505125593));
#13907=DIRECTION('ref_axis',(-1.20295595071116E-15,1.,1.72938960274244E-15));
#13908=DIRECTION('',(-0.511686042838979,-2.10137976745537E-15,0.859172505125593));
#13909=DIRECTION('center_axis',(-0.511686042838979,-2.10137976745537E-15,
0.859172505125593));
#13910=DIRECTION('ref_axis',(-1.20295595071116E-15,1.,1.72938960274244E-15));
#13911=DIRECTION('center_axis',(-0.511686042838979,-2.10137976745537E-15,
0.859172505125593));
#13912=DIRECTION('ref_axis',(-1.20295595071116E-15,1.,1.72938960274244E-15));
#13913=DIRECTION('',(-0.511686042838979,-2.10137976745537E-15,0.859172505125593));
#13914=DIRECTION('center_axis',(-0.511686042838979,-2.10137976745537E-15,
0.859172505125593));
#13915=DIRECTION('ref_axis',(-1.20295595071116E-15,1.,1.72938960274244E-15));
#13916=DIRECTION('',(-0.511686042838979,-2.10137976745537E-15,0.859172505125593));
#13917=DIRECTION('center_axis',(-0.511686042838979,-2.10137976745537E-15,
0.859172505125593));
#13918=DIRECTION('ref_axis',(-1.20295595071116E-15,1.,1.72938960274244E-15));
#13919=DIRECTION('center_axis',(-0.511686042838979,-2.10137976745537E-15,
0.859172505125593));
#13920=DIRECTION('ref_axis',(-1.20295595071116E-15,1.,1.72938960274244E-15));
#13921=DIRECTION('',(-0.511686042838979,-2.10137976745537E-15,0.859172505125593));
#13922=DIRECTION('center_axis',(-0.511686042838979,-2.10137976745537E-15,
0.859172505125593));
#13923=DIRECTION('ref_axis',(-1.20295595071116E-15,1.,1.72938960274244E-15));
#13924=DIRECTION('',(-0.511686042838979,-2.10137976745537E-15,0.859172505125593));
#13925=DIRECTION('center_axis',(-0.511686042838979,-2.10137976745537E-15,
0.859172505125593));
#13926=DIRECTION('ref_axis',(-1.20295595071116E-15,1.,1.72938960274244E-15));
#13927=DIRECTION('center_axis',(-0.511686042838979,-2.10137976745537E-15,
0.859172505125593));
#13928=DIRECTION('ref_axis',(-1.20295595071116E-15,1.,1.72938960274244E-15));
#13929=DIRECTION('',(-0.511686042838979,-2.10137976745537E-15,0.859172505125593));
#13930=DIRECTION('center_axis',(-0.511686042838979,-2.10137976745537E-15,
0.859172505125593));
#13931=DIRECTION('ref_axis',(-1.20295595071116E-15,1.,1.72938960274244E-15));
#13932=DIRECTION('',(-0.511686042838979,-2.10137976745537E-15,0.859172505125593));
#13933=DIRECTION('center_axis',(-0.511686042838979,-2.10137976745537E-15,
0.859172505125593));
#13934=DIRECTION('ref_axis',(-1.20295595071116E-15,1.,1.72938960274244E-15));
#13935=DIRECTION('center_axis',(-0.511686042838979,-2.10137976745537E-15,
0.859172505125593));
#13936=DIRECTION('ref_axis',(-1.20295595071116E-15,1.,1.72938960274244E-15));
#13937=DIRECTION('',(-0.511686042838979,-2.10137976745537E-15,0.859172505125593));
#13938=DIRECTION('center_axis',(-0.511686042838979,-2.10137976745537E-15,
0.859172505125593));
#13939=DIRECTION('ref_axis',(-1.20295595071116E-15,1.,1.72938960274244E-15));
#13940=DIRECTION('',(-0.511686042838979,-2.10137976745537E-15,0.859172505125593));
#13941=DIRECTION('center_axis',(-0.511686042838979,-2.10137976745537E-15,
0.859172505125593));
#13942=DIRECTION('ref_axis',(-1.20295595071116E-15,1.,1.72938960274244E-15));
#13943=DIRECTION('center_axis',(-0.511686042838979,-2.10137976745537E-15,
0.859172505125593));
#13944=DIRECTION('ref_axis',(-1.20295595071116E-15,1.,1.72938960274244E-15));
#13945=DIRECTION('',(-0.511686042838979,-2.10137976745537E-15,0.859172505125593));
#13946=DIRECTION('center_axis',(-0.511686042838979,-2.10137976745537E-15,
0.859172505125593));
#13947=DIRECTION('ref_axis',(-1.20295595071116E-15,1.,1.72938960274244E-15));
#13948=DIRECTION('',(-0.511686042838979,-2.10137976745537E-15,0.859172505125593));
#13949=DIRECTION('center_axis',(-0.511686042838979,-2.10137976745537E-15,
0.859172505125593));
#13950=DIRECTION('ref_axis',(-1.20295595071116E-15,1.,1.72938960274244E-15));
#13951=DIRECTION('center_axis',(-0.511686042838979,-2.10137976745537E-15,
0.859172505125593));
#13952=DIRECTION('ref_axis',(-1.20295595071116E-15,1.,1.72938960274244E-15));
#13953=DIRECTION('',(-0.511686042838979,-2.10137976745537E-15,0.859172505125593));
#13954=DIRECTION('center_axis',(-0.511686042838979,-2.10137976745537E-15,
0.859172505125593));
#13955=DIRECTION('ref_axis',(-1.20295595071116E-15,1.,1.72938960274244E-15));
#13956=DIRECTION('',(-0.511686042838979,-2.10137976745537E-15,0.859172505125593));
#13957=DIRECTION('center_axis',(-0.511686042838979,-2.10137976745537E-15,
0.859172505125593));
#13958=DIRECTION('ref_axis',(-1.20295595071116E-15,1.,1.72938960274244E-15));
#13959=DIRECTION('center_axis',(-0.511686042838979,-2.10137976745537E-15,
0.859172505125593));
#13960=DIRECTION('ref_axis',(-1.20295595071116E-15,1.,1.72938960274244E-15));
#13961=DIRECTION('',(-0.511686042838979,-2.10137976745537E-15,0.859172505125593));
#13962=DIRECTION('center_axis',(-0.511686042838979,-2.10137976745537E-15,
0.859172505125593));
#13963=DIRECTION('ref_axis',(-1.20295595071116E-15,1.,1.72938960274244E-15));
#13964=DIRECTION('',(-0.511686042838979,-2.10137976745537E-15,0.859172505125593));
#13965=DIRECTION('center_axis',(-0.511686042838979,-2.10137976745537E-15,
0.859172505125593));
#13966=DIRECTION('ref_axis',(-1.20295595071116E-15,1.,1.72938960274244E-15));
#13967=DIRECTION('center_axis',(-0.511686042838979,-2.10137976745537E-15,
0.859172505125593));
#13968=DIRECTION('ref_axis',(-1.20295595071116E-15,1.,1.72938960274244E-15));
#13969=DIRECTION('',(-0.511686042838979,-2.10137976745537E-15,0.859172505125593));
#13970=DIRECTION('center_axis',(-0.511686042838979,-2.10137976745537E-15,
0.859172505125593));
#13971=DIRECTION('ref_axis',(-1.20295595071116E-15,1.,1.72938960274244E-15));
#13972=DIRECTION('',(-0.511686042838979,-2.10137976745537E-15,0.859172505125593));
#13973=DIRECTION('center_axis',(-0.511686042838979,-2.10137976745537E-15,
0.859172505125593));
#13974=DIRECTION('ref_axis',(-1.20295595071116E-15,1.,1.72938960274244E-15));
#13975=DIRECTION('center_axis',(-0.511686042838979,-2.10137976745537E-15,
0.859172505125593));
#13976=DIRECTION('ref_axis',(-1.20295595071116E-15,1.,1.72938960274244E-15));
#13977=DIRECTION('',(-0.511686042838979,-2.10137976745537E-15,0.859172505125593));
#13978=DIRECTION('center_axis',(-0.511686042838979,-2.10137976745537E-15,
0.859172505125593));
#13979=DIRECTION('ref_axis',(-1.20295595071116E-15,1.,1.72938960274244E-15));
#13980=DIRECTION('',(-0.511686042838979,-2.10137976745537E-15,0.859172505125593));
#13981=DIRECTION('center_axis',(-0.511686042838979,-2.10137976745537E-15,
0.859172505125593));
#13982=DIRECTION('ref_axis',(-1.20295595071116E-15,1.,1.72938960274244E-15));
#13983=DIRECTION('center_axis',(-0.511686042838979,-2.10137976745537E-15,
0.859172505125593));
#13984=DIRECTION('ref_axis',(-1.20295595071116E-15,1.,1.72938960274244E-15));
#13985=DIRECTION('',(-0.511686042838979,-2.10137976745537E-15,0.859172505125593));
#13986=DIRECTION('center_axis',(-0.511686042838979,-2.10137976745537E-15,
0.859172505125593));
#13987=DIRECTION('ref_axis',(-1.20295595071116E-15,1.,1.72938960274244E-15));
#13988=DIRECTION('',(-0.511686042838979,-2.10137976745537E-15,0.859172505125593));
#13989=DIRECTION('center_axis',(-0.511686042838979,-2.10137976745537E-15,
0.859172505125593));
#13990=DIRECTION('ref_axis',(-1.20295595071116E-15,1.,1.72938960274244E-15));
#13991=DIRECTION('center_axis',(-0.511686042838979,-2.10137976745537E-15,
0.859172505125593));
#13992=DIRECTION('ref_axis',(-1.20295595071116E-15,1.,1.72938960274244E-15));
#13993=DIRECTION('',(-0.511686042838979,-2.10137976745537E-15,0.859172505125593));
#13994=DIRECTION('center_axis',(-0.511686042838979,-2.10137976745537E-15,
0.859172505125593));
#13995=DIRECTION('ref_axis',(-1.20295595071116E-15,1.,1.72938960274244E-15));
#13996=DIRECTION('',(-0.511686042838979,-2.10137976745537E-15,0.859172505125593));
#13997=DIRECTION('center_axis',(-0.511686042838979,-2.10137976745537E-15,
0.859172505125593));
#13998=DIRECTION('ref_axis',(-1.20295595071116E-15,1.,1.72938960274244E-15));
#13999=DIRECTION('center_axis',(-0.511686042838979,-2.10137976745537E-15,
0.859172505125593));
#14000=DIRECTION('ref_axis',(-1.20295595071116E-15,1.,1.72938960274244E-15));
#14001=DIRECTION('',(-0.511686042838979,-2.10137976745537E-15,0.859172505125593));
#14002=DIRECTION('center_axis',(-0.511686042838979,-2.10137976745537E-15,
0.859172505125593));
#14003=DIRECTION('ref_axis',(-1.20295595071116E-15,1.,1.72938960274244E-15));
#14004=DIRECTION('',(-0.511686042838979,-2.10137976745537E-15,0.859172505125593));
#14005=DIRECTION('center_axis',(-0.511686042838979,-2.10137976745537E-15,
0.859172505125593));
#14006=DIRECTION('ref_axis',(-1.20295595071116E-15,1.,1.72938960274244E-15));
#14007=DIRECTION('center_axis',(-0.511686042838979,-2.10137976745537E-15,
0.859172505125593));
#14008=DIRECTION('ref_axis',(-1.20295595071116E-15,1.,1.72938960274244E-15));
#14009=DIRECTION('',(-0.511686042838979,-2.10137976745537E-15,0.859172505125593));
#14010=DIRECTION('center_axis',(-0.511686042838979,-2.10137976745537E-15,
0.859172505125593));
#14011=DIRECTION('ref_axis',(-1.20295595071116E-15,1.,1.72938960274244E-15));
#14012=DIRECTION('',(-0.511686042838979,-2.10137976745537E-15,0.859172505125593));
#14013=DIRECTION('center_axis',(-0.511686042838979,-2.10137976745537E-15,
0.859172505125593));
#14014=DIRECTION('ref_axis',(-1.20295595071116E-15,1.,1.72938960274244E-15));
#14015=DIRECTION('center_axis',(-0.511686042838979,-2.10137976745537E-15,
0.859172505125593));
#14016=DIRECTION('ref_axis',(-1.20295595071116E-15,1.,1.72938960274244E-15));
#14017=DIRECTION('',(-0.511686042838979,-2.10137976745537E-15,0.859172505125593));
#14018=DIRECTION('center_axis',(-0.511686042838979,-2.10137976745537E-15,
0.859172505125593));
#14019=DIRECTION('ref_axis',(-1.20295595071116E-15,1.,1.72938960274244E-15));
#14020=DIRECTION('',(-0.511686042838979,-2.10137976745537E-15,0.859172505125593));
#14021=DIRECTION('center_axis',(-0.511686042838979,-2.10137976745537E-15,
0.859172505125593));
#14022=DIRECTION('ref_axis',(-1.20295595071116E-15,1.,1.72938960274244E-15));
#14023=DIRECTION('center_axis',(-0.511686042838979,-2.10137976745537E-15,
0.859172505125593));
#14024=DIRECTION('ref_axis',(-1.20295595071116E-15,1.,1.72938960274244E-15));
#14025=DIRECTION('',(-0.511686042838979,-2.10137976745537E-15,0.859172505125593));
#14026=DIRECTION('center_axis',(-0.511686042838979,-2.10137976745537E-15,
0.859172505125593));
#14027=DIRECTION('ref_axis',(-1.20295595071116E-15,1.,1.72938960274244E-15));
#14028=DIRECTION('',(-0.511686042838979,-2.10137976745537E-15,0.859172505125593));
#14029=DIRECTION('center_axis',(-0.511686042838979,-2.10137976745537E-15,
0.859172505125593));
#14030=DIRECTION('ref_axis',(-1.20295595071116E-15,1.,1.72938960274244E-15));
#14031=DIRECTION('center_axis',(-0.511686042838979,-2.10137976745537E-15,
0.859172505125593));
#14032=DIRECTION('ref_axis',(-1.20295595071116E-15,1.,1.72938960274244E-15));
#14033=DIRECTION('',(-0.511686042838979,-2.10137976745537E-15,0.859172505125593));
#14034=DIRECTION('center_axis',(-0.511686042838979,-2.10137976745537E-15,
0.859172505125593));
#14035=DIRECTION('ref_axis',(-1.20295595071116E-15,1.,1.72938960274244E-15));
#14036=DIRECTION('',(-0.511686042838979,-2.10137976745537E-15,0.859172505125593));
#14037=DIRECTION('center_axis',(-0.511686042838979,-2.10137976745537E-15,
0.859172505125593));
#14038=DIRECTION('ref_axis',(-1.20295595071116E-15,1.,1.72938960274244E-15));
#14039=DIRECTION('center_axis',(-0.511686042838979,-2.10137976745537E-15,
0.859172505125593));
#14040=DIRECTION('ref_axis',(-1.20295595071116E-15,1.,1.72938960274244E-15));
#14041=DIRECTION('',(-0.511686042838979,-2.10137976745537E-15,0.859172505125593));
#14042=DIRECTION('center_axis',(-0.511686042838979,-2.10137976745537E-15,
0.859172505125593));
#14043=DIRECTION('ref_axis',(-1.20295595071116E-15,1.,1.72938960274244E-15));
#14044=DIRECTION('',(-0.511686042838979,-2.10137976745537E-15,0.859172505125593));
#14045=DIRECTION('center_axis',(-0.511686042838979,-2.10137976745537E-15,
0.859172505125593));
#14046=DIRECTION('ref_axis',(-1.20295595071116E-15,1.,1.72938960274244E-15));
#14047=DIRECTION('center_axis',(-0.511686042838979,-2.10137976745537E-15,
0.859172505125593));
#14048=DIRECTION('ref_axis',(-1.20295595071116E-15,1.,1.72938960274244E-15));
#14049=DIRECTION('',(-0.511686042838979,-2.10137976745537E-15,0.859172505125593));
#14050=DIRECTION('center_axis',(-0.511686042838979,-2.10137976745537E-15,
0.859172505125593));
#14051=DIRECTION('ref_axis',(-1.20295595071116E-15,1.,1.72938960274244E-15));
#14052=DIRECTION('',(-0.511686042838979,-2.10137976745537E-15,0.859172505125593));
#14053=DIRECTION('center_axis',(-0.511686042838979,-2.10137976745537E-15,
0.859172505125593));
#14054=DIRECTION('ref_axis',(-1.20295595071116E-15,1.,1.72938960274244E-15));
#14055=DIRECTION('center_axis',(-0.511686042838979,-2.10137976745537E-15,
0.859172505125593));
#14056=DIRECTION('ref_axis',(-1.20295595071116E-15,1.,1.72938960274244E-15));
#14057=DIRECTION('',(-0.511686042838979,-2.10137976745537E-15,0.859172505125593));
#14058=DIRECTION('center_axis',(-0.511686042838979,-2.10137976745537E-15,
0.859172505125593));
#14059=DIRECTION('ref_axis',(-1.20295595071116E-15,1.,1.72938960274244E-15));
#14060=DIRECTION('',(-0.511686042838979,-2.10137976745537E-15,0.859172505125593));
#14061=DIRECTION('center_axis',(-0.511686042838979,-2.10137976745537E-15,
0.859172505125593));
#14062=DIRECTION('ref_axis',(-1.20295595071116E-15,1.,1.72938960274244E-15));
#14063=DIRECTION('center_axis',(-0.511686042838979,-2.10137976745537E-15,
0.859172505125593));
#14064=DIRECTION('ref_axis',(-1.20295595071116E-15,1.,1.72938960274244E-15));
#14065=DIRECTION('',(-0.511686042838979,-2.10137976745537E-15,0.859172505125593));
#14066=DIRECTION('center_axis',(-0.511686042838979,-2.10137976745537E-15,
0.859172505125593));
#14067=DIRECTION('ref_axis',(-1.20295595071116E-15,1.,1.72938960274244E-15));
#14068=DIRECTION('',(-0.511686042838979,-2.10137976745537E-15,0.859172505125593));
#14069=DIRECTION('center_axis',(-0.511686042838979,-2.10137976745537E-15,
0.859172505125593));
#14070=DIRECTION('ref_axis',(-1.20295595071116E-15,1.,1.72938960274244E-15));
#14071=DIRECTION('center_axis',(-0.511686042838979,-2.10137976745537E-15,
0.859172505125593));
#14072=DIRECTION('ref_axis',(-1.20295595071116E-15,1.,1.72938960274244E-15));
#14073=DIRECTION('',(-0.511686042838979,-2.10137976745537E-15,0.859172505125593));
#14074=DIRECTION('center_axis',(-0.511686042838979,-2.10137976745537E-15,
0.859172505125593));
#14075=DIRECTION('ref_axis',(-1.20295595071116E-15,1.,1.72938960274244E-15));
#14076=DIRECTION('',(-0.511686042838979,-2.10137976745537E-15,0.859172505125593));
#14077=DIRECTION('center_axis',(-0.511686042838979,-2.10137976745537E-15,
0.859172505125593));
#14078=DIRECTION('ref_axis',(-1.20295595071116E-15,1.,1.72938960274244E-15));
#14079=DIRECTION('center_axis',(-0.511686042838979,-2.10137976745537E-15,
0.859172505125593));
#14080=DIRECTION('ref_axis',(-1.20295595071116E-15,1.,1.72938960274244E-15));
#14081=DIRECTION('',(-0.511686042838979,-2.10137976745537E-15,0.859172505125593));
#14082=DIRECTION('center_axis',(-0.511686042838979,-2.10137976745537E-15,
0.859172505125593));
#14083=DIRECTION('ref_axis',(-1.20295595071116E-15,1.,1.72938960274244E-15));
#14084=DIRECTION('',(-0.511686042838979,-2.10137976745537E-15,0.859172505125593));
#14085=DIRECTION('center_axis',(-0.511686042838979,-2.10137976745537E-15,
0.859172505125593));
#14086=DIRECTION('ref_axis',(-1.20295595071116E-15,1.,1.72938960274244E-15));
#14087=DIRECTION('center_axis',(-0.511686042838979,-2.10137976745537E-15,
0.859172505125593));
#14088=DIRECTION('ref_axis',(-1.20295595071116E-15,1.,1.72938960274244E-15));
#14089=DIRECTION('',(-0.511686042838979,-2.10137976745537E-15,0.859172505125593));
#14090=DIRECTION('center_axis',(-0.511686042838979,-2.10137976745537E-15,
0.859172505125593));
#14091=DIRECTION('ref_axis',(-1.20295595071116E-15,1.,1.72938960274244E-15));
#14092=DIRECTION('',(-0.511686042838979,-2.10137976745537E-15,0.859172505125593));
#14093=DIRECTION('center_axis',(-0.511686042838979,-2.10137976745537E-15,
0.859172505125593));
#14094=DIRECTION('ref_axis',(-1.20295595071116E-15,1.,1.72938960274244E-15));
#14095=DIRECTION('center_axis',(-0.511686042838979,-2.10137976745537E-15,
0.859172505125593));
#14096=DIRECTION('ref_axis',(-1.20295595071116E-15,1.,1.72938960274244E-15));
#14097=DIRECTION('',(-0.511686042838979,-2.10137976745537E-15,0.859172505125593));
#14098=DIRECTION('center_axis',(-0.511686042838979,-2.10137976745537E-15,
0.859172505125593));
#14099=DIRECTION('ref_axis',(-1.20295595071116E-15,1.,1.72938960274244E-15));
#14100=DIRECTION('',(-0.511686042838979,-2.10137976745537E-15,0.859172505125593));
#14101=DIRECTION('center_axis',(-0.511686042838979,-2.10137976745537E-15,
0.859172505125593));
#14102=DIRECTION('ref_axis',(-1.20295595071116E-15,1.,1.72938960274244E-15));
#14103=DIRECTION('center_axis',(-0.511686042838979,-2.10137976745537E-15,
0.859172505125593));
#14104=DIRECTION('ref_axis',(-1.20295595071116E-15,1.,1.72938960274244E-15));
#14105=DIRECTION('',(-0.511686042838979,-2.10137976745537E-15,0.859172505125593));
#14106=DIRECTION('center_axis',(-0.511686042838979,-2.10137976745537E-15,
0.859172505125593));
#14107=DIRECTION('ref_axis',(-1.20295595071116E-15,1.,1.72938960274244E-15));
#14108=DIRECTION('',(-0.511686042838979,-2.10137976745537E-15,0.859172505125593));
#14109=DIRECTION('center_axis',(-0.511686042838979,-2.10137976745537E-15,
0.859172505125593));
#14110=DIRECTION('ref_axis',(-1.20295595071116E-15,1.,1.72938960274244E-15));
#14111=DIRECTION('center_axis',(-0.511686042838979,-2.10137976745537E-15,
0.859172505125593));
#14112=DIRECTION('ref_axis',(-1.20295595071116E-15,1.,1.72938960274244E-15));
#14113=DIRECTION('',(-0.511686042838979,-2.10137976745537E-15,0.859172505125593));
#14114=DIRECTION('center_axis',(-0.511686042838979,-2.10137976745537E-15,
0.859172505125593));
#14115=DIRECTION('ref_axis',(-1.20295595071116E-15,1.,1.72938960274244E-15));
#14116=DIRECTION('',(-0.511686042838979,-2.10137976745537E-15,0.859172505125593));
#14117=DIRECTION('center_axis',(-0.511686042838979,-2.10137976745537E-15,
0.859172505125593));
#14118=DIRECTION('ref_axis',(-1.20295595071116E-15,1.,1.72938960274244E-15));
#14119=DIRECTION('center_axis',(-0.511686042838979,-2.10137976745537E-15,
0.859172505125593));
#14120=DIRECTION('ref_axis',(-1.20295595071116E-15,1.,1.72938960274244E-15));
#14121=DIRECTION('',(-0.511686042838979,-2.10137976745537E-15,0.859172505125593));
#14122=DIRECTION('center_axis',(-0.511686042838979,-2.10137976745537E-15,
0.859172505125593));
#14123=DIRECTION('ref_axis',(-1.20295595071116E-15,1.,1.72938960274244E-15));
#14124=DIRECTION('',(-0.511686042838979,-2.10137976745537E-15,0.859172505125593));
#14125=DIRECTION('center_axis',(-0.511686042838979,-2.10137976745537E-15,
0.859172505125593));
#14126=DIRECTION('ref_axis',(-1.20295595071116E-15,1.,1.72938960274244E-15));
#14127=DIRECTION('center_axis',(-0.511686042838979,-2.10137976745537E-15,
0.859172505125593));
#14128=DIRECTION('ref_axis',(-1.20295595071116E-15,1.,1.72938960274244E-15));
#14129=DIRECTION('',(-0.511686042838979,-2.10137976745537E-15,0.859172505125593));
#14130=DIRECTION('center_axis',(-0.511686042838979,-2.10137976745537E-15,
0.859172505125593));
#14131=DIRECTION('ref_axis',(-1.20295595071116E-15,1.,1.72938960274244E-15));
#14132=DIRECTION('',(-0.511686042838979,-2.10137976745537E-15,0.859172505125593));
#14133=DIRECTION('center_axis',(-0.511686042838979,-2.10137976745537E-15,
0.859172505125593));
#14134=DIRECTION('ref_axis',(-1.20295595071116E-15,1.,1.72938960274244E-15));
#14135=DIRECTION('center_axis',(-0.511686042838979,-2.10137976745537E-15,
0.859172505125593));
#14136=DIRECTION('ref_axis',(-1.20295595071116E-15,1.,1.72938960274244E-15));
#14137=DIRECTION('',(-0.511686042838979,-2.10137976745537E-15,0.859172505125593));
#14138=DIRECTION('center_axis',(-0.511686042838979,-2.10137976745537E-15,
0.859172505125593));
#14139=DIRECTION('ref_axis',(-1.20295595071116E-15,1.,1.72938960274244E-15));
#14140=DIRECTION('',(-0.511686042838979,-2.10137976745537E-15,0.859172505125593));
#14141=DIRECTION('center_axis',(-0.511686042838979,-2.10137976745537E-15,
0.859172505125593));
#14142=DIRECTION('ref_axis',(-1.20295595071116E-15,1.,1.72938960274244E-15));
#14143=DIRECTION('center_axis',(-0.511686042838979,-2.10137976745537E-15,
0.859172505125593));
#14144=DIRECTION('ref_axis',(-1.20295595071116E-15,1.,1.72938960274244E-15));
#14145=DIRECTION('',(-0.511686042838979,-2.10137976745537E-15,0.859172505125593));
#14146=DIRECTION('center_axis',(-0.511686042838979,-2.10137976745537E-15,
0.859172505125593));
#14147=DIRECTION('ref_axis',(-1.20295595071116E-15,1.,1.72938960274244E-15));
#14148=DIRECTION('',(-0.511686042838979,-2.10137976745537E-15,0.859172505125593));
#14149=DIRECTION('center_axis',(-0.511686042838979,-2.10137976745537E-15,
0.859172505125593));
#14150=DIRECTION('ref_axis',(-1.20295595071116E-15,1.,1.72938960274244E-15));
#14151=DIRECTION('center_axis',(-0.511686042838979,-2.10137976745537E-15,
0.859172505125593));
#14152=DIRECTION('ref_axis',(-1.20295595071116E-15,1.,1.72938960274244E-15));
#14153=DIRECTION('',(-0.511686042838979,-2.10137976745537E-15,0.859172505125593));
#14154=DIRECTION('center_axis',(-0.511686042838979,-2.10137976745537E-15,
0.859172505125593));
#14155=DIRECTION('ref_axis',(-1.20295595071116E-15,1.,1.72938960274244E-15));
#14156=DIRECTION('',(-0.511686042838979,-2.10137976745537E-15,0.859172505125593));
#14157=DIRECTION('center_axis',(-0.511686042838979,-2.10137976745537E-15,
0.859172505125593));
#14158=DIRECTION('ref_axis',(-1.20295595071116E-15,1.,1.72938960274244E-15));
#14159=DIRECTION('center_axis',(-0.511686042838979,-2.10137976745537E-15,
0.859172505125593));
#14160=DIRECTION('ref_axis',(-1.20295595071116E-15,1.,1.72938960274244E-15));
#14161=DIRECTION('',(-0.511686042838979,-2.10137976745537E-15,0.859172505125593));
#14162=DIRECTION('center_axis',(-0.511686042838979,-2.10137976745537E-15,
0.859172505125593));
#14163=DIRECTION('ref_axis',(-1.20295595071116E-15,1.,1.72938960274244E-15));
#14164=DIRECTION('',(-0.511686042838979,-2.10137976745537E-15,0.859172505125593));
#14165=DIRECTION('center_axis',(-0.511686042838979,-2.10137976745537E-15,
0.859172505125593));
#14166=DIRECTION('ref_axis',(-1.20295595071116E-15,1.,1.72938960274244E-15));
#14167=DIRECTION('center_axis',(-0.511686042838979,-2.10137976745537E-15,
0.859172505125593));
#14168=DIRECTION('ref_axis',(-1.20295595071116E-15,1.,1.72938960274244E-15));
#14169=DIRECTION('',(-0.511686042838979,-2.10137976745537E-15,0.859172505125593));
#14170=DIRECTION('center_axis',(-0.511686042838979,-2.10137976745537E-15,
0.859172505125593));
#14171=DIRECTION('ref_axis',(-1.20295595071116E-15,1.,1.72938960274244E-15));
#14172=DIRECTION('',(-0.511686042838979,-2.10137976745537E-15,0.859172505125593));
#14173=DIRECTION('center_axis',(-0.511686042838979,-2.10137976745537E-15,
0.859172505125593));
#14174=DIRECTION('ref_axis',(-1.20295595071116E-15,1.,1.72938960274244E-15));
#14175=DIRECTION('center_axis',(-0.511686042838979,-2.10137976745537E-15,
0.859172505125593));
#14176=DIRECTION('ref_axis',(-1.20295595071116E-15,1.,1.72938960274244E-15));
#14177=DIRECTION('',(-0.511686042838979,-2.10137976745537E-15,0.859172505125593));
#14178=DIRECTION('center_axis',(-0.511686042838979,-2.10137976745537E-15,
0.859172505125593));
#14179=DIRECTION('ref_axis',(-1.20295595071116E-15,1.,1.72938960274244E-15));
#14180=DIRECTION('',(-0.511686042838979,-2.10137976745537E-15,0.859172505125593));
#14181=DIRECTION('center_axis',(-0.511686042838979,-2.10137976745537E-15,
0.859172505125593));
#14182=DIRECTION('ref_axis',(-1.20295595071116E-15,1.,1.72938960274244E-15));
#14183=DIRECTION('center_axis',(-0.511686042838979,-2.10137976745537E-15,
0.859172505125593));
#14184=DIRECTION('ref_axis',(-1.20295595071116E-15,1.,1.72938960274244E-15));
#14185=DIRECTION('',(-0.511686042838979,-2.10137976745537E-15,0.859172505125593));
#14186=DIRECTION('center_axis',(-0.511686042838979,-2.10137976745537E-15,
0.859172505125593));
#14187=DIRECTION('ref_axis',(-1.20295595071116E-15,1.,1.72938960274244E-15));
#14188=DIRECTION('',(-0.511686042838979,-2.10137976745537E-15,0.859172505125593));
#14189=DIRECTION('center_axis',(-0.511686042838979,-2.10137976745537E-15,
0.859172505125593));
#14190=DIRECTION('ref_axis',(-1.20295595071116E-15,1.,1.72938960274244E-15));
#14191=DIRECTION('center_axis',(-0.511686042838979,-2.10137976745537E-15,
0.859172505125593));
#14192=DIRECTION('ref_axis',(-1.20295595071116E-15,1.,1.72938960274244E-15));
#14193=DIRECTION('',(-0.511686042838979,-2.10137976745537E-15,0.859172505125593));
#14194=DIRECTION('center_axis',(-0.511686042838979,-2.10137976745537E-15,
0.859172505125593));
#14195=DIRECTION('ref_axis',(-1.20295595071116E-15,1.,1.72938960274244E-15));
#14196=DIRECTION('',(-0.511686042838979,-2.10137976745537E-15,0.859172505125593));
#14197=DIRECTION('center_axis',(-0.511686042838979,-2.10137976745537E-15,
0.859172505125593));
#14198=DIRECTION('ref_axis',(-1.20295595071116E-15,1.,1.72938960274244E-15));
#14199=DIRECTION('center_axis',(-0.511686042838979,-2.10137976745537E-15,
0.859172505125593));
#14200=DIRECTION('ref_axis',(-1.20295595071116E-15,1.,1.72938960274244E-15));
#14201=DIRECTION('',(-0.511686042838979,-2.10137976745537E-15,0.859172505125593));
#14202=DIRECTION('center_axis',(-0.511686042838979,-2.10137976745537E-15,
0.859172505125593));
#14203=DIRECTION('ref_axis',(-1.20295595071116E-15,1.,1.72938960274244E-15));
#14204=DIRECTION('',(-0.511686042838979,-2.10137976745537E-15,0.859172505125593));
#14205=DIRECTION('center_axis',(-0.511686042838979,-2.10137976745537E-15,
0.859172505125593));
#14206=DIRECTION('ref_axis',(-1.20295595071116E-15,1.,1.72938960274244E-15));
#14207=DIRECTION('center_axis',(-0.511686042838979,-2.10137976745537E-15,
0.859172505125593));
#14208=DIRECTION('ref_axis',(-1.20295595071116E-15,1.,1.72938960274244E-15));
#14209=DIRECTION('',(-0.511686042838979,-2.10137976745537E-15,0.859172505125593));
#14210=DIRECTION('center_axis',(-0.511686042838979,-2.10137976745537E-15,
0.859172505125593));
#14211=DIRECTION('ref_axis',(-1.20295595071116E-15,1.,1.72938960274244E-15));
#14212=DIRECTION('',(-0.511686042838979,-2.10137976745537E-15,0.859172505125593));
#14213=DIRECTION('center_axis',(0.511686042838979,2.10137976745537E-15,
-0.859172505125593));
#14214=DIRECTION('ref_axis',(1.20295595071116E-15,-1.,-1.72938960274244E-15));
#14215=DIRECTION('center_axis',(-0.511686042838979,-2.10137976745537E-15,
0.859172505125593));
#14216=DIRECTION('ref_axis',(-1.20295595071116E-15,1.,1.72938960274244E-15));
#14217=DIRECTION('',(-0.857892716252858,-0.0545609835210728,-0.510923855850857));
#14218=DIRECTION('center_axis',(0.511686042838979,2.10137976745537E-15,
-0.859172505125593));
#14219=DIRECTION('ref_axis',(1.20295595071116E-15,-1.,-1.72938960274244E-15));
#14220=DIRECTION('',(0.857892716252858,-0.0545609835210727,0.510923855850856));
#14221=DIRECTION('center_axis',(0.511686042838979,2.10137976745537E-15,
-0.859172505125593));
#14222=DIRECTION('ref_axis',(1.20295595071116E-15,-1.,-1.72938960274244E-15));
#14223=DIRECTION('center_axis',(0.511686042838979,2.10137976745537E-15,
-0.859172505125593));
#14224=DIRECTION('ref_axis',(1.20295595071116E-15,-1.,-1.72938960274244E-15));
#14225=DIRECTION('center_axis',(0.511686042838979,2.10137976745537E-15,
-0.859172505125593));
#14226=DIRECTION('ref_axis',(1.20295595071116E-15,-1.,-1.72938960274244E-15));
#14227=DIRECTION('center_axis',(0.511686042838979,2.10137976745537E-15,
-0.859172505125593));
#14228=DIRECTION('ref_axis',(1.20295595071116E-15,-1.,-1.72938960274244E-15));
#14229=DIRECTION('center_axis',(0.511686042838979,2.10137976745537E-15,
-0.859172505125593));
#14230=DIRECTION('ref_axis',(1.20295595071116E-15,-1.,-1.72938960274244E-15));
#14231=DIRECTION('center_axis',(0.511686042838979,2.10137976745537E-15,
-0.859172505125593));
#14232=DIRECTION('ref_axis',(1.20295595071116E-15,-1.,-1.72938960274244E-15));
#14233=DIRECTION('center_axis',(0.511686042838979,2.10137976745537E-15,
-0.859172505125593));
#14234=DIRECTION('ref_axis',(1.20295595071116E-15,-1.,-1.72938960274244E-15));
#14235=DIRECTION('',(0.511686042838979,2.10137976745537E-15,-0.859172505125593));
#14236=DIRECTION('',(0.511686042838979,2.10137976745537E-15,-0.859172505125593));
#14237=DIRECTION('center_axis',(0.511686042838979,2.10137976745537E-15,
-0.859172505125593));
#14238=DIRECTION('ref_axis',(1.20295595071116E-15,-1.,-1.72938960274244E-15));
#14239=DIRECTION('',(-0.511686042838979,-2.10137976745537E-15,0.859172505125593));
#14240=DIRECTION('center_axis',(0.511686042838979,2.10137976745537E-15,
-0.859172505125593));
#14241=DIRECTION('ref_axis',(1.20295595071116E-15,-1.,-1.72938960274244E-15));
#14242=DIRECTION('center_axis',(0.511686042838979,2.10137976745537E-15,
-0.859172505125593));
#14243=DIRECTION('ref_axis',(1.20295595071116E-15,-1.,-1.72938960274244E-15));
#14244=DIRECTION('',(0.511686042838979,2.10137976745537E-15,-0.859172505125593));
#14245=DIRECTION('center_axis',(0.511686042838979,2.10137976745537E-15,
-0.859172505125593));
#14246=DIRECTION('ref_axis',(1.20295595071116E-15,-1.,-1.72938960274244E-15));
#14247=DIRECTION('',(0.511686042838979,2.10137976745537E-15,-0.859172505125593));
#14248=DIRECTION('center_axis',(0.511686042838979,2.10137976745537E-15,
-0.859172505125593));
#14249=DIRECTION('ref_axis',(1.20295595071116E-15,-1.,-1.72938960274244E-15));
#14250=DIRECTION('center_axis',(0.0468772968939174,-0.998510440144325,0.0279180937512987));
#14251=DIRECTION('ref_axis',(-0.857892716252858,-0.0545609835210728,-0.510923855850857));
#14252=DIRECTION('',(-0.857892716252858,-0.0545609835210728,-0.510923855850857));
#14253=DIRECTION('',(0.511686042838979,2.10137976745537E-15,-0.859172505125593));
#14254=DIRECTION('center_axis',(0.511686042838979,2.10137976745537E-15,
-0.859172505125593));
#14255=DIRECTION('ref_axis',(1.20295595071116E-15,-1.,-1.72938960274244E-15));
#14256=DIRECTION('center_axis',(0.511686042838979,2.10137976745537E-15,
-0.859172505125593));
#14257=DIRECTION('ref_axis',(1.20295595071116E-15,-1.,-1.72938960274244E-15));
#14258=DIRECTION('',(0.511686042838979,2.10137976745537E-15,-0.859172505125593));
#14259=DIRECTION('center_axis',(0.0468772968939152,0.998510440144325,0.0279180937513022));
#14260=DIRECTION('ref_axis',(0.857892716252858,-0.0545609835210728,0.510923855850856));
#14261=DIRECTION('',(0.857892716252858,-0.0545609835210727,0.510923855850856));
#14262=DIRECTION('center_axis',(0.511686042838979,2.10137976745537E-15,
-0.859172505125593));
#14263=DIRECTION('ref_axis',(1.20295595071116E-15,-1.,-1.72938960274244E-15));
#14264=DIRECTION('',(-0.857892716252858,0.0545609835210727,-0.510923855850856));
#14265=DIRECTION('center_axis',(0.511686042838979,2.10137976745537E-15,
-0.859172505125593));
#14266=DIRECTION('ref_axis',(-1.20295595071116E-15,1.,1.72938960274244E-15));
#14267=DIRECTION('',(0.857892716252858,0.0545609835210728,0.510923855850857));
#14268=DIRECTION('center_axis',(0.511686042838979,2.10137976745537E-15,
-0.859172505125593));
#14269=DIRECTION('ref_axis',(1.20295595071116E-15,-1.,-1.72938960274244E-15));
#14270=DIRECTION('center_axis',(0.511686042838979,2.10137976745537E-15,
-0.859172505125593));
#14271=DIRECTION('ref_axis',(1.20295595071116E-15,-1.,-1.72938960274244E-15));
#14272=DIRECTION('center_axis',(0.511686042838979,2.10137976745537E-15,
-0.859172505125593));
#14273=DIRECTION('ref_axis',(1.20295595071116E-15,-1.,-1.72938960274244E-15));
#14274=DIRECTION('center_axis',(0.511686042838979,2.10137976745537E-15,
-0.859172505125593));
#14275=DIRECTION('ref_axis',(1.20295595071116E-15,-1.,-1.72938960274244E-15));
#14276=DIRECTION('center_axis',(0.511686042838979,2.10137976745537E-15,
-0.859172505125593));
#14277=DIRECTION('ref_axis',(1.20295595071116E-15,-1.,-1.72938960274244E-15));
#14278=DIRECTION('center_axis',(0.511686042838979,2.10137976745537E-15,
-0.859172505125593));
#14279=DIRECTION('ref_axis',(1.20295595071116E-15,-1.,-1.72938960274244E-15));
#14280=DIRECTION('center_axis',(0.511686042838979,2.10137976745537E-15,
-0.859172505125593));
#14281=DIRECTION('ref_axis',(1.20295595071116E-15,-1.,-1.72938960274244E-15));
#14282=DIRECTION('center_axis',(0.511686042838979,2.10137976745537E-15,
-0.859172505125593));
#14283=DIRECTION('ref_axis',(1.20295595071116E-15,-1.,-1.72938960274244E-15));
#14284=DIRECTION('center_axis',(0.511686042838979,2.10137976745537E-15,
-0.859172505125593));
#14285=DIRECTION('ref_axis',(1.20295595071116E-15,-1.,-1.72938960274244E-15));
#14286=DIRECTION('center_axis',(0.511686042838979,2.10137976745537E-15,
-0.859172505125593));
#14287=DIRECTION('ref_axis',(1.20295595071116E-15,-1.,-1.72938960274244E-15));
#14288=DIRECTION('center_axis',(0.511686042838979,2.10137976745537E-15,
-0.859172505125593));
#14289=DIRECTION('ref_axis',(1.20295595071116E-15,-1.,-1.72938960274244E-15));
#14290=DIRECTION('center_axis',(0.511686042838979,2.10137976745537E-15,
-0.859172505125593));
#14291=DIRECTION('ref_axis',(1.20295595071116E-15,-1.,-1.72938960274244E-15));
#14292=DIRECTION('center_axis',(0.511686042838979,2.10137976745537E-15,
-0.859172505125593));
#14293=DIRECTION('ref_axis',(1.20295595071116E-15,-1.,-1.72938960274244E-15));
#14294=DIRECTION('center_axis',(0.511686042838979,2.10137976745537E-15,
-0.859172505125593));
#14295=DIRECTION('ref_axis',(1.20295595071116E-15,-1.,-1.72938960274244E-15));
#14296=DIRECTION('center_axis',(-0.511686042838979,-2.10137976745537E-15,
0.859172505125593));
#14297=DIRECTION('ref_axis',(-1.20295595071116E-15,1.,1.72938960274244E-15));
#14298=DIRECTION('',(-0.607526704583339,0.70710678118655,-0.36181667072995));
#14299=DIRECTION('',(-0.607526704583338,-0.707106781186549,-0.361816670729952));
#14300=DIRECTION('',(-0.540694776904905,0.777145961456973,-0.322014460574167));
#14301=DIRECTION('',(-0.66770244255322,-0.629320391049841,-0.397654741726211));
#14302=DIRECTION('',(-0.467938884103045,0.838670567945426,-0.278684192602476));
#14303=DIRECTION('',(-0.720562692836771,-0.544639035015031,-0.429136024157512));
#14304=DIRECTION('',(-0.390056154964444,0.89100652418837,-0.232300602298215));
#14305=DIRECTION('',(-0.765528307470165,-0.45399049973955,-0.455915602505659));
#14306=DIRECTION('',(-0.307899888967556,0.933580426497203,-0.18337187798315));
#14307=DIRECTION('',(-0.80210663376982,-0.358367949545301,-0.47770007410628));
#14308=DIRECTION('',(-0.222370207354943,0.96592582628907,-0.132434092999868));
#14309=DIRECTION('',(-0.829896911938286,-0.258819045102524,-0.494250763729824));
#14310=DIRECTION('',(-0.134404191216595,0.987688340595138,-0.0800453323800645));
#14311=DIRECTION('',(-0.848594665872464,-0.156434465040234,-0.505386338557323));
#14312=DIRECTION('',(-0.0449656146333905,0.998629534754574,-0.0267795783481417));
#14313=DIRECTION('',(-0.857995039067492,-0.0523359562429453,-0.510984794900698));
#14314=DIRECTION('',(0.0449656146333949,0.998629534754574,0.0267795783481492));
#14315=DIRECTION('',(-0.857995039067493,0.052335956242943,-0.510984794900698));
#14316=DIRECTION('',(0.134404191216599,0.987688340595137,0.0800453323800719));
#14317=DIRECTION('',(-0.848594665872465,0.156434465040229,-0.505386338557323));
#14318=DIRECTION('',(0.222370207354949,0.965925826289067,0.132434092999876));
#14319=DIRECTION('',(-0.829896911938287,0.25881904510252,-0.494250763729824));
#14320=DIRECTION('',(0.307899888967561,0.9335804264972,0.183371877983158));
#14321=DIRECTION('',(-0.802106633769821,0.3583679495453,-0.477700074106279));
#14322=DIRECTION('',(0.390056154964449,0.891006524188366,0.232300602298223));
#14323=DIRECTION('',(-0.765528307470168,0.453990499739546,-0.455915602505658));
#14324=DIRECTION('',(0.467938884103049,0.838670567945421,0.278684192602483));
#14325=DIRECTION('',(-0.720562692836774,0.544639035015027,-0.429136024157512));
#14326=DIRECTION('',(0.540694776904911,0.777145961456966,0.322014460574174));
#14327=DIRECTION('',(-0.667702442553224,0.629320391049837,-0.39765474172621));
#14328=DIRECTION('',(0.607526704583343,0.707106781186543,0.361816670729955));
#14329=DIRECTION('',(-0.607526704583341,0.707106781186548,-0.36181667072995));
#14330=DIRECTION('',(0.667702442553226,0.629320391049832,0.397654741726214));
#14331=DIRECTION('',(-0.540694776904909,0.77714596145697,-0.322014460574169));
#14332=DIRECTION('',(0.720562692836776,0.544639035015022,0.429136024157515));
#14333=DIRECTION('',(-0.467938884103045,0.838670567945425,-0.278684192602477));
#14334=DIRECTION('',(0.76552830747017,0.453990499739541,0.455915602505661));
#14335=DIRECTION('',(-0.390056154964447,0.891006524188368,-0.232300602298217));
#14336=DIRECTION('',(0.802106633769822,0.358367949545292,0.477700074106281));
#14337=DIRECTION('',(-0.30789988896756,0.933580426497201,-0.183371877983152));
#14338=DIRECTION('',(0.829896911938288,0.258819045102513,0.494250763729825));
#14339=DIRECTION('',(-0.222370207354947,0.965925826289069,-0.13243409299987));
#14340=DIRECTION('',(0.848594665872465,0.156434465040224,0.505386338557324));
#14341=DIRECTION('',(-0.134404191216595,0.987688340595138,-0.0800453323800649));
#14342=DIRECTION('',(0.857995039067493,0.0523359562429371,0.510984794900698));
#14343=DIRECTION('',(-0.0449656146333923,0.998629534754574,-0.0267795783481427));
#14344=DIRECTION('',(0.857995039067492,-0.0523359562429527,0.510984794900698));
#14345=DIRECTION('',(0.0449656146333933,0.998629534754574,0.0267795783481482));
#14346=DIRECTION('',(0.848594665872463,-0.156434465040239,0.505386338557322));
#14347=DIRECTION('',(0.134404191216599,0.987688340595137,0.0800453323800716));
#14348=DIRECTION('',(0.829896911938285,-0.258819045102531,0.494250763729822));
#14349=DIRECTION('',(0.222370207354947,0.965925826289068,0.132434092999875));
#14350=DIRECTION('',(0.802106633769818,-0.358367949545309,0.477700074106277));
#14351=DIRECTION('',(0.307899888967559,0.933580426497201,0.183371877983156));
#14352=DIRECTION('',(0.765528307470164,-0.453990499739556,0.455915602505655));
#14353=DIRECTION('',(0.390056154964447,0.891006524188367,0.232300602298222));
#14354=DIRECTION('',(0.720562692836769,-0.544639035015036,0.429136024157509));
#14355=DIRECTION('',(0.467938884103047,0.838670567945422,0.278684192602482));
#14356=DIRECTION('',(0.667702442553219,-0.629320391049845,0.397654741726207));
#14357=DIRECTION('',(0.540694776904907,0.777145961456969,0.322014460574172));
#14358=DIRECTION('',(0.607526704583339,-0.70710678118655,0.36181667072995));
#14359=DIRECTION('',(0.607526704583338,0.707106781186549,0.361816670729952));
#14360=DIRECTION('',(0.540694776904901,-0.777145961456977,0.322014460574165));
#14361=DIRECTION('',(0.667702442553224,0.629320391049835,0.397654741726213));
#14362=DIRECTION('',(0.46793888410304,-0.83867056794543,0.278684192602473));
#14363=DIRECTION('',(0.720562692836775,0.544639035015025,0.429136024157515));
#14364=DIRECTION('',(0.390056154964439,-0.891006524188373,0.232300602298213));
#14365=DIRECTION('',(0.765528307470168,0.453990499739545,0.45591560250566));
#14366=DIRECTION('',(0.307899888967549,-0.933580426497206,0.183371877983146));
#14367=DIRECTION('',(0.802106633769821,0.358367949545296,0.477700074106281));
#14368=DIRECTION('',(0.222370207354938,-0.965925826289071,0.132434092999864));
#14369=DIRECTION('',(0.829896911938288,0.258819045102518,0.494250763729825));
#14370=DIRECTION('',(0.134404191216588,-0.98768834059514,0.0800453323800605));
#14371=DIRECTION('',(0.848594665872465,0.156434465040226,0.505386338557324));
#14372=DIRECTION('',(0.0449656146333853,-0.998629534754574,0.0267795783481386));
#14373=DIRECTION('',(0.857995039067493,0.0523359562429393,0.510984794900698));
#14374=DIRECTION('',(-0.0449656146334017,-0.998629534754573,-0.0267795783481532));
#14375=DIRECTION('',(0.857995039067492,-0.0523359562429491,0.510984794900698));
#14376=DIRECTION('',(-0.134404191216606,-0.987688340595136,-0.0800453323800763));
#14377=DIRECTION('',(0.848594665872464,-0.156434465040236,0.505386338557323));
#14378=DIRECTION('',(-0.222370207354956,-0.965925826289065,-0.13243409299988));
#14379=DIRECTION('',(0.829896911938286,-0.258819045102526,0.494250763729823));
#14380=DIRECTION('',(-0.307899888967567,-0.933580426497197,-0.183371877983162));
#14381=DIRECTION('',(0.802106633769819,-0.358367949545306,0.477700074106277));
#14382=DIRECTION('',(-0.390056154964454,-0.891006524188362,-0.232300602298226));
#14383=DIRECTION('',(0.765528307470165,-0.453990499739553,0.455915602505656));
#14384=DIRECTION('',(-0.467938884103055,-0.838670567945416,-0.278684192602487));
#14385=DIRECTION('',(0.720562692836771,-0.544639035015033,0.42913602415751));
#14386=DIRECTION('',(-0.540694776904913,-0.777145961456964,-0.322014460574176));
#14387=DIRECTION('',(0.66770244255322,-0.629320391049842,0.397654741726208));
#14388=DIRECTION('',(-0.607526704583348,-0.707106781186538,-0.361816670729958));
#14389=DIRECTION('',(0.607526704583337,-0.707106781186553,0.361816670729948));
#14390=DIRECTION('',(-0.66770244255323,-0.629320391049826,-0.397654741726217));
#14391=DIRECTION('',(0.540694776904902,-0.777145961456976,0.322014460574165));
#14392=DIRECTION('',(-0.72056269283678,-0.544639035015015,-0.429136024157518));
#14393=DIRECTION('',(0.467938884103042,-0.838670567945428,0.278684192602474));
#14394=DIRECTION('',(-0.765528307470172,-0.453990499739534,-0.455915602505663));
#14395=DIRECTION('',(0.390056154964441,-0.891006524188371,0.232300602298214));
#14396=DIRECTION('',(-0.802106633769824,-0.358367949545287,-0.477700074106282));
#14397=DIRECTION('',(0.307899888967553,-0.933580426497204,0.183371877983149));
#14398=DIRECTION('',(-0.82989691193829,-0.258819045102508,-0.494250763729826));
#14399=DIRECTION('',(0.22237020735494,-0.965925826289071,0.132434092999866));
#14400=DIRECTION('',(-0.848594665872466,-0.156434465040217,-0.505386338557325));
#14401=DIRECTION('',(0.13440419121659,-0.987688340595139,0.0800453323800617));
#14402=DIRECTION('',(-0.857995039067493,-0.0523359562429271,-0.510984794900699));
#14403=DIRECTION('',(0.0449656146333871,-0.998629534754574,0.0267795783481396));
#14404=DIRECTION('',(-0.857995039067492,0.0523359562429588,-0.510984794900698));
#14405=DIRECTION('',(-0.0449656146333985,-0.998629534754574,-0.0267795783481513));
#14406=DIRECTION('',(-0.848594665872463,0.156434465040245,-0.505386338557322));
#14407=DIRECTION('',(-0.134404191216604,-0.987688340595136,-0.0800453323800746));
#14408=DIRECTION('',(-0.829896911938284,0.258819045102535,-0.494250763729822));
#14409=DIRECTION('',(-0.222370207354953,-0.965925826289066,-0.132434092999878));
#14410=DIRECTION('',(-0.802106633769816,0.358367949545316,-0.477700074106275));
#14411=DIRECTION('',(-0.307899888967564,-0.933580426497198,-0.18337187798316));
#14412=DIRECTION('',(-0.765528307470161,0.453990499739561,-0.455915602505654));
#14413=DIRECTION('',(-0.390056154964453,-0.891006524188363,-0.232300602298225));
#14414=DIRECTION('',(-0.720562692836767,0.544639035015041,-0.429136024157507));
#14415=DIRECTION('',(-0.467938884103052,-0.838670567945419,-0.278684192602484));
#14416=DIRECTION('',(-0.667702442553215,0.629320391049849,-0.397654741726205));
#14417=DIRECTION('',(-0.540694776904912,-0.777145961456965,-0.322014460574175));
#14418=DIRECTION('center_axis',(0.511686042838979,2.10137976745537E-15,
-0.859172505125593));
#14419=DIRECTION('ref_axis',(1.20295595071116E-15,-1.,-1.72938960274244E-15));
#14420=DIRECTION('',(0.511686042838979,2.10137976745537E-15,-0.859172505125593));
#14421=DIRECTION('center_axis',(0.511686042838979,2.10137976745537E-15,
-0.859172505125593));
#14422=DIRECTION('ref_axis',(1.20295595071116E-15,-1.,-1.72938960274244E-15));
#14423=DIRECTION('',(0.511686042838979,2.10137976745537E-15,-0.859172505125593));
#14424=DIRECTION('center_axis',(0.511686042838979,2.10137976745537E-15,
-0.859172505125593));
#14425=DIRECTION('ref_axis',(1.20295595071116E-15,-1.,-1.72938960274244E-15));
#14426=DIRECTION('',(0.511686042838979,2.10137976745537E-15,-0.859172505125593));
#14427=DIRECTION('center_axis',(0.511686042838979,2.10137976745537E-15,
-0.859172505125593));
#14428=DIRECTION('ref_axis',(1.20295595071116E-15,-1.,-1.72938960274244E-15));
#14429=DIRECTION('',(0.511686042838979,2.10137976745537E-15,-0.859172505125593));
#14430=DIRECTION('center_axis',(0.511686042838979,2.10137976745537E-15,
-0.859172505125593));
#14431=DIRECTION('ref_axis',(1.20295595071116E-15,-1.,-1.72938960274244E-15));
#14432=DIRECTION('',(0.511686042838979,2.10137976745537E-15,-0.859172505125593));
#14433=DIRECTION('center_axis',(0.511686042838979,2.10137976745537E-15,
-0.859172505125593));
#14434=DIRECTION('ref_axis',(1.20295595071116E-15,-1.,-1.72938960274244E-15));
#14435=DIRECTION('',(0.511686042838979,2.10137976745537E-15,-0.859172505125593));
#14436=DIRECTION('center_axis',(-0.0468772968939174,0.998510440144325,-0.0279180937512987));
#14437=DIRECTION('ref_axis',(0.857892716252858,0.0545609835210728,0.510923855850857));
#14438=DIRECTION('',(0.511686042838979,2.10137976745537E-15,-0.859172505125593));
#14439=DIRECTION('',(0.857892716252858,0.0545609835210728,0.510923855850857));
#14440=DIRECTION('center_axis',(0.511686042838979,2.10137976745537E-15,
-0.859172505125593));
#14441=DIRECTION('ref_axis',(1.20295595071116E-15,-1.,-1.72938960274244E-15));
#14442=DIRECTION('',(0.511686042838979,2.10137976745537E-15,-0.859172505125593));
#14443=DIRECTION('center_axis',(0.511686042838979,2.10137976745537E-15,
-0.859172505125593));
#14444=DIRECTION('ref_axis',(-1.20295595071116E-15,1.,1.72938960274244E-15));
#14445=DIRECTION('center_axis',(-0.0468772968939152,-0.998510440144325,
-0.0279180937513022));
#14446=DIRECTION('ref_axis',(-0.857892716252858,0.0545609835210728,-0.510923855850856));
#14447=DIRECTION('',(-0.857892716252858,0.0545609835210727,-0.510923855850856));
#14448=DIRECTION('center_axis',(0.511686042838979,2.10137976745537E-15,
-0.859172505125593));
#14449=DIRECTION('ref_axis',(1.20295595071116E-15,-1.,-1.72938960274244E-15));
#14450=DIRECTION('center_axis',(0.511686042838979,2.10137976745537E-15,
-0.859172505125593));
#14451=DIRECTION('ref_axis',(1.20295595071116E-15,-1.,-1.72938960274244E-15));
#14452=DIRECTION('center_axis',(0.511686042838979,2.10137976745537E-15,
-0.859172505125593));
#14453=DIRECTION('ref_axis',(1.20295595071116E-15,-1.,-1.72938960274244E-15));
#14454=DIRECTION('center_axis',(0.511686042838979,2.10137976745537E-15,
-0.859172505125593));
#14455=DIRECTION('ref_axis',(1.20295595071116E-15,-1.,-1.72938960274244E-15));
#14456=DIRECTION('center_axis',(0.511686042838979,2.10137976745537E-15,
-0.859172505125593));
#14457=DIRECTION('ref_axis',(1.20295595071116E-15,-1.,-1.72938960274244E-15));
#14458=DIRECTION('center_axis',(0.511686042838979,2.10137976745537E-15,
-0.859172505125593));
#14459=DIRECTION('ref_axis',(1.20295595071116E-15,-1.,-1.72938960274244E-15));
#14460=DIRECTION('center_axis',(0.511686042838979,2.10137976745537E-15,
-0.859172505125593));
#14461=DIRECTION('ref_axis',(1.20295595071116E-15,-1.,-1.72938960274244E-15));
#14462=DIRECTION('center_axis',(0.511686042838979,2.10137976745537E-15,
-0.859172505125593));
#14463=DIRECTION('ref_axis',(1.20295595071116E-15,-1.,-1.72938960274244E-15));
#14464=DIRECTION('',(0.511686042838979,2.10137976745537E-15,-0.859172505125593));
#14465=DIRECTION('center_axis',(0.511686042838979,2.10137976745537E-15,
-0.859172505125593));
#14466=DIRECTION('ref_axis',(1.20295595071116E-15,-1.,-1.72938960274244E-15));
#14467=DIRECTION('',(0.511686042838979,2.10137976745537E-15,-0.859172505125593));
#14468=DIRECTION('center_axis',(0.511686042838979,2.10137976745537E-15,
-0.859172505125593));
#14469=DIRECTION('ref_axis',(1.20295595071116E-15,-1.,-1.72938960274244E-15));
#14470=DIRECTION('',(0.511686042838979,2.10137976745537E-15,-0.859172505125593));
#14471=DIRECTION('center_axis',(0.511686042838979,2.10137976745537E-15,
-0.859172505125593));
#14472=DIRECTION('ref_axis',(1.20295595071116E-15,-1.,-1.72938960274244E-15));
#14473=DIRECTION('',(0.511686042838979,2.10137976745537E-15,-0.859172505125593));
#14474=DIRECTION('center_axis',(0.511686042838979,2.10137976745537E-15,
-0.859172505125593));
#14475=DIRECTION('ref_axis',(1.20295595071116E-15,-1.,-1.72938960274244E-15));
#14476=DIRECTION('',(0.511686042838979,2.10137976745537E-15,-0.859172505125593));
#14477=DIRECTION('center_axis',(0.511686042838979,2.10137976745537E-15,
-0.859172505125593));
#14478=DIRECTION('ref_axis',(1.20295595071116E-15,-1.,-1.72938960274244E-15));
#14479=DIRECTION('',(0.511686042838979,2.10137976745537E-15,-0.859172505125593));
#14480=DIRECTION('center_axis',(0.511686042838979,2.10137976745537E-15,
-0.859172505125593));
#14481=DIRECTION('ref_axis',(1.20295595071116E-15,-1.,-1.72938960274244E-15));
#14482=DIRECTION('',(-0.540694776904912,-0.777145961456965,-0.322014460574175));
#14483=DIRECTION('',(-0.667702442553215,0.62932039104985,-0.397654741726204));
#14484=DIRECTION('',(-0.467938884103053,-0.838670567945418,-0.278684192602485));
#14485=DIRECTION('',(-0.720562692836767,0.544639035015041,-0.429136024157507));
#14486=DIRECTION('',(-0.390056154964452,-0.891006524188364,-0.232300602298225));
#14487=DIRECTION('',(-0.765528307470161,0.453990499739561,-0.455915602505654));
#14488=DIRECTION('',(-0.307899888967563,-0.933580426497199,-0.183371877983159));
#14489=DIRECTION('',(-0.802106633769816,0.358367949545316,-0.477700074106275));
#14490=DIRECTION('',(-0.222370207354954,-0.965925826289066,-0.132434092999879));
#14491=DIRECTION('',(-0.829896911938284,0.258819045102535,-0.494250763729822));
#14492=DIRECTION('',(-0.134404191216603,-0.987688340595136,-0.0800453323800744));
#14493=DIRECTION('',(-0.848594665872463,0.156434465040245,-0.505386338557322));
#14494=DIRECTION('',(-0.0449656146333984,-0.998629534754574,-0.0267795783481513));
#14495=DIRECTION('',(-0.857995039067492,0.0523359562429588,-0.510984794900698));
#14496=DIRECTION('',(0.0449656146333871,-0.998629534754574,0.0267795783481396));
#14497=DIRECTION('',(-0.857995039067493,-0.0523359562429271,-0.510984794900699));
#14498=DIRECTION('',(0.134404191216591,-0.987688340595139,0.080045332380062));
#14499=DIRECTION('',(-0.848594665872466,-0.156434465040216,-0.505386338557325));
#14500=DIRECTION('',(0.222370207354942,-0.96592582628907,0.132434092999867));
#14501=DIRECTION('',(-0.82989691193829,-0.258819045102508,-0.494250763729826));
#14502=DIRECTION('',(0.307899888967553,-0.933580426497204,0.183371877983148));
#14503=DIRECTION('',(-0.802106633769824,-0.358367949545287,-0.477700074106282));
#14504=DIRECTION('',(0.390056154964442,-0.891006524188371,0.232300602298214));
#14505=DIRECTION('',(-0.765528307470172,-0.453990499739534,-0.455915602505663));
#14506=DIRECTION('',(0.467938884103042,-0.838670567945428,0.278684192602474));
#14507=DIRECTION('',(-0.72056269283678,-0.544639035015015,-0.429136024157518));
#14508=DIRECTION('',(0.540694776904903,-0.777145961456975,0.322014460574166));
#14509=DIRECTION('',(-0.66770244255323,-0.629320391049827,-0.397654741726216));
#14510=DIRECTION('',(0.607526704583337,-0.707106781186553,0.361816670729948));
#14511=DIRECTION('',(-0.607526704583348,-0.707106781186538,-0.361816670729958));
#14512=DIRECTION('',(0.667702442553219,-0.629320391049844,0.397654741726207));
#14513=DIRECTION('',(-0.540694776904914,-0.777145961456963,-0.322014460574176));
#14514=DIRECTION('',(0.720562692836771,-0.544639035015032,0.42913602415751));
#14515=DIRECTION('',(-0.467938884103055,-0.838670567945416,-0.278684192602487));
#14516=DIRECTION('',(0.765528307470165,-0.453990499739552,0.455915602505656));
#14517=DIRECTION('',(-0.390056154964454,-0.891006524188362,-0.232300602298226));
#14518=DIRECTION('',(0.802106633769818,-0.358367949545307,0.477700074106277));
#14519=DIRECTION('',(-0.307899888967567,-0.933580426497197,-0.183371877983162));
#14520=DIRECTION('',(0.829896911938286,-0.258819045102526,0.494250763729823));
#14521=DIRECTION('',(-0.222370207354956,-0.965925826289065,-0.13243409299988));
#14522=DIRECTION('',(0.848594665872464,-0.156434465040236,0.505386338557323));
#14523=DIRECTION('',(-0.134404191216607,-0.987688340595136,-0.0800453323800764));
#14524=DIRECTION('',(0.857995039067492,-0.0523359562429492,0.510984794900698));
#14525=DIRECTION('',(-0.0449656146334017,-0.998629534754573,-0.0267795783481532));
#14526=DIRECTION('',(0.857995039067493,0.0523359562429395,0.510984794900698));
#14527=DIRECTION('',(0.0449656146333853,-0.998629534754574,0.0267795783481386));
#14528=DIRECTION('',(0.848594665872465,0.156434465040226,0.505386338557324));
#14529=DIRECTION('',(0.134404191216588,-0.98768834059514,0.0800453323800605));
#14530=DIRECTION('',(0.829896911938288,0.258819045102514,0.494250763729825));
#14531=DIRECTION('',(0.222370207354938,-0.965925826289071,0.132434092999864));
#14532=DIRECTION('',(0.802106633769821,0.358367949545297,0.47770007410628));
#14533=DIRECTION('',(0.307899888967549,-0.933580426497206,0.183371877983146));
#14534=DIRECTION('',(0.765528307470168,0.453990499739545,0.45591560250566));
#14535=DIRECTION('',(0.390056154964439,-0.891006524188373,0.232300602298213));
#14536=DIRECTION('',(0.720562692836775,0.544639035015025,0.429136024157515));
#14537=DIRECTION('',(0.46793888410304,-0.838670567945429,0.278684192602473));
#14538=DIRECTION('',(0.667702442553224,0.629320391049835,0.397654741726213));
#14539=DIRECTION('',(0.540694776904901,-0.777145961456977,0.322014460574165));
#14540=DIRECTION('',(0.607526704583337,0.70710678118655,0.361816670729952));
#14541=DIRECTION('',(0.607526704583339,-0.70710678118655,0.36181667072995));
#14542=DIRECTION('',(0.540694776904908,0.777145961456969,0.322014460574173));
#14543=DIRECTION('',(0.667702442553219,-0.629320391049845,0.397654741726207));
#14544=DIRECTION('',(0.467938884103048,0.838670567945422,0.278684192602482));
#14545=DIRECTION('',(0.72056269283677,-0.544639035015035,0.429136024157509));
#14546=DIRECTION('',(0.390056154964447,0.891006524188367,0.232300602298222));
#14547=DIRECTION('',(0.765528307470164,-0.453990499739555,0.455915602505656));
#14548=DIRECTION('',(0.307899888967558,0.933580426497201,0.183371877983156));
#14549=DIRECTION('',(0.802106633769818,-0.358367949545309,0.477700074106277));
#14550=DIRECTION('',(0.222370207354947,0.965925826289068,0.132434092999875));
#14551=DIRECTION('',(0.829896911938285,-0.258819045102531,0.494250763729822));
#14552=DIRECTION('',(0.134404191216598,0.987688340595137,0.0800453323800713));
#14553=DIRECTION('',(0.848594665872463,-0.156434465040239,0.505386338557322));
#14554=DIRECTION('',(0.0449656146333934,0.998629534754574,0.0267795783481483));
#14555=DIRECTION('',(0.857995039067492,-0.0523359562429527,0.510984794900698));
#14556=DIRECTION('',(-0.0449656146333923,0.998629534754574,-0.0267795783481427));
#14557=DIRECTION('',(0.857995039067493,0.0523359562429371,0.510984794900698));
#14558=DIRECTION('',(-0.134404191216597,0.987688340595138,-0.0800453323800657));
#14559=DIRECTION('',(0.848594665872465,0.156434465040224,0.505386338557324));
#14560=DIRECTION('',(-0.222370207354946,0.965925826289069,-0.132434092999869));
#14561=DIRECTION('',(0.829896911938288,0.258819045102513,0.494250763729825));
#14562=DIRECTION('',(-0.30789988896756,0.933580426497201,-0.183371877983153));
#14563=DIRECTION('',(0.802106633769822,0.358367949545293,0.477700074106281));
#14564=DIRECTION('',(-0.390056154964447,0.891006524188368,-0.232300602298217));
#14565=DIRECTION('',(0.76552830747017,0.453990499739541,0.455915602505661));
#14566=DIRECTION('',(-0.467938884103047,0.838670567945424,-0.278684192602478));
#14567=DIRECTION('',(0.720562692836776,0.544639035015022,0.429136024157515));
#14568=DIRECTION('',(-0.540694776904906,0.777145961456972,-0.322014460574168));
#14569=DIRECTION('',(0.667702442553226,0.629320391049833,0.397654741726214));
#14570=DIRECTION('',(-0.607526704583341,0.707106781186548,-0.361816670729951));
#14571=DIRECTION('',(0.607526704583343,0.707106781186543,0.361816670729955));
#14572=DIRECTION('',(-0.667702442553223,0.629320391049838,-0.397654741726209));
#14573=DIRECTION('',(0.54069477690491,0.777145961456967,0.322014460574174));
#14574=DIRECTION('',(-0.720562692836774,0.544639035015028,-0.429136024157512));
#14575=DIRECTION('',(0.467938884103049,0.838670567945421,0.278684192602483));
#14576=DIRECTION('',(-0.765528307470168,0.453990499739546,-0.455915602505658));
#14577=DIRECTION('',(0.390056154964449,0.891006524188366,0.232300602298223));
#14578=DIRECTION('',(-0.802106633769821,0.3583679495453,-0.477700074106279));
#14579=DIRECTION('',(0.307899888967561,0.9335804264972,0.183371877983158));
#14580=DIRECTION('',(-0.829896911938287,0.25881904510252,-0.494250763729824));
#14581=DIRECTION('',(0.222370207354949,0.965925826289067,0.132434092999876));
#14582=DIRECTION('',(-0.848594665872465,0.15643446504023,-0.505386338557323));
#14583=DIRECTION('',(0.134404191216599,0.987688340595137,0.0800453323800719));
#14584=DIRECTION('',(-0.857995039067493,0.0523359562429431,-0.510984794900698));
#14585=DIRECTION('',(0.0449656146333949,0.998629534754574,0.0267795783481492));
#14586=DIRECTION('',(-0.857995039067492,-0.0523359562429455,-0.510984794900698));
#14587=DIRECTION('',(-0.0449656146333905,0.998629534754574,-0.0267795783481417));
#14588=DIRECTION('',(-0.848594665872464,-0.156434465040234,-0.505386338557323));
#14589=DIRECTION('',(-0.134404191216595,0.987688340595138,-0.0800453323800647));
#14590=DIRECTION('',(-0.829896911938286,-0.258819045102522,-0.494250763729824));
#14591=DIRECTION('',(-0.222370207354943,0.96592582628907,-0.132434092999868));
#14592=DIRECTION('',(-0.80210663376982,-0.358367949545301,-0.47770007410628));
#14593=DIRECTION('',(-0.307899888967556,0.933580426497203,-0.18337187798315));
#14594=DIRECTION('',(-0.765528307470166,-0.45399049973955,-0.455915602505659));
#14595=DIRECTION('',(-0.390056154964444,0.89100652418837,-0.232300602298215));
#14596=DIRECTION('',(-0.720562692836771,-0.54463903501503,-0.429136024157513));
#14597=DIRECTION('',(-0.467938884103045,0.838670567945426,-0.278684192602476));
#14598=DIRECTION('',(-0.66770244255322,-0.629320391049841,-0.397654741726211));
#14599=DIRECTION('',(-0.540694776904905,0.777145961456973,-0.322014460574167));
#14600=DIRECTION('',(-0.607526704583337,-0.70710678118655,-0.361816670729952));
#14601=DIRECTION('',(-0.607526704583339,0.70710678118655,-0.36181667072995));
#14602=DIRECTION('center_axis',(-0.511686042838979,-2.10137976745537E-15,
0.859172505125593));
#14603=DIRECTION('ref_axis',(-1.20295595071116E-15,1.,1.72938960274244E-15));
#14604=DIRECTION('center_axis',(0.511686042838979,2.10137976745537E-15,
-0.859172505125593));
#14605=DIRECTION('ref_axis',(1.20295595071116E-15,-1.,-1.72938960274244E-15));
#14606=DIRECTION('center_axis',(-0.511686042838979,-2.10137976745537E-15,
0.859172505125593));
#14607=DIRECTION('ref_axis',(-1.20295595071116E-15,1.,1.72938960274244E-15));
#14608=DIRECTION('',(-0.511686042838979,-2.10137976745537E-15,0.859172505125593));
#14609=DIRECTION('',(-0.511686042838979,-2.10137976745537E-15,0.859172505125593));
#14610=DIRECTION('center_axis',(-0.511686042838979,-2.10137976745537E-15,
0.859172505125593));
#14611=DIRECTION('ref_axis',(-1.20295595071116E-15,1.,1.72938960274244E-15));
#14612=DIRECTION('center_axis',(0.511686042838979,2.10137976745537E-15,
-0.859172505125593));
#14613=DIRECTION('ref_axis',(1.20295595071116E-15,-1.,-1.72938960274244E-15));
#14614=DIRECTION('center_axis',(-0.511686042838979,-2.10137976745537E-15,
0.859172505125593));
#14615=DIRECTION('ref_axis',(-1.20295595071116E-15,1.,1.72938960274244E-15));
#14616=DIRECTION('center_axis',(0.511686042838979,2.10137976745537E-15,
-0.859172505125593));
#14617=DIRECTION('ref_axis',(1.20295595071116E-15,-1.,-1.72938960274244E-15));
#14618=DIRECTION('',(0.511686042838979,2.10137976745537E-15,-0.859172505125593));
#14619=DIRECTION('center_axis',(0.511686042838979,2.10137976745537E-15,
-0.859172505125593));
#14620=DIRECTION('ref_axis',(1.20295595071116E-15,-1.,-1.72938960274244E-15));
#14621=DIRECTION('',(0.511686042838979,2.10137976745537E-15,-0.859172505125593));
#14622=DIRECTION('center_axis',(0.607526704583342,0.707106781186545,0.361816670729954));
#14623=DIRECTION('ref_axis',(0.607526704583339,-0.70710678118655,0.36181667072995));
#14624=DIRECTION('',(-0.511686042838979,-2.10137976745537E-15,0.859172505125593));
#14625=DIRECTION('center_axis',(-0.607526704583343,0.707106781186545,-0.361816670729952));
#14626=DIRECTION('ref_axis',(0.607526704583338,0.70710678118655,0.361816670729952));
#14627=DIRECTION('center_axis',(0.667702442553224,0.629320391049835,0.397654741726213));
#14628=DIRECTION('ref_axis',(0.540694776904905,-0.777145961456973,0.322014460574167));
#14629=DIRECTION('',(-0.511686042838979,-2.10137976745537E-15,0.859172505125593));
#14630=DIRECTION('center_axis',(-0.54069477690491,0.777145961456969,-0.32201446057417));
#14631=DIRECTION('ref_axis',(0.667702442553221,0.62932039104984,0.397654741726211));
#14632=DIRECTION('center_axis',(0.720562692836775,0.544639035015024,0.429136024157515));
#14633=DIRECTION('ref_axis',(0.467938884103045,-0.838670567945426,0.278684192602476));
#14634=DIRECTION('',(-0.511686042838979,-2.10137976745537E-15,0.859172505125593));
#14635=DIRECTION('center_axis',(-0.467938884103049,0.838670567945422,-0.278684192602479));
#14636=DIRECTION('ref_axis',(0.720562692836772,0.54463903501503,0.429136024157513));
#14637=DIRECTION('center_axis',(0.765528307470168,0.453990499739543,0.45591560250566));
#14638=DIRECTION('ref_axis',(0.390056154964444,-0.89100652418837,0.232300602298216));
#14639=DIRECTION('',(-0.511686042838979,-2.10137976745537E-15,0.859172505125593));
#14640=DIRECTION('center_axis',(-0.390056154964449,0.891006524188367,-0.232300602298219));
#14641=DIRECTION('ref_axis',(0.765528307470166,0.453990499739549,0.455915602505659));
#14642=DIRECTION('center_axis',(0.802106633769821,0.358367949545296,0.477700074106281));
#14643=DIRECTION('ref_axis',(0.307899888967555,-0.933580426497203,0.18337187798315));
#14644=DIRECTION('',(-0.511686042838979,-2.10137976745537E-15,0.859172505125593));
#14645=DIRECTION('center_axis',(-0.307899888967561,0.933580426497201,-0.183371877983153));
#14646=DIRECTION('ref_axis',(0.802106633769819,0.358367949545303,0.477700074106279));
#14647=DIRECTION('center_axis',(0.829896911938288,0.258819045102517,0.494250763729825));
#14648=DIRECTION('ref_axis',(0.222370207354944,-0.965925826289069,0.132434092999868));
#14649=DIRECTION('',(-0.511686042838979,-2.10137976745537E-15,0.859172505125593));
#14650=DIRECTION('center_axis',(-0.222370207354949,0.965925826289068,-0.132434092999871));
#14651=DIRECTION('ref_axis',(0.829896911938286,0.258819045102523,0.494250763729824));
#14652=DIRECTION('center_axis',(0.848594665872465,0.156434465040227,0.505386338557324));
#14653=DIRECTION('ref_axis',(0.134404191216594,-0.987688340595138,0.0800453323800643));
#14654=DIRECTION('',(-0.511686042838979,-2.10137976745537E-15,0.859172505125593));
#14655=DIRECTION('center_axis',(-0.1344041912166,0.987688340595137,-0.0800453323800676));
#14656=DIRECTION('ref_axis',(0.848594665872464,0.156434465040233,0.505386338557323));
#14657=DIRECTION('center_axis',(0.857995039067493,0.0523359562429392,0.510984794900698));
#14658=DIRECTION('ref_axis',(0.0449656146333905,-0.998629534754574,0.0267795783481417));
#14659=DIRECTION('',(-0.511686042838979,-2.10137976745537E-15,0.859172505125593));
#14660=DIRECTION('center_axis',(-0.0449656146333961,0.998629534754574,-0.026779578348145));
#14661=DIRECTION('ref_axis',(0.857995039067492,0.0523359562429457,0.510984794900698));
#14662=DIRECTION('center_axis',(0.857995039067493,-0.0523359562429488,0.510984794900698));
#14663=DIRECTION('ref_axis',(-0.0449656146333967,-0.998629534754574,-0.0267795783481502));
#14664=DIRECTION('',(-0.511686042838979,-2.10137976745537E-15,0.859172505125593));
#14665=DIRECTION('center_axis',(0.044965614633391,0.998629534754574,0.0267795783481468));
#14666=DIRECTION('ref_axis',(0.857995039067493,-0.0523359562429422,0.510984794900698));
#14667=DIRECTION('center_axis',(0.848594665872464,-0.156434465040236,0.505386338557323));
#14668=DIRECTION('ref_axis',(-0.134404191216601,-0.987688340595137,-0.0800453323800727));
#14669=DIRECTION('',(-0.511686042838979,-2.10137976745537E-15,0.859172505125593));
#14670=DIRECTION('center_axis',(0.134404191216595,0.987688340595138,0.0800453323800694));
#14671=DIRECTION('ref_axis',(0.848594665872465,-0.15643446504023,0.505386338557323));
#14672=DIRECTION('center_axis',(0.829896911938286,-0.258819045102526,0.494250763729823));
#14673=DIRECTION('ref_axis',(-0.22237020735495,-0.965925826289067,-0.132434092999876));
#14674=DIRECTION('',(-0.511686042838979,-2.10137976745537E-15,0.859172505125593));
#14675=DIRECTION('center_axis',(0.222370207354945,0.965925826289069,0.132434092999873));
#14676=DIRECTION('ref_axis',(0.829896911938288,-0.25881904510252,0.494250763729824));
#14677=DIRECTION('center_axis',(0.802106633769819,-0.358367949545306,0.477700074106277));
#14678=DIRECTION('ref_axis',(-0.307899888967561,-0.9335804264972,-0.183371877983158));
#14679=DIRECTION('',(-0.511686042838979,-2.10137976745537E-15,0.859172505125593));
#14680=DIRECTION('center_axis',(0.307899888967556,0.933580426497202,0.183371877983155));
#14681=DIRECTION('ref_axis',(0.802106633769821,-0.358367949545299,0.477700074106279));
#14682=DIRECTION('center_axis',(0.765528307470165,-0.453990499739552,0.455915602505656));
#14683=DIRECTION('ref_axis',(-0.39005615496445,-0.891006524188365,-0.232300602298223));
#14684=DIRECTION('',(-0.511686042838979,-2.10137976745537E-15,0.859172505125593));
#14685=DIRECTION('center_axis',(0.390056154964445,0.891006524188368,0.23230060229822));
#14686=DIRECTION('ref_axis',(0.765528307470168,-0.453990499739546,0.455915602505658));
#14687=DIRECTION('center_axis',(0.720562692836772,-0.544639035015032,0.42913602415751));
#14688=DIRECTION('ref_axis',(-0.46793888410305,-0.838670567945421,-0.278684192602483));
#14689=DIRECTION('',(-0.511686042838979,-2.10137976745537E-15,0.859172505125593));
#14690=DIRECTION('center_axis',(0.467938884103045,0.838670567945424,0.278684192602481));
#14691=DIRECTION('ref_axis',(0.720562692836774,-0.544639035015027,0.429136024157512));
#14692=DIRECTION('center_axis',(0.66770244255322,-0.629320391049842,0.397654741726208));
#14693=DIRECTION('ref_axis',(-0.54069477690491,-0.777145961456967,-0.322014460574174));
#14694=DIRECTION('',(-0.511686042838979,-2.10137976745537E-15,0.859172505125593));
#14695=DIRECTION('center_axis',(0.540694776904906,0.777145961456971,0.322014460574171));
#14696=DIRECTION('ref_axis',(0.667702442553224,-0.629320391049837,0.39765474172621));
#14697=DIRECTION('center_axis',(0.607526704583337,-0.707106781186552,0.361816670729948));
#14698=DIRECTION('ref_axis',(-0.607526704583344,-0.707106781186543,-0.361816670729956));
#14699=DIRECTION('',(-0.511686042838979,-2.10137976745537E-15,0.859172505125593));
#14700=DIRECTION('center_axis',(0.60752670458334,0.707106781186548,0.361816670729953));
#14701=DIRECTION('ref_axis',(0.607526704583341,-0.707106781186548,0.361816670729951));
#14702=DIRECTION('center_axis',(0.540694776904903,-0.777145961456975,0.322014460574166));
#14703=DIRECTION('ref_axis',(-0.667702442553226,-0.629320391049832,-0.397654741726214));
#14704=DIRECTION('',(-0.511686042838979,-2.10137976745537E-15,0.859172505125593));
#14705=DIRECTION('center_axis',(0.667702442553223,0.629320391049837,0.397654741726212));
#14706=DIRECTION('ref_axis',(0.540694776904907,-0.777145961456971,0.322014460574168));
#14707=DIRECTION('center_axis',(0.467938884103042,-0.838670567945428,0.278684192602475));
#14708=DIRECTION('ref_axis',(-0.720562692836776,-0.544639035015021,-0.429136024157516));
#14709=DIRECTION('',(-0.511686042838979,-2.10137976745537E-15,0.859172505125593));
#14710=DIRECTION('center_axis',(0.720562692836773,0.544639035015027,0.429136024157514));
#14711=DIRECTION('ref_axis',(0.467938884103047,-0.838670567945424,0.278684192602477));
#14712=DIRECTION('center_axis',(0.390056154964442,-0.891006524188371,0.232300602298214));
#14713=DIRECTION('ref_axis',(-0.76552830747017,-0.45399049973954,-0.455915602505661));
#14714=DIRECTION('',(-0.511686042838979,-2.10137976745537E-15,0.859172505125593));
#14715=DIRECTION('center_axis',(0.765528307470167,0.453990499739546,0.45591560250566));
#14716=DIRECTION('ref_axis',(0.390056154964447,-0.891006524188368,0.232300602298217));
#14717=DIRECTION('center_axis',(0.307899888967553,-0.933580426497204,0.183371877983148));
#14718=DIRECTION('ref_axis',(-0.802106633769822,-0.358367949545293,-0.477700074106281));
#14719=DIRECTION('',(-0.511686042838979,-2.10137976745537E-15,0.859172505125593));
#14720=DIRECTION('center_axis',(0.80210663376982,0.3583679495453,0.47770007410628));
#14721=DIRECTION('ref_axis',(0.307899888967558,-0.933580426497202,0.183371877983151));
#14722=DIRECTION('center_axis',(0.222370207354941,-0.96592582628907,0.132434092999866));
#14723=DIRECTION('ref_axis',(-0.829896911938289,-0.258819045102513,-0.494250763729826));
#14724=DIRECTION('',(-0.511686042838979,-2.10137976745537E-15,0.859172505125593));
#14725=DIRECTION('center_axis',(0.829896911938287,0.25881904510252,0.494250763729825));
#14726=DIRECTION('ref_axis',(0.222370207354947,-0.965925826289069,0.13243409299987));
#14727=DIRECTION('center_axis',(0.134404191216591,-0.987688340595139,0.0800453323800625));
#14728=DIRECTION('ref_axis',(-0.848594665872465,-0.156434465040223,-0.505386338557324));
#14729=DIRECTION('',(-0.511686042838979,-2.10137976745537E-15,0.859172505125593));
#14730=DIRECTION('center_axis',(0.848594665872464,0.15643446504023,0.505386338557324));
#14731=DIRECTION('ref_axis',(0.134404191216597,-0.987688340595138,0.0800453323800658));
#14732=DIRECTION('center_axis',(0.0449656146333876,-0.998629534754574,0.0267795783481399));
#14733=DIRECTION('ref_axis',(-0.857995039067493,-0.0523359562429358,-0.510984794900698));
#14734=DIRECTION('',(-0.511686042838979,-2.10137976745537E-15,0.859172505125593));
#14735=DIRECTION('center_axis',(0.857995039067493,0.0523359562429423,0.510984794900698));
#14736=DIRECTION('ref_axis',(0.0449656146333932,-0.998629534754574,0.0267795783481433));
#14737=DIRECTION('center_axis',(-0.0449656146333995,-0.998629534754574,
-0.0267795783481519));
#14738=DIRECTION('ref_axis',(-0.857995039067492,0.0523359562429521,-0.510984794900698));
#14739=DIRECTION('',(-0.511686042838979,-2.10137976745537E-15,0.859172505125593));
#14740=DIRECTION('center_axis',(0.857995039067493,-0.0523359562429455,0.510984794900698));
#14741=DIRECTION('ref_axis',(-0.0449656146333938,-0.998629534754574,-0.0267795783481485));
#14742=DIRECTION('center_axis',(-0.134404191216603,-0.987688340595136,-0.0800453323800742));
#14743=DIRECTION('ref_axis',(-0.848594665872463,0.156434465040239,-0.505386338557322));
#14744=DIRECTION('',(-0.511686042838979,-2.10137976745537E-15,0.859172505125593));
#14745=DIRECTION('center_axis',(0.848594665872464,-0.156434465040233,0.505386338557323));
#14746=DIRECTION('ref_axis',(-0.134404191216597,-0.987688340595138,-0.0800453323800709));
#14747=DIRECTION('center_axis',(-0.222370207354953,-0.965925826289066,-0.132434092999878));
#14748=DIRECTION('ref_axis',(-0.829896911938285,0.25881904510253,-0.494250763729822));
#14749=DIRECTION('',(-0.511686042838979,-2.10137976745537E-15,0.859172505125593));
#14750=DIRECTION('center_axis',(0.829896911938287,-0.258819045102523,0.494250763729823));
#14751=DIRECTION('ref_axis',(-0.222370207354947,-0.965925826289068,-0.132434092999875));
#14752=DIRECTION('center_axis',(-0.307899888967564,-0.933580426497198,-0.183371877983159));
#14753=DIRECTION('ref_axis',(-0.802106633769818,0.358367949545309,-0.477700074106277));
#14754=DIRECTION('',(-0.511686042838979,-2.10137976745537E-15,0.859172505125593));
#14755=DIRECTION('center_axis',(0.80210663376982,-0.358367949545303,0.477700074106278));
#14756=DIRECTION('ref_axis',(-0.307899888967559,-0.933580426497201,-0.183371877983156));
#14757=DIRECTION('center_axis',(-0.390056154964452,-0.891006524188364,-0.232300602298225));
#14758=DIRECTION('ref_axis',(-0.765528307470164,0.453990499739555,-0.455915602505656));
#14759=DIRECTION('',(-0.511686042838979,-2.10137976745537E-15,0.859172505125593));
#14760=DIRECTION('center_axis',(0.765528307470167,-0.453990499739549,0.455915602505657));
#14761=DIRECTION('ref_axis',(-0.390056154964447,-0.891006524188367,-0.232300602298222));
#14762=DIRECTION('center_axis',(-0.467938884103052,-0.838670567945419,-0.278684192602485));
#14763=DIRECTION('ref_axis',(-0.72056269283677,0.544639035015035,-0.429136024157509));
#14764=DIRECTION('',(-0.511686042838979,-2.10137976745537E-15,0.859172505125593));
#14765=DIRECTION('center_axis',(0.720562692836773,-0.54463903501503,0.429136024157511));
#14766=DIRECTION('ref_axis',(-0.467938884103047,-0.838670567945423,-0.278684192602482));
#14767=DIRECTION('center_axis',(-0.540694776904912,-0.777145961456965,-0.322014460574175));
#14768=DIRECTION('ref_axis',(-0.667702442553219,0.629320391049845,-0.397654741726207));
#14769=DIRECTION('',(-0.511686042838979,-2.10137976745537E-15,0.859172505125593));
#14770=DIRECTION('center_axis',(0.667702442553222,-0.62932039104984,0.397654741726209));
#14771=DIRECTION('ref_axis',(-0.540694776904908,-0.777145961456969,-0.322014460574172));
#14772=DIRECTION('center_axis',(-0.607526704583342,-0.707106781186545,-0.361816670729954));
#14773=DIRECTION('ref_axis',(-0.607526704583339,0.70710678118655,-0.36181667072995));
#14774=DIRECTION('',(-0.511686042838979,-2.10137976745537E-15,0.859172505125593));
#14775=DIRECTION('center_axis',(0.607526704583343,-0.707106781186545,0.361816670729952));
#14776=DIRECTION('ref_axis',(-0.607526704583338,-0.70710678118655,-0.361816670729952));
#14777=DIRECTION('center_axis',(-0.667702442553228,-0.62932039104983,-0.397654741726215));
#14778=DIRECTION('ref_axis',(-0.5406947769049,0.777145961456977,-0.322014460574164));
#14779=DIRECTION('',(-0.511686042838979,-2.10137976745537E-15,0.859172505125593));
#14780=DIRECTION('center_axis',(0.540694776904905,-0.777145961456973,0.322014460574167));
#14781=DIRECTION('ref_axis',(-0.667702442553224,-0.629320391049835,-0.397654741726213));
#14782=DIRECTION('center_axis',(-0.720562692836778,-0.544639035015018,-0.429136024157517));
#14783=DIRECTION('ref_axis',(-0.46793888410304,0.83867056794543,-0.278684192602473));
#14784=DIRECTION('',(-0.511686042838979,-2.10137976745537E-15,0.859172505125593));
#14785=DIRECTION('center_axis',(0.467938884103044,-0.838670567945426,0.278684192602476));
#14786=DIRECTION('ref_axis',(-0.720562692836775,-0.544639035015024,-0.429136024157515));
#14787=DIRECTION('center_axis',(-0.765528307470171,-0.453990499739537,-0.455915602505662));
#14788=DIRECTION('ref_axis',(-0.390056154964439,0.891006524188373,-0.232300602298213));
#14789=DIRECTION('',(-0.511686042838979,-2.10137976745537E-15,0.859172505125593));
#14790=DIRECTION('center_axis',(0.390056154964444,-0.89100652418837,0.232300602298216));
#14791=DIRECTION('ref_axis',(-0.765528307470168,-0.453990499739543,-0.45591560250566));
#14792=DIRECTION('center_axis',(-0.802106633769823,-0.35836794954529,-0.477700074106282));
#14793=DIRECTION('ref_axis',(-0.30789988896755,0.933580426497206,-0.183371877983147));
#14794=DIRECTION('',(-0.511686042838979,-2.10137976745537E-15,0.859172505125593));
#14795=DIRECTION('center_axis',(0.307899888967555,-0.933580426497203,0.18337187798315));
#14796=DIRECTION('ref_axis',(-0.802106633769821,-0.358367949545297,-0.477700074106281));
#14797=DIRECTION('center_axis',(-0.829896911938289,-0.25881904510251,-0.494250763729826));
#14798=DIRECTION('ref_axis',(-0.222370207354938,0.965925826289071,-0.132434092999865));
#14799=DIRECTION('',(-0.511686042838979,-2.10137976745537E-15,0.859172505125593));
#14800=DIRECTION('center_axis',(0.222370207354944,-0.96592582628907,0.132434092999868));
#14801=DIRECTION('ref_axis',(-0.829896911938288,-0.258819045102516,-0.494250763729825));
#14802=DIRECTION('center_axis',(-0.848594665872466,-0.15643446504022,-0.505386338557325));
#14803=DIRECTION('ref_axis',(-0.134404191216588,0.987688340595139,-0.0800453323800607));
#14804=DIRECTION('',(-0.511686042838979,-2.10137976745537E-15,0.859172505125593));
#14805=DIRECTION('center_axis',(0.134404191216594,-0.987688340595139,0.0800453323800641));
#14806=DIRECTION('ref_axis',(-0.848594665872465,-0.156434465040226,-0.505386338557324));
#14807=DIRECTION('center_axis',(-0.857995039067493,-0.0523359562429323,
-0.510984794900699));
#14808=DIRECTION('ref_axis',(-0.0449656146333846,0.998629534754574,-0.0267795783481382));
#14809=DIRECTION('',(-0.511686042838979,-2.10137976745537E-15,0.859172505125593));
#14810=DIRECTION('center_axis',(0.0449656146333903,-0.998629534754574,0.0267795783481415));
#14811=DIRECTION('ref_axis',(-0.857995039067493,-0.0523359562429389,-0.510984794900698));
#14812=DIRECTION('center_axis',(-0.857995039067492,0.0523359562429555,-0.510984794900698));
#14813=DIRECTION('ref_axis',(0.0449656146334024,0.998629534754573,0.0267795783481536));
#14814=DIRECTION('',(-0.511686042838979,-2.10137976745537E-15,0.859172505125593));
#14815=DIRECTION('center_axis',(-0.0449656146333968,-0.998629534754574,
-0.0267795783481503));
#14816=DIRECTION('ref_axis',(-0.857995039067492,0.052335956242949,-0.510984794900698));
#14817=DIRECTION('center_axis',(-0.848594665872463,0.156434465040243,-0.505386338557322));
#14818=DIRECTION('ref_axis',(0.134404191216606,0.987688340595136,0.080045332380076));
#14819=DIRECTION('',(-0.511686042838979,-2.10137976745537E-15,0.859172505125593));
#14820=DIRECTION('center_axis',(-0.134404191216601,-0.987688340595137,-0.0800453323800727));
#14821=DIRECTION('ref_axis',(-0.848594665872464,0.156434465040236,-0.505386338557323));
#14822=DIRECTION('center_axis',(-0.829896911938285,0.258819045102533,-0.494250763729822));
#14823=DIRECTION('ref_axis',(0.222370207354956,0.965925826289065,0.13243409299988));
#14824=DIRECTION('',(-0.511686042838979,-2.10137976745537E-15,0.859172505125593));
#14825=DIRECTION('center_axis',(-0.22237020735495,-0.965925826289067,-0.132434092999877));
#14826=DIRECTION('ref_axis',(-0.829896911938286,0.258819045102526,-0.494250763729823));
#14827=DIRECTION('center_axis',(-0.802106633769817,0.358367949545312,-0.477700074106276));
#14828=DIRECTION('ref_axis',(0.307899888967566,0.933580426497197,0.183371877983161));
#14829=DIRECTION('',(-0.511686042838979,-2.10137976745537E-15,0.859172505125593));
#14830=DIRECTION('center_axis',(-0.307899888967561,-0.9335804264972,-0.183371877983158));
#14831=DIRECTION('ref_axis',(-0.802106633769819,0.358367949545305,-0.477700074106277));
#14832=DIRECTION('center_axis',(-0.765528307470163,0.453990499739558,-0.455915602505655));
#14833=DIRECTION('ref_axis',(0.390056154964455,0.891006524188362,0.232300602298226));
#14834=DIRECTION('',(-0.511686042838979,-2.10137976745537E-15,0.859172505125593));
#14835=DIRECTION('center_axis',(-0.39005615496445,-0.891006524188365,-0.232300602298223));
#14836=DIRECTION('ref_axis',(-0.765528307470165,0.453990499739552,-0.455915602505656));
#14837=DIRECTION('center_axis',(-0.720562692836768,0.544639035015038,-0.429136024157508));
#14838=DIRECTION('ref_axis',(0.467938884103055,0.838670567945417,0.278684192602486));
#14839=DIRECTION('',(-0.511686042838979,-2.10137976745537E-15,0.859172505125593));
#14840=DIRECTION('center_axis',(-0.46793888410305,-0.83867056794542,-0.278684192602484));
#14841=DIRECTION('ref_axis',(-0.720562692836771,0.544639035015033,-0.42913602415751));
#14842=DIRECTION('center_axis',(-0.667702442553217,0.629320391049848,-0.397654741726205));
#14843=DIRECTION('ref_axis',(0.540694776904914,0.777145961456963,0.322014460574176));
#14844=DIRECTION('',(-0.511686042838979,-2.10137976745537E-15,0.859172505125593));
#14845=DIRECTION('center_axis',(-0.54069477690491,-0.777145961456967,-0.322014460574174));
#14846=DIRECTION('ref_axis',(-0.66770244255322,0.629320391049842,-0.397654741726208));
#14847=DIRECTION('center_axis',(-0.607526704583333,0.707106781186557,-0.361816670729946));
#14848=DIRECTION('ref_axis',(0.607526704583348,0.707106781186538,0.361816670729958));
#14849=DIRECTION('',(-0.511686042838979,-2.10137976745537E-15,0.859172505125593));
#14850=DIRECTION('center_axis',(-0.607526704583344,-0.707106781186543,-0.361816670729956));
#14851=DIRECTION('ref_axis',(-0.607526704583337,0.707106781186553,-0.361816670729948));
#14852=DIRECTION('center_axis',(-0.540694776904899,0.777145961456979,-0.322014460574163));
#14853=DIRECTION('ref_axis',(0.66770244255323,0.629320391049827,0.397654741726216));
#14854=DIRECTION('',(-0.511686042838979,-2.10137976745537E-15,0.859172505125593));
#14855=DIRECTION('center_axis',(-0.667702442553226,-0.629320391049832,-0.397654741726214));
#14856=DIRECTION('ref_axis',(-0.540694776904903,0.777145961456975,-0.322014460574166));
#14857=DIRECTION('center_axis',(-0.467938884103037,0.838670567945432,-0.278684192602472));
#14858=DIRECTION('ref_axis',(0.72056269283678,0.544639035015015,0.429136024157518));
#14859=DIRECTION('',(-0.511686042838979,-2.10137976745537E-15,0.859172505125593));
#14860=DIRECTION('center_axis',(-0.720562692836777,-0.544639035015021,-0.429136024157516));
#14861=DIRECTION('ref_axis',(-0.467938884103042,0.838670567945428,-0.278684192602474));
#14862=DIRECTION('center_axis',(-0.390056154964437,0.891006524188374,-0.232300602298211));
#14863=DIRECTION('ref_axis',(0.765528307470172,0.453990499739535,0.455915602505663));
#14864=DIRECTION('',(-0.511686042838979,-2.10137976745537E-15,0.859172505125593));
#14865=DIRECTION('center_axis',(-0.765528307470169,-0.453990499739541,-0.455915602505661));
#14866=DIRECTION('ref_axis',(-0.390056154964442,0.891006524188371,-0.232300602298214));
#14867=DIRECTION('center_axis',(-0.307899888967547,0.933580426497207,-0.183371877983145));
#14868=DIRECTION('ref_axis',(0.802106633769824,0.358367949545287,0.477700074106282));
#14869=DIRECTION('',(-0.511686042838979,-2.10137976745537E-15,0.859172505125593));
#14870=DIRECTION('center_axis',(-0.802106633769822,-0.358367949545293,-0.477700074106281));
#14871=DIRECTION('ref_axis',(-0.307899888967553,0.933580426497205,-0.183371877983148));
#14872=DIRECTION('center_axis',(-0.222370207354935,0.965925826289072,-0.132434092999863));
#14873=DIRECTION('ref_axis',(0.82989691193829,0.258819045102506,0.494250763729826));
#14874=DIRECTION('',(-0.511686042838979,-2.10137976745537E-15,0.859172505125593));
#14875=DIRECTION('center_axis',(-0.829896911938289,-0.258819045102513,-0.494250763729826));
#14876=DIRECTION('ref_axis',(-0.222370207354941,0.96592582628907,-0.132434092999866));
#14877=DIRECTION('center_axis',(-0.134404191216586,0.98768834059514,-0.0800453323800592));
#14878=DIRECTION('ref_axis',(0.848594665872466,0.156434465040217,0.505386338557325));
#14879=DIRECTION('',(-0.511686042838979,-2.10137976745537E-15,0.859172505125593));
#14880=DIRECTION('center_axis',(-0.848594665872465,-0.156434465040223,-0.505386338557324));
#14881=DIRECTION('ref_axis',(-0.134404191216591,0.987688340595139,-0.0800453323800625));
#14882=DIRECTION('center_axis',(-0.0449656146333816,0.998629534754575,-0.0267795783481363));
#14883=DIRECTION('ref_axis',(0.857995039067493,0.0523359562429287,0.510984794900699));
#14884=DIRECTION('',(-0.511686042838979,-2.10137976745537E-15,0.859172505125593));
#14885=DIRECTION('center_axis',(-0.857995039067493,-0.0523359562429353,
-0.510984794900699));
#14886=DIRECTION('ref_axis',(-0.0449656146333872,0.998629534754574,-0.0267795783481397));
#14887=DIRECTION('center_axis',(0.0449656146334051,0.998629534754573,0.0267795783481553));
#14888=DIRECTION('ref_axis',(0.857995039067492,-0.0523359562429586,0.510984794900698));
#14889=DIRECTION('',(-0.511686042838979,-2.10137976745537E-15,0.859172505125593));
#14890=DIRECTION('center_axis',(-0.857995039067492,0.052335956242952,-0.510984794900698));
#14891=DIRECTION('ref_axis',(0.0449656146333994,0.998629534754574,0.0267795783481518));
#14892=DIRECTION('center_axis',(0.134404191216609,0.987688340595135,0.0800453323800778));
#14893=DIRECTION('ref_axis',(0.848594665872462,-0.156434465040246,0.505386338557322));
#14894=DIRECTION('',(-0.511686042838979,-2.10137976745537E-15,0.859172505125593));
#14895=DIRECTION('center_axis',(-0.848594665872463,0.156434465040239,-0.505386338557322));
#14896=DIRECTION('ref_axis',(0.134404191216603,0.987688340595136,0.0800453323800745));
#14897=DIRECTION('center_axis',(0.222370207354959,0.965925826289064,0.132434092999882));
#14898=DIRECTION('ref_axis',(0.829896911938284,-0.258819045102536,0.494250763729821));
#14899=DIRECTION('',(-0.511686042838979,-2.10137976745537E-15,0.859172505125593));
#14900=DIRECTION('center_axis',(-0.829896911938285,0.25881904510253,-0.494250763729822));
#14901=DIRECTION('ref_axis',(0.222370207354953,0.965925826289066,0.132434092999878));
#14902=DIRECTION('center_axis',(0.307899888967569,0.933580426497196,0.183371877983163));
#14903=DIRECTION('ref_axis',(0.802106633769816,-0.358367949545315,0.477700074106276));
#14904=DIRECTION('',(-0.511686042838979,-2.10137976745537E-15,0.859172505125593));
#14905=DIRECTION('center_axis',(-0.802106633769818,0.358367949545309,-0.477700074106277));
#14906=DIRECTION('ref_axis',(0.307899888967564,0.933580426497199,0.183371877983159));
#14907=DIRECTION('center_axis',(0.390056154964458,0.891006524188361,0.232300602298228));
#14908=DIRECTION('ref_axis',(0.765528307470161,-0.453990499739561,0.455915602505654));
#14909=DIRECTION('',(-0.511686042838979,-2.10137976745537E-15,0.859172505125593));
#14910=DIRECTION('center_axis',(-0.765528307470164,0.453990499739556,-0.455915602505656));
#14911=DIRECTION('ref_axis',(0.390056154964453,0.891006524188364,0.232300602298225));
#14912=DIRECTION('center_axis',(0.467938884103057,0.838670567945415,0.278684192602487));
#14913=DIRECTION('ref_axis',(0.720562692836767,-0.54463903501504,0.429136024157507));
#14914=DIRECTION('',(-0.511686042838979,-2.10137976745537E-15,0.859172505125593));
#14915=DIRECTION('center_axis',(-0.72056269283677,0.544639035015035,-0.429136024157509));
#14916=DIRECTION('ref_axis',(0.467938884103052,0.838670567945419,0.278684192602485));
#14917=DIRECTION('center_axis',(0.540694776904917,0.77714596145696,0.322014460574178));
#14918=DIRECTION('ref_axis',(0.667702442553215,-0.62932039104985,0.397654741726204));
#14919=DIRECTION('',(-0.511686042838979,-2.10137976745537E-15,0.859172505125593));
#14920=DIRECTION('center_axis',(-0.667702442553218,0.629320391049845,-0.397654741726206));
#14921=DIRECTION('ref_axis',(0.540694776904912,0.777145961456965,0.322014460574175));
#14922=DIRECTION('',(-0.859172505125585,-1.1433457032246E-15,-0.511686042838972));
#14923=DIRECTION('',(0.511686042838977,2.0709977710724E-16,-0.859172505125594));
#14924=CARTESIAN_POINT('',(0.,0.,0.));
#14925=CARTESIAN_POINT('',(0.,0.,0.));
#14926=CARTESIAN_POINT('Origin',(-36.8633310696428,-5.00000000000002,-54.0636200585063));
#14927=CARTESIAN_POINT('',(-14.8294212493082,-5.00000000000005,-28.1861131527956));
#14928=CARTESIAN_POINT('Origin',(-15.7504561264183,-5.00000000000005,-26.6396026435695));
#14929=CARTESIAN_POINT('',(-17.2891491538037,-5.00000000000004,-25.8059817660263));
#14930=CARTESIAN_POINT('Origin',(-15.7504561264183,-5.00000000000004,-26.6396026435695));
#14931=CARTESIAN_POINT('Origin',(-36.8633310696428,-5.00000000000002,-54.0636200585063));
#14932=CARTESIAN_POINT('',(-32.6411878623599,-5.00000000000013,-61.5588421752707));
#14933=CARTESIAN_POINT('Origin',(-34.0901154323673,-5.00000000000013,-60.4908492460466));
#14934=CARTESIAN_POINT('',(-35.6288084597526,-5.00000000000001,-59.6572283685035));
#14935=CARTESIAN_POINT('Origin',(-34.0901154323673,-5.00000000000001,-60.4908492460466));
#14936=CARTESIAN_POINT('Origin',(-36.8633310696428,-5.00000000000002,-54.0636200585063));
#14937=CARTESIAN_POINT('',(-15.9931233977391,-5.00000000000003,-32.3357057118497));
#14938=CARTESIAN_POINT('',(-20.5106225427041,-5.00000000000004,-30.1777036597357));
#14939=CARTESIAN_POINT('',(-15.7434417187093,-5.00000000000004,-32.4549782470359));
#14940=CARTESIAN_POINT('',(-29.8293058015956,-5.00000000000001,-57.8744583558463));
#14941=CARTESIAN_POINT('',(-15.6149999646605,-5.00000000000003,-31.6377674696073));
#14942=CARTESIAN_POINT('',(-31.1234684067449,-5.00000000000013,-56.4660504404706));
#14943=CARTESIAN_POINT('Origin',(-34.0901154323673,-5.00000000000013,-60.4908492460466));
#14944=CARTESIAN_POINT('',(-33.7171600483571,-5.00000000000002,-54.5542610652328));
#14945=CARTESIAN_POINT('',(-48.5910952229448,-5.00000000000017,-43.5908023492697));
#14946=CARTESIAN_POINT('',(-34.2255715941251,-5.00000000000002,-55.4926844200088));
#14947=CARTESIAN_POINT('Origin',(-36.8633310696428,-9.00000000000002,-54.0636200585063));
#14948=CARTESIAN_POINT('',(-35.674810082239,-9.00000000000001,-56.8181468531664));
#14949=CARTESIAN_POINT('',(-34.2255715941251,-9.00000000000002,-55.4926844200088));
#14950=CARTESIAN_POINT('Origin',(-36.8633310696428,-9.00000000000002,-54.0636200585063));
#14951=CARTESIAN_POINT('',(-30.148075943059,-9.,-59.8123769439336));
#14952=CARTESIAN_POINT('Origin',(-34.0901154323673,-9.00000000000001,-60.4908492460466));
#14953=CARTESIAN_POINT('',(-29.8293058015956,-9.00000000000001,-57.8744583558463));
#14954=CARTESIAN_POINT('Origin',(-27.1915463260779,-9.,-59.3035227173488));
#14955=CARTESIAN_POINT('',(-15.6149999646605,-9.00000000000003,-31.6377674696073));
#14956=CARTESIAN_POINT('',(-15.6149999646605,-9.00000000000003,-31.6377674696073));
#14957=CARTESIAN_POINT('',(-14.1657614765466,-9.00000000000003,-30.3123050364497));
#14958=CARTESIAN_POINT('Origin',(-12.9772404891428,-9.00000000000002,-33.0668318311098));
#14959=CARTESIAN_POINT('',(-19.6924956157266,-9.00000000000004,-27.3180749456825));
#14960=CARTESIAN_POINT('Origin',(-15.7504561264183,-9.00000000000004,-26.6396026435695));
#14961=CARTESIAN_POINT('',(-20.01126575719,-9.00000000000004,-29.2559935337698));
#14962=CARTESIAN_POINT('Origin',(-22.6490252327077,-9.00000000000005,-27.8269291722673));
#14963=CARTESIAN_POINT('',(-34.2255715941251,-9.00000000000002,-55.4926844200088));
#14964=CARTESIAN_POINT('',(-35.6288084597526,-9.00000000000001,-59.6572283685035));
#14965=CARTESIAN_POINT('Origin',(-34.0901154323673,-9.00000000000001,-60.4908492460466));
#14966=CARTESIAN_POINT('',(-17.2891491538037,-9.00000000000004,-25.8059817660264));
#14967=CARTESIAN_POINT('Origin',(-15.7504561264183,-9.00000000000004,-26.6396026435695));
#14968=CARTESIAN_POINT('Origin',(-36.8633310696428,-5.00000000000002,-54.0636200585063));
#14969=CARTESIAN_POINT('',(-34.2255715941251,-5.00000000000002,-55.4926844200088));
#14970=CARTESIAN_POINT('',(-34.2255715941251,-5.00000000000002,-55.4926844200088));
#14971=CARTESIAN_POINT('',(-35.674810082239,-5.00000000000002,-56.8181468531664));
#14972=CARTESIAN_POINT('Origin',(-36.8633310696428,-5.00000000000014,-54.0636200585063));
#14973=CARTESIAN_POINT('',(-35.674810082239,-5.00000000000002,-56.8181468531664));
#14974=CARTESIAN_POINT('Origin',(-34.2255715941251,-5.00000000000002,-55.4926844200088));
#14975=CARTESIAN_POINT('',(-20.01126575719,-5.00000000000004,-29.2559935337698));
#14976=CARTESIAN_POINT('',(-20.01126575719,-5.00000000000004,-29.2559935337698));
#14977=CARTESIAN_POINT('',(-21.9836079493997,-5.00000000000005,-32.8965323692595));
#14978=CARTESIAN_POINT('',(-33.1983403525561,-5.00000000000014,-53.5966264019169));
#14979=CARTESIAN_POINT('Origin',(-22.6490252327077,-5.00000000000005,-27.8269291722673));
#14980=CARTESIAN_POINT('',(-19.6924956157266,-5.00000000000004,-27.3180749456825));
#14981=CARTESIAN_POINT('',(-19.6924956157266,-5.00000000000004,-27.3180749456825));
#14982=CARTESIAN_POINT('Origin',(-22.6490252327077,-5.00000000000007,-27.8269291722673));
#14983=CARTESIAN_POINT('Origin',(-15.7504561264183,-5.00000000000004,-26.6396026435695));
#14984=CARTESIAN_POINT('',(-14.1657614765466,-5.00000000000003,-30.3123050364497));
#14985=CARTESIAN_POINT('',(-14.1657614765466,-5.00000000000003,-30.3123050364497));
#14986=CARTESIAN_POINT('Origin',(-15.7504561264183,-5.00000000000006,-26.6396026435695));
#14987=CARTESIAN_POINT('Origin',(-12.9772404891428,-5.00000000000002,-33.0668318311098));
#14988=CARTESIAN_POINT('',(-15.6149999646605,-5.00000000000003,-31.6377674696073));
#14989=CARTESIAN_POINT('',(-15.6149999646605,-5.00000000000003,-31.6377674696073));
#14990=CARTESIAN_POINT('Origin',(-12.9772404891428,-5.00000000000005,-33.0668318311098));
#14991=CARTESIAN_POINT('Origin',(-29.8293058015956,-5.00000000000001,-57.8744583558463));
#14992=CARTESIAN_POINT('',(-29.8293058015956,-5.00000000000001,-57.8744583558463));
#14993=CARTESIAN_POINT('',(-17.5873421568702,-5.00000000000004,-35.2783063050971));
#14994=CARTESIAN_POINT('Origin',(-27.1915463260779,-5.,-59.3035227173488));
#14995=CARTESIAN_POINT('',(-30.148075943059,-5.,-59.8123769439336));
#14996=CARTESIAN_POINT('',(-30.148075943059,-5.,-59.8123769439336));
#14997=CARTESIAN_POINT('Origin',(-27.1915463260779,-5.00000000000012,-59.3035227173488));
#14998=CARTESIAN_POINT('Origin',(-34.0901154323673,-5.00000000000001,-60.4908492460466));
#14999=CARTESIAN_POINT('Origin',(-34.0901154323673,-5.00000000000012,-60.4908492460466));
#15000=CARTESIAN_POINT('Origin',(-34.0901154323673,-5.00000000000001,-60.4908492460466));
#15001=CARTESIAN_POINT('',(-35.6288084597526,-5.00000000000001,-59.6572283685035));
#15002=CARTESIAN_POINT('Origin',(-15.7504561264183,-5.00000000000004,-26.6396026435695));
#15003=CARTESIAN_POINT('',(-17.2891491538037,-5.00000000000004,-25.8059817660263));
#15004=CARTESIAN_POINT('Origin',(6.59504341455613,-5.00000000000005,-19.1511411332225));
#15005=CARTESIAN_POINT('',(-15.7434417187093,-5.00000000000004,-32.4549782470359));
#15006=CARTESIAN_POINT('',(-15.7434417187093,-5.00000000000004,-32.4549782470359));
#15007=CARTESIAN_POINT('',(-1.9966816366998,-5.00000000000004,-24.2680015616123));
#15008=CARTESIAN_POINT('',(-1.9966816366998,-5.00000000000004,-24.2680015616123));
#15009=CARTESIAN_POINT('',(-1.98261532693669,-4.99999999999998,-23.9916521138397));
#15010=CARTESIAN_POINT('',(-1.08024722802855,-5.00000000000008,-6.26355355633859));
#15011=CARTESIAN_POINT('',(-2.77640063846659,-4.99999999999998,-23.9916521138371));
#15012=CARTESIAN_POINT('',(16.8291943691146,-5.00000000000003,-23.9916521139016));
#15013=CARTESIAN_POINT('',(-4.63216936086393,-4.99999999999998,-24.6345092566881));
#15014=CARTESIAN_POINT('Origin',(-2.77640063847647,-5.00000000000004,-26.991652113837));
#15015=CARTESIAN_POINT('',(-4.63216936084323,-4.99999999999999,-18.3487949709738));
#15016=CARTESIAN_POINT('Origin',(-7.10652765738055,-5.00000000000005,-21.4916521138228));
#15017=CARTESIAN_POINT('',(-2.77640063845012,-4.99999999999999,-18.991652113837));
#15018=CARTESIAN_POINT('Origin',(-2.77640063844024,-5.00000000000006,-15.991652113837));
#15019=CARTESIAN_POINT('',(-1.72811310381864,-4.99999999999999,-18.9916521138405));
#15020=CARTESIAN_POINT('',(16.8291943691311,-5.00000000000004,-18.9916521139016));
#15021=CARTESIAN_POINT('',(-1.08024722802855,-5.00000000000008,-6.26355355633859));
#15022=CARTESIAN_POINT('',(-1.08024722802855,-5.00000000000008,-6.26355355633859));
#15023=CARTESIAN_POINT('',(-22.0593749844267,-5.00000000000016,28.9625191538107));
#15024=CARTESIAN_POINT('',(-1.08024722802855,-5.00000000000008,-6.26355355633859));
#15025=CARTESIAN_POINT('',(-59.8200065846965,-5.00000000000015,6.47391757103762));
#15026=CARTESIAN_POINT('',(-61.9679378475105,-5.00000000000015,5.19470246394016));
#15027=CARTESIAN_POINT('',(-47.027855513722,-5.0000000000001,-15.0053950571022));
#15028=CARTESIAN_POINT('',(-45.4927973852051,-5.0000000000001,-17.582912572479));
#15029=CARTESIAN_POINT('',(-45.6379096645755,-5.00000000000011,-9.52196086524392));
#15030=CARTESIAN_POINT('Origin',(-43.5911654932196,-5.0000000000001,-12.9586508857463));
#15031=CARTESIAN_POINT('',(-19.0035620056822,-5.00000000000012,6.34030646276441));
#15032=CARTESIAN_POINT('',(-15.6098306104363,-5.00000000000012,8.36146633197871));
#15033=CARTESIAN_POINT('',(-8.7698411489026,-5.00000000000007,-10.8431436397474));
#15034=CARTESIAN_POINT('',(-17.9801899200042,-5.00000000000011,4.62196145251323));
#15035=CARTESIAN_POINT('',(-32.0104574125499,-5.00000000000007,-24.6842510985418));
#15036=CARTESIAN_POINT('',(-32.0104574125499,-5.00000000000007,-24.6842510985418));
#15037=CARTESIAN_POINT('',(-15.7434417187093,-5.00000000000004,-32.4549782470359));
#15038=CARTESIAN_POINT('',(-10.1063425538311,-5.0000000000001,1.79999999999999));
#15039=CARTESIAN_POINT('Origin',(-10.1063425547398,-5.0000000000001,-2.88657986402541E-14));
#15040=CARTESIAN_POINT('Origin',(-52.6158940285208,-5.00000000000018,-40.6241553236473));
#15041=CARTESIAN_POINT('',(-48.5910952229448,-5.00000000000017,-43.5908023492697));
#15042=CARTESIAN_POINT('',(-48.5910952229448,-5.00000000000017,-43.5908023492697));
#15043=CARTESIAN_POINT('',(-54.5243892741895,-5.00000000000016,-51.6403999604217));
#15044=CARTESIAN_POINT('Origin',(-51.5577422485672,-5.00000000000017,-47.6156011548457));
#15045=CARTESIAN_POINT('',(-47.5252844695367,-5.00000000000015,-56.7993841615638));
#15046=CARTESIAN_POINT('',(-54.5243892741895,-5.00000000000016,-51.6403999604217));
#15047=CARTESIAN_POINT('',(-11.9015508629203,-5.00000000000005,-92.8372498883269));
#15048=CARTESIAN_POINT('Ctrl Pts',(-11.9015508629203,-5.00000000000005,
-92.837249888327));
#15049=CARTESIAN_POINT('Ctrl Pts',(-31.4060681095331,-5.00000000000007,
-89.2578923737417));
#15050=CARTESIAN_POINT('Ctrl Pts',(-33.5477266304299,-5.00000000000012,
-67.1021303091233));
#15051=CARTESIAN_POINT('Ctrl Pts',(-47.5252844695367,-5.00000000000015,
-56.7993841615638));
#15052=CARTESIAN_POINT('',(-11.8742077613141,-5.00000000000005,-92.8323356761713));
#15053=CARTESIAN_POINT('Origin',(-11.8944206541524,-5.00000000000005,-92.7983961892153));
#15054=CARTESIAN_POINT('',(-8.39554497755618,-5.00000000000005,-90.7605943396087));
#15055=CARTESIAN_POINT('',(-11.8742077613141,-5.00000000000005,-92.8323356761713));
#15056=CARTESIAN_POINT('',(-24.3758674321161,-5.00000000000011,-63.9280202078584));
#15057=CARTESIAN_POINT('',(-8.39554497755617,-5.00000000000005,-90.7605943396087));
#15058=CARTESIAN_POINT('',(-26.1006906866474,-5.00000000000011,-64.9496567650112));
#15059=CARTESIAN_POINT('',(-24.3758674321161,-5.00000000000011,-63.9280202078584));
#15060=CARTESIAN_POINT('',(-29.6634945392815,-5.00000000000013,-58.1659777509104));
#15061=CARTESIAN_POINT('',(-29.6634945392815,-5.00000000000013,-58.1659777509104));
#15062=CARTESIAN_POINT('Origin',(-34.0901154323673,-5.00000000000013,-60.4908492460466));
#15063=CARTESIAN_POINT('',(-49.8767082043153,-5.00000000000017,-48.2591262453171));
#15064=CARTESIAN_POINT('Origin',(-51.5577422485672,-5.00000000000017,-47.6156011548457));
#15065=CARTESIAN_POINT('Origin',(22.7504622824822,-5.00000000000001,4.26079198559883));
#15066=CARTESIAN_POINT('',(25.9960493513043,-4.99999999999997,-18.9916521139318));
#15067=CARTESIAN_POINT('',(27.0633453237055,-4.99999999999996,-18.9916521139353));
#15068=CARTESIAN_POINT('',(-2.77640063845012,-4.99999999999999,-18.991652113837));
#15069=CARTESIAN_POINT('',(28.9191140461028,-4.99999999999996,-18.3487949710843));
#15070=CARTESIAN_POINT('Origin',(27.0633453237154,-4.99999999999997,-15.9916521139353));
#15071=CARTESIAN_POINT('',(28.9191140460821,-4.99999999999995,-24.6345092567986));
#15072=CARTESIAN_POINT('Origin',(31.3934723426194,-4.99999999999996,-21.4916521139496));
#15073=CARTESIAN_POINT('',(27.063345323689,-4.99999999999996,-23.9916521139353));
#15074=CARTESIAN_POINT('Origin',(27.0633453236791,-4.99999999999995,-26.9916521139353));
#15075=CARTESIAN_POINT('',(27.2406796840123,-4.99999999999995,-24.276308849459));
#15076=CARTESIAN_POINT('Origin',(31.3934723426195,-4.99999999999996,-21.4916521139496));
#15077=CARTESIAN_POINT('',(31.5080922125294,-4.99999999999994,-30.6403533629859));
#15078=CARTESIAN_POINT('',(27.2406796840123,-4.99999999999995,-24.276308849459));
#15079=CARTESIAN_POINT('',(29.7881872284971,-4.99999999999994,-31.6702481926573));
#15080=CARTESIAN_POINT('',(31.5080922125294,-4.99999999999994,-30.6403533629859));
#15081=CARTESIAN_POINT('',(45.7685096830564,-4.99999999999987,-58.502822324408));
#15082=CARTESIAN_POINT('',(29.7881872284971,-4.99999999999994,-31.6702481926573));
#15083=CARTESIAN_POINT('',(49.2471724668144,-4.99999999999987,-56.4310809878454));
#15084=CARTESIAN_POINT('',(45.7685096830564,-4.99999999999987,-58.502822324408));
#15085=CARTESIAN_POINT('',(49.2645183207198,-4.99999999999987,-56.4093803878802));
#15086=CARTESIAN_POINT('Origin',(49.2269595739761,-4.99999999999987,-56.3971415008893));
#15087=CARTESIAN_POINT('',(34.5476470947914,-4.99999999999998,-7.92029023829272));
#15088=CARTESIAN_POINT('Ctrl Pts',(49.2645183207198,-4.99999999999987,-56.4093803878802));
#15089=CARTESIAN_POINT('Ctrl Pts',(55.408427082355,-4.99999999999991,-37.5549279065872));
#15090=CARTESIAN_POINT('Ctrl Pts',(36.9480925968023,-4.99999999999994,-25.1178645648803));
#15091=CARTESIAN_POINT('Ctrl Pts',(34.5476470947914,-4.99999999999998,-7.92029023829272));
#15092=CARTESIAN_POINT('',(33.3456510208117,-5.,0.691201589043886));
#15093=CARTESIAN_POINT('',(33.3456510208117,-5.,0.691201589043886));
#15094=CARTESIAN_POINT('',(23.4416638715261,-5.,-0.691201589043932));
#15095=CARTESIAN_POINT('Origin',(28.3936574461689,-5.,-2.33146835171283E-14));
#15096=CARTESIAN_POINT('',(23.4416638715261,-5.,-0.691201589043932));
#15097=CARTESIAN_POINT('',(28.3936574461689,-5.,1.79999999999999));
#15098=CARTESIAN_POINT('Origin',(28.3936574461689,-5.,-2.33146835171283E-14));
#15099=CARTESIAN_POINT('Origin',(31.3934723426195,-4.99999999999996,-21.4916521139496));
#15100=CARTESIAN_POINT('',(27.2406796840122,4.57756726417343E-14,-24.276308849459));
#15101=CARTESIAN_POINT('',(27.2406796840122,4.57756726417343E-14,-24.276308849459));
#15102=CARTESIAN_POINT('',(26.4414787679767,-4.99999999999996,-22.1828537029935));
#15103=CARTESIAN_POINT('Origin',(31.3934723426195,-4.99999999999996,-21.4916521139496));
#15104=CARTESIAN_POINT('',(26.4414787679767,4.11361877347513E-14,-22.1828537029935));
#15105=CARTESIAN_POINT('',(26.4414787679767,-4.99999999999996,-22.1828537029935));
#15106=CARTESIAN_POINT('',(27.063345323689,-1.30529666644328E-14,-23.9916521139353));
#15107=CARTESIAN_POINT('Origin',(31.3934723426195,-2.05391259555654E-14,
-21.4916521139496));
#15108=CARTESIAN_POINT('Origin',(31.3934723426195,4.39026543487126E-14,
-21.4916521139496));
#15109=CARTESIAN_POINT('Origin',(32.6544494317677,-5.00000000000001,5.64319516368665));
#15110=CARTESIAN_POINT('',(34.5476470947914,2.06948793851106E-14,-7.92029023829271));
#15111=CARTESIAN_POINT('',(34.5476470947914,2.06948793851106E-14,-7.92029023829271));
#15112=CARTESIAN_POINT('',(33.3456510208117,3.32887119195707E-15,0.691201589043896));
#15113=CARTESIAN_POINT('',(33.3456510208117,3.32887119195707E-15,0.691201589043896));
#15114=CARTESIAN_POINT('',(33.3456510208117,-5.,0.691201589043886));
#15115=CARTESIAN_POINT('Origin',(28.3936574461689,-5.,-2.33146835171283E-14));
#15116=CARTESIAN_POINT('',(25.3936574461689,0.,3.99999999999999));
#15117=CARTESIAN_POINT('Origin',(28.3936574461689,5.62404577995776E-16,
-1.33226762955019E-14));
#15118=CARTESIAN_POINT('',(23.4416638715261,-2.20406203596552E-15,-0.691201589043923));
#15119=CARTESIAN_POINT('Origin',(28.3936574461689,0.,-1.38067687416026E-14));
#15120=CARTESIAN_POINT('',(23.4416638715261,-5.,-0.691201589043932));
#15121=CARTESIAN_POINT('Origin',(22.7504622824822,-5.00000000000001,4.26079198559883));
#15122=CARTESIAN_POINT('',(23.9035075078325,0.,-4.00000000000001));
#15123=CARTESIAN_POINT('',(23.0960630770042,0.,1.78479519827746));
#15124=CARTESIAN_POINT('',(25.9960493513042,-1.30529666644441E-14,-18.9916521139318));
#15125=CARTESIAN_POINT('',(23.4416638715261,-2.20406203596552E-15,-0.691201589043923));
#15126=CARTESIAN_POINT('',(24.9311061680502,-1.27675647831893E-14,-11.3620518866982));
#15127=CARTESIAN_POINT('',(24.9311061680502,-4.99999999999998,-11.3620518866982));
#15128=CARTESIAN_POINT('Origin',(31.3934723426195,-4.99999999999996,-21.4916521139496));
#15129=CARTESIAN_POINT('',(31.6423049146753,-4.99999999999995,-23.274369800821));
#15130=CARTESIAN_POINT('Origin',(31.3934723426195,-4.99999999999996,-21.4916521139496));
#15131=CARTESIAN_POINT('',(31.6423049146753,4.74976981084955E-14,-23.274369800821));
#15132=CARTESIAN_POINT('',(31.6423049146753,-4.99999999999995,-23.274369800821));
#15133=CARTESIAN_POINT('Origin',(31.3934723426195,-2.05391259555654E-14,
-21.4916521139496));
#15134=CARTESIAN_POINT('Origin',(22.7504622824822,-1.21902947020293E-14,
4.26079198559884));
#15135=CARTESIAN_POINT('',(27.0633453237055,-1.30529666644438E-14,-18.9916521139353));
#15136=CARTESIAN_POINT('',(-2.77640063845014,-1.30529666644521E-14,-18.991652113837));
#15137=CARTESIAN_POINT('',(28.3936574461689,0.,-4.00000000000001));
#15138=CARTESIAN_POINT('',(28.3936574461689,0.,-4.00000000000001));
#15139=CARTESIAN_POINT('',(28.3936574461689,0.,3.99999999999999));
#15140=CARTESIAN_POINT('Origin',(28.3936574461689,0.,-6.93889390390723E-15));
#15141=CARTESIAN_POINT('',(1.30569506276041,0.,3.99999999999999));
#15142=CARTESIAN_POINT('',(49.2645183207198,1.25028800551789E-13,-56.4093803878802));
#15143=CARTESIAN_POINT('Ctrl Pts',(49.2645183207198,1.25028800551789E-13,
-56.4093803878802));
#15144=CARTESIAN_POINT('Ctrl Pts',(55.408427082355,9.42385735086718E-14,
-37.5549279065872));
#15145=CARTESIAN_POINT('Ctrl Pts',(36.9480925968023,5.537565510272E-14,
-25.1178645648803));
#15146=CARTESIAN_POINT('Ctrl Pts',(34.5476470947914,2.06948793851106E-14,
-7.92029023829271));
#15147=CARTESIAN_POINT('',(49.2471724668144,1.25055771654316E-13,-56.4310809878453));
#15148=CARTESIAN_POINT('Origin',(49.2269595739761,1.24974575843647E-13,
-56.3971415008893));
#15149=CARTESIAN_POINT('',(45.7685096830564,1.26128659791843E-13,-58.502822324408));
#15150=CARTESIAN_POINT('',(49.2471724668144,1.25055771654316E-13,-56.4310809878453));
#15151=CARTESIAN_POINT('',(29.7881872284971,6.19352142106124E-14,-31.6702481926573));
#15152=CARTESIAN_POINT('',(45.7685096830564,1.26128659791843E-13,-58.502822324408));
#15153=CARTESIAN_POINT('',(31.5080922125294,6.13941247612546E-14,-30.6403533629859));
#15154=CARTESIAN_POINT('',(29.7881872284971,6.19352142106124E-14,-31.6702481926573));
#15155=CARTESIAN_POINT('',(27.2406796840122,4.57756726417343E-14,-24.276308849459));
#15156=CARTESIAN_POINT('',(28.9191140460821,-1.30529666644308E-14,-24.6345092567986));
#15157=CARTESIAN_POINT('Origin',(27.0633453236791,-1.30529666644262E-14,
-26.9916521139353));
#15158=CARTESIAN_POINT('',(28.9191140461028,-1.30529666644447E-14,-18.3487949710843));
#15159=CARTESIAN_POINT('Origin',(31.3934723426194,-1.30529666644371E-14,
-21.4916521139496));
#15160=CARTESIAN_POINT('Origin',(27.0633453237154,-1.30529666644504E-14,
-15.9916521139353));
#15161=CARTESIAN_POINT('Origin',(12.6476997646666,-7.63368411211623E-15,
-2.5136193576159));
#15162=CARTESIAN_POINT('',(31.5080922125294,-4.99999999999994,-30.6403533629859));
#15163=CARTESIAN_POINT('Ctrl Pts',(49.2645183207198,1.25028800551789E-13,
-56.4093803878802));
#15164=CARTESIAN_POINT('Ctrl Pts',(49.2645183207198,-5.99999999999987,-56.4093803878802));
#15165=CARTESIAN_POINT('Ctrl Pts',(55.408427082355,9.42385735086718E-14,
-37.5549279065872));
#15166=CARTESIAN_POINT('Ctrl Pts',(55.408427082355,-5.99999999999991,-37.5549279065872));
#15167=CARTESIAN_POINT('Ctrl Pts',(36.9480925968023,5.537565510272E-14,
-25.1178645648803));
#15168=CARTESIAN_POINT('Ctrl Pts',(36.9480925968023,-5.99999999999994,-25.1178645648803));
#15169=CARTESIAN_POINT('Ctrl Pts',(34.5476470947914,2.06948793851106E-14,
-7.92029023829271));
#15170=CARTESIAN_POINT('Ctrl Pts',(34.5476470947914,-5.99999999999998,-7.92029023829272));
#15171=CARTESIAN_POINT('',(49.2645183207198,1.25028800551789E-13,-56.4093803878802));
#15172=CARTESIAN_POINT('Origin',(33.2199605934425,35.4415596144361,-29.6152709247413));
#15173=CARTESIAN_POINT('',(29.7881872284971,6.19352142106124E-14,-31.6702481926573));
#15174=CARTESIAN_POINT('Origin',(29.7881872284971,31.2575296606422,-31.6702481926572));
#15175=CARTESIAN_POINT('',(45.7685096830564,1.26128659791843E-13,-58.502822324408));
#15176=CARTESIAN_POINT('Origin',(49.2269595739761,4.07487122940478,-56.3971415008893));
#15177=CARTESIAN_POINT('',(49.2471724668144,1.25055771654316E-13,-56.4310809878453));
#15178=CARTESIAN_POINT('Origin',(45.7685096830564,4.07487122940478,-58.5028223244079));
#15179=CARTESIAN_POINT('Origin',(27.0633453236791,-1.30529666644262E-14,
-26.9916521139353));
#15180=CARTESIAN_POINT('',(31.3934723426137,-1.30529666644332E-14,-23.2416521139496));
#15181=CARTESIAN_POINT('Origin',(31.3934723426194,-1.30529666644371E-14,
-21.4916521139496));
#15182=CARTESIAN_POINT('Origin',(27.0633453236791,-4.99999999999995,-26.9916521139353));
#15183=CARTESIAN_POINT('',(27.063345323689,-4.99999999999996,-23.9916521139353));
#15184=CARTESIAN_POINT('',(-1.08024722802855,-5.00000000000008,-6.26355355633859));
#15185=CARTESIAN_POINT('',(-2.77640063845012,-4.99999999999999,-18.991652113837));
#15186=CARTESIAN_POINT('Origin',(-34.0901154323673,-1.28785870856518E-13,
-60.4908492460466));
#15187=CARTESIAN_POINT('',(-29.6634945392816,-1.28785870856518E-13,-58.1659777509104));
#15188=CARTESIAN_POINT('',(-29.6634945392815,-5.00000000000013,-58.1659777509104));
#15189=CARTESIAN_POINT('',(-29.8293058015956,-1.18662778671924E-13,-57.8744583558463));
#15190=CARTESIAN_POINT('Origin',(-34.0901154323673,-1.28785870856518E-13,
-60.4908492460466));
#15191=CARTESIAN_POINT('',(-31.1234684067449,-1.33226762955019E-13,-56.4660504404706));
#15192=CARTESIAN_POINT('Origin',(-34.0901154323673,-1.18220207093607E-13,
-60.4908492460466));
#15193=CARTESIAN_POINT('',(-31.1234684067449,-1.33226762955019E-13,-56.4660504404706));
#15194=CARTESIAN_POINT('Origin',(-58.5491880797655,-1.72084568816899E-13,
-48.6737529347993));
#15195=CARTESIAN_POINT('',(-47.5252844695367,-1.46549439250521E-13,-56.7993841615638));
#15196=CARTESIAN_POINT('',(-47.5252844695367,-5.00000000000015,-56.7993841615638));
#15197=CARTESIAN_POINT('',(-54.5243892741895,-1.63202784619898E-13,-51.6403999604217));
#15198=CARTESIAN_POINT('',(-54.5243892741895,-1.63202784619898E-13,-51.6403999604217));
#15199=CARTESIAN_POINT('',(-54.5243892741895,-1.63202784619898E-13,-51.6403999604217));
#15200=CARTESIAN_POINT('Origin',(-51.5577422485672,-1.68753899743024E-13,
-47.6156011548457));
#15201=CARTESIAN_POINT('',(-48.5910952229448,-1.73194791841524E-13,-43.5908023492697));
#15202=CARTESIAN_POINT('',(-48.5910952229448,-1.73194791841524E-13,-43.5908023492697));
#15203=CARTESIAN_POINT('',(-53.6456905210883,-1.73188240105744E-13,-43.072422530658));
#15204=CARTESIAN_POINT('Origin',(-51.5577422485672,-4.55050592002318E-14,
-47.6156011548457));
#15205=CARTESIAN_POINT('Origin',(-51.5577422485672,-1.68753899743024E-13,
-47.6156011548457));
#15206=CARTESIAN_POINT('Origin',(-52.6158940285209,-1.82076576038526E-13,
-40.6241553236473));
#15207=CARTESIAN_POINT('',(-33.7171600483571,-1.28791353417657E-13,-54.5542610652328));
#15208=CARTESIAN_POINT('',(-44.3029904842938,-1.53940984069767E-13,-46.7515300733119));
#15209=CARTESIAN_POINT('',(-45.9018251963121,-1.56740328833404E-13,-45.5730417880591));
#15210=CARTESIAN_POINT('',(-48.5910952229448,-1.73194791841524E-13,-43.5908023492697));
#15211=CARTESIAN_POINT('',(-56.4973392153812,-1.81557294686186E-13,-37.7631731044213));
#15212=CARTESIAN_POINT('Origin',(-34.0901154323673,-1.28785870856518E-13,
-60.4908492460466));
#15213=CARTESIAN_POINT('',(-32.6411878623599,-1.25455201782643E-13,-61.5588421752707));
#15214=CARTESIAN_POINT('Origin',(-34.0901154323673,-1.18220207093607E-13,
-60.4908492460466));
#15215=CARTESIAN_POINT('',(-32.6411878623599,-1.25492790154294E-13,-61.5588421752707));
#15216=CARTESIAN_POINT('Origin',(-52.6158940285209,-1.82076576038526E-13,
-40.6241553236473));
#15217=CARTESIAN_POINT('',(-48.0407296145436,-1.58839313980373E-13,-49.5210203035157));
#15218=CARTESIAN_POINT('',(-35.1372490585937,-1.46176656500084E-13,-25.7038438204148));
#15219=CARTESIAN_POINT('',(-34.2255715941251,-1.27422306757281E-13,-55.4926844200088));
#15220=CARTESIAN_POINT('',(-34.2255715941251,-1.27422306757281E-13,-55.4926844200088));
#15221=CARTESIAN_POINT('',(-35.674810082239,-1.26168091846174E-13,-56.8181468531664));
#15222=CARTESIAN_POINT('Origin',(-36.8633310696428,-1.32678023608495E-13,
-54.0636200585063));
#15223=CARTESIAN_POINT('',(-30.148075943059,-1.15156113681726E-13,-59.8123769439336));
#15224=CARTESIAN_POINT('Origin',(-34.0901154323673,-1.17488182829746E-13,
-60.4908492460466));
#15225=CARTESIAN_POINT('Origin',(-27.1915463260779,-1.1340706182071E-13,
-59.3035227173488));
#15226=CARTESIAN_POINT('',(-26.1006906866474,-1.13242748511766E-13,-64.9496567650112));
#15227=CARTESIAN_POINT('',(-29.6634945392815,-1.28785870856518E-13,-58.1659777509104));
#15228=CARTESIAN_POINT('',(-24.3758674321161,-1.13242748511766E-13,-63.9280202078584));
#15229=CARTESIAN_POINT('',(-26.1006906866474,-1.13242748511766E-13,-64.9496567650112));
#15230=CARTESIAN_POINT('',(-8.39554497755618,-4.88498130835069E-14,-90.7605943396087));
#15231=CARTESIAN_POINT('',(-24.3758674321161,-1.13242748511766E-13,-63.9280202078584));
#15232=CARTESIAN_POINT('',(-11.8742077613141,-4.88498130835069E-14,-92.8323356761713));
#15233=CARTESIAN_POINT('',(-8.39554497755618,-4.88498130835069E-14,-90.7605943396087));
#15234=CARTESIAN_POINT('',(-11.9015508629203,-4.88498130835069E-14,-92.8372498883269));
#15235=CARTESIAN_POINT('Origin',(-11.8944206541524,-4.88498130835069E-14,
-92.7983961892153));
#15236=CARTESIAN_POINT('Ctrl Pts',(-11.9015508629203,-4.88498130835069E-14,
-92.8372498883269));
#15237=CARTESIAN_POINT('Ctrl Pts',(-31.4060681095331,-7.21644966006352E-14,
-89.2578923737417));
#15238=CARTESIAN_POINT('Ctrl Pts',(-33.5477266304299,-1.15463194561016E-13,
-67.1021303091233));
#15239=CARTESIAN_POINT('Ctrl Pts',(-47.5252844695367,-1.46549439250521E-13,
-56.7993841615638));
#15240=CARTESIAN_POINT('',(-55.0747548825908,-1.74590633239018E-13,-45.7101820061757));
#15241=CARTESIAN_POINT('',(-42.1712743266409,-1.61927975758728E-13,-21.8930055230748));
#15242=CARTESIAN_POINT('Origin',(-51.5577422485672,-1.66714973609695E-13,
-47.6156011548457));
#15243=CARTESIAN_POINT('Origin',(-41.8469721690209,-5.00000000000018,-34.9682927437713));
#15244=CARTESIAN_POINT('',(-26.1006906866474,-1.14352971536391E-13,-64.9496567650112));
#15245=CARTESIAN_POINT('Ctrl Pts',(-11.9015508629203,-5.00000000000005,
-92.837249888327));
#15246=CARTESIAN_POINT('Ctrl Pts',(-11.9015508629203,0.999999999999952,
-92.8372498883269));
#15247=CARTESIAN_POINT('Ctrl Pts',(-31.4060681095331,-5.00000000000007,
-89.2578923737417));
#15248=CARTESIAN_POINT('Ctrl Pts',(-31.4060681095331,0.999999999999928,
-89.2578923737417));
#15249=CARTESIAN_POINT('Ctrl Pts',(-33.5477266304299,-5.00000000000012,
-67.1021303091233));
#15250=CARTESIAN_POINT('Ctrl Pts',(-33.5477266304299,0.999999999999884,
-67.1021303091233));
#15251=CARTESIAN_POINT('Ctrl Pts',(-47.5252844695367,-5.00000000000015,
-56.7993841615638));
#15252=CARTESIAN_POINT('Ctrl Pts',(-47.5252844695367,0.999999999999852,
-56.7993841615638));
#15253=CARTESIAN_POINT('',(-11.9015508629203,-5.00000000000005,-92.8372498883269));
#15254=CARTESIAN_POINT('Origin',(-27.8174543564482,-40.4415596144362,-65.9665195191819));
#15255=CARTESIAN_POINT('',(-24.3758674321161,-5.00000000000011,-63.9280202078584));
#15256=CARTESIAN_POINT('Origin',(-24.375867432116,-36.2575296606423,-63.9280202078585));
#15257=CARTESIAN_POINT('',(-8.39554497755618,-5.00000000000005,-90.7605943396087));
#15258=CARTESIAN_POINT('Origin',(-11.8944206541524,-9.0748712294047,-92.7983961892153));
#15259=CARTESIAN_POINT('',(-11.8742077613141,-5.00000000000005,-92.8323356761713));
#15260=CARTESIAN_POINT('Origin',(-8.39554497755617,-9.0748712294047,-90.7605943396087));
#15261=CARTESIAN_POINT('Origin',(-36.8633310696428,-1.32678023608495E-13,
-54.0636200585063));
#15262=CARTESIAN_POINT('',(-35.6288084597526,-1.20554017659621E-13,-59.6572283685035));
#15263=CARTESIAN_POINT('Origin',(-34.0901154323673,-1.17488182829746E-13,
-60.4908492460466));
#15264=CARTESIAN_POINT('Origin',(27.0633453236791,-1.30529666644262E-14,
-26.9916521139353));
#15265=CARTESIAN_POINT('',(-6.18549278027041,-5.05151476204446E-14,-23.0381626230488));
#15266=CARTESIAN_POINT('Origin',(-7.10652765738057,-5.44009282066327E-14,
-21.4916521138228));
#15267=CARTESIAN_POINT('',(-7.10652765738634,-1.3052966664444E-14,-23.2416521138228));
#15268=CARTESIAN_POINT('Origin',(-7.10652765738057,-1.30529666644478E-14,
-21.4916521138228));
#15269=CARTESIAN_POINT('Origin',(27.0633453236791,-1.30529666644262E-14,
-26.9916521139353));
#15270=CARTESIAN_POINT('',(-1.72811310381864,-1.30529666644518E-14,-18.9916521138405));
#15271=CARTESIAN_POINT('',(-2.77640063845014,-1.30529666644521E-14,-18.991652113837));
#15272=CARTESIAN_POINT('',(-1.98261532693669,-1.30529666644409E-14,-23.9916521138396));
#15273=CARTESIAN_POINT('',(-1.08024722802855,-7.71605002114484E-14,-6.26355355633858));
#15274=CARTESIAN_POINT('',(27.063345323689,-1.30529666644328E-14,-23.9916521139353));
#15275=CARTESIAN_POINT('Origin',(27.0633453236791,3.99999999999999,-26.9916521139353));
#15276=CARTESIAN_POINT('',(28.9191140460821,3.99999999999999,-24.6345092567986));
#15277=CARTESIAN_POINT('',(27.063345323689,3.99999999999999,-23.9916521139353));
#15278=CARTESIAN_POINT('Origin',(27.0633453236791,3.99999999999999,-26.9916521139353));
#15279=CARTESIAN_POINT('',(-2.77640063846661,3.99999999999999,-23.991652113837));
#15280=CARTESIAN_POINT('',(27.063345323689,3.99999999999999,-23.9916521139353));
#15281=CARTESIAN_POINT('',(-4.63216936086395,3.99999999999999,-24.6345092566881));
#15282=CARTESIAN_POINT('Origin',(-2.77640063847649,3.99999999999999,-26.991652113837));
#15283=CARTESIAN_POINT('',(-4.63216936084325,3.99999999999999,-18.3487949709738));
#15284=CARTESIAN_POINT('Origin',(-7.10652765738057,3.99999999999999,-21.4916521138228));
#15285=CARTESIAN_POINT('',(-2.77640063845014,3.99999999999999,-18.991652113837));
#15286=CARTESIAN_POINT('Origin',(-2.77640063844026,3.99999999999999,-15.991652113837));
#15287=CARTESIAN_POINT('',(27.0633453237055,3.99999999999999,-18.9916521139353));
#15288=CARTESIAN_POINT('',(-2.77640063845014,3.99999999999999,-18.991652113837));
#15289=CARTESIAN_POINT('',(28.9191140461028,3.99999999999999,-18.3487949710843));
#15290=CARTESIAN_POINT('Origin',(27.0633453237154,3.99999999999999,-15.9916521139353));
#15291=CARTESIAN_POINT('Origin',(31.3934723426194,3.99999999999999,-21.4916521139496));
#15292=CARTESIAN_POINT('',(-7.10652765738634,3.99999999999999,-23.2416521138228));
#15293=CARTESIAN_POINT('Origin',(-7.10652765738057,3.99999999999999,-21.4916521138228));
#15294=CARTESIAN_POINT('',(31.3934723426137,3.99999999999999,-23.2416521139496));
#15295=CARTESIAN_POINT('Origin',(31.3934723426194,3.99999999999999,-21.4916521139496));
#15296=CARTESIAN_POINT('Origin',(27.0633453236791,3.99999999999999,-26.9916521139353));
#15297=CARTESIAN_POINT('',(27.063345323689,3.99999999999999,-23.9916521139353));
#15298=CARTESIAN_POINT('',(28.9191140460821,3.99999999999999,-24.6345092567986));
#15299=CARTESIAN_POINT('Origin',(27.063345323689,3.99999999999999,-23.9916521139353));
#15300=CARTESIAN_POINT('',(-2.77640063846661,-1.30529666644411E-14,-23.991652113837));
#15301=CARTESIAN_POINT('',(16.8291943691146,-2.80331313717852E-14,-23.9916521139016));
#15302=CARTESIAN_POINT('',(-2.77640063846661,3.99999999999999,-23.991652113837));
#15303=CARTESIAN_POINT('Origin',(-2.77640063847649,3.99999999999999,-26.991652113837));
#15304=CARTESIAN_POINT('',(-4.63216936086395,-1.30529666644402E-14,-24.6345092566881));
#15305=CARTESIAN_POINT('Origin',(-2.77640063847649,-4.6074255521944E-14,
-26.991652113837));
#15306=CARTESIAN_POINT('',(-4.63216936086395,3.99999999999999,-24.6345092566881));
#15307=CARTESIAN_POINT('Origin',(-7.10652765738057,3.99999999999999,-21.4916521138228));
#15308=CARTESIAN_POINT('',(-4.63216936084325,-1.3052966664454E-14,-18.3487949709738));
#15309=CARTESIAN_POINT('Origin',(-7.10652765738057,-4.6074255521944E-14,
-21.4916521138228));
#15310=CARTESIAN_POINT('',(-4.63216936084325,3.99999999999999,-18.3487949709738));
#15311=CARTESIAN_POINT('Origin',(-2.77640063844026,3.99999999999999,-15.991652113837));
#15312=CARTESIAN_POINT('',(-2.77640063845014,-1.30529666644521E-14,-18.991652113837));
#15313=CARTESIAN_POINT('Origin',(-2.77640063844026,-4.6074255521944E-14,
-15.991652113837));
#15314=CARTESIAN_POINT('',(-2.77640063845014,3.99999999999999,-18.991652113837));
#15315=CARTESIAN_POINT('Origin',(27.0633453237055,3.99999999999999,-18.9916521139353));
#15316=CARTESIAN_POINT('',(16.8291943691311,-3.71924713249427E-14,-18.9916521139016));
#15317=CARTESIAN_POINT('',(27.0633453237055,3.99999999999999,-18.9916521139353));
#15318=CARTESIAN_POINT('Origin',(27.0633453237154,3.99999999999999,-15.9916521139353));
#15319=CARTESIAN_POINT('',(28.9191140461028,3.99999999999999,-18.3487949710843));
#15320=CARTESIAN_POINT('Origin',(31.3934723426194,3.99999999999999,-21.4916521139496));
#15321=CARTESIAN_POINT('Origin',(31.3934723426194,3.99999999999999,-21.4916521139496));
#15322=CARTESIAN_POINT('',(31.3934723426137,3.99999999999999,-23.2416521139496));
#15323=CARTESIAN_POINT('Origin',(-7.10652765738057,3.99999999999999,-21.4916521138228));
#15324=CARTESIAN_POINT('',(-7.10652765738634,3.99999999999999,-23.2416521138228));
#15325=CARTESIAN_POINT('Origin',(6.59504341455612,-4.6074255521944E-14,
-19.1511411332225));
#15326=CARTESIAN_POINT('',(-1.99668163669981,-4.44089209850063E-14,-24.2680015616123));
#15327=CARTESIAN_POINT('',(-1.08024722802855,-7.71605002114484E-14,-6.26355355633858));
#15328=CARTESIAN_POINT('',(-15.7434417187093,-4.21884749357559E-14,-32.4549782470359));
#15329=CARTESIAN_POINT('',(-1.99668163669981,-4.44089209850063E-14,-24.2680015616123));
#15330=CARTESIAN_POINT('',(-15.9931233977391,-1.55920743149772E-13,-32.3357057118497));
#15331=CARTESIAN_POINT('',(-15.7434417187093,-4.21884749357559E-14,-32.4549782470359));
#15332=CARTESIAN_POINT('',(-15.6149999646605,-1.56938950992562E-13,-31.6377674696073));
#15333=CARTESIAN_POINT('',(-17.5873421568702,-3.77475828372553E-14,-35.2783063050971));
#15334=CARTESIAN_POINT('',(-14.1657614765466,-1.58193165903669E-13,-30.3123050364497));
#15335=CARTESIAN_POINT('Origin',(-12.9772404891428,-3.71924713249427E-14,
-33.0668318311098));
#15336=CARTESIAN_POINT('',(-19.6924956157266,-1.69205144068118E-13,-27.3180749456825));
#15337=CARTESIAN_POINT('Origin',(-15.7504561264184,-5.21804821573824E-14,
-26.6396026435695));
#15338=CARTESIAN_POINT('',(-20.0112657571901,-1.65698479077919E-13,-29.2559935337698));
#15339=CARTESIAN_POINT('Origin',(-22.6490252327077,-5.60662627435704E-14,
-27.8269291722673));
#15340=CARTESIAN_POINT('',(-20.5106225427041,-1.64353815005604E-13,-30.1777036597357));
#15341=CARTESIAN_POINT('',(-21.9836079493997,-4.57966997657877E-14,-32.8965323692595));
#15342=CARTESIAN_POINT('',(-28.6042150195973,-1.33091950055316E-13,-26.3114075933432));
#15343=CARTESIAN_POINT('',(-15.7434417187093,-4.21884749357559E-14,-32.4549782470359));
#15344=CARTESIAN_POINT('',(-28.7899821617478,-1.34136807299562E-13,-25.0171997942153));
#15345=CARTESIAN_POINT('Origin',(-34.0030011570807,-1.21569421196455E-13,
-26.4258988232128));
#15346=CARTESIAN_POINT('',(-27.7987832775769,-1.32433241026623E-13,-24.574802910461));
#15347=CARTESIAN_POINT('Origin',(-33.2180829426183,-1.26565424807268E-13,
-13.7643545523685));
#15348=CARTESIAN_POINT('',(-25.8328309804145,-1.27636877976349E-13,-26.387693193741));
#15349=CARTESIAN_POINT('Origin',(-23.2690951180985,-1.0325074129014E-13,
-21.6350877579537));
#15350=CARTESIAN_POINT('',(-25.3009334786041,-1.26769716808145E-13,-26.061076447429));
#15351=CARTESIAN_POINT('Origin',(-33.2180829426183,-1.26565424807268E-13,
-13.7643545523685));
#15352=CARTESIAN_POINT('',(-26.0284153767834,-1.29546981377391E-13,-23.4876915749798));
#15353=CARTESIAN_POINT('Origin',(-30.699206919789,-1.14908083048704E-13,
-26.1976189470301));
#15354=CARTESIAN_POINT('',(-25.1854915145835,-1.28260347437021E-13,-22.8038278507838));
#15355=CARTESIAN_POINT('Origin',(-33.2180829426183,-1.26565424807268E-13,
-13.7643545523685));
#15356=CARTESIAN_POINT('',(-22.8173168855079,-1.22978739298973E-13,-24.0461194993638));
#15357=CARTESIAN_POINT('Origin',(-21.5710030049529,-1.01030295240889E-13,
-18.7919114989954));
#15358=CARTESIAN_POINT('',(-22.3880779859655,-1.22378827614265E-13,-23.5929667452916));
#15359=CARTESIAN_POINT('Origin',(-33.2180829426183,-1.26565424807268E-13,
-13.7643545523685));
#15360=CARTESIAN_POINT('',(-23.7568125549433,-1.26263601097163E-13,-21.2955540062274));
#15361=CARTESIAN_POINT('Origin',(-27.5670699208137,-1.09356967925578E-13,
-25.1220326492922));
#15362=CARTESIAN_POINT('',(-23.1196075829257,-1.25481581466135E-13,-20.4168276242557));
#15363=CARTESIAN_POINT('Origin',(-33.2180829426183,-1.26565424807268E-13,
-13.7643545523685));
#15364=CARTESIAN_POINT('',(-20.5105978093147,-1.20074661106651E-13,-21.0038605152689));
#15365=CARTESIAN_POINT('Origin',(-20.6666401418495,-1.01030295240889E-13,
-15.6061155425551));
#15366=CARTESIAN_POINT('',(-20.2132694336934,-1.1978288189535E-13,-20.4550533647561));
#15367=CARTESIAN_POINT('Origin',(-33.2180829426183,-1.26565424807268E-13,
-13.7643545523685));
#15368=CARTESIAN_POINT('',(-22.1299796745346,-1.24510423398933E-13,-18.5901776405902));
#15369=CARTESIAN_POINT('Origin',(-24.8200401205338,-1.0547118733939E-13,
-23.2724393586994));
#15370=CARTESIAN_POINT('',(-21.7419180585114,-1.24286311422753E-13,-17.5764723516099));
#15371=CARTESIAN_POINT('Origin',(-33.2180829426183,-1.26565424807268E-13,
-13.7643545523685));
#15372=CARTESIAN_POINT('',(-19.0698728448441,-1.19122551528974E-13,-17.4682411636516));
#15373=CARTESIAN_POINT('Origin',(-20.6176373633785,-1.0325074129014E-13,
-12.2948066182876));
#15374=CARTESIAN_POINT('',(-18.924717430584,-1.19158789062141E-13,-16.861179917059));
#15375=CARTESIAN_POINT('Origin',(-33.2180829426183,-1.26565424807268E-13,
-13.7643545523685));
#15376=CARTESIAN_POINT('',(-21.2587827078888,-1.24406924445572E-13,-15.5559294065404));
#15377=CARTESIAN_POINT('Origin',(-22.645323060157,-1.02140518265514E-13,
-20.7748858014082));
#15378=CARTESIAN_POINT('',(-21.1463102056898,-1.24755992985053E-13,-14.4763275507684));
#15379=CARTESIAN_POINT('Origin',(-33.2180829426183,-1.26565424807268E-13,
-13.7643545523685));
#15380=CARTESIAN_POINT('',(-18.5933250175141,-1.20187295260223E-13,-13.6802080604374));
#15381=CARTESIAN_POINT('Origin',(-21.4273341279119,-1.06581410364015E-13,
-9.08364495718489));
#15382=CARTESIAN_POINT('',(-18.6102346662165,-1.2054908000986E-13,-13.0562629385041));
#15383=CARTESIAN_POINT('Origin',(-33.2180829426183,-1.26565424807268E-13,
-13.7643545523685));
#15384=CARTESIAN_POINT('',(-21.2025922885617,-1.25960157519711E-13,-12.3995883068961));
#15385=CARTESIAN_POINT('Origin',(-21.1911221134581,-1.01030295240889E-13,
-17.7995761249456));
#15386=CARTESIAN_POINT('',(-21.3733737153421,-1.26858618130752E-13,-11.327662966677));
#15387=CARTESIAN_POINT('Origin',(-33.2180829426183,-1.26565424807268E-13,
-13.7643545523685));
#15388=CARTESIAN_POINT('',(-19.1134302742248,-1.23196331774688E-13,-9.89790940158965));
#15389=CARTESIAN_POINT('Origin',(-23.0405509390338,-1.10467190950203E-13,
-6.19146591975562));
#15390=CARTESIAN_POINT('',(-19.291252621275,-1.23859008707984E-13,-9.29960123325734));
#15391=CARTESIAN_POINT('Origin',(-33.2180829426183,-1.26565424807268E-13,
-13.7643545523685));
#15392=CARTESIAN_POINT('',(-21.9652377007715,-1.29064272354188E-13,-9.33625377149801));
#15393=CARTESIAN_POINT('Origin',(-20.556538671774,-1.01585406753202E-13,
-14.5492727668309));
#15394=CARTESIAN_POINT('',(-22.4076345845259,-1.30450896430922E-13,-8.34505488732717));
#15395=CARTESIAN_POINT('Origin',(-33.2180829426183,-1.26565424807268E-13,
-13.7643545523685));
#15396=CARTESIAN_POINT('',(-20.5947443012459,-1.27944600206575E-13,-6.37910259016476));
#15397=CARTESIAN_POINT('Origin',(-25.3473497370331,-1.16573417585641E-13,
-3.81536672784874));
#15398=CARTESIAN_POINT('',(-20.9213610475578,-1.28863008985652E-13,-5.8472050883543));
#15399=CARTESIAN_POINT('Origin',(-33.2180829426183,-1.26565424807268E-13,
-13.7643545523685));
#15400=CARTESIAN_POINT('',(-23.494745920007,-1.33507728652824E-13,-6.57468698653367));
#15401=CARTESIAN_POINT('Origin',(-20.7848185479567,-1.03805852802452E-13,
-11.2454785295392));
#15402=CARTESIAN_POINT('',(-24.178609644203,-1.35288020055926E-13,-5.73176312433379));
#15403=CARTESIAN_POINT('Origin',(-33.2180829426183,-1.26565424807268E-13,
-13.7643545523685));
#15404=CARTESIAN_POINT('',(-22.936317995623,-1.34108513909136E-13,-3.36358849525813));
#15405=CARTESIAN_POINT('Origin',(-28.1905259959915,-1.2267964422108E-13,
-2.11727461470313));
#15406=CARTESIAN_POINT('',(-23.3894707496952,-1.35220066493441E-13,-2.93434959571571));
#15407=CARTESIAN_POINT('Origin',(-33.2180829426183,-1.26565424807268E-13,
-13.7643545523685));
#15408=CARTESIAN_POINT('',(-25.1250773878317,-1.38148791947868E-13,-3.81195649866827));
#15409=CARTESIAN_POINT('Origin',(-21.8604048456946,-1.07136521876328E-13,
-8.11334153056394));
#15410=CARTESIAN_POINT('',(-25.7286053587442,-1.39086649886769E-13,-4.27002318659304));
#15411=CARTESIAN_POINT('',(-20.30036977054,-1.05669512718451E-13,-0.150091688795488));
#15412=CARTESIAN_POINT('',(-26.5656098707311,-1.41040347024446E-13,-3.66587919267602));
#15413=CARTESIAN_POINT('Origin',(-33.2180829426183,-1.26701477243329E-13,
-13.7643545523685));
#15414=CARTESIAN_POINT('',(-25.9785769797179,-1.4126801234989E-13,-1.05686941906491));
#15415=CARTESIAN_POINT('Origin',(-31.3763219524317,-1.29716081702643E-13,
-1.21291175159969));
#15416=CARTESIAN_POINT('',(-26.5273841302307,-1.42496958267731E-13,-0.75954104344355));
#15417=CARTESIAN_POINT('Origin',(-33.2180829426183,-1.26701477243329E-13,
-13.7643545523685));
#15418=CARTESIAN_POINT('',(-28.3922598543966,-1.45130771208336E-13,-2.6762512842849));
#15419=CARTESIAN_POINT('Origin',(-23.7099981362874,-1.12548853925288E-13,
-5.36631173028399));
#15420=CARTESIAN_POINT('',(-29.4059651433771,-1.47315865759748E-13,-2.28818966826163));
#15421=CARTESIAN_POINT('Origin',(-33.2180829426183,-1.26565424807268E-13,
-13.7643545523685));
#15422=CARTESIAN_POINT('',(-29.5141963313354,-1.48935187541731E-13,0.383855545405665));
#15423=CARTESIAN_POINT('Origin',(-34.6876308766994,-1.36002320516582E-13,
-1.16390897312884));
#15424=CARTESIAN_POINT('',(-30.121257577928,-1.50197776159736E-13,0.529010959665759));
#15425=CARTESIAN_POINT('Origin',(-33.2180829426183,-1.26565424807268E-13,
-13.7643545523685));
#15426=CARTESIAN_POINT('',(-31.4265080884466,-1.51518266323041E-13,-1.80505431763908));
#15427=CARTESIAN_POINT('Origin',(-26.2075516935788,-1.18238752122579E-13,
-3.19159466990718));
#15428=CARTESIAN_POINT('',(-32.5061099442186,-1.53686910030803E-13,-1.69258181544005));
#15429=CARTESIAN_POINT('Origin',(-33.2180829426183,-1.26565424807268E-13,
-13.7643545523685));
#15430=CARTESIAN_POINT('',(-33.3022294345496,-1.5658753416594E-13,0.860403372735581));
#15431=CARTESIAN_POINT('Origin',(-37.8987925378021,-1.4210854715202E-13,
-1.97360573766227));
#15432=CARTESIAN_POINT('',(-33.9261745564829,-1.57797722156318E-13,0.843493724033246));
#15433=CARTESIAN_POINT('Origin',(-33.2180829426183,-1.26565424807268E-13,
-13.7643545523685));
#15434=CARTESIAN_POINT('',(-34.5828491880909,-1.57714900319907E-13,-1.74886389831206));
#15435=CARTESIAN_POINT('Origin',(-29.1828613700414,-1.25455201782643E-13,
-1.73739372320836));
#15436=CARTESIAN_POINT('',(-35.6547745283098,-1.5971930369919E-13,-1.91964532509243));
#15437=CARTESIAN_POINT('Origin',(-33.2180829426183,-1.26565424807268E-13,
-13.7643545523685));
#15438=CARTESIAN_POINT('',(-37.0845280933972,-1.63703557446178E-13,0.340298116024903));
#15439=CARTESIAN_POINT('Origin',(-40.7909715752312,-1.47104550762833E-13,
-3.58682254878413));
#15440=CARTESIAN_POINT('',(-37.6828362617295,-1.64778872497316E-13,0.162475768974694));
#15441=CARTESIAN_POINT('Origin',(-33.2180829426183,-1.26565424807268E-13,
-13.7643545523685));
#15442=CARTESIAN_POINT('',(-37.6461837234888,-1.6329838283247E-13,-2.51150931052176));
#15443=CARTESIAN_POINT('Origin',(-32.4331647281559,-1.31561428418081E-13,
-1.1028102815243));
#15444=CARTESIAN_POINT('',(-38.6373826076596,-1.65001949105409E-13,-2.95390619427616));
#15445=CARTESIAN_POINT('Origin',(-33.2180829426183,-1.26565424807268E-13,
-13.7643545523685));
#15446=CARTESIAN_POINT('',(-40.6033349048221,-1.69798312155683E-13,-1.14101591099617));
#15447=CARTESIAN_POINT('Origin',(-43.1670707671381,-1.50435219836709E-13,
-5.89362134678345));
#15448=CARTESIAN_POINT('',(-41.1352324066325,-1.70665473323887E-13,-1.46763265730811));
#15449=CARTESIAN_POINT('Origin',(-33.2180829426183,-1.26565424807268E-13,
-13.7643545523685));
#15450=CARTESIAN_POINT('',(-40.4077505084532,-1.67888208754641E-13,-4.04101752975733));
#15451=CARTESIAN_POINT('Origin',(-35.7369589654476,-1.38222766565832E-13,
-1.33109015770698));
#15452=CARTESIAN_POINT('',(-41.250674370653,-1.69174842695011E-13,-4.72488125395328));
#15453=CARTESIAN_POINT('Origin',(-33.2180829426183,-1.26565424807268E-13,
-13.7643545523685));
#15454=CARTESIAN_POINT('',(-43.6188489997287,-1.74456450833058E-13,-3.48258960537333));
#15455=CARTESIAN_POINT('Origin',(-44.8651628802837,-1.52100554373646E-13,
-8.73679760574179));
#15456=CARTESIAN_POINT('',(-44.0480878992711,-1.75056362517767E-13,-3.93574235944553));
#15457=CARTESIAN_POINT('Origin',(-33.2180829426183,-1.26565424807268E-13,
-13.7643545523685));
#15458=CARTESIAN_POINT('',(-42.6793533302933,-1.71171589034869E-13,-6.23315509850968));
#15459=CARTESIAN_POINT('Origin',(-38.8690959644229,-1.43773881688958E-13,
-2.40667645544495));
#15460=CARTESIAN_POINT('',(-43.3165583023108,-1.71953608665897E-13,-7.11188148048147));
#15461=CARTESIAN_POINT('Origin',(-33.2180829426183,-1.26565424807268E-13,
-13.7643545523685));
#15462=CARTESIAN_POINT('',(-45.9255680759218,-1.7736052902538E-13,-6.52484858946825));
#15463=CARTESIAN_POINT('Origin',(-45.769525743387,-1.52100554373646E-13,
-11.9225935621821));
#15464=CARTESIAN_POINT('',(-46.2228964515432,-1.77652308236682E-13,-7.07365573998104));
#15465=CARTESIAN_POINT('Origin',(-33.2180829426183,-1.26565424807268E-13,
-13.7643545523685));
#15466=CARTESIAN_POINT('',(-44.3061862107019,-1.72924766733099E-13,-8.93853146414695));
#15467=CARTESIAN_POINT('Origin',(-41.6161257647028,-1.48214773787458E-13,
-4.25626974603776));
#15468=CARTESIAN_POINT('',(-44.6942478267251,-1.73148878709279E-13,-9.95223675312722));
#15469=CARTESIAN_POINT('Origin',(-33.2180829426183,-1.26565424807268E-13,
-13.7643545523685));
#15470=CARTESIAN_POINT('',(-47.3662930403924,-1.78312638603058E-13,-10.0604679410856));
#15471=CARTESIAN_POINT('Origin',(-45.818528521858,-1.50435219836709E-13,
-15.2339024864496));
#15472=CARTESIAN_POINT('',(-47.5114484546525,-1.78276401069891E-13,-10.6675291876782));
#15473=CARTESIAN_POINT('Origin',(-33.2180829426183,-1.26565424807268E-13,
-13.7643545523685));
#15474=CARTESIAN_POINT('',(-45.1773831773477,-1.7302826568646E-13,-11.9727796981968));
#15475=CARTESIAN_POINT('Origin',(-43.7908428250795,-1.50990331349021E-13,
-6.75382330332894));
#15476=CARTESIAN_POINT('',(-45.2898556795467,-1.72679197146978E-13,-13.0523815539687));
#15477=CARTESIAN_POINT('Origin',(-33.2180829426183,-1.26565424807268E-13,
-13.7643545523685));
#15478=CARTESIAN_POINT('',(-47.7501337018034,-1.76211551320336E-13,-13.7926170872197));
#15479=CARTESIAN_POINT('Origin',(-45.0088317573246,-1.47659662275146E-13,
-18.4450641475523));
#15480=CARTESIAN_POINT('',(-61.3550647132134,-1.59872115546023E-13,9.05143508641441));
#15481=CARTESIAN_POINT('',(-59.8200065846965,-1.53765888910584E-13,6.47391757103763));
#15482=CARTESIAN_POINT('',(-23.5944331129436,-1.67643676718399E-13,31.5400366691875));
#15483=CARTESIAN_POINT('',(-23.5944331129436,-1.67643676718399E-13,31.5400366691875));
#15484=CARTESIAN_POINT('',(-12.675548016511,-1.24344978758018E-13,13.2061266617326));
#15485=CARTESIAN_POINT('',(-1.33609024944805,-7.82707232360735E-14,-5.83396730377579));
#15486=CARTESIAN_POINT('',(-12.7087933554096,0.,11.8093967834036));
#15487=CARTESIAN_POINT('Origin',(-7.33906175492385,0.,12.3803455891159));
#15488=CARTESIAN_POINT('',(-13.757252439267,0.,11.5284630185869));
#15489=CARTESIAN_POINT('Origin',(-10.1063425538311,0.,-6.07153216591882E-15));
#15490=CARTESIAN_POINT('',(-15.4134824341181,0.,13.6280919901161));
#15491=CARTESIAN_POINT('Origin',(-18.6930508196479,0.,9.33805338835119));
#15492=CARTESIAN_POINT('',(-15.9901442166202,0.,13.3892308589015));
#15493=CARTESIAN_POINT('Origin',(-10.1063425538311,0.,-6.07153216591882E-15));
#15494=CARTESIAN_POINT('',(-15.6766137934398,0.,10.7334375145937));
#15495=CARTESIAN_POINT('Origin',(-10.6376237849869,0.,12.6747205168147));
#15496=CARTESIAN_POINT('',(-16.6166364915981,0.,10.1907151567677));
#15497=CARTESIAN_POINT('Origin',(-10.1063425538311,0.,-6.07153216591882E-15));
#15498=CARTESIAN_POINT('',(-18.7598557833801,0.,11.790137140255));
#15499=CARTESIAN_POINT('Origin',(-20.8173318916828,0.,6.79746330114193));
#15500=CARTESIAN_POINT('',(-19.2550464822397,0.,11.4101639528239));
#15501=CARTESIAN_POINT('Origin',(-10.1063425538311,0.,-6.07153216591882E-15));
#15502=CARTESIAN_POINT('',(-18.2648294517991,0.,8.92601221700848));
#15503=CARTESIAN_POINT('Origin',(-13.8999798771305,0.,12.1053341872586));
#15504=CARTESIAN_POINT('',(-19.0323547708398,0.,8.15848689796776));
#15505=CARTESIAN_POINT('Origin',(-10.1063425538311,0.,-6.07153216591882E-15));
#15506=CARTESIAN_POINT('',(-21.5165065066552,0.,9.14870392840831));
#15507=CARTESIAN_POINT('Origin',(-22.2116767410899,0.,3.79363732329909));
#15508=CARTESIAN_POINT('',(-21.8964796940863,0.,8.65351322954872));
#15509=CARTESIAN_POINT('Origin',(-10.1063425538311,0.,-6.07153216591882E-15));
#15510=CARTESIAN_POINT('',(-20.297057710599,0.,6.51029393776673));
#15511=CARTESIAN_POINT('Origin',(-16.9038058549733,0.,10.7109893378515));
#15512=CARTESIAN_POINT('',(-20.839780068425,0.,5.57027123960841));
#15513=CARTESIAN_POINT('Origin',(-10.1063425538311,0.,-6.07153216591882E-15));
#15514=CARTESIAN_POINT('',(-23.4955734127328,0.,5.8838016627887));
#15515=CARTESIAN_POINT('Origin',(-22.7810630706459,0.,0.531281231155503));
#15516=CARTESIAN_POINT('',(-23.7344345439474,0.,5.30713988028661));
#15517=CARTESIAN_POINT('Origin',(-10.1063425538311,0.,-6.07153216591882E-15));
#15518=CARTESIAN_POINT('',(-21.6348055724181,0.,3.65090988543559));
#15519=CARTESIAN_POINT('Origin',(-19.4443959421825,0.,8.58670826581653));
#15520=CARTESIAN_POINT('',(-21.9157393372348,0.,2.60245080157822));
#15521=CARTESIAN_POINT('Origin',(-10.1063425538311,0.,-6.07153216591882E-15));
#15522=CARTESIAN_POINT('',(-24.5621863625264,0.,2.21792803729202));
#15523=CARTESIAN_POINT('Origin',(-22.486688142947,0.,-2.76728079890758));
#15524=CARTESIAN_POINT('',(-24.6436574461689,0.,1.5990937186465));
#15525=CARTESIAN_POINT('Origin',(-10.1063425538311,0.,-6.07153216591882E-15));
#15526=CARTESIAN_POINT('',(-22.1869077312065,0.,0.542722357826051));
#15527=CARTESIAN_POINT('Origin',(-21.3486131228384,0.,5.87725721567269));
#15528=CARTESIAN_POINT('',(-22.1869077312065,0.,-0.542722357826063));
#15529=CARTESIAN_POINT('Origin',(-10.1063425538311,0.,-6.07153216591882E-15));
#15530=CARTESIAN_POINT('',(-24.6436574461689,0.,-1.59909371864652));
#15531=CARTESIAN_POINT('Origin',(-21.3486131228384,0.,-5.8772572156727));
#15532=CARTESIAN_POINT('',(-24.5621863625264,0.,-2.21792803729224));
#15533=CARTESIAN_POINT('Origin',(-10.1063425538311,0.,-6.07153216591882E-15));
#15534=CARTESIAN_POINT('',(-21.9157393372347,0.,-2.6024508015784));
#15535=CARTESIAN_POINT('Origin',(-22.486688142947,0.,2.76728079890739));
#15536=CARTESIAN_POINT('',(-21.6348055724181,0.,-3.65090988543577));
#15537=CARTESIAN_POINT('Origin',(-10.1063425538311,0.,-6.07153216591882E-15));
#15538=CARTESIAN_POINT('',(-23.7344345439473,0.,-5.30713988028682));
#15539=CARTESIAN_POINT('Origin',(-19.4443959421824,0.,-8.58670826581668));
#15540=CARTESIAN_POINT('',(-23.4955734127327,0.,-5.8838016627889));
#15541=CARTESIAN_POINT('Origin',(-10.1063425538311,0.,-6.07153216591882E-15));
#15542=CARTESIAN_POINT('',(-20.8397800684249,0.,-5.57027123960859));
#15543=CARTESIAN_POINT('Origin',(-22.7810630706459,0.,-0.531281231155693));
#15544=CARTESIAN_POINT('',(-20.2970577105989,0.,-6.51029393776688));
#15545=CARTESIAN_POINT('Origin',(-10.1063425538311,0.,-6.07153216591882E-15));
#15546=CARTESIAN_POINT('',(-21.8964796940862,0.,-8.65351322954891));
#15547=CARTESIAN_POINT('Origin',(-16.9038058549732,0.,-10.7109893378516));
#15548=CARTESIAN_POINT('',(-21.5165065066551,0.,-9.14870392840849));
#15549=CARTESIAN_POINT('Origin',(-10.1063425538311,0.,-6.07153216591882E-15));
#15550=CARTESIAN_POINT('',(-19.0323547708397,0.,-8.15848689796789));
#15551=CARTESIAN_POINT('Origin',(-22.2116767410898,0.,-3.79363732329927));
#15552=CARTESIAN_POINT('',(-18.264829451799,0.,-8.92601221700861));
#15553=CARTESIAN_POINT('Origin',(-10.1063425538311,0.,-6.07153216591882E-15));
#15554=CARTESIAN_POINT('',(-19.2550464822396,0.,-11.410163952824));
#15555=CARTESIAN_POINT('Origin',(-13.8999798771303,0.,-12.1053341872587));
#15556=CARTESIAN_POINT('',(-18.75985578338,0.,-11.7901371402551));
#15557=CARTESIAN_POINT('Origin',(-10.1063425538311,0.,-6.07153216591882E-15));
#15558=CARTESIAN_POINT('',(-16.616636491598,0.,-10.1907151567678));
#15559=CARTESIAN_POINT('Origin',(-20.8173318916827,0.,-6.79746330114209));
#15560=CARTESIAN_POINT('',(-15.6766137934397,0.,-10.7334375145938));
#15561=CARTESIAN_POINT('Origin',(-10.1063425538311,0.,-6.07153216591882E-15));
#15562=CARTESIAN_POINT('',(-15.99014421662,0.,-13.3892308589016));
#15563=CARTESIAN_POINT('Origin',(-10.6376237849868,0.,-12.6747205168148));
#15564=CARTESIAN_POINT('',(-15.4134824341179,0.,-13.6280919901162));
#15565=CARTESIAN_POINT('Origin',(-10.1063425538311,0.,-6.07153216591882E-15));
#15566=CARTESIAN_POINT('',(-13.7572524392668,0.,-11.528463018587));
#15567=CARTESIAN_POINT('Origin',(-18.6930508196478,0.,-9.33805338835132));
#15568=CARTESIAN_POINT('',(-12.7087933554095,0.,-11.8093967834036));
#15569=CARTESIAN_POINT('Origin',(-10.1063425538311,0.,-6.07153216591882E-15));
#15570=CARTESIAN_POINT('',(-12.3242705911233,0.,-14.4558438086953));
#15571=CARTESIAN_POINT('Origin',(-7.33906175492368,0.,-12.3803455891159));
#15572=CARTESIAN_POINT('',(-11.7054362724776,0.,-14.5373148923378));
#15573=CARTESIAN_POINT('Origin',(-10.1063425538311,0.,-6.07153216591882E-15));
#15574=CARTESIAN_POINT('',(-10.6490649116571,0.,-12.0805651773754));
#15575=CARTESIAN_POINT('Origin',(-15.9835997695038,0.,-11.2422705690073));
#15576=CARTESIAN_POINT('',(-9.56362019600502,0.,-12.0805651773754));
#15577=CARTESIAN_POINT('Origin',(-10.1063425538311,0.,-6.07153216591882E-15));
#15578=CARTESIAN_POINT('',(-8.50724883518456,0.,-14.5373148923378));
#15579=CARTESIAN_POINT('Origin',(-4.22908533815839,0.,-11.2422705690072));
#15580=CARTESIAN_POINT('',(-7.88841451653883,0.,-14.4558438086953));
#15581=CARTESIAN_POINT('Origin',(-10.1063425538311,0.,-6.07153216591882E-15));
#15582=CARTESIAN_POINT('',(-7.50389175225268,0.,-11.8093967834036));
#15583=CARTESIAN_POINT('Origin',(-12.8736233527385,0.,-12.3803455891159));
#15584=CARTESIAN_POINT('',(-6.45543266839531,0.,-11.528463018587));
#15585=CARTESIAN_POINT('Origin',(-10.1063425538311,0.,-6.07153216591882E-15));
#15586=CARTESIAN_POINT('',(-4.79920267354426,0.,-13.6280919901162));
#15587=CARTESIAN_POINT('Origin',(-1.51963428801442,0.,-9.33805338835126));
#15588=CARTESIAN_POINT('',(-4.22254089104218,0.,-13.3892308589016));
#15589=CARTESIAN_POINT('Origin',(-10.1063425538311,0.,-6.07153216591882E-15));
#15590=CARTESIAN_POINT('',(-4.53607131422251,0.,-10.7334375145938));
#15591=CARTESIAN_POINT('Origin',(-9.57506132267539,0.,-12.6747205168148));
#15592=CARTESIAN_POINT('',(-3.59604861606421,0.,-10.1907151567677));
#15593=CARTESIAN_POINT('Origin',(-10.1063425538311,0.,-6.07153216591882E-15));
#15594=CARTESIAN_POINT('',(-1.45282932428218,0.,-11.7901371402551));
#15595=CARTESIAN_POINT('Origin',(0.604646784020486,0.,-6.79746330114202));
#15596=CARTESIAN_POINT('',(-1.35797922562625,-6.7168492989822E-14,-11.7199302078861));
#15597=CARTESIAN_POINT('Origin',(-10.1063425538311,0.,-6.07153216591882E-15));
#15598=CARTESIAN_POINT('',(-1.08024722802855,-7.71605002114484E-14,-6.26355355633858));
#15599=CARTESIAN_POINT('Origin',(27.0633453236791,-4.99999999999995,-26.9916521139353));
#15600=CARTESIAN_POINT('',(-6.1854927802704,-5.00000000000005,-23.0381626230488));
#15601=CARTESIAN_POINT('Origin',(-7.10652765738056,-5.00000000000005,-21.4916521138228));
#15602=CARTESIAN_POINT('',(-7.10652765738631,-4.99999999999999,-23.2416521138228));
#15603=CARTESIAN_POINT('Origin',(-7.10652765738055,-4.99999999999999,-21.4916521138228));
#15604=CARTESIAN_POINT('Origin',(27.0633453236791,-4.99999999999995,-26.9916521139353));
#15605=CARTESIAN_POINT('',(31.3934723426137,-4.99999999999995,-23.2416521139496));
#15606=CARTESIAN_POINT('Origin',(31.3934723426194,-4.99999999999996,-21.4916521139496));
#15607=CARTESIAN_POINT('Origin',(27.0633453236791,-8.99999999999995,-26.9916521139353));
#15608=CARTESIAN_POINT('',(28.9191140460821,-8.99999999999995,-24.6345092567986));
#15609=CARTESIAN_POINT('',(27.063345323689,-8.99999999999996,-23.9916521139354));
#15610=CARTESIAN_POINT('Origin',(27.0633453236791,-8.99999999999995,-26.9916521139353));
#15611=CARTESIAN_POINT('',(28.9191140461028,-8.99999999999996,-18.3487949710843));
#15612=CARTESIAN_POINT('Origin',(31.3934723426195,-8.99999999999996,-21.4916521139496));
#15613=CARTESIAN_POINT('',(27.0633453237055,-8.99999999999996,-18.9916521139353));
#15614=CARTESIAN_POINT('Origin',(27.0633453237154,-8.99999999999997,-15.9916521139353));
#15615=CARTESIAN_POINT('',(-2.77640063845012,-8.99999999999999,-18.9916521138371));
#15616=CARTESIAN_POINT('',(-2.77640063845011,-8.99999999999999,-18.9916521138371));
#15617=CARTESIAN_POINT('',(-4.63216936084322,-8.99999999999999,-18.3487949709738));
#15618=CARTESIAN_POINT('Origin',(-2.77640063844024,-9.,-15.9916521138371));
#15619=CARTESIAN_POINT('',(-4.63216936086393,-8.99999999999998,-24.6345092566881));
#15620=CARTESIAN_POINT('Origin',(-7.10652765738055,-8.99999999999999,-21.4916521138228));
#15621=CARTESIAN_POINT('',(-2.77640063846659,-8.99999999999998,-23.9916521138371));
#15622=CARTESIAN_POINT('Origin',(-2.77640063847647,-8.99999999999998,-26.9916521138371));
#15623=CARTESIAN_POINT('',(27.063345323689,-8.99999999999996,-23.9916521139354));
#15624=CARTESIAN_POINT('',(31.3934723426137,-8.99999999999995,-23.2416521139496));
#15625=CARTESIAN_POINT('Origin',(31.3934723426195,-8.99999999999996,-21.4916521139496));
#15626=CARTESIAN_POINT('',(-7.10652765738631,-8.99999999999999,-23.2416521138228));
#15627=CARTESIAN_POINT('Origin',(-7.10652765738055,-8.99999999999999,-21.4916521138228));
#15628=CARTESIAN_POINT('Origin',(27.0633453236791,-4.99999999999995,-26.9916521139353));
#15629=CARTESIAN_POINT('',(27.063345323689,-4.99999999999996,-23.9916521139353));
#15630=CARTESIAN_POINT('',(28.9191140460821,-4.99999999999995,-24.6345092567986));
#15631=CARTESIAN_POINT('Origin',(27.063345323689,-4.99999999999996,-23.9916521139353));
#15632=CARTESIAN_POINT('',(-2.77640063846659,-4.99999999999998,-23.9916521138371));
#15633=CARTESIAN_POINT('Origin',(-2.77640063847647,-4.99999999999998,-26.991652113837));
#15634=CARTESIAN_POINT('',(-4.63216936086393,-4.99999999999998,-24.6345092566881));
#15635=CARTESIAN_POINT('Origin',(-7.10652765738055,-4.99999999999999,-21.4916521138228));
#15636=CARTESIAN_POINT('',(-4.63216936084323,-4.99999999999999,-18.3487949709738));
#15637=CARTESIAN_POINT('Origin',(-2.77640063844024,-5.,-15.991652113837));
#15638=CARTESIAN_POINT('',(-2.77640063845012,-4.99999999999999,-18.991652113837));
#15639=CARTESIAN_POINT('Origin',(27.0633453237055,-4.99999999999996,-18.9916521139353));
#15640=CARTESIAN_POINT('',(27.0633453237055,-4.99999999999996,-18.9916521139353));
#15641=CARTESIAN_POINT('Origin',(27.0633453237154,-4.99999999999997,-15.9916521139353));
#15642=CARTESIAN_POINT('',(28.9191140461028,-4.99999999999996,-18.3487949710843));
#15643=CARTESIAN_POINT('Origin',(31.3934723426194,-4.99999999999996,-21.4916521139496));
#15644=CARTESIAN_POINT('Origin',(31.3934723426194,-4.99999999999996,-21.4916521139496));
#15645=CARTESIAN_POINT('',(31.3934723426137,-4.99999999999995,-23.2416521139496));
#15646=CARTESIAN_POINT('Origin',(-7.10652765738055,-4.99999999999999,-21.4916521138228));
#15647=CARTESIAN_POINT('',(-7.10652765738631,-4.99999999999999,-23.2416521138228));
#15648=CARTESIAN_POINT('Origin',(-20.70509507234,-1.41491138431968E-13,
18.9224185303062));
#15649=CARTESIAN_POINT('',(-29.2512372948135,-1.43218770176645E-13,-10.1004583193275));
#15650=CARTESIAN_POINT('',(-30.4549783112878,-8.04911692853238E-14,-18.4038860800467));
#15651=CARTESIAN_POINT('Origin',(-33.2180829426182,-9.2148511043888E-14,
-13.7643545523685));
#15652=CARTESIAN_POINT('',(-30.0817911609074,-1.43211662255161E-13,-12.5839737409465));
#15653=CARTESIAN_POINT('',(-30.0817911609074,-1.43211662255161E-13,-12.5839737409465));
#15654=CARTESIAN_POINT('',(-31.6717520903785,-1.44129890884947E-13,-16.7373136666874));
#15655=CARTESIAN_POINT('Origin',(-33.2180829426183,-1.48717595066016E-13,
-13.7643545523685));
#15656=CARTESIAN_POINT('',(-32.7119321074611,-1.45439216225896E-13,-19.1405810479758));
#15657=CARTESIAN_POINT('',(-31.6717520903785,-1.44129890884947E-13,-16.7373136666874));
#15658=CARTESIAN_POINT('Origin',(-33.2180829426182,-9.2148511043888E-14,
-13.7643545523685));
#15659=CARTESIAN_POINT('Origin',(-20.70509507234,-1.41491138431968E-13,
18.9224185303062));
#15660=CARTESIAN_POINT('',(-47.1640977748106,-1.76462057869836E-13,-14.7766305512071));
#15661=CARTESIAN_POINT('',(-59.8200065846965,-1.53765888910584E-13,6.47391757103763));
#15662=CARTESIAN_POINT('',(-47.8428408677224,-1.77247894871808E-13,-13.8485010442998));
#15663=CARTESIAN_POINT('Origin',(-45.0088317573246,-1.69288807414306E-13,
-18.4450641475523));
#15664=CARTESIAN_POINT('',(-47.82593121902,-1.76886110122172E-13,-14.4724461662331));
#15665=CARTESIAN_POINT('Origin',(-33.2180829426183,-1.48717595066016E-13,
-13.7643545523685));
#15666=CARTESIAN_POINT('Origin',(-45.2450437717784,-1.74342602795553E-13,
-9.72913297979151));
#15667=CARTESIAN_POINT('Origin',(-20.70509507234,-1.41491138431968E-13,
18.9224185303062));
#15668=CARTESIAN_POINT('',(-45.0560458244651,-1.68494139307919E-13,-18.3162625197954));
#15669=CARTESIAN_POINT('',(-46.0556354887559,-1.71519114124617E-13,-16.6378505951679));
#15670=CARTESIAN_POINT('',(-59.8200065846965,-1.53765888910584E-13,6.47391757103763));
#15671=CARTESIAN_POINT('',(-47.3227356110117,-1.74238858357343E-13,-17.6307997031475));
#15672=CARTESIAN_POINT('Origin',(-43.3956149462026,-1.64612979475096E-13,
-21.3372431849815));
#15673=CARTESIAN_POINT('',(-47.1449132639615,-1.73576181424048E-13,-18.2291078714798));
#15674=CARTESIAN_POINT('Origin',(-33.2180829426183,-1.48717595066016E-13,
-13.7643545523685));
#15675=CARTESIAN_POINT('Origin',(-45.8796272134625,-1.73869957908026E-13,
-12.9794363379063));
#15676=CARTESIAN_POINT('Origin',(-20.70509507234,-1.41491138431968E-13,
18.9224185303062));
#15677=CARTESIAN_POINT('',(-43.3558601301043,-1.63651235434538E-13,-21.1710458828475));
#15678=CARTESIAN_POINT('',(-44.3878402725545,-1.68554319633279E-13,-19.4382470765531));
#15679=CARTESIAN_POINT('',(-59.8200065846965,-1.53765888910584E-13,6.47391757103763));
#15680=CARTESIAN_POINT('',(-45.8414215839906,-1.69490589925456E-13,-21.1496065145724));
#15681=CARTESIAN_POINT('Origin',(-41.0888161482033,-1.58853907356773E-13,
-23.7133423768884));
#15682=CARTESIAN_POINT('',(-45.5148048376786,-1.6857218114638E-13,-21.6815040163829));
#15683=CARTESIAN_POINT('Origin',(-33.2180829426183,-1.48717595066016E-13,
-13.7643545523685));
#15684=CARTESIAN_POINT('Origin',(-45.6513473372798,-1.71683221059061E-13,
-16.2832305751979));
#15685=CARTESIAN_POINT('Origin',(-20.70509507234,-1.41491138431968E-13,
18.9224185303062));
#15686=CARTESIAN_POINT('',(-32.0104574125499,-7.04991620636974E-14,-24.6842510985418));
#15687=CARTESIAN_POINT('',(-33.943254558992,-1.43774482225292E-13,-25.8353416159564));
#15688=CARTESIAN_POINT('',(-32.0104574125499,-7.04991620636974E-14,-24.6842510985418));
#15689=CARTESIAN_POINT('',(-33.9300559410182,-1.43748280101229E-13,-25.836127289297));
#15690=CARTESIAN_POINT('Origin',(-33.2180829426183,-1.48717595066016E-13,
-13.7643545523685));
#15691=CARTESIAN_POINT('',(-33.1339364506872,-1.40847655966092E-13,-28.3891124774727));
#15692=CARTESIAN_POINT('Origin',(-28.5373733474346,-1.33359834687004E-13,
-25.5551033670749));
#15693=CARTESIAN_POINT('',(-32.5099913287539,-1.39637467975714E-13,-28.3722028287703));
#15694=CARTESIAN_POINT('Origin',(-33.2180829426183,-1.48717595066016E-13,
-13.7643545523685));
#15695=CARTESIAN_POINT('',(-31.8533166971459,-1.39720289812125E-13,-25.779845206425));
#15696=CARTESIAN_POINT('Origin',(-37.2533045151954,-1.50265031720203E-13,
-25.7913153815286));
#15697=CARTESIAN_POINT('',(-30.7813913569267,-1.37715886432842E-13,-25.6090637796447));
#15698=CARTESIAN_POINT('Origin',(-33.2180829426183,-1.48717595066016E-13,
-13.7643545523685));
#15699=CARTESIAN_POINT('',(-29.3516377918394,-1.33731632685853E-13,-27.869007220762));
#15700=CARTESIAN_POINT('Origin',(-25.6451943100054,-1.28558916145384E-13,
-23.941886555953));
#15701=CARTESIAN_POINT('',(-28.7533296235071,-1.32656317634716E-13,-27.6911848737118));
#15702=CARTESIAN_POINT('Origin',(-33.2180829426183,-1.48717595066016E-13,
-13.7643545523685));
#15703=CARTESIAN_POINT('Origin',(-34.0030011570807,-1.43580064063538E-13,
-26.4258988232128));
#15704=CARTESIAN_POINT('',(-15.7434417187093,-4.21884749357559E-14,-32.4549782470359));
#15705=CARTESIAN_POINT('Origin',(-20.70509507234,-1.41491138431968E-13,
18.9224185303062));
#15706=CARTESIAN_POINT('',(-35.7892030142429,-1.4681644276531E-13,-26.9072169997074));
#15707=CARTESIAN_POINT('',(-35.1372490585937,-1.46176656500084E-13,-25.7038438204148));
#15708=CARTESIAN_POINT('',(-40.8876229996543,-7.71605002114484E-14,-25.3154651186093));
#15709=CARTESIAN_POINT('Origin',(-37.4509329791519,-7.82707232360735E-14,
-23.2687209472534));
#15710=CARTESIAN_POINT('',(-42.5307401366048,-1.62280732707344E-13,-22.5565056227904));
#15711=CARTESIAN_POINT('',(-59.8200065846965,-1.53765888910584E-13,6.47391757103763));
#15712=CARTESIAN_POINT('',(-42.1712743266409,-1.61927975758728E-13,-21.8930055230748));
#15713=CARTESIAN_POINT('Origin',(-20.70509507234,-1.41491138431968E-13,
18.9224185303062));
#15714=CARTESIAN_POINT('',(-37.1975785639853,-1.54321000422897E-13,-17.4145072340409));
#15715=CARTESIAN_POINT('',(-33.7242337777754,-1.53210777398272E-13,-8.38812805676126));
#15716=CARTESIAN_POINT('Origin',(-33.2180829426182,-9.2148511043888E-14,
-13.7643545523685));
#15717=CARTESIAN_POINT('',(-36.3682755547411,-1.54270507254908E-13,-14.9071194041762));
#15718=CARTESIAN_POINT('',(-36.3682755547411,-1.54270507254908E-13,-14.9071194041762));
#15719=CARTESIAN_POINT('',(-34.7644137948581,-1.53305299247084E-13,-10.7913954380497));
#15720=CARTESIAN_POINT('Origin',(-33.2180829426183,-1.48717595066016E-13,
-13.7643545523685));
#15721=CARTESIAN_POINT('',(-34.7644137948581,-1.53305299247084E-13,-10.7913954380497));
#15722=CARTESIAN_POINT('Origin',(-33.2180829426183,3.99999999999985,-13.7643545523685));
#15723=CARTESIAN_POINT('',(-32.5061099442186,3.99999999999985,-1.69258181544005));
#15724=CARTESIAN_POINT('',(-31.4265080884466,3.99999999999985,-1.80505431763908));
#15725=CARTESIAN_POINT('Origin',(-33.2180829426183,3.99999999999985,-13.7643545523685));
#15726=CARTESIAN_POINT('',(-32.5061099442186,-1.53686910030803E-13,-1.69258181544005));
#15727=CARTESIAN_POINT('',(-31.4265080884466,-1.51518266323041E-13,-1.80505431763908));
#15728=CARTESIAN_POINT('Origin',(-33.2180829426183,3.99999999999985,-13.7643545523685));
#15729=CARTESIAN_POINT('',(-29.4059651433771,3.99999999999985,-2.28818966826163));
#15730=CARTESIAN_POINT('',(-28.3922598543966,3.99999999999986,-2.6762512842849));
#15731=CARTESIAN_POINT('Origin',(-33.2180829426183,3.99999999999985,-13.7643545523685));
#15732=CARTESIAN_POINT('',(-29.4059651433771,-1.47315865759748E-13,-2.28818966826163));
#15733=CARTESIAN_POINT('',(-28.3922598543966,-1.45130771208336E-13,-2.6762512842849));
#15734=CARTESIAN_POINT('Origin',(-20.70509507234,3.99999999999986,18.9224185303062));
#15735=CARTESIAN_POINT('',(-42.1712743266409,3.99999999999984,-21.8930055230748));
#15736=CARTESIAN_POINT('',(-55.0747548825908,3.99999999999983,-45.7101820061757));
#15737=CARTESIAN_POINT('',(-42.1712743266409,3.99999999999984,-21.8930055230748));
#15738=CARTESIAN_POINT('',(-42.9414199652294,3.99999999999984,-20.9540221182035));
#15739=CARTESIAN_POINT('Origin',(-33.2180829426183,3.99999999999985,-13.7643545523685));
#15740=CARTESIAN_POINT('',(-45.5148048376786,3.99999999999983,-21.6815040163829));
#15741=CARTESIAN_POINT('Origin',(-45.6513473372798,3.99999999999983,-16.2832305751979));
#15742=CARTESIAN_POINT('',(-45.8414215839906,3.99999999999983,-21.1496065145724));
#15743=CARTESIAN_POINT('Origin',(-33.2180829426183,3.99999999999985,-13.7643545523685));
#15744=CARTESIAN_POINT('',(-44.0285313007106,3.99999999999983,-19.18365421741));
#15745=CARTESIAN_POINT('Origin',(-41.0888161482033,3.99999999999984,-23.7133423768884));
#15746=CARTESIAN_POINT('',(-44.470928184465,3.99999999999983,-18.1924553332391));
#15747=CARTESIAN_POINT('Origin',(-33.2180829426183,3.99999999999985,-13.7643545523685));
#15748=CARTESIAN_POINT('',(-47.1449132639615,3.99999999999983,-18.2291078714798));
#15749=CARTESIAN_POINT('Origin',(-45.8796272134625,3.99999999999983,-12.9794363379063));
#15750=CARTESIAN_POINT('',(-47.3227356110117,3.99999999999983,-17.6307997031475));
#15751=CARTESIAN_POINT('Origin',(-33.2180829426183,3.99999999999985,-13.7643545523685));
#15752=CARTESIAN_POINT('',(-45.0627921698944,3.99999999999983,-16.2010461380602));
#15753=CARTESIAN_POINT('Origin',(-43.3956149462026,3.99999999999984,-21.3372431849815));
#15754=CARTESIAN_POINT('',(-45.2335735966748,3.99999999999983,-15.129120797841));
#15755=CARTESIAN_POINT('Origin',(-33.2180829426183,3.99999999999985,-13.7643545523685));
#15756=CARTESIAN_POINT('',(-47.82593121902,3.99999999999982,-14.4724461662331));
#15757=CARTESIAN_POINT('Origin',(-45.2450437717784,3.99999999999983,-9.72913297979151));
#15758=CARTESIAN_POINT('',(-47.8428408677224,3.99999999999982,-13.8485010442998));
#15759=CARTESIAN_POINT('Origin',(-33.2180829426183,3.99999999999985,-13.7643545523685));
#15760=CARTESIAN_POINT('',(-45.2898556795467,3.99999999999983,-13.0523815539687));
#15761=CARTESIAN_POINT('Origin',(-45.0088317573246,3.99999999999983,-18.4450641475523));
#15762=CARTESIAN_POINT('',(-45.1773831773477,3.99999999999983,-11.9727796981968));
#15763=CARTESIAN_POINT('Origin',(-33.2180829426183,3.99999999999985,-13.7643545523685));
#15764=CARTESIAN_POINT('',(-47.5114484546525,3.99999999999982,-10.6675291876782));
#15765=CARTESIAN_POINT('Origin',(-43.7908428250795,3.99999999999983,-6.75382330332894));
#15766=CARTESIAN_POINT('',(-47.3662930403924,3.99999999999982,-10.0604679410856));
#15767=CARTESIAN_POINT('Origin',(-33.2180829426183,3.99999999999985,-13.7643545523685));
#15768=CARTESIAN_POINT('',(-44.6942478267251,3.99999999999983,-9.95223675312721));
#15769=CARTESIAN_POINT('Origin',(-45.818528521858,3.99999999999983,-15.2339024864496));
#15770=CARTESIAN_POINT('',(-44.3061862107019,3.99999999999983,-8.93853146414695));
#15771=CARTESIAN_POINT('Origin',(-33.2180829426183,3.99999999999985,-13.7643545523685));
#15772=CARTESIAN_POINT('',(-46.2228964515432,3.99999999999982,-7.07365573998104));
#15773=CARTESIAN_POINT('Origin',(-41.6161257647028,3.99999999999983,-4.25626974603776));
#15774=CARTESIAN_POINT('',(-45.9255680759218,3.99999999999982,-6.52484858946825));
#15775=CARTESIAN_POINT('Origin',(-33.2180829426183,3.99999999999985,-13.7643545523685));
#15776=CARTESIAN_POINT('',(-43.3165583023108,3.99999999999983,-7.11188148048147));
#15777=CARTESIAN_POINT('Origin',(-45.769525743387,3.99999999999983,-11.9225935621821));
#15778=CARTESIAN_POINT('',(-42.6793533302933,3.99999999999983,-6.23315509850968));
#15779=CARTESIAN_POINT('Origin',(-33.2180829426183,3.99999999999985,-13.7643545523685));
#15780=CARTESIAN_POINT('',(-44.0480878992711,3.99999999999983,-3.93574235944553));
#15781=CARTESIAN_POINT('Origin',(-38.8690959644229,3.99999999999983,-2.40667645544495));
#15782=CARTESIAN_POINT('',(-43.6188489997287,3.99999999999983,-3.48258960537332));
#15783=CARTESIAN_POINT('Origin',(-33.2180829426183,3.99999999999985,-13.7643545523685));
#15784=CARTESIAN_POINT('',(-41.250674370653,3.99999999999983,-4.72488125395328));
#15785=CARTESIAN_POINT('Origin',(-44.8651628802837,3.99999999999983,-8.73679760574179));
#15786=CARTESIAN_POINT('',(-40.4077505084532,3.99999999999983,-4.04101752975733));
#15787=CARTESIAN_POINT('Origin',(-33.2180829426183,3.99999999999985,-13.7643545523685));
#15788=CARTESIAN_POINT('',(-41.1352324066325,3.99999999999983,-1.46763265730811));
#15789=CARTESIAN_POINT('Origin',(-35.7369589654476,3.99999999999984,-1.33109015770698));
#15790=CARTESIAN_POINT('',(-40.6033349048221,3.99999999999983,-1.14101591099617));
#15791=CARTESIAN_POINT('Origin',(-33.2180829426183,3.99999999999985,-13.7643545523685));
#15792=CARTESIAN_POINT('',(-38.6373826076597,3.99999999999984,-2.95390619427616));
#15793=CARTESIAN_POINT('Origin',(-43.1670707671381,3.99999999999983,-5.89362134678345));
#15794=CARTESIAN_POINT('',(-37.6461837234888,3.99999999999984,-2.51150931052176));
#15795=CARTESIAN_POINT('Origin',(-33.2180829426183,3.99999999999985,-13.7643545523685));
#15796=CARTESIAN_POINT('',(-37.6828362617295,3.99999999999984,0.162475768974696));
#15797=CARTESIAN_POINT('Origin',(-32.4331647281559,3.99999999999985,-1.1028102815243));
#15798=CARTESIAN_POINT('',(-37.0845280933972,3.99999999999984,0.340298116024905));
#15799=CARTESIAN_POINT('Origin',(-33.2180829426183,3.99999999999985,-13.7643545523685));
#15800=CARTESIAN_POINT('',(-35.6547745283099,3.99999999999984,-1.91964532509242));
#15801=CARTESIAN_POINT('Origin',(-40.7909715752312,3.99999999999983,-3.58682254878413));
#15802=CARTESIAN_POINT('',(-34.5828491880909,3.99999999999984,-1.74886389831205));
#15803=CARTESIAN_POINT('Origin',(-33.2180829426183,3.99999999999985,-13.7643545523685));
#15804=CARTESIAN_POINT('',(-33.9261745564829,3.99999999999984,0.843493724033249));
#15805=CARTESIAN_POINT('Origin',(-29.1828613700414,3.99999999999985,-1.73739372320835));
#15806=CARTESIAN_POINT('',(-33.3022294345496,3.99999999999984,0.860403372735583));
#15807=CARTESIAN_POINT('Origin',(-33.2180829426183,3.99999999999985,-13.7643545523685));
#15808=CARTESIAN_POINT('Origin',(-37.8987925378021,3.99999999999984,-1.97360573766227));
#15809=CARTESIAN_POINT('',(-30.1212575779281,3.99999999999985,0.529010959665761));
#15810=CARTESIAN_POINT('Origin',(-26.2075516935788,3.99999999999986,-3.19159466990718));
#15811=CARTESIAN_POINT('',(-29.5141963313354,3.99999999999985,0.383855545405667));
#15812=CARTESIAN_POINT('Origin',(-33.2180829426183,3.99999999999985,-13.7643545523685));
#15813=CARTESIAN_POINT('Origin',(-34.6876308766994,3.99999999999984,-1.16390897312884));
#15814=CARTESIAN_POINT('',(-26.5273841302307,3.99999999999986,-0.759541043443547));
#15815=CARTESIAN_POINT('Origin',(-23.7099981362874,3.99999999999987,-5.36631173028399));
#15816=CARTESIAN_POINT('',(-25.9785769797179,3.99999999999986,-1.05686941906491));
#15817=CARTESIAN_POINT('Origin',(-33.2180829426183,3.99999999999985,-13.7643545523685));
#15818=CARTESIAN_POINT('',(-26.5656098707311,3.99999999999986,-3.66587919267602));
#15819=CARTESIAN_POINT('Origin',(-31.3763219524317,3.99999999999985,-1.21291175159968));
#15820=CARTESIAN_POINT('',(-25.7286053587442,3.99999999999986,-4.27002318659304));
#15821=CARTESIAN_POINT('Origin',(-33.2180829426183,3.99999999999985,-13.7643545523685));
#15822=CARTESIAN_POINT('',(-25.1250773878317,3.99999999999986,-3.81195649866826));
#15823=CARTESIAN_POINT('',(-25.1250773878317,3.99999999999986,-3.81195649866826));
#15824=CARTESIAN_POINT('',(-23.3894707496952,3.99999999999986,-2.93434959571571));
#15825=CARTESIAN_POINT('Origin',(-21.8604048456947,3.99999999999987,-8.11334153056394));
#15826=CARTESIAN_POINT('',(-22.936317995623,3.99999999999987,-3.36358849525813));
#15827=CARTESIAN_POINT('Origin',(-33.2180829426183,3.99999999999985,-13.7643545523685));
#15828=CARTESIAN_POINT('',(-24.178609644203,3.99999999999986,-5.73176312433379));
#15829=CARTESIAN_POINT('Origin',(-28.1905259959915,3.99999999999986,-2.11727461470312));
#15830=CARTESIAN_POINT('',(-23.494745920007,3.99999999999987,-6.57468698653366));
#15831=CARTESIAN_POINT('Origin',(-33.2180829426183,3.99999999999985,-13.7643545523685));
#15832=CARTESIAN_POINT('',(-20.9213610475578,3.99999999999987,-5.84720508835429));
#15833=CARTESIAN_POINT('Origin',(-20.7848185479567,3.99999999999987,-11.2454785295392));
#15834=CARTESIAN_POINT('',(-20.5947443012459,3.99999999999987,-6.37910259016475));
#15835=CARTESIAN_POINT('Origin',(-33.2180829426183,3.99999999999985,-13.7643545523685));
#15836=CARTESIAN_POINT('',(-22.4076345845259,3.99999999999987,-8.34505488732717));
#15837=CARTESIAN_POINT('Origin',(-25.3473497370331,3.99999999999986,-3.81536672784874));
#15838=CARTESIAN_POINT('',(-21.9652377007715,3.99999999999987,-9.336253771498));
#15839=CARTESIAN_POINT('Origin',(-33.2180829426183,3.99999999999985,-13.7643545523685));
#15840=CARTESIAN_POINT('',(-19.291252621275,3.99999999999988,-9.29960123325734));
#15841=CARTESIAN_POINT('Origin',(-20.556538671774,3.99999999999988,-14.5492727668309));
#15842=CARTESIAN_POINT('',(-19.1134302742248,3.99999999999988,-9.89790940158965));
#15843=CARTESIAN_POINT('Origin',(-33.2180829426183,3.99999999999985,-13.7643545523685));
#15844=CARTESIAN_POINT('',(-21.3733737153421,3.99999999999987,-11.327662966677));
#15845=CARTESIAN_POINT('Origin',(-23.0405509390338,3.99999999999987,-6.19146591975562));
#15846=CARTESIAN_POINT('',(-21.2025922885618,3.99999999999987,-12.3995883068961));
#15847=CARTESIAN_POINT('Origin',(-33.2180829426183,3.99999999999985,-13.7643545523685));
#15848=CARTESIAN_POINT('',(-18.6102346662165,3.99999999999988,-13.0562629385041));
#15849=CARTESIAN_POINT('Origin',(-21.1911221134581,3.99999999999988,-17.7995761249456));
#15850=CARTESIAN_POINT('',(-18.5933250175141,3.99999999999988,-13.6802080604374));
#15851=CARTESIAN_POINT('Origin',(-33.2180829426183,3.99999999999985,-13.7643545523685));
#15852=CARTESIAN_POINT('',(-21.1463102056898,3.99999999999988,-14.4763275507684));
#15853=CARTESIAN_POINT('Origin',(-21.4273341279119,3.99999999999987,-9.08364495718488));
#15854=CARTESIAN_POINT('',(-21.2587827078888,3.99999999999988,-15.5559294065404));
#15855=CARTESIAN_POINT('Origin',(-33.2180829426183,3.99999999999985,-13.7643545523685));
#15856=CARTESIAN_POINT('',(-18.924717430584,3.99999999999988,-16.861179917059));
#15857=CARTESIAN_POINT('Origin',(-22.645323060157,3.99999999999988,-20.7748858014082));
#15858=CARTESIAN_POINT('',(-19.0698728448441,3.99999999999988,-17.4682411636516));
#15859=CARTESIAN_POINT('Origin',(-33.2180829426183,3.99999999999985,-13.7643545523685));
#15860=CARTESIAN_POINT('',(-21.7419180585114,3.99999999999988,-17.5764723516099));
#15861=CARTESIAN_POINT('Origin',(-20.6176373633785,3.99999999999988,-12.2948066182876));
#15862=CARTESIAN_POINT('',(-22.1299796745346,3.99999999999988,-18.5901776405902));
#15863=CARTESIAN_POINT('Origin',(-33.2180829426183,3.99999999999985,-13.7643545523685));
#15864=CARTESIAN_POINT('',(-20.2132694336934,3.99999999999988,-20.4550533647561));
#15865=CARTESIAN_POINT('Origin',(-24.8200401205338,3.99999999999987,-23.2724393586994));
#15866=CARTESIAN_POINT('',(-20.5105978093147,3.99999999999988,-21.0038605152689));
#15867=CARTESIAN_POINT('Origin',(-33.2180829426183,3.99999999999985,-13.7643545523685));
#15868=CARTESIAN_POINT('',(-23.1196075829257,3.99999999999987,-20.4168276242557));
#15869=CARTESIAN_POINT('Origin',(-20.6666401418495,3.99999999999988,-15.6061155425551));
#15870=CARTESIAN_POINT('',(-23.7568125549433,3.99999999999987,-21.2955540062274));
#15871=CARTESIAN_POINT('Origin',(-33.2180829426183,3.99999999999985,-13.7643545523685));
#15872=CARTESIAN_POINT('',(-22.3880779859655,3.99999999999988,-23.5929667452916));
#15873=CARTESIAN_POINT('Origin',(-27.5670699208137,3.99999999999987,-25.1220326492922));
#15874=CARTESIAN_POINT('',(-22.8173168855079,3.99999999999988,-24.0461194993638));
#15875=CARTESIAN_POINT('Origin',(-33.2180829426183,3.99999999999985,-13.7643545523685));
#15876=CARTESIAN_POINT('',(-25.1854915145835,3.99999999999987,-22.8038278507838));
#15877=CARTESIAN_POINT('Origin',(-21.5710030049529,3.99999999999988,-18.7919114989954));
#15878=CARTESIAN_POINT('',(-26.0284153767834,3.99999999999987,-23.4876915749798));
#15879=CARTESIAN_POINT('Origin',(-33.2180829426183,3.99999999999985,-13.7643545523685));
#15880=CARTESIAN_POINT('',(-25.3009334786041,3.99999999999987,-26.061076447429));
#15881=CARTESIAN_POINT('Origin',(-30.699206919789,3.99999999999986,-26.1976189470301));
#15882=CARTESIAN_POINT('',(-25.8328309804145,3.99999999999987,-26.387693193741));
#15883=CARTESIAN_POINT('Origin',(-33.2180829426183,3.99999999999985,-13.7643545523685));
#15884=CARTESIAN_POINT('',(-27.7987832775769,3.99999999999987,-24.5748029104609));
#15885=CARTESIAN_POINT('Origin',(-23.2690951180985,3.99999999999988,-21.6350877579537));
#15886=CARTESIAN_POINT('',(-28.7899821617478,3.99999999999987,-25.0171997942153));
#15887=CARTESIAN_POINT('Origin',(-33.2180829426183,3.99999999999985,-13.7643545523685));
#15888=CARTESIAN_POINT('',(-28.7533296235071,3.99999999999987,-27.6911848737118));
#15889=CARTESIAN_POINT('Origin',(-34.0030011570807,3.99999999999986,-26.4258988232128));
#15890=CARTESIAN_POINT('',(-29.3516377918394,3.99999999999987,-27.869007220762));
#15891=CARTESIAN_POINT('Origin',(-33.2180829426183,3.99999999999985,-13.7643545523685));
#15892=CARTESIAN_POINT('',(-30.7813913569267,3.99999999999986,-25.6090637796447));
#15893=CARTESIAN_POINT('Origin',(-25.6451943100054,3.99999999999987,-23.941886555953));
#15894=CARTESIAN_POINT('',(-31.8533166971459,3.99999999999986,-25.779845206425));
#15895=CARTESIAN_POINT('Origin',(-33.2180829426183,3.99999999999985,-13.7643545523685));
#15896=CARTESIAN_POINT('',(-32.5099913287539,3.99999999999986,-28.3722028287703));
#15897=CARTESIAN_POINT('Origin',(-37.2533045151954,3.99999999999985,-25.7913153815286));
#15898=CARTESIAN_POINT('',(-33.1339364506872,3.99999999999986,-28.3891124774727));
#15899=CARTESIAN_POINT('Origin',(-33.2180829426183,3.99999999999985,-13.7643545523685));
#15900=CARTESIAN_POINT('',(-33.9300559410182,3.99999999999986,-25.836127289297));
#15901=CARTESIAN_POINT('Origin',(-28.5373733474346,3.99999999999987,-25.5551033670749));
#15902=CARTESIAN_POINT('',(-35.1372490585937,3.99999999999985,-25.7038438204148));
#15903=CARTESIAN_POINT('Origin',(-33.2180829426183,3.99999999999985,-13.7643545523685));
#15904=CARTESIAN_POINT('',(-48.0407296145436,3.99999999999984,-49.5210203035157));
#15905=CARTESIAN_POINT('',(-35.1372490585937,3.99999999999985,-25.7038438204148));
#15906=CARTESIAN_POINT('Origin',(-51.5577422485672,3.99999999999983,-47.6156011548457));
#15907=CARTESIAN_POINT('',(-49.8767082043153,3.99999999999984,-48.2591262453171));
#15908=CARTESIAN_POINT('Origin',(-51.5577422485672,3.99999999999983,-47.6156011548457));
#15909=CARTESIAN_POINT('',(-36.3682755547411,3.99999999999985,-14.9071194041762));
#15910=CARTESIAN_POINT('',(-34.7644137948581,3.99999999999985,-10.7913954380497));
#15911=CARTESIAN_POINT('Origin',(-33.2180829426183,3.99999999999985,-13.7643545523685));
#15912=CARTESIAN_POINT('',(-38.7463819175637,3.99999999999985,-22.0972958364301));
#15913=CARTESIAN_POINT('',(-36.3682755547411,3.99999999999985,-14.9071194041762));
#15914=CARTESIAN_POINT('',(-34.6674856420408,3.99999999999985,-23.6587586180466));
#15915=CARTESIAN_POINT('Origin',(-33.2180829426183,3.99999999999985,-13.7643545523685));
#15916=CARTESIAN_POINT('',(-31.6717520903785,3.99999999999986,-16.7373136666873));
#15917=CARTESIAN_POINT('',(-31.6717520903785,3.99999999999986,-16.7373136666874));
#15918=CARTESIAN_POINT('',(-30.0817911609074,3.99999999999986,-12.5839737409465));
#15919=CARTESIAN_POINT('Origin',(-33.2180829426183,3.99999999999985,-13.7643545523685));
#15920=CARTESIAN_POINT('',(-27.6897839676728,3.99999999999986,-5.43141326830699));
#15921=CARTESIAN_POINT('',(-30.0817911609074,3.99999999999986,-12.5839737409465));
#15922=CARTESIAN_POINT('',(-31.7686802431957,3.99999999999985,-3.86995048669046));
#15923=CARTESIAN_POINT('Origin',(-33.2180829426183,3.99999999999985,-13.7643545523685));
#15924=CARTESIAN_POINT('',(-34.7644137948581,3.99999999999985,-10.7913954380497));
#15925=CARTESIAN_POINT('Origin',(-21.8604048456947,3.99999999999987,-8.11334153056394));
#15926=CARTESIAN_POINT('',(-23.3894707496952,3.99999999999986,-2.93434959571571));
#15927=CARTESIAN_POINT('',(-25.1250773878317,3.99999999999986,-3.81195649866826));
#15928=CARTESIAN_POINT('Origin',(-33.2180829426183,3.99999999999985,-13.7643545523685));
#15929=CARTESIAN_POINT('',(-22.936317995623,3.99999999999987,-3.36358849525813));
#15930=CARTESIAN_POINT('Origin',(-28.1905259959915,3.99999999999986,-2.11727461470312));
#15931=CARTESIAN_POINT('',(-24.178609644203,3.99999999999986,-5.73176312433379));
#15932=CARTESIAN_POINT('Origin',(-33.2180829426183,3.99999999999985,-13.7643545523685));
#15933=CARTESIAN_POINT('',(-23.494745920007,3.99999999999987,-6.57468698653366));
#15934=CARTESIAN_POINT('Origin',(-20.7848185479567,3.99999999999987,-11.2454785295392));
#15935=CARTESIAN_POINT('',(-20.9213610475578,3.99999999999987,-5.84720508835429));
#15936=CARTESIAN_POINT('Origin',(-33.2180829426183,3.99999999999985,-13.7643545523685));
#15937=CARTESIAN_POINT('',(-20.5947443012459,3.99999999999987,-6.37910259016475));
#15938=CARTESIAN_POINT('Origin',(-25.3473497370331,3.99999999999986,-3.81536672784874));
#15939=CARTESIAN_POINT('',(-22.4076345845259,3.99999999999987,-8.34505488732717));
#15940=CARTESIAN_POINT('Origin',(-33.2180829426183,3.99999999999985,-13.7643545523685));
#15941=CARTESIAN_POINT('',(-21.9652377007715,3.99999999999987,-9.336253771498));
#15942=CARTESIAN_POINT('Origin',(-20.556538671774,3.99999999999988,-14.5492727668309));
#15943=CARTESIAN_POINT('',(-19.291252621275,3.99999999999988,-9.29960123325734));
#15944=CARTESIAN_POINT('Origin',(-33.2180829426183,3.99999999999985,-13.7643545523685));
#15945=CARTESIAN_POINT('',(-19.1134302742248,3.99999999999988,-9.89790940158965));
#15946=CARTESIAN_POINT('Origin',(-23.0405509390338,3.99999999999987,-6.19146591975562));
#15947=CARTESIAN_POINT('',(-21.3733737153421,3.99999999999987,-11.327662966677));
#15948=CARTESIAN_POINT('Origin',(-33.2180829426183,3.99999999999985,-13.7643545523685));
#15949=CARTESIAN_POINT('',(-21.2025922885618,3.99999999999987,-12.3995883068961));
#15950=CARTESIAN_POINT('Origin',(-21.1911221134581,3.99999999999988,-17.7995761249456));
#15951=CARTESIAN_POINT('',(-18.6102346662165,3.99999999999988,-13.0562629385041));
#15952=CARTESIAN_POINT('Origin',(-33.2180829426183,3.99999999999985,-13.7643545523685));
#15953=CARTESIAN_POINT('',(-18.5933250175141,3.99999999999988,-13.6802080604374));
#15954=CARTESIAN_POINT('Origin',(-21.4273341279119,3.99999999999987,-9.08364495718488));
#15955=CARTESIAN_POINT('',(-21.1463102056898,3.99999999999988,-14.4763275507684));
#15956=CARTESIAN_POINT('Origin',(-33.2180829426183,3.99999999999985,-13.7643545523685));
#15957=CARTESIAN_POINT('',(-21.2587827078888,3.99999999999988,-15.5559294065404));
#15958=CARTESIAN_POINT('Origin',(-22.645323060157,3.99999999999988,-20.7748858014082));
#15959=CARTESIAN_POINT('',(-18.924717430584,3.99999999999988,-16.861179917059));
#15960=CARTESIAN_POINT('Origin',(-33.2180829426183,3.99999999999985,-13.7643545523685));
#15961=CARTESIAN_POINT('',(-19.0698728448441,3.99999999999988,-17.4682411636516));
#15962=CARTESIAN_POINT('Origin',(-20.6176373633785,3.99999999999988,-12.2948066182876));
#15963=CARTESIAN_POINT('',(-21.7419180585114,3.99999999999988,-17.5764723516099));
#15964=CARTESIAN_POINT('Origin',(-33.2180829426183,3.99999999999985,-13.7643545523685));
#15965=CARTESIAN_POINT('',(-22.1299796745346,3.99999999999988,-18.5901776405902));
#15966=CARTESIAN_POINT('Origin',(-24.8200401205338,3.99999999999987,-23.2724393586994));
#15967=CARTESIAN_POINT('',(-20.2132694336934,3.99999999999988,-20.4550533647561));
#15968=CARTESIAN_POINT('Origin',(-33.2180829426183,3.99999999999985,-13.7643545523685));
#15969=CARTESIAN_POINT('',(-20.5105978093147,3.99999999999988,-21.0038605152689));
#15970=CARTESIAN_POINT('Origin',(-20.6666401418495,3.99999999999988,-15.6061155425551));
#15971=CARTESIAN_POINT('',(-23.1196075829257,3.99999999999987,-20.4168276242557));
#15972=CARTESIAN_POINT('Origin',(-33.2180829426183,3.99999999999985,-13.7643545523685));
#15973=CARTESIAN_POINT('',(-23.7568125549433,3.99999999999987,-21.2955540062274));
#15974=CARTESIAN_POINT('Origin',(-27.5670699208137,3.99999999999987,-25.1220326492922));
#15975=CARTESIAN_POINT('',(-22.3880779859655,3.99999999999988,-23.5929667452916));
#15976=CARTESIAN_POINT('Origin',(-33.2180829426183,3.99999999999985,-13.7643545523685));
#15977=CARTESIAN_POINT('',(-22.8173168855079,3.99999999999988,-24.0461194993638));
#15978=CARTESIAN_POINT('Origin',(-21.5710030049529,3.99999999999988,-18.7919114989954));
#15979=CARTESIAN_POINT('',(-25.1854915145835,3.99999999999987,-22.8038278507838));
#15980=CARTESIAN_POINT('Origin',(-33.2180829426183,3.99999999999985,-13.7643545523685));
#15981=CARTESIAN_POINT('',(-26.0284153767834,3.99999999999987,-23.4876915749798));
#15982=CARTESIAN_POINT('Origin',(-30.699206919789,3.99999999999986,-26.1976189470301));
#15983=CARTESIAN_POINT('',(-25.3009334786041,3.99999999999987,-26.061076447429));
#15984=CARTESIAN_POINT('Origin',(-33.2180829426183,3.99999999999985,-13.7643545523685));
#15985=CARTESIAN_POINT('',(-25.8328309804145,3.99999999999987,-26.387693193741));
#15986=CARTESIAN_POINT('Origin',(-23.2690951180985,3.99999999999988,-21.6350877579537));
#15987=CARTESIAN_POINT('',(-27.7987832775769,3.99999999999987,-24.5748029104609));
#15988=CARTESIAN_POINT('Origin',(-33.2180829426183,3.99999999999985,-13.7643545523685));
#15989=CARTESIAN_POINT('',(-28.7899821617478,3.99999999999987,-25.0171997942153));
#15990=CARTESIAN_POINT('Origin',(-34.0030011570807,3.99999999999986,-26.4258988232128));
#15991=CARTESIAN_POINT('',(-28.7533296235071,3.99999999999987,-27.6911848737118));
#15992=CARTESIAN_POINT('Origin',(-33.2180829426183,3.99999999999985,-13.7643545523685));
#15993=CARTESIAN_POINT('',(-29.3516377918394,3.99999999999987,-27.869007220762));
#15994=CARTESIAN_POINT('Origin',(-25.6451943100054,3.99999999999987,-23.941886555953));
#15995=CARTESIAN_POINT('',(-30.7813913569267,3.99999999999986,-25.6090637796447));
#15996=CARTESIAN_POINT('Origin',(-33.2180829426183,3.99999999999985,-13.7643545523685));
#15997=CARTESIAN_POINT('',(-31.8533166971459,3.99999999999986,-25.779845206425));
#15998=CARTESIAN_POINT('Origin',(-37.2533045151954,3.99999999999985,-25.7913153815286));
#15999=CARTESIAN_POINT('',(-32.5099913287539,3.99999999999986,-28.3722028287703));
#16000=CARTESIAN_POINT('Origin',(-33.2180829426183,3.99999999999985,-13.7643545523685));
#16001=CARTESIAN_POINT('',(-33.1339364506872,3.99999999999986,-28.3891124774727));
#16002=CARTESIAN_POINT('Origin',(-28.5373733474346,3.99999999999987,-25.5551033670749));
#16003=CARTESIAN_POINT('',(-33.9300559410182,3.99999999999986,-25.836127289297));
#16004=CARTESIAN_POINT('Origin',(-33.2180829426183,3.99999999999985,-13.7643545523685));
#16005=CARTESIAN_POINT('',(-35.1372490585937,-1.46176656500084E-13,-25.7038438204148));
#16006=CARTESIAN_POINT('Origin',(-33.2180829426183,-1.26565424807268E-13,
-13.7643545523685));
#16007=CARTESIAN_POINT('',(-35.1372490585937,-1.46176656500084E-13,-25.7038438204148));
#16008=CARTESIAN_POINT('Origin',(-33.2180829426183,3.99999999999985,-13.7643545523685));
#16009=CARTESIAN_POINT('',(-42.9414199652294,-1.63927461479208E-13,-20.9540221182035));
#16010=CARTESIAN_POINT('',(-42.1712743266409,-1.61927975758728E-13,-21.8930055230748));
#16011=CARTESIAN_POINT('Origin',(-33.2180829426183,-1.26565424807268E-13,
-13.7643545523685));
#16012=CARTESIAN_POINT('',(-42.9414199652294,3.99999999999984,-20.9540221182035));
#16013=CARTESIAN_POINT('',(-42.1712743266409,-1.61927975758728E-13,-21.8930055230748));
#16014=CARTESIAN_POINT('Origin',(-45.6513473372798,3.99999999999983,-16.2832305751979));
#16015=CARTESIAN_POINT('Origin',(-45.6513473372798,-1.49880108324396E-13,
-16.2832305751979));
#16016=CARTESIAN_POINT('',(-45.5148048376786,3.99999999999983,-21.6815040163829));
#16017=CARTESIAN_POINT('Origin',(-33.2180829426183,3.99999999999985,-13.7643545523685));
#16018=CARTESIAN_POINT('',(-45.8414215839906,3.99999999999983,-21.1496065145724));
#16019=CARTESIAN_POINT('Origin',(-41.0888161482033,3.99999999999984,-23.7133423768884));
#16020=CARTESIAN_POINT('',(-44.0285313007106,-1.6698429370111E-13,-19.18365421741));
#16021=CARTESIAN_POINT('Origin',(-41.0888161482033,-1.37112543541207E-13,
-23.7133423768884));
#16022=CARTESIAN_POINT('',(-44.0285313007106,3.99999999999983,-19.18365421741));
#16023=CARTESIAN_POINT('Origin',(-33.2180829426183,3.99999999999985,-13.7643545523685));
#16024=CARTESIAN_POINT('',(-44.470928184465,-1.68370917777844E-13,-18.1924553332391));
#16025=CARTESIAN_POINT('Origin',(-33.2180829426183,-1.26565424807268E-13,
-13.7643545523685));
#16026=CARTESIAN_POINT('',(-44.470928184465,3.99999999999983,-18.1924553332391));
#16027=CARTESIAN_POINT('Origin',(-45.8796272134625,3.99999999999983,-12.9794363379063));
#16028=CARTESIAN_POINT('Origin',(-45.8796272134625,-1.52100554373646E-13,
-12.9794363379063));
#16029=CARTESIAN_POINT('',(-47.1449132639615,3.99999999999983,-18.2291078714798));
#16030=CARTESIAN_POINT('Origin',(-33.2180829426183,3.99999999999985,-13.7643545523685));
#16031=CARTESIAN_POINT('',(-47.3227356110117,3.99999999999983,-17.6307997031475));
#16032=CARTESIAN_POINT('Origin',(-43.3956149462026,3.99999999999984,-21.3372431849815));
#16033=CARTESIAN_POINT('',(-45.0627921698944,-1.70576572001279E-13,-16.2010461380602));
#16034=CARTESIAN_POINT('Origin',(-43.3956149462026,-1.42663658664333E-13,
-21.3372431849815));
#16035=CARTESIAN_POINT('',(-45.0627921698944,3.99999999999983,-16.2010461380602));
#16036=CARTESIAN_POINT('Origin',(-33.2180829426183,3.99999999999985,-13.7643545523685));
#16037=CARTESIAN_POINT('',(-45.2335735966748,-1.7147503261232E-13,-15.129120797841));
#16038=CARTESIAN_POINT('Origin',(-33.2180829426183,-1.26565424807268E-13,
-13.7643545523685));
#16039=CARTESIAN_POINT('',(-45.2335735966748,3.99999999999983,-15.129120797841));
#16040=CARTESIAN_POINT('Origin',(-45.2450437717784,3.99999999999983,-9.72913297979151));
#16041=CARTESIAN_POINT('Origin',(-45.2450437717784,-1.52100554373646E-13,
-9.72913297979151));
#16042=CARTESIAN_POINT('',(-47.82593121902,3.99999999999982,-14.4724461662331));
#16043=CARTESIAN_POINT('Origin',(-33.2180829426183,3.99999999999985,-13.7643545523685));
#16044=CARTESIAN_POINT('',(-47.8428408677224,3.99999999999982,-13.8485010442998));
#16045=CARTESIAN_POINT('Origin',(-45.0088317573246,3.99999999999983,-18.4450641475523));
#16046=CARTESIAN_POINT('',(-45.2898556795467,3.99999999999983,-13.0523815539687));
#16047=CARTESIAN_POINT('Origin',(-33.2180829426183,3.99999999999985,-13.7643545523685));
#16048=CARTESIAN_POINT('',(-45.1773831773477,3.99999999999983,-11.9727796981968));
#16049=CARTESIAN_POINT('Origin',(-43.7908428250795,3.99999999999983,-6.75382330332894));
#16050=CARTESIAN_POINT('',(-47.5114484546525,3.99999999999982,-10.6675291876782));
#16051=CARTESIAN_POINT('Origin',(-33.2180829426183,3.99999999999985,-13.7643545523685));
#16052=CARTESIAN_POINT('',(-47.3662930403924,3.99999999999982,-10.0604679410856));
#16053=CARTESIAN_POINT('Origin',(-45.818528521858,3.99999999999983,-15.2339024864496));
#16054=CARTESIAN_POINT('',(-44.6942478267251,3.99999999999983,-9.95223675312721));
#16055=CARTESIAN_POINT('Origin',(-33.2180829426183,3.99999999999985,-13.7643545523685));
#16056=CARTESIAN_POINT('',(-44.3061862107019,3.99999999999983,-8.93853146414695));
#16057=CARTESIAN_POINT('Origin',(-41.6161257647028,3.99999999999983,-4.25626974603776));
#16058=CARTESIAN_POINT('',(-46.2228964515432,3.99999999999982,-7.07365573998104));
#16059=CARTESIAN_POINT('Origin',(-33.2180829426183,3.99999999999985,-13.7643545523685));
#16060=CARTESIAN_POINT('',(-45.9255680759218,3.99999999999982,-6.52484858946825));
#16061=CARTESIAN_POINT('Origin',(-45.769525743387,3.99999999999983,-11.9225935621821));
#16062=CARTESIAN_POINT('',(-43.3165583023108,3.99999999999983,-7.11188148048147));
#16063=CARTESIAN_POINT('Origin',(-33.2180829426183,3.99999999999985,-13.7643545523685));
#16064=CARTESIAN_POINT('',(-42.6793533302933,3.99999999999983,-6.23315509850968));
#16065=CARTESIAN_POINT('Origin',(-38.8690959644229,3.99999999999983,-2.40667645544495));
#16066=CARTESIAN_POINT('',(-44.0480878992711,3.99999999999983,-3.93574235944553));
#16067=CARTESIAN_POINT('Origin',(-33.2180829426183,3.99999999999985,-13.7643545523685));
#16068=CARTESIAN_POINT('',(-43.6188489997287,3.99999999999983,-3.48258960537332));
#16069=CARTESIAN_POINT('Origin',(-44.8651628802837,3.99999999999983,-8.73679760574179));
#16070=CARTESIAN_POINT('',(-41.250674370653,3.99999999999983,-4.72488125395328));
#16071=CARTESIAN_POINT('Origin',(-33.2180829426183,3.99999999999985,-13.7643545523685));
#16072=CARTESIAN_POINT('',(-40.4077505084532,3.99999999999983,-4.04101752975733));
#16073=CARTESIAN_POINT('Origin',(-35.7369589654476,3.99999999999984,-1.33109015770698));
#16074=CARTESIAN_POINT('',(-41.1352324066325,3.99999999999983,-1.46763265730811));
#16075=CARTESIAN_POINT('Origin',(-33.2180829426183,3.99999999999985,-13.7643545523685));
#16076=CARTESIAN_POINT('',(-40.6033349048221,3.99999999999983,-1.14101591099617));
#16077=CARTESIAN_POINT('Origin',(-43.1670707671381,3.99999999999983,-5.89362134678345));
#16078=CARTESIAN_POINT('',(-38.6373826076597,3.99999999999984,-2.95390619427616));
#16079=CARTESIAN_POINT('Origin',(-33.2180829426183,3.99999999999985,-13.7643545523685));
#16080=CARTESIAN_POINT('',(-37.6461837234888,3.99999999999984,-2.51150931052176));
#16081=CARTESIAN_POINT('Origin',(-32.4331647281559,3.99999999999985,-1.1028102815243));
#16082=CARTESIAN_POINT('',(-37.6828362617295,3.99999999999984,0.162475768974696));
#16083=CARTESIAN_POINT('Origin',(-33.2180829426183,3.99999999999985,-13.7643545523685));
#16084=CARTESIAN_POINT('',(-37.0845280933972,3.99999999999984,0.340298116024905));
#16085=CARTESIAN_POINT('Origin',(-40.7909715752312,3.99999999999983,-3.58682254878413));
#16086=CARTESIAN_POINT('',(-35.6547745283099,3.99999999999984,-1.91964532509242));
#16087=CARTESIAN_POINT('Origin',(-33.2180829426183,3.99999999999985,-13.7643545523685));
#16088=CARTESIAN_POINT('',(-34.5828491880909,-1.57714900319907E-13,-1.74886389831205));
#16089=CARTESIAN_POINT('Origin',(-24.9280518405318,-1.36157997816444E-13,
-6.85976133902246));
#16090=CARTESIAN_POINT('',(-23.9255768088131,-9.98963210338478E-14,-5.00939820274926));
#16091=CARTESIAN_POINT('',(-48.0407296145436,-1.58839313980373E-13,-49.5210203035157));
#16092=CARTESIAN_POINT('Origin',(-31.962077108579,-1.51909317075088E-13,
-3.04892304168242));
#16093=CARTESIAN_POINT('',(-30.9596020768603,-1.13326889881365E-13,-1.19855990540922));
#16094=CARTESIAN_POINT('',(-55.0747548825908,-1.74590633239018E-13,-45.7101820061757));
#16095=CARTESIAN_POINT('Origin',(-51.5577422485672,-1.66714973609695E-13,
-47.6156011548457));
#16096=CARTESIAN_POINT('Origin',(-51.5577422485672,-1.66714973609695E-13,
-47.6156011548457));
#16097=CARTESIAN_POINT('',(-49.8767082043153,-1.63091417167047E-13,-48.2591262453171));
#16098=CARTESIAN_POINT('Origin',(-33.2180829426183,-1.48717595066016E-13,
-13.7643545523685));
#16099=CARTESIAN_POINT('',(-26.5273841302307,-1.42496958267731E-13,-0.75954104344355));
#16100=CARTESIAN_POINT('',(-25.9785769797179,-1.4126801234989E-13,-1.05686941906491));
#16101=CARTESIAN_POINT('Origin',(-31.3763219524317,-1.51732199525329E-13,
-1.21291175159969));
#16102=CARTESIAN_POINT('',(-26.5656098707311,-1.41040347024446E-13,-3.66587919267602));
#16103=CARTESIAN_POINT('Origin',(-33.2180829426183,-1.48717595066016E-13,
-13.7643545523685));
#16104=CARTESIAN_POINT('',(-25.7286053587442,-1.39086649886769E-13,-4.27002318659304));
#16105=CARTESIAN_POINT('Origin',(-28.2150544261848,-1.42950490686138E-13,
-6.15719253732615));
#16106=CARTESIAN_POINT('Origin',(-23.7099981362874,-1.34564971747974E-13,
-5.36631173028399));
#16107=CARTESIAN_POINT('Origin',(-32.5468065578056,-1.52891604642727E-13,
-3.3529531364651));
#16108=CARTESIAN_POINT('',(-36.3682755547411,-1.54270507254908E-13,-14.9071194041762));
#16109=CARTESIAN_POINT('',(-38.7463819175637,-1.55128600589793E-13,-22.0972958364301));
#16110=CARTESIAN_POINT('',(-32.9719803901311,-1.08740767693192E-13,-4.6384611846289));
#16111=CARTESIAN_POINT('',(-38.7463819175637,-1.55128600589793E-13,-22.0972958364301));
#16112=CARTESIAN_POINT('Origin',(-33.2180829426183,-1.48717595066016E-13,
-13.7643545523685));
#16113=CARTESIAN_POINT('',(-34.6674856420407,-1.46336327209843E-13,-23.6587586180466));
#16114=CARTESIAN_POINT('Origin',(-33.2180829426183,-1.26701477243329E-13,
-13.7643545523685));
#16115=CARTESIAN_POINT('',(-34.6674856420407,-1.46336327209843E-13,-23.6587586180466));
#16116=CARTESIAN_POINT('Origin',(-26.8213380997536,-1.40557433777151E-13,
-5.53075178511283));
#16117=CARTESIAN_POINT('',(-26.6677141625256,-1.02058424684944E-13,-5.17581380201187));
#16118=CARTESIAN_POINT('',(-31.6717520903785,-1.44129890884947E-13,-16.7373136666874));
#16119=CARTESIAN_POINT('Origin',(-33.2180829426183,-1.48717595066016E-13,
-13.7643545523685));
#16120=CARTESIAN_POINT('',(-30.0817911609074,-1.43211662255161E-13,-12.5839737409465));
#16121=CARTESIAN_POINT('Origin',(-27.5499253021177,-1.42253670695582E-13,
-5.0132090230043));
#16122=CARTESIAN_POINT('',(-27.6897839676728,-1.42306589542238E-13,-5.43141326830699));
#16123=CARTESIAN_POINT('',(-27.9588358057646,-1.01249842400518E-13,-6.23592988835285));
#16124=CARTESIAN_POINT('',(-27.6897839676728,-1.42306589542238E-13,-5.43141326830699));
#16125=CARTESIAN_POINT('Origin',(-33.2180829426183,-1.48717595066016E-13,
-13.7643545523685));
#16126=CARTESIAN_POINT('',(-31.7686802431957,-1.51098862922188E-13,-3.86995048669047));
#16127=CARTESIAN_POINT('Origin',(-33.2180829426183,-1.26701477243329E-13,
-13.7643545523685));
#16128=CARTESIAN_POINT('',(-31.7686802431957,-1.51098862922188E-13,-3.86995048669047));
#16129=CARTESIAN_POINT('Origin',(-31.5935222009962,-1.50969854430531E-13,
-3.46525937315708));
#16130=CARTESIAN_POINT('',(-31.4398982637682,-1.10202925410282E-13,-3.11032139005606));
#16131=CARTESIAN_POINT('',(-34.7644137948581,-1.53305299247084E-13,-10.7913954380497));
#16132=CARTESIAN_POINT('Origin',(-33.2180829426183,-1.48717595066016E-13,
-13.7643545523685));
#16133=CARTESIAN_POINT('Origin',(-34.6876308766994,-3.68498548260961,-1.16390897312885));
#16134=CARTESIAN_POINT('',(-29.5141963313354,-1.48935187541731E-13,0.383855545405665));
#16135=CARTESIAN_POINT('Origin',(-33.2180829426182,-3.6849854826096,-13.7643545523685));
#16136=CARTESIAN_POINT('',(-30.121257577928,-1.50197776159736E-13,0.529010959665759));
#16137=CARTESIAN_POINT('Origin',(-26.2075516935788,-3.68498548260959,-3.19159466990718));
#16138=CARTESIAN_POINT('Origin',(-37.8987925378021,-3.68498548260962,-1.97360573766228));
#16139=CARTESIAN_POINT('',(-33.3022294345496,-1.5658753416594E-13,0.860403372735581));
#16140=CARTESIAN_POINT('Origin',(-33.2180829426182,-3.6849854826096,-13.7643545523685));
#16141=CARTESIAN_POINT('',(-33.9261745564829,-1.57797722156318E-13,0.843493724033246));
#16142=CARTESIAN_POINT('Origin',(-29.1828613700413,-3.6849854826096,-1.73739372320836));
#16143=CARTESIAN_POINT('Origin',(6.59504341455612,-4.6074255521944E-14,
-19.1511411332225));
#16144=CARTESIAN_POINT('Origin',(-33.2180829426182,-9.2148511043888E-14,
-13.7643545523685));
#16145=CARTESIAN_POINT('Origin',(6.59504341455612,-4.6074255521944E-14,
-19.1511411332225));
#16146=CARTESIAN_POINT('',(-59.8200065846965,-1.53765888910584E-13,6.47391757103763));
#16147=CARTESIAN_POINT('Origin',(6.59504341455612,-4.6074255521944E-14,
-19.1511411332225));
#16148=CARTESIAN_POINT('',(-35.404188807796,-7.04991620636974E-14,-26.7054109677558));
#16149=CARTESIAN_POINT('',(-32.0104574125499,-7.04991620636974E-14,-24.6842510985418));
#16150=CARTESIAN_POINT('Origin',(-37.4509329791519,-7.82707232360735E-14,
-23.2687209472534));
#16151=CARTESIAN_POINT('Origin',(6.59504341455612,-4.6074255521944E-14,
-19.1511411332225));
#16152=CARTESIAN_POINT('',(-59.8200065846965,-1.53765888910584E-13,6.47391757103763));
#16153=CARTESIAN_POINT('Origin',(6.59504341455612,-4.6074255521944E-14,
-19.1511411332225));
#16154=CARTESIAN_POINT('',(-59.8200065846965,-1.53765888910584E-13,6.47391757103763));
#16155=CARTESIAN_POINT('Origin',(6.59504341455612,-4.6074255521944E-14,
-19.1511411332225));
#16156=CARTESIAN_POINT('Origin',(-33.2180829426182,-9.2148511043888E-14,
-13.7643545523685));
#16157=CARTESIAN_POINT('Origin',(-36.8633310696428,-1.32678023608495E-13,
-54.0636200585063));
#16158=CARTESIAN_POINT('',(-14.8294212493082,-4.82947015711943E-14,-28.1861131527956));
#16159=CARTESIAN_POINT('Origin',(-15.7504561264183,-5.21804821573824E-14,
-26.6396026435695));
#16160=CARTESIAN_POINT('',(-17.2891491538037,-1.69938909749972E-13,-25.8059817660263));
#16161=CARTESIAN_POINT('Origin',(-15.7504561264184,-1.66873074920098E-13,
-26.6396026435695));
#16162=CARTESIAN_POINT('Origin',(-36.8633310696428,-1.32678023608495E-13,
-54.0636200585063));
#16163=CARTESIAN_POINT('',(-15.6149999646605,-1.56938950992562E-13,-31.6377674696073));
#16164=CARTESIAN_POINT('',(-15.7434417187093,-4.21884749357559E-14,-32.4549782470359));
#16165=CARTESIAN_POINT('',(-34.2255715941251,-1.27422306757281E-13,-55.4926844200088));
#16166=CARTESIAN_POINT('Origin',(-36.8633310696428,3.99999999999987,-54.0636200585063));
#16167=CARTESIAN_POINT('',(-35.674810082239,3.99999999999987,-56.8181468531664));
#16168=CARTESIAN_POINT('',(-34.2255715941251,3.99999999999987,-55.4926844200088));
#16169=CARTESIAN_POINT('Origin',(-36.8633310696428,3.99999999999987,-54.0636200585063));
#16170=CARTESIAN_POINT('',(-20.0112657571901,3.99999999999983,-29.2559935337698));
#16171=CARTESIAN_POINT('',(-34.2255715941251,3.99999999999987,-55.4926844200088));
#16172=CARTESIAN_POINT('',(-19.6924956157266,3.99999999999983,-27.3180749456825));
#16173=CARTESIAN_POINT('Origin',(-22.6490252327078,3.99999999999983,-27.8269291722673));
#16174=CARTESIAN_POINT('',(-14.1657614765466,3.99999999999984,-30.3123050364497));
#16175=CARTESIAN_POINT('Origin',(-15.7504561264184,3.99999999999983,-26.6396026435695));
#16176=CARTESIAN_POINT('',(-15.6149999646605,3.99999999999984,-31.6377674696073));
#16177=CARTESIAN_POINT('Origin',(-12.9772404891428,3.99999999999985,-33.0668318311098));
#16178=CARTESIAN_POINT('',(-29.8293058015956,3.99999999999988,-57.8744583558463));
#16179=CARTESIAN_POINT('',(-15.6149999646606,3.99999999999984,-31.6377674696073));
#16180=CARTESIAN_POINT('',(-30.148075943059,3.99999999999988,-59.8123769439336));
#16181=CARTESIAN_POINT('Origin',(-27.1915463260779,3.99999999999989,-59.3035227173488));
#16182=CARTESIAN_POINT('Origin',(-34.0901154323673,3.99999999999988,-60.4908492460466));
#16183=CARTESIAN_POINT('',(-17.2891491538037,3.99999999999983,-25.8059817660263));
#16184=CARTESIAN_POINT('Origin',(-15.7504561264184,3.99999999999983,-26.6396026435695));
#16185=CARTESIAN_POINT('',(-35.6288084597526,3.99999999999988,-59.6572283685035));
#16186=CARTESIAN_POINT('Origin',(-34.0901154323673,3.99999999999988,-60.4908492460466));
#16187=CARTESIAN_POINT('Origin',(-36.8633310696428,3.99999999999987,-54.0636200585063));
#16188=CARTESIAN_POINT('',(-34.2255715941251,3.99999999999987,-55.4926844200088));
#16189=CARTESIAN_POINT('',(-35.674810082239,3.99999999999987,-56.8181468531664));
#16190=CARTESIAN_POINT('Origin',(-34.2255715941251,3.99999999999987,-55.4926844200088));
#16191=CARTESIAN_POINT('',(-20.0112657571901,3.99999999999983,-29.2559935337698));
#16192=CARTESIAN_POINT('Origin',(-22.6490252327078,3.99999999999983,-27.8269291722673));
#16193=CARTESIAN_POINT('',(-19.6924956157266,3.99999999999983,-27.3180749456825));
#16194=CARTESIAN_POINT('Origin',(-15.7504561264184,3.99999999999983,-26.6396026435695));
#16195=CARTESIAN_POINT('',(-14.1657614765466,3.99999999999984,-30.3123050364497));
#16196=CARTESIAN_POINT('Origin',(-12.9772404891428,3.99999999999985,-33.0668318311098));
#16197=CARTESIAN_POINT('',(-15.6149999646605,3.99999999999984,-31.6377674696073));
#16198=CARTESIAN_POINT('Origin',(-29.8293058015956,3.99999999999988,-57.8744583558463));
#16199=CARTESIAN_POINT('',(-29.8293058015956,3.99999999999988,-57.8744583558463));
#16200=CARTESIAN_POINT('Origin',(-27.1915463260779,3.99999999999989,-59.3035227173488));
#16201=CARTESIAN_POINT('',(-30.148075943059,3.99999999999988,-59.8123769439336));
#16202=CARTESIAN_POINT('Origin',(-34.0901154323673,3.99999999999988,-60.4908492460466));
#16203=CARTESIAN_POINT('Origin',(-34.0901154323673,3.99999999999988,-60.4908492460466));
#16204=CARTESIAN_POINT('',(-35.6288084597526,3.99999999999988,-59.6572283685035));
#16205=CARTESIAN_POINT('Origin',(-15.7504561264184,3.99999999999983,-26.6396026435695));
#16206=CARTESIAN_POINT('',(-17.2891491538037,3.99999999999983,-25.8059817660263));
#16207=CARTESIAN_POINT('Origin',(6.59504341455612,-4.6074255521944E-14,
-19.1511411332225));
#16208=CARTESIAN_POINT('',(-1.17682985057596,-7.38298311375729E-14,-8.16103447741071));
#16209=CARTESIAN_POINT('',(-1.18033033682249,0.,-8.15848689796783));
#16210=CARTESIAN_POINT('Origin',(1.9989916334276,0.,-3.79363732329918));
#16211=CARTESIAN_POINT('',(-1.27819450190455,-6.99440505513849E-14,-10.1524640627146));
#16212=CARTESIAN_POINT('',(-1.08024722802855,-7.71605002114484E-14,-6.26355355633858));
#16213=CARTESIAN_POINT('',(-1.9478556558632,0.,-8.92601221700855));
#16214=CARTESIAN_POINT('Origin',(-6.31270523053182,0.,-12.1053341872587));
#16215=CARTESIAN_POINT('Origin',(-10.1063425538311,0.,-6.07153216591882E-15));
#16216=CARTESIAN_POINT('Ctrl Pts',(-38.7146530195889,-14.0851312155792,
20.6728296354595));
#16217=CARTESIAN_POINT('Ctrl Pts',(-39.6731308634622,-18.0009390909696,
20.1020016211149));
#16218=CARTESIAN_POINT('Ctrl Pts',(-41.6782413205643,-18.0000001018625,
18.9078444185405));
#16219=CARTESIAN_POINT('Ctrl Pts',(-43.6833517776664,-17.9990611127553,
17.713687215966));
#16220=CARTESIAN_POINT('Ctrl Pts',(-44.6410876405272,-14.0823558784233,
17.1433010934719));
#16221=CARTESIAN_POINT('Ctrl Pts',(-37.9982925596143,-14.0851312155792,
19.4699881282837));
#16222=CARTESIAN_POINT('Ctrl Pts',(-38.9567704034876,-18.0009390909696,
18.8991601139391));
#16223=CARTESIAN_POINT('Ctrl Pts',(-40.9618808605897,-18.0000001018625,
17.7050029113646));
#16224=CARTESIAN_POINT('Ctrl Pts',(-42.9669913176919,-17.9990611127553,
16.5108457087902));
#16225=CARTESIAN_POINT('Ctrl Pts',(-43.9247271805526,-14.0823558784233,
15.940459586296));
#16226=CARTESIAN_POINT('',(-44.6410876405272,-14.0823558784233,17.1433010934719));
#16227=CARTESIAN_POINT('',(-43.9247271805526,-14.0823558784233,15.940459586296));
#16228=CARTESIAN_POINT('',(-44.6410876405272,-14.0823558784233,17.1433010934719));
#16229=CARTESIAN_POINT('',(-38.7146530195889,-14.0851312155792,20.6728296354595));
#16230=CARTESIAN_POINT('Origin',(-41.677530838823,-10.5000001564624,18.9082675507852));
#16231=CARTESIAN_POINT('',(-37.9982925596143,-14.0851312155792,19.4699881282837));
#16232=CARTESIAN_POINT('',(-38.7146530195889,-14.0851312155792,20.6728296354595));
#16233=CARTESIAN_POINT('Origin',(-40.9611703788484,-10.5000001564623,17.7054260436094));
#16234=CARTESIAN_POINT('Origin',(-31.939858793371,-21.0000000000002,23.0781296611624));
#16235=CARTESIAN_POINT('',(-31.939858793371,-20.0000000000002,23.0781296611624));
#16236=CARTESIAN_POINT('Origin',(-31.939858793371,-21.0000000000002,23.0781296611624));
#16237=CARTESIAN_POINT('',(-33.4749169218879,-20.0000000000002,25.6556471765392));
#16238=CARTESIAN_POINT('',(-31.939858793371,-20.0000000000002,23.0781296611624));
#16239=CARTESIAN_POINT('Origin',(-33.4749169218879,-21.0000000000002,25.6556471765392));
#16240=CARTESIAN_POINT('Origin',(-49.9824814010084,-21.0000000000002,12.3327227615439));
#16241=CARTESIAN_POINT('',(-49.9824814010084,-20.0000000000001,12.3327227615439));
#16242=CARTESIAN_POINT('Origin',(-49.9824814010084,-21.0000000000002,12.3327227615439));
#16243=CARTESIAN_POINT('',(-51.5175395295254,-20.0000000000002,14.9102402769207));
#16244=CARTESIAN_POINT('',(-49.9824814010084,-20.0000000000001,12.3327227615439));
#16245=CARTESIAN_POINT('Origin',(-51.5175395295254,-21.0000000000002,14.9102402769207));
#16246=CARTESIAN_POINT('Origin',(-31.939858793371,-33.5000000000002,23.0781296611624));
#16247=CARTESIAN_POINT('',(-31.939858793371,-32.5000000000002,23.0781296611624));
#16248=CARTESIAN_POINT('Origin',(-31.939858793371,-33.5000000000002,23.0781296611624));
#16249=CARTESIAN_POINT('',(-33.4749169218879,-32.5000000000002,25.6556471765392));
#16250=CARTESIAN_POINT('',(-31.939858793371,-32.5000000000002,23.0781296611624));
#16251=CARTESIAN_POINT('Origin',(-33.4749169218879,-33.5000000000002,25.6556471765392));
#16252=CARTESIAN_POINT('Origin',(-49.9824814010084,-33.5000000000002,12.3327227615439));
#16253=CARTESIAN_POINT('',(-49.9824814010084,-32.5000000000002,12.3327227615439));
#16254=CARTESIAN_POINT('Origin',(-49.9824814010084,-33.5000000000002,12.3327227615439));
#16255=CARTESIAN_POINT('',(-51.5175395295254,-32.5000000000002,14.9102402769206));
#16256=CARTESIAN_POINT('',(-49.9824814010084,-32.5000000000002,12.3327227615439));
#16257=CARTESIAN_POINT('Origin',(-51.5175395295254,-33.5000000000002,14.9102402769206));
#16258=CARTESIAN_POINT('Origin',(-51.2712401586968,-33.0000000000002,11.5651936972854));
#16259=CARTESIAN_POINT('',(-52.8062982872137,-43.0000000000002,14.1427112126622));
#16260=CARTESIAN_POINT('',(-61.3980233384697,-33.0000000000002,9.02585078427239));
#16261=CARTESIAN_POINT('Origin',(-52.8062982872137,-33.0000000000002,14.1427112126622));
#16262=CARTESIAN_POINT('',(-59.8629652099527,-33.0000000000002,6.44833326889561));
#16263=CARTESIAN_POINT('',(-59.8629652099527,-33.0000000000002,6.44833326889561));
#16264=CARTESIAN_POINT('',(-51.2712401586968,-43.0000000000002,11.5651936972854));
#16265=CARTESIAN_POINT('Origin',(-51.2712401586968,-33.0000000000002,11.5651936972854));
#16266=CARTESIAN_POINT('',(-51.2712401586968,-43.0000000000002,11.5651936972854));
#16267=CARTESIAN_POINT('Origin',(-59.8629652099527,-43.0000000000002,6.44833326889559));
#16268=CARTESIAN_POINT('',(-30.6511000356826,-43.0000000000002,23.8456587254209));
#16269=CARTESIAN_POINT('',(-22.0593749844266,-43.0000000000002,28.9625191538106));
#16270=CARTESIAN_POINT('',(-32.1861581641995,-43.0000000000002,26.4231762407976));
#16271=CARTESIAN_POINT('',(-16.3238908361912,-43.0000000000001,-0.211171418095739));
#16272=CARTESIAN_POINT('',(-23.5944331129436,-43.0000000000002,31.5400366691874));
#16273=CARTESIAN_POINT('Origin',(-40.9611700971897,-8.50000000000016,17.7054262113532));
#16274=CARTESIAN_POINT('',(-59.8629652099527,-5.00000000000015,6.44833326889566));
#16275=CARTESIAN_POINT('',(-59.8629652099527,-17.0000000000002,6.44833326889564));
#16276=CARTESIAN_POINT('',(-59.8629652099527,-5.00000000000015,6.44833326889566));
#16277=CARTESIAN_POINT('',(-22.0593749844267,-33.0000000000002,28.9625191538107));
#16278=CARTESIAN_POINT('',(-22.0593749844267,-5.00000000000016,28.9625191538107));
#16279=CARTESIAN_POINT('Origin',(-30.6511000356826,-33.0000000000002,23.8456587254209));
#16280=CARTESIAN_POINT('',(-28.7276851968652,-13.4955313204331,24.9911615455657));
#16281=CARTESIAN_POINT('',(-39.7105602014202,-14.1940294552056,18.4502354608158));
#16282=CARTESIAN_POINT('',(-28.7276851968652,-7.50446867956718,24.9911615455657));
#16283=CARTESIAN_POINT('Origin',(-28.868317087547,-10.5000000000002,24.9074072643118));
#16284=CARTESIAN_POINT('',(-38.7301963623247,-6.86832054993657,19.034097828823));
#16285=CARTESIAN_POINT('',(-34.8029195593991,-7.11809080776442,21.373014303028));
#16286=CARTESIAN_POINT('',(-43.1491852067984,-6.86832054993657,16.4023388960254));
#16287=CARTESIAN_POINT('Origin',(-40.9396907845616,-10.5000000000002,17.7182183624242));
#16288=CARTESIAN_POINT('',(-53.1516963722579,-7.50446867956718,10.4452751792826));
#16289=CARTESIAN_POINT('',(-42.0966217978368,-6.80137873574088,17.029200210087));
#16290=CARTESIAN_POINT('',(-53.1516963722579,-13.4955313204331,10.4452751792826));
#16291=CARTESIAN_POINT('Origin',(-53.0110644815761,-10.5000000000002,10.5290294605365));
#16292=CARTESIAN_POINT('',(-47.1914923212752,-13.8745933975986,13.9949153355564));
#16293=CARTESIAN_POINT('Origin',(-16.3238908361912,-33.0000000000001,-0.211171418095721));
#16294=CARTESIAN_POINT('',(-23.5944331129436,-33.0000000000002,31.5400366691874));
#16295=CARTESIAN_POINT('Origin',(-32.1861581641995,-33.0000000000002,26.4231762407977));
#16296=CARTESIAN_POINT('',(-7.73216578493525,-33.0000000000001,4.90568901029406));
#16297=CARTESIAN_POINT('Origin',(-41.677530838823,-10.5000001564624,18.9082675507852));
#16298=CARTESIAN_POINT('',(-43.9682016618219,-6.87484935237083,17.5440429254922));
#16299=CARTESIAN_POINT('',(-41.677530838823,-6.00000015646235,18.9082675507853));
#16300=CARTESIAN_POINT('Origin',(-41.677530838823,-10.5000001564624,18.9082675507852));
#16301=CARTESIAN_POINT('',(-42.4962285073653,-6.00000015646235,20.2829435589862));
#16302=CARTESIAN_POINT('',(-41.677530838823,-6.00000015646235,18.9082675507853));
#16303=CARTESIAN_POINT('Origin',(-42.4962285073653,-10.5000001564624,20.2829435589862));
#16304=CARTESIAN_POINT('',(-39.3903122683372,-6.87189763845095,20.2704361635584));
#16305=CARTESIAN_POINT('Origin',(-41.677530838823,-10.5000001564624,18.9082675507852));
#16306=CARTESIAN_POINT('Origin',(-41.677530838823,-10.5000001564624,18.9082675507852));
#16307=CARTESIAN_POINT('Origin',(-41.677530838823,-10.5000001564624,18.9082675507852));
#16308=CARTESIAN_POINT('',(-43.865545666773,-6.86832054993657,17.6051804032012));
#16309=CARTESIAN_POINT('',(-53.8680568322325,-7.50446867956718,11.6481166864584));
#16310=CARTESIAN_POINT('',(-39.4465568222992,-6.86832054993657,20.2369393359988));
#16311=CARTESIAN_POINT('Origin',(-41.6560512445361,-10.5000000000002,18.9210598696));
#16312=CARTESIAN_POINT('',(-39.4465568222992,-6.86832054993657,20.2369393359988));
#16313=CARTESIAN_POINT('Origin',(-41.6560512445361,-10.5000000000002,18.9210598696));
#16314=CARTESIAN_POINT('',(-29.4440456568398,-7.50446867956719,26.1940030527415));
#16315=CARTESIAN_POINT('',(-39.4465568222992,-6.86832054993657,20.2369393359988));
#16316=CARTESIAN_POINT('',(-29.4440456568398,-13.4955313204331,26.1940030527415));
#16317=CARTESIAN_POINT('Origin',(-29.5846775475215,-10.5000000000002,26.1102487714876));
#16318=CARTESIAN_POINT('',(-29.4440456568398,-13.4955313204331,26.1940030527415));
#16319=CARTESIAN_POINT('',(-53.8680568322325,-13.4955313204331,11.6481166864584));
#16320=CARTESIAN_POINT('',(-43.865545666773,-14.1316794500637,17.6051804032012));
#16321=CARTESIAN_POINT('',(-53.8680568322325,-7.50446867956718,11.6481166864584));
#16322=CARTESIAN_POINT('Origin',(-53.7274249415507,-10.5000000000002,11.7318709677123));
#16323=CARTESIAN_POINT('',(-53.8680568322325,-7.50446867956718,11.6481166864584));
#16324=CARTESIAN_POINT('Origin',(-53.1516963722579,-13.4955313204331,10.4452751792826));
#16325=CARTESIAN_POINT('',(-53.1516963722579,-13.4955313204331,10.4452751792826));
#16326=CARTESIAN_POINT('Origin',(-53.0110644815761,-10.5000000000002,10.5290294605365));
#16327=CARTESIAN_POINT('',(-53.1516963722579,-7.50446867956718,10.4452751792826));
#16328=CARTESIAN_POINT('Origin',(-43.1491852067984,-6.86832054993657,16.4023388960254));
#16329=CARTESIAN_POINT('',(-43.1491852067984,-6.86832054993657,16.4023388960254));
#16330=CARTESIAN_POINT('Origin',(-40.9396907845616,-10.5000000000002,17.7182183624242));
#16331=CARTESIAN_POINT('',(-38.7301963623247,-6.86832054993657,19.034097828823));
#16332=CARTESIAN_POINT('Origin',(-28.7276851968652,-7.50446867956718,24.9911615455657));
#16333=CARTESIAN_POINT('',(-28.7276851968652,-7.50446867956718,24.9911615455657));
#16334=CARTESIAN_POINT('Origin',(-28.868317087547,-10.5000000000002,24.9074072643118));
#16335=CARTESIAN_POINT('',(-28.7276851968652,-13.4955313204331,24.9911615455657));
#16336=CARTESIAN_POINT('Origin',(-38.7301963623247,-14.1316794500637,19.034097828823));
#16337=CARTESIAN_POINT('Origin',(-59.8629652099527,-5.00000000000015,6.44833326889566));
#16338=CARTESIAN_POINT('',(-61.3980233384697,-5.00000000000016,9.02585078427244));
#16339=CARTESIAN_POINT('',(-61.3980233384697,-17.0000000000002,9.02585078427242));
#16340=CARTESIAN_POINT('',(-59.8629652099527,-5.00000000000015,6.44833326889566));
#16341=CARTESIAN_POINT('Origin',(-59.8200065846965,-5.00000000000015,6.47391757103762));
#16342=CARTESIAN_POINT('',(-61.3550647132134,-5.00000000000016,9.0514350864144));
#16343=CARTESIAN_POINT('',(-61.3980233384697,-5.00000000000016,9.02585078427244));
#16344=CARTESIAN_POINT('',(-59.8200065846965,-5.00000000000015,6.47391757103762));
#16345=CARTESIAN_POINT('Origin',(-42.4962282257066,-8.50000000000016,20.28294372673));
#16346=CARTESIAN_POINT('',(-23.5944331129436,-5.00000000000017,31.5400366691875));
#16347=CARTESIAN_POINT('',(-61.3550647132134,-1.59872115546023E-13,9.05143508641441));
#16348=CARTESIAN_POINT('Origin',(-17.0656398462571,-3.50000000000009,-4.14465694699565));
#16349=CARTESIAN_POINT('',(-16.4899930480633,-3.50000000000009,-5.11122601526194));
#16350=CARTESIAN_POINT('Origin',(-17.0656398462571,-3.50000000000009,-4.14465694699565));
#16351=CARTESIAN_POINT('Origin',(-17.0656398462571,-3.50000000000009,-4.14465694699565));
#16352=CARTESIAN_POINT('',(-16.4899930480633,-10.5000000000001,-5.11122601526196));
#16353=CARTESIAN_POINT('',(-16.4899930480633,-3.50000000000009,-5.11122601526194));
#16354=CARTESIAN_POINT('Origin',(-17.0656398462571,-10.5000000000001,-4.14465694699566));
#16355=CARTESIAN_POINT('Origin',(-40.6928837372109,-3.50000000000009,-18.2160231250676));
#16356=CARTESIAN_POINT('',(-40.1172369390171,-3.50000000000009,-19.1825921933338));
#16357=CARTESIAN_POINT('Origin',(-40.6928837372109,-3.50000000000009,-18.2160231250676));
#16358=CARTESIAN_POINT('Origin',(-40.6928837372109,-3.50000000000009,-18.2160231250676));
#16359=CARTESIAN_POINT('',(-40.1172369390171,-10.5000000000001,-19.1825921933339));
#16360=CARTESIAN_POINT('',(-40.1172369390171,-3.50000000000009,-19.1825921933338));
#16361=CARTESIAN_POINT('Origin',(-40.6928837372109,-10.5000000000001,-18.2160231250676));
#16362=CARTESIAN_POINT('Origin',(-37.4509329791519,-7.82707232360735E-14,
-23.2687209472534));
#16363=CARTESIAN_POINT('',(-40.8876229996543,-10.5000000000001,-25.3154651186093));
#16364=CARTESIAN_POINT('',(-35.404188807796,-10.5000000000001,-26.7054109677558));
#16365=CARTESIAN_POINT('Origin',(-37.4509329791519,-10.5000000000001,-23.2687209472534));
#16366=CARTESIAN_POINT('',(-40.8876229996543,-10.5000000000001,-25.3154651186093));
#16367=CARTESIAN_POINT('',(-35.404188807796,-10.5000000000001,-26.7054109677558));
#16368=CARTESIAN_POINT('Origin',(6.59504341455612,-1.50000000000005,-19.1511411332225));
#16369=CARTESIAN_POINT('',(-15.7157773295929,-1.50000000000008,-10.9061561288412));
#16370=CARTESIAN_POINT('',(-22.3676958864991,-1.50000000000011,0.263086437790589));
#16371=CARTESIAN_POINT('',(-15.7157773295929,-1.50000000000008,-10.9061561288412));
#16372=CARTESIAN_POINT('',(-42.1286635043879,-1.5000000000001,-11.5056925475053));
#16373=CARTESIAN_POINT('',(-42.1286635043879,-1.5000000000001,-11.5056925475053));
#16374=CARTESIAN_POINT('',(-35.4767449474814,-1.50000000000008,-22.6749351141376));
#16375=CARTESIAN_POINT('',(-35.4767449474814,-1.50000000000008,-22.6749351141376));
#16376=CARTESIAN_POINT('',(-15.7157773295929,-1.50000000000008,-10.9061561288412));
#16377=CARTESIAN_POINT('',(-30.4549783112878,-1.50000000000008,-18.4038860800467));
#16378=CARTESIAN_POINT('Origin',(-33.2180829426182,-1.50000000000009,-13.7643545523685));
#16379=CARTESIAN_POINT('Origin',(6.59504341455613,-10.5,-19.1511411332225));
#16380=CARTESIAN_POINT('',(-19.0035620056822,-10.5000000000001,6.3403064627644));
#16381=CARTESIAN_POINT('',(-8.76984114890259,-10.5000000000001,-10.8431436397475));
#16382=CARTESIAN_POINT('',(-17.9801899200042,-10.5000000000001,4.62196145251321));
#16383=CARTESIAN_POINT('',(-45.6379096645757,-10.5000000000001,-9.52196086524359));
#16384=CARTESIAN_POINT('',(-15.6098306104363,-10.5000000000001,8.3614663319787));
#16385=CARTESIAN_POINT('',(-47.027855513722,-10.5000000000001,-15.0053950571022));
#16386=CARTESIAN_POINT('Origin',(-43.5911654932196,-10.5000000000001,-12.9586508857463));
#16387=CARTESIAN_POINT('',(-47.027855513722,-10.5000000000001,-15.0053950571022));
#16388=CARTESIAN_POINT('',(-35.404188807796,-10.5000000000001,-26.7054109677558));
#16389=CARTESIAN_POINT('',(-42.1286635043879,-10.5000000000001,-11.5056925475053));
#16390=CARTESIAN_POINT('',(-35.4767449474815,-10.5000000000001,-22.6749351141377));
#16391=CARTESIAN_POINT('',(-42.1286635043879,-10.5000000000001,-11.5056925475053));
#16392=CARTESIAN_POINT('',(-22.3676958864991,-10.5000000000001,0.263086437790574));
#16393=CARTESIAN_POINT('',(-22.3676958864985,-10.5000000000001,0.263086437789637));
#16394=CARTESIAN_POINT('',(-15.7157773295929,-10.5000000000001,-10.9061561288412));
#16395=CARTESIAN_POINT('',(-22.3676958864991,-10.5000000000001,0.263086437790574));
#16396=CARTESIAN_POINT('',(-15.7157773295929,-10.5000000000001,-10.9061561288412));
#16397=CARTESIAN_POINT('Origin',(-2.8711483779653,-10.5000000000001,-3.25644978839847));
#16398=CARTESIAN_POINT('',(-15.7157773295929,-10.5000000000001,-10.9061561288412));
#16399=CARTESIAN_POINT('',(-35.4767449474815,-10.5000000000001,-22.6749351141377));
#16400=CARTESIAN_POINT('Origin',(-1.09455050631792,-10.5,-23.7307312166313));
#16401=CARTESIAN_POINT('',(-8.76984114890259,-10.5000000000001,-10.8431436397475));
#16402=CARTESIAN_POINT('',(-19.0035620056822,-2.50000000000012,6.34030646276441));
#16403=CARTESIAN_POINT('Origin',(-31.1655881857137,-10.5,-41.6397427159956));
#16404=CARTESIAN_POINT('',(-47.027855513722,-10.5000000000001,-15.0053950571022));
#16405=CARTESIAN_POINT('Origin',(-6.24958553707147,-10.5,-26.8008474736652));
#16406=CARTESIAN_POINT('',(-22.3676958864991,-10.5000000000001,0.263086437790574));
#16407=CARTESIAN_POINT('Origin',(-26.0105531549606,-10.5,-38.5696264589614));
#16408=CARTESIAN_POINT('',(-42.1286635043879,-10.5000000000001,-11.5056925475053));
#16409=CARTESIAN_POINT('Origin',(-15.7504561264183,-5.21804821573824E-14,
-26.6396026435695));
#16410=CARTESIAN_POINT('',(-14.8294212493082,-4.84729386301249E-14,-28.1861131527956));
#16411=CARTESIAN_POINT('Origin',(-1.08024722802855,-7.71605002114484E-14,
-6.26355355633859));
#16412=CARTESIAN_POINT('',(-32.0104574125499,-7.04991620636974E-14,-24.6842510985418));
#16413=CARTESIAN_POINT('Origin',(-7.10652765738057,-5.44009282066327E-14,
-21.4916521138228));
#16414=CARTESIAN_POINT('',(-6.18549278027041,-5.06933846793752E-14,-23.0381626230488));
#16415=CARTESIAN_POINT('Origin',(-2.72982916363681,-1.88737914186277E-14,
-38.6715599658312));
#16416=CARTESIAN_POINT('',(-15.7434417187093,-4.21884749357559E-14,-32.4549782470359));
#16417=CARTESIAN_POINT('Origin',(6.59504341455612,-4.6074255521944E-14,
-19.1511411332225));
#16418=CARTESIAN_POINT('',(-1.99668163669981,-4.44089209850063E-14,-24.2680015616123));
#16419=CARTESIAN_POINT('Origin',(-1.71470181864711,-5.44009282066327E-14,
-18.7281714061434));
#16420=CARTESIAN_POINT('',(-1.20039498689987,0.,-8.62399971274723));
#16421=CARTESIAN_POINT('',(-1.08024722802856,-7.71605002114484E-14,-6.26355355633858));
#16422=CARTESIAN_POINT('',(-1.20039498689987,0.,-8.62399971274723));
#16423=CARTESIAN_POINT('',(-1.08024722802856,-7.71605002114484E-14,-6.26355355633858));
#16424=CARTESIAN_POINT('Origin',(-33.2180829426182,-5.00000000000009,-13.7643545523685));
#16425=CARTESIAN_POINT('',(-30.4549783112877,-5.00000000000008,-18.4038860800467));
#16426=CARTESIAN_POINT('Origin',(-43.5911654932196,-10.5000000000001,-12.9586508857463));
#16427=CARTESIAN_POINT('',(-45.6379096645755,-10.5000000000001,-9.52196086524393));
#16428=CARTESIAN_POINT('Origin',(-9.5230669348683,-10.5000000000001,7.91279277823261));
#16429=CARTESIAN_POINT('Origin',(6.59504341455612,-4.6074255521944E-14,
-19.1511411332225));
#16430=CARTESIAN_POINT('',(5.23905305308495,0.,-16.8742964701798));
#16431=CARTESIAN_POINT('Origin',(-11.3139680848081,-1.18238752122579E-13,
10.9198965461733));
#16432=CARTESIAN_POINT('Origin',(28.3936574461689,0.,-6.93889390390723E-15));
#16433=CARTESIAN_POINT('',(-0.957638625422602,0.,-11.4101639528239));
#16434=CARTESIAN_POINT('Origin',(-10.1063425538311,0.,-6.07153216591882E-15));
#16435=CARTESIAN_POINT('Origin',(-6.31270523053182,0.,-12.1053341872587));
#16436=CARTESIAN_POINT('Origin',(28.3936574461689,0.,-6.93889390390723E-15));
#16437=CARTESIAN_POINT('',(1.30569506276041,0.,3.99999999999999));
#16438=CARTESIAN_POINT('',(1.30569506276041,0.,3.99999999999999));
#16439=CARTESIAN_POINT('',(0.0843726029365792,0.,6.51029393776694));
#16440=CARTESIAN_POINT('Origin',(-10.1063425538311,0.,-6.07153216591882E-15));
#16441=CARTESIAN_POINT('',(1.6837945864239,0.,8.65351322954897));
#16442=CARTESIAN_POINT('Origin',(-3.30887925268914,0.,10.7109893378516));
#16443=CARTESIAN_POINT('',(1.30382139899277,0.,9.14870392840855));
#16444=CARTESIAN_POINT('Origin',(-10.1063425538311,0.,-6.07153216591882E-15));
#16445=CARTESIAN_POINT('',(-1.1803303368226,0.,8.15848689796794));
#16446=CARTESIAN_POINT('Origin',(1.99899163342755,0.,3.79363732329934));
#16447=CARTESIAN_POINT('',(-1.94785565586332,0.,8.92601221700865));
#16448=CARTESIAN_POINT('Origin',(-10.1063425538311,0.,-6.07153216591882E-15));
#16449=CARTESIAN_POINT('',(-0.957638625422759,0.,11.4101639528241));
#16450=CARTESIAN_POINT('Origin',(-6.31270523053198,0.,12.1053341872587));
#16451=CARTESIAN_POINT('',(-1.45282932428235,0.,11.7901371402552));
#16452=CARTESIAN_POINT('Origin',(-10.1063425538311,0.,-6.07153216591882E-15));
#16453=CARTESIAN_POINT('',(-3.59604861606435,0.,10.1907151567678));
#16454=CARTESIAN_POINT('Origin',(0.604646784020391,0.,6.79746330114216));
#16455=CARTESIAN_POINT('',(-4.53607131422266,0.,10.7334375145939));
#16456=CARTESIAN_POINT('Origin',(-10.1063425538311,0.,-6.07153216591882E-15));
#16457=CARTESIAN_POINT('',(-4.22254089104236,0.,13.3892308589017));
#16458=CARTESIAN_POINT('Origin',(-9.57506132267556,0.,12.6747205168148));
#16459=CARTESIAN_POINT('',(-4.79920267354445,0.,13.6280919901163));
#16460=CARTESIAN_POINT('Origin',(-10.1063425538311,0.,-6.07153216591882E-15));
#16461=CARTESIAN_POINT('',(-6.45543266839548,0.,11.528463018587));
#16462=CARTESIAN_POINT('Origin',(-1.51963428801455,0.,9.33805338835137));
#16463=CARTESIAN_POINT('',(-7.50389175225285,0.,11.8093967834037));
#16464=CARTESIAN_POINT('Origin',(-10.1063425538311,0.,-6.07153216591882E-15));
#16465=CARTESIAN_POINT('',(-7.88841451653903,0.,14.4558438086953));
#16466=CARTESIAN_POINT('Origin',(-12.8736233527387,0.,12.3803455891159));
#16467=CARTESIAN_POINT('',(-8.50724883518476,0.,14.5373148923378));
#16468=CARTESIAN_POINT('Origin',(-10.1063425538311,0.,-6.07153216591882E-15));
#16469=CARTESIAN_POINT('',(-9.56362019600519,0.,12.0805651773754));
#16470=CARTESIAN_POINT('Origin',(-4.22908533815854,0.,11.2422705690073));
#16471=CARTESIAN_POINT('',(-10.6490649116573,0.,12.0805651773754));
#16472=CARTESIAN_POINT('Origin',(-10.1063425538311,0.,-6.07153216591882E-15));
#16473=CARTESIAN_POINT('',(-11.7054362724778,0.,14.5373148923377));
#16474=CARTESIAN_POINT('Origin',(-15.9835997695039,0.,11.2422705690072));
#16475=CARTESIAN_POINT('',(-12.3242705911235,0.,14.4558438086952));
#16476=CARTESIAN_POINT('Origin',(-10.1063425538311,0.,-6.07153216591882E-15));
#16477=CARTESIAN_POINT('Origin',(-7.33906175492385,0.,12.3803455891159));
#16478=CARTESIAN_POINT('',(1.30382139899291,0.,-9.1487039284084));
#16479=CARTESIAN_POINT('Origin',(1.9989916334276,0.,-3.79363732329918));
#16480=CARTESIAN_POINT('',(1.68379458642402,0.,-8.65351322954882));
#16481=CARTESIAN_POINT('Origin',(-10.1063425538311,0.,-6.07153216591882E-15));
#16482=CARTESIAN_POINT('',(0.0843726029366703,0.,-6.51029393776681));
#16483=CARTESIAN_POINT('Origin',(-3.30887925268899,0.,-10.7109893378515));
#16484=CARTESIAN_POINT('',(0.627094960762723,0.,-5.5702712396085));
#16485=CARTESIAN_POINT('Origin',(-10.1063425538311,0.,-6.07153216591882E-15));
#16486=CARTESIAN_POINT('',(3.28288830507051,0.,-5.88380166278881));
#16487=CARTESIAN_POINT('Origin',(2.56837796298364,0.,-0.531281231155605));
#16488=CARTESIAN_POINT('',(3.52174943628512,0.,-5.30713988028672));
#16489=CARTESIAN_POINT('Origin',(-10.1063425538311,0.,-6.07153216591882E-15));
#16490=CARTESIAN_POINT('',(2.08164193619438,0.,-4.00000000000001));
#16491=CARTESIAN_POINT('Origin',(-0.768289165479772,0.,-8.58670826581661));
#16492=CARTESIAN_POINT('',(28.3936574461689,0.,-4.00000000000001));
#16493=CARTESIAN_POINT('Origin',(28.3936574461689,4.,-6.93889390390723E-15));
#16494=CARTESIAN_POINT('',(0.0843726029365792,4.,6.51029393776694));
#16495=CARTESIAN_POINT('',(1.30569506276041,4.,3.99999999999999));
#16496=CARTESIAN_POINT('Origin',(-10.1063425538311,4.,-6.07153216591882E-15));
#16497=CARTESIAN_POINT('',(28.3936574461689,4.,3.99999999999999));
#16498=CARTESIAN_POINT('',(1.30569506276041,4.,3.99999999999999));
#16499=CARTESIAN_POINT('',(28.3936574461689,4.,-4.00000000000001));
#16500=CARTESIAN_POINT('Origin',(28.3936574461689,4.,-6.93889390390723E-15));
#16501=CARTESIAN_POINT('',(2.08164193619438,4.,-4.00000000000001));
#16502=CARTESIAN_POINT('',(28.3936574461689,4.,-4.00000000000001));
#16503=CARTESIAN_POINT('',(3.52174943628512,4.,-5.30713988028672));
#16504=CARTESIAN_POINT('Origin',(-0.768289165479772,4.,-8.58670826581661));
#16505=CARTESIAN_POINT('',(3.28288830507051,4.,-5.88380166278881));
#16506=CARTESIAN_POINT('Origin',(-10.1063425538311,4.,-6.07153216591882E-15));
#16507=CARTESIAN_POINT('',(0.627094960762723,4.,-5.5702712396085));
#16508=CARTESIAN_POINT('Origin',(2.56837796298364,4.,-0.531281231155605));
#16509=CARTESIAN_POINT('',(0.0843726029366703,4.,-6.51029393776681));
#16510=CARTESIAN_POINT('Origin',(-10.1063425538311,4.,-6.07153216591882E-15));
#16511=CARTESIAN_POINT('',(1.68379458642402,4.,-8.65351322954882));
#16512=CARTESIAN_POINT('Origin',(-3.30887925268899,4.,-10.7109893378515));
#16513=CARTESIAN_POINT('',(1.30382139899291,4.,-9.1487039284084));
#16514=CARTESIAN_POINT('Origin',(-10.1063425538311,4.,-6.07153216591882E-15));
#16515=CARTESIAN_POINT('',(-1.18033033682249,4.,-8.15848689796783));
#16516=CARTESIAN_POINT('Origin',(1.9989916334276,4.,-3.79363732329918));
#16517=CARTESIAN_POINT('',(-1.9478556558632,4.,-8.92601221700855));
#16518=CARTESIAN_POINT('Origin',(-10.1063425538311,4.,-6.07153216591882E-15));
#16519=CARTESIAN_POINT('',(-0.957638625422602,4.,-11.4101639528239));
#16520=CARTESIAN_POINT('Origin',(-6.31270523053182,4.,-12.1053341872587));
#16521=CARTESIAN_POINT('',(-1.45282932428218,4.,-11.7901371402551));
#16522=CARTESIAN_POINT('Origin',(-10.1063425538311,4.,-6.07153216591882E-15));
#16523=CARTESIAN_POINT('',(-3.59604861606421,4.,-10.1907151567677));
#16524=CARTESIAN_POINT('Origin',(0.604646784020486,4.,-6.79746330114202));
#16525=CARTESIAN_POINT('',(-4.53607131422251,4.,-10.7334375145938));
#16526=CARTESIAN_POINT('Origin',(-10.1063425538311,4.,-6.07153216591882E-15));
#16527=CARTESIAN_POINT('',(-4.22254089104218,4.,-13.3892308589016));
#16528=CARTESIAN_POINT('Origin',(-9.57506132267539,4.,-12.6747205168148));
#16529=CARTESIAN_POINT('',(-4.79920267354426,4.,-13.6280919901162));
#16530=CARTESIAN_POINT('Origin',(-10.1063425538311,4.,-6.07153216591882E-15));
#16531=CARTESIAN_POINT('',(-6.45543266839531,4.,-11.528463018587));
#16532=CARTESIAN_POINT('Origin',(-1.51963428801442,4.,-9.33805338835126));
#16533=CARTESIAN_POINT('',(-7.50389175225268,4.,-11.8093967834036));
#16534=CARTESIAN_POINT('Origin',(-10.1063425538311,4.,-6.07153216591882E-15));
#16535=CARTESIAN_POINT('',(-7.88841451653883,4.,-14.4558438086953));
#16536=CARTESIAN_POINT('Origin',(-12.8736233527385,4.,-12.3803455891159));
#16537=CARTESIAN_POINT('',(-8.50724883518456,4.,-14.5373148923378));
#16538=CARTESIAN_POINT('Origin',(-10.1063425538311,4.,-6.07153216591882E-15));
#16539=CARTESIAN_POINT('',(-9.56362019600502,4.,-12.0805651773754));
#16540=CARTESIAN_POINT('Origin',(-4.22908533815839,4.,-11.2422705690072));
#16541=CARTESIAN_POINT('',(-10.6490649116571,4.,-12.0805651773754));
#16542=CARTESIAN_POINT('Origin',(-10.1063425538311,4.,-6.07153216591882E-15));
#16543=CARTESIAN_POINT('',(-11.7054362724776,4.,-14.5373148923378));
#16544=CARTESIAN_POINT('Origin',(-15.9835997695038,4.,-11.2422705690073));
#16545=CARTESIAN_POINT('',(-12.3242705911233,4.,-14.4558438086953));
#16546=CARTESIAN_POINT('Origin',(-10.1063425538311,4.,-6.07153216591882E-15));
#16547=CARTESIAN_POINT('',(-12.7087933554095,4.,-11.8093967834036));
#16548=CARTESIAN_POINT('Origin',(-7.33906175492368,4.,-12.3803455891159));
#16549=CARTESIAN_POINT('',(-13.7572524392668,4.,-11.528463018587));
#16550=CARTESIAN_POINT('Origin',(-10.1063425538311,4.,-6.07153216591882E-15));
#16551=CARTESIAN_POINT('',(-15.4134824341179,4.,-13.6280919901162));
#16552=CARTESIAN_POINT('Origin',(-18.6930508196478,4.,-9.33805338835132));
#16553=CARTESIAN_POINT('',(-15.99014421662,4.,-13.3892308589016));
#16554=CARTESIAN_POINT('Origin',(-10.1063425538311,4.,-6.07153216591882E-15));
#16555=CARTESIAN_POINT('',(-15.6766137934397,4.,-10.7334375145938));
#16556=CARTESIAN_POINT('Origin',(-10.6376237849868,4.,-12.6747205168148));
#16557=CARTESIAN_POINT('',(-16.616636491598,4.,-10.1907151567678));
#16558=CARTESIAN_POINT('Origin',(-10.1063425538311,4.,-6.07153216591882E-15));
#16559=CARTESIAN_POINT('',(-18.75985578338,4.,-11.7901371402551));
#16560=CARTESIAN_POINT('Origin',(-20.8173318916827,4.,-6.79746330114209));
#16561=CARTESIAN_POINT('',(-19.2550464822396,4.,-11.410163952824));
#16562=CARTESIAN_POINT('Origin',(-10.1063425538311,4.,-6.07153216591882E-15));
#16563=CARTESIAN_POINT('',(-18.264829451799,4.,-8.92601221700861));
#16564=CARTESIAN_POINT('Origin',(-13.8999798771303,4.,-12.1053341872587));
#16565=CARTESIAN_POINT('',(-19.0323547708397,4.,-8.15848689796789));
#16566=CARTESIAN_POINT('Origin',(-10.1063425538311,4.,-6.07153216591882E-15));
#16567=CARTESIAN_POINT('',(-21.5165065066551,4.,-9.14870392840849));
#16568=CARTESIAN_POINT('Origin',(-22.2116767410898,4.,-3.79363732329927));
#16569=CARTESIAN_POINT('',(-21.8964796940862,4.,-8.65351322954891));
#16570=CARTESIAN_POINT('Origin',(-10.1063425538311,4.,-6.07153216591882E-15));
#16571=CARTESIAN_POINT('',(-20.2970577105989,4.,-6.51029393776688));
#16572=CARTESIAN_POINT('Origin',(-16.9038058549732,4.,-10.7109893378516));
#16573=CARTESIAN_POINT('',(-20.8397800684249,4.,-5.57027123960859));
#16574=CARTESIAN_POINT('Origin',(-10.1063425538311,4.,-6.07153216591882E-15));
#16575=CARTESIAN_POINT('',(-23.4955734127327,4.,-5.8838016627889));
#16576=CARTESIAN_POINT('Origin',(-22.7810630706459,4.,-0.531281231155693));
#16577=CARTESIAN_POINT('',(-23.7344345439473,4.,-5.30713988028682));
#16578=CARTESIAN_POINT('Origin',(-10.1063425538311,4.,-6.07153216591882E-15));
#16579=CARTESIAN_POINT('',(-21.6348055724181,4.,-3.65090988543577));
#16580=CARTESIAN_POINT('Origin',(-19.4443959421824,4.,-8.58670826581668));
#16581=CARTESIAN_POINT('',(-21.9157393372347,4.,-2.6024508015784));
#16582=CARTESIAN_POINT('Origin',(-10.1063425538311,4.,-6.07153216591882E-15));
#16583=CARTESIAN_POINT('',(-24.5621863625264,4.,-2.21792803729224));
#16584=CARTESIAN_POINT('Origin',(-22.486688142947,4.,2.76728079890739));
#16585=CARTESIAN_POINT('',(-24.6436574461689,4.,-1.59909371864652));
#16586=CARTESIAN_POINT('Origin',(-10.1063425538311,4.,-6.07153216591882E-15));
#16587=CARTESIAN_POINT('',(-22.1869077312065,4.,-0.542722357826063));
#16588=CARTESIAN_POINT('Origin',(-21.3486131228384,4.,-5.8772572156727));
#16589=CARTESIAN_POINT('',(-22.1869077312065,4.,0.542722357826051));
#16590=CARTESIAN_POINT('Origin',(-10.1063425538311,4.,-6.07153216591882E-15));
#16591=CARTESIAN_POINT('',(-24.6436574461689,4.,1.5990937186465));
#16592=CARTESIAN_POINT('Origin',(-21.3486131228384,4.,5.87725721567269));
#16593=CARTESIAN_POINT('',(-24.5621863625264,4.,2.21792803729202));
#16594=CARTESIAN_POINT('Origin',(-10.1063425538311,4.,-6.07153216591882E-15));
#16595=CARTESIAN_POINT('',(-21.9157393372348,4.,2.60245080157822));
#16596=CARTESIAN_POINT('Origin',(-22.486688142947,4.,-2.76728079890758));
#16597=CARTESIAN_POINT('',(-21.6348055724181,4.,3.65090988543559));
#16598=CARTESIAN_POINT('Origin',(-10.1063425538311,4.,-6.07153216591882E-15));
#16599=CARTESIAN_POINT('',(-23.7344345439474,4.,5.30713988028661));
#16600=CARTESIAN_POINT('Origin',(-19.4443959421825,4.,8.58670826581653));
#16601=CARTESIAN_POINT('',(-23.4955734127328,4.,5.8838016627887));
#16602=CARTESIAN_POINT('Origin',(-10.1063425538311,4.,-6.07153216591882E-15));
#16603=CARTESIAN_POINT('',(-20.839780068425,4.,5.57027123960841));
#16604=CARTESIAN_POINT('Origin',(-22.7810630706459,4.,0.531281231155503));
#16605=CARTESIAN_POINT('',(-20.297057710599,4.,6.51029393776673));
#16606=CARTESIAN_POINT('Origin',(-10.1063425538311,4.,-6.07153216591882E-15));
#16607=CARTESIAN_POINT('',(-21.8964796940863,4.,8.65351322954872));
#16608=CARTESIAN_POINT('Origin',(-16.9038058549733,4.,10.7109893378515));
#16609=CARTESIAN_POINT('',(-21.5165065066552,4.,9.14870392840831));
#16610=CARTESIAN_POINT('Origin',(-10.1063425538311,4.,-6.07153216591882E-15));
#16611=CARTESIAN_POINT('',(-19.0323547708398,4.,8.15848689796776));
#16612=CARTESIAN_POINT('Origin',(-22.2116767410899,4.,3.79363732329909));
#16613=CARTESIAN_POINT('',(-18.2648294517991,4.,8.92601221700848));
#16614=CARTESIAN_POINT('Origin',(-10.1063425538311,4.,-6.07153216591882E-15));
#16615=CARTESIAN_POINT('',(-19.2550464822397,4.,11.4101639528239));
#16616=CARTESIAN_POINT('Origin',(-13.8999798771305,4.,12.1053341872586));
#16617=CARTESIAN_POINT('',(-18.7598557833801,4.,11.790137140255));
#16618=CARTESIAN_POINT('Origin',(-10.1063425538311,4.,-6.07153216591882E-15));
#16619=CARTESIAN_POINT('',(-16.6166364915981,4.,10.1907151567677));
#16620=CARTESIAN_POINT('Origin',(-20.8173318916828,4.,6.79746330114193));
#16621=CARTESIAN_POINT('',(-15.6766137934398,4.,10.7334375145937));
#16622=CARTESIAN_POINT('Origin',(-10.1063425538311,4.,-6.07153216591882E-15));
#16623=CARTESIAN_POINT('',(-15.9901442166202,4.,13.3892308589015));
#16624=CARTESIAN_POINT('Origin',(-10.6376237849869,4.,12.6747205168147));
#16625=CARTESIAN_POINT('',(-15.4134824341181,4.,13.6280919901161));
#16626=CARTESIAN_POINT('Origin',(-10.1063425538311,4.,-6.07153216591882E-15));
#16627=CARTESIAN_POINT('',(-13.757252439267,4.,11.5284630185869));
#16628=CARTESIAN_POINT('Origin',(-18.6930508196479,4.,9.33805338835119));
#16629=CARTESIAN_POINT('',(-12.7087933554096,4.,11.8093967834036));
#16630=CARTESIAN_POINT('Origin',(-10.1063425538311,4.,-6.07153216591882E-15));
#16631=CARTESIAN_POINT('',(-12.3242705911235,4.,14.4558438086952));
#16632=CARTESIAN_POINT('Origin',(-7.33906175492385,4.,12.3803455891159));
#16633=CARTESIAN_POINT('',(-11.7054362724778,4.,14.5373148923377));
#16634=CARTESIAN_POINT('Origin',(-10.1063425538311,4.,-6.07153216591882E-15));
#16635=CARTESIAN_POINT('',(-10.6490649116573,4.,12.0805651773754));
#16636=CARTESIAN_POINT('Origin',(-15.9835997695039,4.,11.2422705690072));
#16637=CARTESIAN_POINT('',(-9.56362019600519,4.,12.0805651773754));
#16638=CARTESIAN_POINT('Origin',(-10.1063425538311,4.,-6.07153216591882E-15));
#16639=CARTESIAN_POINT('',(-8.50724883518476,4.,14.5373148923378));
#16640=CARTESIAN_POINT('Origin',(-4.22908533815854,4.,11.2422705690073));
#16641=CARTESIAN_POINT('',(-7.88841451653903,4.,14.4558438086953));
#16642=CARTESIAN_POINT('Origin',(-10.1063425538311,4.,-6.07153216591882E-15));
#16643=CARTESIAN_POINT('',(-7.50389175225285,4.,11.8093967834037));
#16644=CARTESIAN_POINT('Origin',(-12.8736233527387,4.,12.3803455891159));
#16645=CARTESIAN_POINT('',(-6.45543266839548,4.,11.528463018587));
#16646=CARTESIAN_POINT('Origin',(-10.1063425538311,4.,-6.07153216591882E-15));
#16647=CARTESIAN_POINT('',(-4.79920267354445,4.,13.6280919901163));
#16648=CARTESIAN_POINT('Origin',(-1.51963428801455,4.,9.33805338835137));
#16649=CARTESIAN_POINT('',(-4.22254089104236,4.,13.3892308589017));
#16650=CARTESIAN_POINT('Origin',(-10.1063425538311,4.,-6.07153216591882E-15));
#16651=CARTESIAN_POINT('',(-4.53607131422266,4.,10.7334375145939));
#16652=CARTESIAN_POINT('Origin',(-9.57506132267556,4.,12.6747205168148));
#16653=CARTESIAN_POINT('',(-3.59604861606435,4.,10.1907151567678));
#16654=CARTESIAN_POINT('Origin',(-10.1063425538311,4.,-6.07153216591882E-15));
#16655=CARTESIAN_POINT('',(-1.45282932428235,4.,11.7901371402552));
#16656=CARTESIAN_POINT('Origin',(0.604646784020391,4.,6.79746330114216));
#16657=CARTESIAN_POINT('',(-0.957638625422759,4.,11.4101639528241));
#16658=CARTESIAN_POINT('Origin',(-10.1063425538311,4.,-6.07153216591882E-15));
#16659=CARTESIAN_POINT('',(-1.94785565586332,4.,8.92601221700865));
#16660=CARTESIAN_POINT('Origin',(-6.31270523053198,4.,12.1053341872587));
#16661=CARTESIAN_POINT('',(-1.1803303368226,4.,8.15848689796794));
#16662=CARTESIAN_POINT('Origin',(-10.1063425538311,4.,-6.07153216591882E-15));
#16663=CARTESIAN_POINT('',(1.30382139899277,4.,9.14870392840855));
#16664=CARTESIAN_POINT('Origin',(1.99899163342755,4.,3.79363732329934));
#16665=CARTESIAN_POINT('',(1.6837945864239,4.,8.65351322954897));
#16666=CARTESIAN_POINT('Origin',(-10.1063425538311,4.,-6.07153216591882E-15));
#16667=CARTESIAN_POINT('Origin',(-3.30887925268914,4.,10.7109893378516));
#16668=CARTESIAN_POINT('',(-10.1063425538311,4.,1.79999999999999));
#16669=CARTESIAN_POINT('Origin',(-10.1063425538311,4.,-6.07153216591882E-15));
#16670=CARTESIAN_POINT('',(28.3936574461689,4.,1.79999999999999));
#16671=CARTESIAN_POINT('Origin',(28.3936574461689,4.,-6.93889390390723E-15));
#16672=CARTESIAN_POINT('Origin',(28.3936574461689,4.,-6.93889390390723E-15));
#16673=CARTESIAN_POINT('',(28.3936574461689,4.,-4.00000000000001));
#16674=CARTESIAN_POINT('',(28.3936574461689,4.,3.99999999999999));
#16675=CARTESIAN_POINT('Origin',(28.3936574461689,4.,-4.00000000000001));
#16676=CARTESIAN_POINT('',(2.08164193619438,4.,-4.00000000000001));
#16677=CARTESIAN_POINT('Origin',(-0.768289165479772,4.,-8.58670826581661));
#16678=CARTESIAN_POINT('',(3.52174943628512,4.,-5.30713988028672));
#16679=CARTESIAN_POINT('Origin',(-10.1063425538311,4.,-6.07153216591882E-15));
#16680=CARTESIAN_POINT('',(3.28288830507051,4.,-5.88380166278881));
#16681=CARTESIAN_POINT('Origin',(2.56837796298364,4.,-0.531281231155605));
#16682=CARTESIAN_POINT('',(0.627094960762723,4.,-5.5702712396085));
#16683=CARTESIAN_POINT('Origin',(-10.1063425538311,4.,-6.07153216591882E-15));
#16684=CARTESIAN_POINT('',(0.0843726029366703,4.,-6.51029393776681));
#16685=CARTESIAN_POINT('Origin',(-3.30887925268899,4.,-10.7109893378515));
#16686=CARTESIAN_POINT('',(1.68379458642402,4.,-8.65351322954882));
#16687=CARTESIAN_POINT('Origin',(-10.1063425538311,4.,-6.07153216591882E-15));
#16688=CARTESIAN_POINT('',(1.30382139899291,4.,-9.1487039284084));
#16689=CARTESIAN_POINT('Origin',(1.9989916334276,4.,-3.79363732329918));
#16690=CARTESIAN_POINT('',(-1.18033033682249,4.,-8.15848689796783));
#16691=CARTESIAN_POINT('Origin',(-10.1063425538311,4.,-6.07153216591882E-15));
#16692=CARTESIAN_POINT('',(-1.9478556558632,4.,-8.92601221700855));
#16693=CARTESIAN_POINT('Origin',(-6.31270523053182,4.,-12.1053341872587));
#16694=CARTESIAN_POINT('',(-0.957638625422602,4.,-11.4101639528239));
#16695=CARTESIAN_POINT('Origin',(-10.1063425538311,4.,-6.07153216591882E-15));
#16696=CARTESIAN_POINT('',(-1.45282932428218,4.,-11.7901371402551));
#16697=CARTESIAN_POINT('Origin',(0.604646784020486,4.,-6.79746330114202));
#16698=CARTESIAN_POINT('',(-3.59604861606421,4.,-10.1907151567677));
#16699=CARTESIAN_POINT('Origin',(-10.1063425538311,4.,-6.07153216591882E-15));
#16700=CARTESIAN_POINT('',(-4.53607131422251,4.,-10.7334375145938));
#16701=CARTESIAN_POINT('Origin',(-9.57506132267539,4.,-12.6747205168148));
#16702=CARTESIAN_POINT('',(-4.22254089104218,4.,-13.3892308589016));
#16703=CARTESIAN_POINT('Origin',(-10.1063425538311,4.,-6.07153216591882E-15));
#16704=CARTESIAN_POINT('',(-4.79920267354426,4.,-13.6280919901162));
#16705=CARTESIAN_POINT('Origin',(-1.51963428801442,4.,-9.33805338835126));
#16706=CARTESIAN_POINT('',(-6.45543266839531,4.,-11.528463018587));
#16707=CARTESIAN_POINT('Origin',(-10.1063425538311,4.,-6.07153216591882E-15));
#16708=CARTESIAN_POINT('',(-7.50389175225268,4.,-11.8093967834036));
#16709=CARTESIAN_POINT('Origin',(-12.8736233527385,4.,-12.3803455891159));
#16710=CARTESIAN_POINT('',(-7.88841451653883,4.,-14.4558438086953));
#16711=CARTESIAN_POINT('Origin',(-10.1063425538311,4.,-6.07153216591882E-15));
#16712=CARTESIAN_POINT('',(-8.50724883518456,4.,-14.5373148923378));
#16713=CARTESIAN_POINT('Origin',(-4.22908533815839,4.,-11.2422705690072));
#16714=CARTESIAN_POINT('',(-9.56362019600502,4.,-12.0805651773754));
#16715=CARTESIAN_POINT('Origin',(-10.1063425538311,4.,-6.07153216591882E-15));
#16716=CARTESIAN_POINT('',(-10.6490649116571,4.,-12.0805651773754));
#16717=CARTESIAN_POINT('Origin',(-15.9835997695038,4.,-11.2422705690073));
#16718=CARTESIAN_POINT('',(-11.7054362724776,4.,-14.5373148923378));
#16719=CARTESIAN_POINT('Origin',(-10.1063425538311,4.,-6.07153216591882E-15));
#16720=CARTESIAN_POINT('',(-12.3242705911233,4.,-14.4558438086953));
#16721=CARTESIAN_POINT('Origin',(-7.33906175492368,4.,-12.3803455891159));
#16722=CARTESIAN_POINT('',(-12.7087933554095,4.,-11.8093967834036));
#16723=CARTESIAN_POINT('Origin',(-10.1063425538311,4.,-6.07153216591882E-15));
#16724=CARTESIAN_POINT('',(-13.7572524392668,4.,-11.528463018587));
#16725=CARTESIAN_POINT('Origin',(-18.6930508196478,4.,-9.33805338835132));
#16726=CARTESIAN_POINT('',(-15.4134824341179,4.,-13.6280919901162));
#16727=CARTESIAN_POINT('Origin',(-10.1063425538311,4.,-6.07153216591882E-15));
#16728=CARTESIAN_POINT('',(-15.99014421662,4.,-13.3892308589016));
#16729=CARTESIAN_POINT('Origin',(-10.6376237849868,4.,-12.6747205168148));
#16730=CARTESIAN_POINT('',(-15.6766137934397,4.,-10.7334375145938));
#16731=CARTESIAN_POINT('Origin',(-10.1063425538311,4.,-6.07153216591882E-15));
#16732=CARTESIAN_POINT('',(-16.616636491598,4.,-10.1907151567678));
#16733=CARTESIAN_POINT('Origin',(-20.8173318916827,4.,-6.79746330114209));
#16734=CARTESIAN_POINT('',(-18.75985578338,4.,-11.7901371402551));
#16735=CARTESIAN_POINT('Origin',(-10.1063425538311,4.,-6.07153216591882E-15));
#16736=CARTESIAN_POINT('',(-19.2550464822396,4.,-11.410163952824));
#16737=CARTESIAN_POINT('Origin',(-13.8999798771303,4.,-12.1053341872587));
#16738=CARTESIAN_POINT('',(-18.264829451799,4.,-8.92601221700861));
#16739=CARTESIAN_POINT('Origin',(-10.1063425538311,4.,-6.07153216591882E-15));
#16740=CARTESIAN_POINT('',(-19.0323547708397,4.,-8.15848689796789));
#16741=CARTESIAN_POINT('Origin',(-22.2116767410898,4.,-3.79363732329927));
#16742=CARTESIAN_POINT('',(-21.5165065066551,4.,-9.14870392840849));
#16743=CARTESIAN_POINT('Origin',(-10.1063425538311,4.,-6.07153216591882E-15));
#16744=CARTESIAN_POINT('',(-21.8964796940862,4.,-8.65351322954891));
#16745=CARTESIAN_POINT('Origin',(-16.9038058549732,4.,-10.7109893378516));
#16746=CARTESIAN_POINT('',(-20.2970577105989,4.,-6.51029393776688));
#16747=CARTESIAN_POINT('Origin',(-10.1063425538311,4.,-6.07153216591882E-15));
#16748=CARTESIAN_POINT('',(-20.8397800684249,4.,-5.57027123960859));
#16749=CARTESIAN_POINT('Origin',(-22.7810630706459,4.,-0.531281231155693));
#16750=CARTESIAN_POINT('',(-23.4955734127327,4.,-5.8838016627889));
#16751=CARTESIAN_POINT('Origin',(-10.1063425538311,4.,-6.07153216591882E-15));
#16752=CARTESIAN_POINT('',(-23.7344345439473,4.,-5.30713988028682));
#16753=CARTESIAN_POINT('Origin',(-19.4443959421824,4.,-8.58670826581668));
#16754=CARTESIAN_POINT('',(-21.6348055724181,4.,-3.65090988543577));
#16755=CARTESIAN_POINT('Origin',(-10.1063425538311,4.,-6.07153216591882E-15));
#16756=CARTESIAN_POINT('',(-21.9157393372347,4.,-2.6024508015784));
#16757=CARTESIAN_POINT('Origin',(-22.486688142947,4.,2.76728079890739));
#16758=CARTESIAN_POINT('',(-24.5621863625264,4.,-2.21792803729224));
#16759=CARTESIAN_POINT('Origin',(-10.1063425538311,4.,-6.07153216591882E-15));
#16760=CARTESIAN_POINT('',(-24.6436574461689,4.,-1.59909371864652));
#16761=CARTESIAN_POINT('Origin',(-21.3486131228384,4.,-5.8772572156727));
#16762=CARTESIAN_POINT('',(-22.1869077312065,4.,-0.542722357826063));
#16763=CARTESIAN_POINT('Origin',(-10.1063425538311,4.,-6.07153216591882E-15));
#16764=CARTESIAN_POINT('',(-22.1869077312065,4.,0.542722357826051));
#16765=CARTESIAN_POINT('Origin',(-21.3486131228384,4.,5.87725721567269));
#16766=CARTESIAN_POINT('',(-24.6436574461689,4.,1.5990937186465));
#16767=CARTESIAN_POINT('Origin',(-10.1063425538311,4.,-6.07153216591882E-15));
#16768=CARTESIAN_POINT('',(-24.5621863625264,4.,2.21792803729202));
#16769=CARTESIAN_POINT('Origin',(-22.486688142947,4.,-2.76728079890758));
#16770=CARTESIAN_POINT('',(-21.9157393372348,4.,2.60245080157822));
#16771=CARTESIAN_POINT('Origin',(-10.1063425538311,4.,-6.07153216591882E-15));
#16772=CARTESIAN_POINT('',(-21.6348055724181,4.,3.65090988543559));
#16773=CARTESIAN_POINT('Origin',(-19.4443959421825,4.,8.58670826581653));
#16774=CARTESIAN_POINT('',(-23.7344345439474,4.,5.30713988028661));
#16775=CARTESIAN_POINT('Origin',(-10.1063425538311,4.,-6.07153216591882E-15));
#16776=CARTESIAN_POINT('',(-23.4955734127328,4.,5.8838016627887));
#16777=CARTESIAN_POINT('Origin',(-22.7810630706459,4.,0.531281231155503));
#16778=CARTESIAN_POINT('',(-20.839780068425,4.,5.57027123960841));
#16779=CARTESIAN_POINT('Origin',(-10.1063425538311,4.,-6.07153216591882E-15));
#16780=CARTESIAN_POINT('',(-20.297057710599,4.,6.51029393776673));
#16781=CARTESIAN_POINT('Origin',(-16.9038058549733,4.,10.7109893378515));
#16782=CARTESIAN_POINT('',(-21.8964796940863,4.,8.65351322954872));
#16783=CARTESIAN_POINT('Origin',(-10.1063425538311,4.,-6.07153216591882E-15));
#16784=CARTESIAN_POINT('',(-21.5165065066552,4.,9.14870392840831));
#16785=CARTESIAN_POINT('Origin',(-22.2116767410899,4.,3.79363732329909));
#16786=CARTESIAN_POINT('',(-19.0323547708398,4.,8.15848689796776));
#16787=CARTESIAN_POINT('Origin',(-10.1063425538311,4.,-6.07153216591882E-15));
#16788=CARTESIAN_POINT('',(-18.2648294517991,4.,8.92601221700848));
#16789=CARTESIAN_POINT('Origin',(-13.8999798771305,4.,12.1053341872586));
#16790=CARTESIAN_POINT('',(-19.2550464822397,4.,11.4101639528239));
#16791=CARTESIAN_POINT('Origin',(-10.1063425538311,4.,-6.07153216591882E-15));
#16792=CARTESIAN_POINT('',(-18.7598557833801,4.,11.790137140255));
#16793=CARTESIAN_POINT('Origin',(-20.8173318916828,4.,6.79746330114193));
#16794=CARTESIAN_POINT('',(-16.6166364915981,4.,10.1907151567677));
#16795=CARTESIAN_POINT('Origin',(-10.1063425538311,4.,-6.07153216591882E-15));
#16796=CARTESIAN_POINT('',(-15.6766137934398,4.,10.7334375145937));
#16797=CARTESIAN_POINT('Origin',(-10.6376237849869,4.,12.6747205168147));
#16798=CARTESIAN_POINT('',(-15.9901442166202,4.,13.3892308589015));
#16799=CARTESIAN_POINT('Origin',(-10.1063425538311,4.,-6.07153216591882E-15));
#16800=CARTESIAN_POINT('',(-15.4134824341181,4.,13.6280919901161));
#16801=CARTESIAN_POINT('Origin',(-18.6930508196479,4.,9.33805338835119));
#16802=CARTESIAN_POINT('',(-13.757252439267,4.,11.5284630185869));
#16803=CARTESIAN_POINT('Origin',(-10.1063425538311,4.,-6.07153216591882E-15));
#16804=CARTESIAN_POINT('',(-12.7087933554096,4.,11.8093967834036));
#16805=CARTESIAN_POINT('Origin',(-7.33906175492385,4.,12.3803455891159));
#16806=CARTESIAN_POINT('',(-12.3242705911235,4.,14.4558438086952));
#16807=CARTESIAN_POINT('Origin',(-10.1063425538311,4.,-6.07153216591882E-15));
#16808=CARTESIAN_POINT('',(-11.7054362724778,4.,14.5373148923377));
#16809=CARTESIAN_POINT('Origin',(-15.9835997695039,4.,11.2422705690072));
#16810=CARTESIAN_POINT('',(-10.6490649116573,4.,12.0805651773754));
#16811=CARTESIAN_POINT('Origin',(-10.1063425538311,4.,-6.07153216591882E-15));
#16812=CARTESIAN_POINT('',(-9.56362019600519,4.,12.0805651773754));
#16813=CARTESIAN_POINT('Origin',(-4.22908533815854,4.,11.2422705690073));
#16814=CARTESIAN_POINT('',(-8.50724883518476,4.,14.5373148923378));
#16815=CARTESIAN_POINT('Origin',(-10.1063425538311,4.,-6.07153216591882E-15));
#16816=CARTESIAN_POINT('',(-7.88841451653903,4.,14.4558438086953));
#16817=CARTESIAN_POINT('Origin',(-12.8736233527387,4.,12.3803455891159));
#16818=CARTESIAN_POINT('',(-7.50389175225285,4.,11.8093967834037));
#16819=CARTESIAN_POINT('Origin',(-10.1063425538311,4.,-6.07153216591882E-15));
#16820=CARTESIAN_POINT('',(-6.45543266839548,4.,11.528463018587));
#16821=CARTESIAN_POINT('Origin',(-1.51963428801455,4.,9.33805338835137));
#16822=CARTESIAN_POINT('',(-4.79920267354445,4.,13.6280919901163));
#16823=CARTESIAN_POINT('Origin',(-10.1063425538311,4.,-6.07153216591882E-15));
#16824=CARTESIAN_POINT('',(-4.22254089104236,4.,13.3892308589017));
#16825=CARTESIAN_POINT('Origin',(-9.57506132267556,4.,12.6747205168148));
#16826=CARTESIAN_POINT('',(-4.53607131422266,4.,10.7334375145939));
#16827=CARTESIAN_POINT('Origin',(-10.1063425538311,4.,-6.07153216591882E-15));
#16828=CARTESIAN_POINT('',(-3.59604861606435,4.,10.1907151567678));
#16829=CARTESIAN_POINT('Origin',(0.604646784020391,4.,6.79746330114216));
#16830=CARTESIAN_POINT('',(-1.45282932428235,4.,11.7901371402552));
#16831=CARTESIAN_POINT('Origin',(-10.1063425538311,4.,-6.07153216591882E-15));
#16832=CARTESIAN_POINT('',(-0.957638625422759,4.,11.4101639528241));
#16833=CARTESIAN_POINT('Origin',(-6.31270523053198,4.,12.1053341872587));
#16834=CARTESIAN_POINT('',(-1.94785565586332,4.,8.92601221700865));
#16835=CARTESIAN_POINT('Origin',(-10.1063425538311,4.,-6.07153216591882E-15));
#16836=CARTESIAN_POINT('',(-1.1803303368226,4.,8.15848689796794));
#16837=CARTESIAN_POINT('Origin',(1.99899163342755,4.,3.79363732329934));
#16838=CARTESIAN_POINT('',(1.30382139899277,4.,9.14870392840855));
#16839=CARTESIAN_POINT('Origin',(-10.1063425538311,4.,-6.07153216591882E-15));
#16840=CARTESIAN_POINT('',(1.6837945864239,4.,8.65351322954897));
#16841=CARTESIAN_POINT('Origin',(-3.30887925268914,4.,10.7109893378516));
#16842=CARTESIAN_POINT('',(0.0843726029365792,4.,6.51029393776694));
#16843=CARTESIAN_POINT('Origin',(-10.1063425538311,4.,-6.07153216591882E-15));
#16844=CARTESIAN_POINT('',(1.30569506276041,0.,3.99999999999999));
#16845=CARTESIAN_POINT('Origin',(2.08164193619405,4.,3.99999999999999));
#16846=CARTESIAN_POINT('Origin',(-10.1063425538311,4.,-6.07153216591882E-15));
#16847=CARTESIAN_POINT('',(-10.1063425538311,4.,1.79999999999999));
#16848=CARTESIAN_POINT('Origin',(28.3936574461689,4.,-6.93889390390723E-15));
#16849=CARTESIAN_POINT('',(28.3936574461689,4.,1.79999999999999));
#16850=CARTESIAN_POINT('Origin',(-42.4747489130785,-10.5000000000002,20.295735877801));
#16851=CARTESIAN_POINT('',(-41.1454904121868,-12.9492593970021,18.759563607512));
#16852=CARTESIAN_POINT('',(-41.0920164074214,-12.9394017138638,18.7914104156092));
#16853=CARTESIAN_POINT('Origin',(-41.4513768274006,-10.5000000000002,18.5773908675498));
#16854=CARTESIAN_POINT('',(-42.1688624978647,-12.9492593970021,20.4779086177632));
#16855=CARTESIAN_POINT('',(-41.1454904121868,-12.9492593970021,18.759563607512));
#16856=CARTESIAN_POINT('',(-42.1153884930994,-12.9394017138638,20.5097554258604));
#16857=CARTESIAN_POINT('Origin',(-42.4747489130785,-10.5000000000002,20.295735877801));
#16858=CARTESIAN_POINT('',(-41.0920164074214,-12.9394017138638,18.7914104156092));
#16859=CARTESIAN_POINT('Origin',(-42.4747489130785,-10.5000000000002,20.295735877801));
#16860=CARTESIAN_POINT('',(-40.9272030470108,-12.8986274095219,18.8895661360174));
#16861=CARTESIAN_POINT('',(-40.874907277065,-12.8823179847662,18.9207112383352));
#16862=CARTESIAN_POINT('Origin',(-41.4513768274006,-10.5000000000002,18.5773908675498));
#16863=CARTESIAN_POINT('',(-41.9505751326888,-12.8986274095219,20.6079111462686));
#16864=CARTESIAN_POINT('',(-40.9272030470108,-12.8986274095219,18.8895661360174));
#16865=CARTESIAN_POINT('',(-41.8982793627429,-12.8823179847662,20.6390562485864));
#16866=CARTESIAN_POINT('Origin',(-42.4747489130785,-10.5000000000002,20.295735877801));
#16867=CARTESIAN_POINT('',(-40.874907277065,-12.8823179847662,18.9207112383352));
#16868=CARTESIAN_POINT('Origin',(-42.4747489130785,-10.5000000000002,20.295735877801));
#16869=CARTESIAN_POINT('',(-40.7146586394632,-12.821715558198,19.0161484069545));
#16870=CARTESIAN_POINT('',(-40.664114067736,-12.7991330812954,19.0462505712345));
#16871=CARTESIAN_POINT('Origin',(-41.4513768274006,-10.5000000000002,18.5773908675498));
#16872=CARTESIAN_POINT('',(-41.7380307251412,-12.821715558198,20.7344934172057));
#16873=CARTESIAN_POINT('',(-40.7146586394632,-12.821715558198,19.0161484069545));
#16874=CARTESIAN_POINT('',(-41.687486153414,-12.7991330812954,20.7645955814857));
#16875=CARTESIAN_POINT('Origin',(-42.4747489130785,-10.5000000000002,20.295735877801));
#16876=CARTESIAN_POINT('',(-40.664114067736,-12.7991330812954,19.0462505712345));
#16877=CARTESIAN_POINT('Origin',(-42.4747489130785,-10.5000000000002,20.295735877801));
#16878=CARTESIAN_POINT('',(-40.5101858705509,-12.7193665053682,19.1379235584741));
#16879=CARTESIAN_POINT('',(-40.4619462739473,-12.6907583946614,19.166652979105));
#16880=CARTESIAN_POINT('Origin',(-41.4513768274006,-10.5000000000002,18.5773908675498));
#16881=CARTESIAN_POINT('',(-41.5335579562288,-12.7193665053682,20.8562685687253));
#16882=CARTESIAN_POINT('',(-40.5101858705509,-12.7193665053682,19.1379235584741));
#16883=CARTESIAN_POINT('',(-41.4853183596252,-12.6907583946614,20.8849979893562));
#16884=CARTESIAN_POINT('Origin',(-42.4747489130785,-10.5000000000002,20.295735877801));
#16885=CARTESIAN_POINT('',(-40.4619462739473,-12.6907583946614,19.166652979105));
#16886=CARTESIAN_POINT('Origin',(-42.4747489130785,-10.5000000000002,20.295735877801));
#16887=CARTESIAN_POINT('',(-40.3160249867187,-12.5927016086733,19.2535573965328));
#16888=CARTESIAN_POINT('',(-40.2706188883538,-12.5583813006098,19.2805993079703));
#16889=CARTESIAN_POINT('Origin',(-41.4513768274006,-10.5000000000002,18.5773908675498));
#16890=CARTESIAN_POINT('',(-41.3393970723966,-12.5927016086733,20.971902406784));
#16891=CARTESIAN_POINT('',(-40.3160249867187,-12.5927016086733,19.2535573965328));
#16892=CARTESIAN_POINT('',(-41.2939909740318,-12.5583813006098,20.9989443182214));
#16893=CARTESIAN_POINT('Origin',(-42.4747489130785,-10.5000000000002,20.295735877801));
#16894=CARTESIAN_POINT('',(-40.2706188883538,-12.5583813006098,19.2805993079703));
#16895=CARTESIAN_POINT('Origin',(-42.4747489130785,-10.5000000000002,20.295735877801));
#16896=CARTESIAN_POINT('',(-40.1343032552406,-12.4431086352278,19.3617830126031));
#16897=CARTESIAN_POINT('',(-40.09222813383,-12.4034521502848,19.3868411380065));
#16898=CARTESIAN_POINT('Origin',(-41.4513768274006,-10.5000000000002,18.5773908675498));
#16899=CARTESIAN_POINT('',(-41.1576753409185,-12.4431086352278,21.0801280228543));
#16900=CARTESIAN_POINT('',(-40.1343032552406,-12.4431086352278,19.3617830126031));
#16901=CARTESIAN_POINT('',(-41.115600219508,-12.4034521502848,21.1051861482576));
#16902=CARTESIAN_POINT('Origin',(-42.4747489130785,-10.5000000000002,20.295735877801));
#16903=CARTESIAN_POINT('',(-40.09222813383,-12.4034521502848,19.3868411380065));
#16904=CARTESIAN_POINT('Origin',(-42.4747489130785,-10.5000000000002,20.295735877801));
#16905=CARTESIAN_POINT('',(-39.9670116574344,-12.2722265569532,19.4614146641876));
#16906=CARTESIAN_POINT('',(-39.9287284968132,-12.2276683798783,19.4842144614912));
#16907=CARTESIAN_POINT('Origin',(-41.4513768274006,-10.5000000000002,18.5773908675498));
#16908=CARTESIAN_POINT('',(-40.9903837431124,-12.2722265569532,21.1797596744388));
#16909=CARTESIAN_POINT('',(-39.9670116574344,-12.2722265569532,19.4614146641876));
#16910=CARTESIAN_POINT('',(-40.9521005824911,-12.2276683798783,21.2025594717424));
#16911=CARTESIAN_POINT('Origin',(-42.4747489130785,-10.5000000000002,20.295735877801));
#16912=CARTESIAN_POINT('',(-39.9287284968132,-12.2276683798783,19.4842144614912));
#16913=CARTESIAN_POINT('Origin',(-42.4747489130785,-10.5000000000002,20.295735877801));
#16914=CARTESIAN_POINT('',(-39.8159830750539,-12.0819275936583,19.5513607660622));
#16915=CARTESIAN_POINT('',(-39.7819113135409,-12.0329559131639,19.5716524359156));
#16916=CARTESIAN_POINT('Origin',(-41.4513768274006,-10.5000000000002,18.5773908675498));
#16917=CARTESIAN_POINT('',(-40.8393551607318,-12.0819275936583,21.2697057763134));
#16918=CARTESIAN_POINT('',(-39.8159830750539,-12.0819275936583,19.5513607660622));
#16919=CARTESIAN_POINT('',(-40.8052833992188,-12.0329559131639,21.2899974461668));
#16920=CARTESIAN_POINT('Origin',(-42.4747489130785,-10.5000000000002,20.295735877801));
#16921=CARTESIAN_POINT('',(-39.7819113135409,-12.0329559131639,19.5716524359156));
#16922=CARTESIAN_POINT('Origin',(-42.4747489130785,-10.5000000000002,20.295735877801));
#16923=CARTESIAN_POINT('',(-39.6828722088521,-11.8742967006077,19.6306358499125));
#16924=CARTESIAN_POINT('',(-39.6533851437965,-11.8214480606734,19.6481970725345));
#16925=CARTESIAN_POINT('Origin',(-41.4513768274006,-10.5000000000002,18.5773908675498));
#16926=CARTESIAN_POINT('',(-40.7062442945301,-11.8742967006077,21.3489808601636));
#16927=CARTESIAN_POINT('',(-39.6828722088521,-11.8742967006077,19.6306358499125));
#16928=CARTESIAN_POINT('',(-40.6767572294745,-11.8214480606734,21.3665420827857));
#16929=CARTESIAN_POINT('Origin',(-42.4747489130785,-10.5000000000002,20.295735877801));
#16930=CARTESIAN_POINT('',(-39.6533851437965,-11.8214480606734,19.6481970725345));
#16931=CARTESIAN_POINT('Origin',(-42.4747489130785,-10.5000000000002,20.295735877801));
#16932=CARTESIAN_POINT('',(-39.5691374493346,-11.6516087253151,19.6983713613302));
#16933=CARTESIAN_POINT('',(-39.5445581471917,-11.5954621466992,19.7130097322909));
#16934=CARTESIAN_POINT('Origin',(-41.4513768274006,-10.5000000000002,18.5773908675498));
#16935=CARTESIAN_POINT('',(-40.5925095350125,-11.6516087253151,21.4167163715814));
#16936=CARTESIAN_POINT('',(-39.5691374493346,-11.6516087253151,19.6983713613302));
#16937=CARTESIAN_POINT('',(-40.5679302328696,-11.5954621466993,21.4313547425421));
#16938=CARTESIAN_POINT('Origin',(-42.4747489130785,-10.5000000000002,20.295735877801));
#16939=CARTESIAN_POINT('',(-39.5445581471917,-11.5954621466992,19.7130097322909));
#16940=CARTESIAN_POINT('Origin',(-42.4747489130785,-10.5000000000002,20.295735877801));
#16941=CARTESIAN_POINT('',(-39.476024898327,-11.4163034838384,19.7538251758779));
#16942=CARTESIAN_POINT('',(-39.4566226550747,-11.3574741202057,19.7653803141217));
#16943=CARTESIAN_POINT('Origin',(-41.4513768274006,-10.5000000000002,18.5773908675498));
#16944=CARTESIAN_POINT('',(-40.499396984005,-11.4163034838384,21.4721701861291));
#16945=CARTESIAN_POINT('',(-39.476024898327,-11.4163034838384,19.7538251758779));
#16946=CARTESIAN_POINT('',(-40.4799947407526,-11.3574741202057,21.4837253243729));
#16947=CARTESIAN_POINT('Origin',(-42.4747489130785,-10.5000000000002,20.295735877801));
#16948=CARTESIAN_POINT('',(-39.4566226550747,-11.3574741202057,19.7653803141217));
#16949=CARTESIAN_POINT('Origin',(-42.4747489130785,-10.5000000000002,20.295735877801));
#16950=CARTESIAN_POINT('',(-39.4045547164234,-11.1709590296439,19.7963897299588));
#16951=CARTESIAN_POINT('',(-39.3905421070988,-11.1100914278132,19.8047350349731));
#16952=CARTESIAN_POINT('Origin',(-41.4513768274006,-10.5000000000002,18.5773908675498));
#16953=CARTESIAN_POINT('',(-40.4279268021013,-11.1709590296439,21.51473474021));
#16954=CARTESIAN_POINT('',(-39.4045547164234,-11.1709590296439,19.7963897299588));
#16955=CARTESIAN_POINT('',(-40.4139141927768,-11.1100914278132,21.5230800452243));
#16956=CARTESIAN_POINT('Origin',(-42.4747489130785,-10.5000000000002,20.295735877801));
#16957=CARTESIAN_POINT('',(-39.3905421070988,-11.1100914278132,19.8047350349731));
#16958=CARTESIAN_POINT('Origin',(-42.4747489130785,-10.5000000000002,20.295735877801));
#16959=CARTESIAN_POINT('',(-39.3555099458927,-10.9182634079134,19.8255986774113));
#16960=CARTESIAN_POINT('',(-39.347040495576,-10.8560244460677,19.8306427162879));
#16961=CARTESIAN_POINT('Origin',(-41.4513768274006,-10.5000000000002,18.5773908675498));
#16962=CARTESIAN_POINT('',(-40.3788820315706,-10.9182634079134,21.5439436876625));
#16963=CARTESIAN_POINT('',(-39.3555099458927,-10.9182634079134,19.8255986774113));
#16964=CARTESIAN_POINT('',(-40.370412581254,-10.8560244460677,21.5489877265391));
#16965=CARTESIAN_POINT('Origin',(-42.4747489130785,-10.5000000000002,20.295735877801));
#16966=CARTESIAN_POINT('',(-39.347040495576,-10.8560244460677,19.8306427162879));
#16967=CARTESIAN_POINT('Origin',(-42.4747489130785,-10.5000000000002,20.295735877801));
#16968=CARTESIAN_POINT('',(-39.3294279315041,-10.6609852047586,19.8411319988946));
#16969=CARTESIAN_POINT('',(-39.3265944332653,-10.5980567859883,19.8428195080881));
#16970=CARTESIAN_POINT('Origin',(-41.4513768274006,-10.5000000000002,18.5773908675498));
#16971=CARTESIAN_POINT('',(-40.3528000171821,-10.6609852047586,21.5594770091458));
#16972=CARTESIAN_POINT('',(-39.3294279315041,-10.6609852047586,19.8411319988946));
#16973=CARTESIAN_POINT('',(-40.3499665189433,-10.5980567859883,21.5611645183393));
#16974=CARTESIAN_POINT('Origin',(-42.4747489130785,-10.5000000000002,20.295735877801));
#16975=CARTESIAN_POINT('',(-39.3265944332653,-10.5980567859883,19.8428195080881));
#16976=CARTESIAN_POINT('Origin',(-42.4747489130785,-10.5000000000002,20.295735877801));
#16977=CARTESIAN_POINT('',(-39.3265944332653,-10.4019432140121,19.8428195080881));
#16978=CARTESIAN_POINT('',(-39.3294279315041,-10.3390147952418,19.8411319988946));
#16979=CARTESIAN_POINT('Origin',(-41.4513768274006,-10.5000000000002,18.5773908675498));
#16980=CARTESIAN_POINT('',(-40.3499665189433,-10.4019432140121,21.5611645183393));
#16981=CARTESIAN_POINT('',(-39.3265944332653,-10.4019432140121,19.8428195080881));
#16982=CARTESIAN_POINT('',(-40.3528000171821,-10.3390147952418,21.5594770091458));
#16983=CARTESIAN_POINT('Origin',(-42.4747489130785,-10.5000000000002,20.295735877801));
#16984=CARTESIAN_POINT('',(-39.3294279315041,-10.3390147952418,19.8411319988946));
#16985=CARTESIAN_POINT('Origin',(-42.4747489130785,-10.5000000000002,20.295735877801));
#16986=CARTESIAN_POINT('',(-39.347040495576,-10.1439755539326,19.8306427162879));
#16987=CARTESIAN_POINT('',(-39.3555099458927,-10.081736592087,19.8255986774113));
#16988=CARTESIAN_POINT('Origin',(-41.4513768274006,-10.5000000000002,18.5773908675498));
#16989=CARTESIAN_POINT('',(-40.370412581254,-10.1439755539326,21.5489877265391));
#16990=CARTESIAN_POINT('',(-39.347040495576,-10.1439755539326,19.8306427162879));
#16991=CARTESIAN_POINT('',(-40.3788820315706,-10.081736592087,21.5439436876625));
#16992=CARTESIAN_POINT('Origin',(-42.4747489130785,-10.5000000000002,20.295735877801));
#16993=CARTESIAN_POINT('',(-39.3555099458927,-10.081736592087,19.8255986774113));
#16994=CARTESIAN_POINT('Origin',(-42.4747489130785,-10.5000000000002,20.295735877801));
#16995=CARTESIAN_POINT('',(-39.3905421070988,-9.88990857218716,19.8047350349731));
#16996=CARTESIAN_POINT('',(-39.4045547164234,-9.82904097035649,19.7963897299588));
#16997=CARTESIAN_POINT('Origin',(-41.4513768274006,-10.5000000000002,18.5773908675498));
#16998=CARTESIAN_POINT('',(-40.4139141927768,-9.88990857218716,21.5230800452243));
#16999=CARTESIAN_POINT('',(-39.3905421070988,-9.88990857218716,19.8047350349731));
#17000=CARTESIAN_POINT('',(-40.4279268021013,-9.8290409703565,21.51473474021));
#17001=CARTESIAN_POINT('Origin',(-42.4747489130785,-10.5000000000002,20.295735877801));
#17002=CARTESIAN_POINT('',(-39.4045547164234,-9.82904097035649,19.7963897299588));
#17003=CARTESIAN_POINT('Origin',(-42.4747489130785,-10.5000000000002,20.295735877801));
#17004=CARTESIAN_POINT('',(-39.4566226550747,-9.64252587979465,19.7653803141217));
#17005=CARTESIAN_POINT('',(-39.476024898327,-9.583696516162,19.7538251758779));
#17006=CARTESIAN_POINT('Origin',(-41.4513768274006,-10.5000000000002,18.5773908675498));
#17007=CARTESIAN_POINT('',(-40.4799947407526,-9.64252587979465,21.4837253243729));
#17008=CARTESIAN_POINT('',(-39.4566226550747,-9.64252587979465,19.7653803141217));
#17009=CARTESIAN_POINT('',(-40.499396984005,-9.583696516162,21.4721701861291));
#17010=CARTESIAN_POINT('Origin',(-42.4747489130785,-10.5000000000002,20.295735877801));
#17011=CARTESIAN_POINT('',(-39.476024898327,-9.58369651616199,19.7538251758779));
#17012=CARTESIAN_POINT('Origin',(-42.4747489130785,-10.5000000000002,20.295735877801));
#17013=CARTESIAN_POINT('',(-39.5445581471917,-9.40453785330111,19.7130097322909));
#17014=CARTESIAN_POINT('',(-39.5691374493345,-9.34839127468526,19.6983713613302));
#17015=CARTESIAN_POINT('Origin',(-41.4513768274006,-10.5000000000002,18.5773908675498));
#17016=CARTESIAN_POINT('',(-40.5679302328696,-9.40453785330111,21.4313547425421));
#17017=CARTESIAN_POINT('',(-39.5445581471917,-9.40453785330111,19.7130097322909));
#17018=CARTESIAN_POINT('',(-40.5925095350125,-9.34839127468527,21.4167163715814));
#17019=CARTESIAN_POINT('Origin',(-42.4747489130785,-10.5000000000002,20.295735877801));
#17020=CARTESIAN_POINT('',(-39.5691374493345,-9.34839127468526,19.6983713613302));
#17021=CARTESIAN_POINT('Origin',(-42.4747489130785,-10.5000000000002,20.295735877801));
#17022=CARTESIAN_POINT('',(-39.6533851437965,-9.178551939327,19.6481970725345));
#17023=CARTESIAN_POINT('',(-39.6828722088521,-9.1257032993927,19.6306358499125));
#17024=CARTESIAN_POINT('Origin',(-41.4513768274006,-10.5000000000002,18.5773908675498));
#17025=CARTESIAN_POINT('',(-40.6767572294744,-9.178551939327,21.3665420827857));
#17026=CARTESIAN_POINT('',(-39.6533851437965,-9.178551939327,19.6481970725345));
#17027=CARTESIAN_POINT('',(-40.7062442945301,-9.1257032993927,21.3489808601637));
#17028=CARTESIAN_POINT('Origin',(-42.4747489130785,-10.5000000000002,20.295735877801));
#17029=CARTESIAN_POINT('',(-39.6828722088521,-9.1257032993927,19.6306358499125));
#17030=CARTESIAN_POINT('Origin',(-42.4747489130785,-10.5000000000002,20.295735877801));
#17031=CARTESIAN_POINT('',(-39.7819113135408,-8.96704408683641,19.5716524359157));
#17032=CARTESIAN_POINT('',(-39.8159830750538,-8.91807240634206,19.5513607660623));
#17033=CARTESIAN_POINT('Origin',(-41.4513768274006,-10.5000000000002,18.5773908675498));
#17034=CARTESIAN_POINT('',(-40.8052833992188,-8.96704408683641,21.2899974461669));
#17035=CARTESIAN_POINT('',(-39.7819113135408,-8.96704408683641,19.5716524359157));
#17036=CARTESIAN_POINT('',(-40.8393551607318,-8.91807240634206,21.2697057763134));
#17037=CARTESIAN_POINT('Origin',(-42.4747489130785,-10.5000000000002,20.295735877801));
#17038=CARTESIAN_POINT('',(-39.8159830750538,-8.91807240634206,19.5513607660623));
#17039=CARTESIAN_POINT('Origin',(-42.4747489130785,-10.5000000000002,20.295735877801));
#17040=CARTESIAN_POINT('',(-39.9287284968131,-8.77233162012209,19.4842144614912));
#17041=CARTESIAN_POINT('',(-39.9670116574344,-8.72777344304717,19.4614146641876));
#17042=CARTESIAN_POINT('Origin',(-41.4513768274006,-10.5000000000002,18.5773908675498));
#17043=CARTESIAN_POINT('',(-40.9521005824911,-8.77233162012209,21.2025594717424));
#17044=CARTESIAN_POINT('',(-39.9287284968131,-8.77233162012209,19.4842144614912));
#17045=CARTESIAN_POINT('',(-40.9903837431124,-8.72777344304717,21.1797596744388));
#17046=CARTESIAN_POINT('Origin',(-42.4747489130785,-10.5000000000002,20.295735877801));
#17047=CARTESIAN_POINT('',(-39.9670116574344,-8.72777344304717,19.4614146641876));
#17048=CARTESIAN_POINT('Origin',(-42.4747489130785,-10.5000000000002,20.295735877801));
#17049=CARTESIAN_POINT('',(-40.09222813383,-8.59654784971556,19.3868411380065));
#17050=CARTESIAN_POINT('',(-40.1343032552406,-8.55689136477251,19.3617830126032));
#17051=CARTESIAN_POINT('Origin',(-41.4513768274006,-10.5000000000002,18.5773908675498));
#17052=CARTESIAN_POINT('',(-41.115600219508,-8.59654784971556,21.1051861482577));
#17053=CARTESIAN_POINT('',(-40.09222813383,-8.59654784971556,19.3868411380065));
#17054=CARTESIAN_POINT('',(-41.1576753409185,-8.55689136477251,21.0801280228543));
#17055=CARTESIAN_POINT('Origin',(-42.4747489130785,-10.5000000000002,20.295735877801));
#17056=CARTESIAN_POINT('',(-40.1343032552406,-8.55689136477251,19.3617830126032));
#17057=CARTESIAN_POINT('Origin',(-42.4747489130785,-10.5000000000002,20.295735877801));
#17058=CARTESIAN_POINT('',(-40.2706188883538,-8.44161869939052,19.2805993079703));
#17059=CARTESIAN_POINT('',(-40.3160249867186,-8.40729839132702,19.2535573965329));
#17060=CARTESIAN_POINT('Origin',(-41.4513768274006,-10.5000000000002,18.5773908675498));
#17061=CARTESIAN_POINT('',(-41.2939909740317,-8.44161869939053,20.9989443182215));
#17062=CARTESIAN_POINT('',(-40.2706188883538,-8.44161869939052,19.2805993079703));
#17063=CARTESIAN_POINT('',(-41.3393970723966,-8.40729839132703,20.9719024067841));
#17064=CARTESIAN_POINT('Origin',(-42.4747489130785,-10.5000000000002,20.295735877801));
#17065=CARTESIAN_POINT('',(-40.3160249867186,-8.40729839132702,19.2535573965329));
#17066=CARTESIAN_POINT('Origin',(-42.4747489130785,-10.5000000000002,20.295735877801));
#17067=CARTESIAN_POINT('',(-40.4619462739472,-8.30924160533894,19.166652979105));
#17068=CARTESIAN_POINT('',(-40.5101858705509,-8.28063349463213,19.1379235584741));
#17069=CARTESIAN_POINT('Origin',(-41.4513768274006,-10.5000000000002,18.5773908675498));
#17070=CARTESIAN_POINT('',(-41.4853183596252,-8.30924160533895,20.8849979893562));
#17071=CARTESIAN_POINT('',(-40.4619462739472,-8.30924160533894,19.166652979105));
#17072=CARTESIAN_POINT('',(-41.5335579562288,-8.28063349463213,20.8562685687253));
#17073=CARTESIAN_POINT('Origin',(-42.4747489130785,-10.5000000000002,20.295735877801));
#17074=CARTESIAN_POINT('',(-40.5101858705509,-8.28063349463213,19.1379235584741));
#17075=CARTESIAN_POINT('Origin',(-42.4747489130785,-10.5000000000002,20.295735877801));
#17076=CARTESIAN_POINT('',(-40.664114067736,-8.20086691870494,19.0462505712345));
#17077=CARTESIAN_POINT('',(-40.7146586394632,-8.17828444180234,19.0161484069546));
#17078=CARTESIAN_POINT('Origin',(-41.4513768274006,-10.5000000000002,18.5773908675498));
#17079=CARTESIAN_POINT('',(-41.6874861534139,-8.20086691870494,20.7645955814857));
#17080=CARTESIAN_POINT('',(-40.664114067736,-8.20086691870494,19.0462505712345));
#17081=CARTESIAN_POINT('',(-41.7380307251412,-8.17828444180235,20.7344934172058));
#17082=CARTESIAN_POINT('Origin',(-42.4747489130785,-10.5000000000002,20.295735877801));
#17083=CARTESIAN_POINT('',(-40.7146586394632,-8.17828444180234,19.0161484069546));
#17084=CARTESIAN_POINT('Origin',(-42.4747489130785,-10.5000000000002,20.295735877801));
#17085=CARTESIAN_POINT('',(-40.8749072770649,-8.11768201523413,18.9207112383352));
#17086=CARTESIAN_POINT('',(-40.9272030470108,-8.10137259047839,18.8895661360174));
#17087=CARTESIAN_POINT('Origin',(-41.4513768274006,-10.5000000000002,18.5773908675498));
#17088=CARTESIAN_POINT('',(-41.8982793627429,-8.11768201523414,20.6390562485864));
#17089=CARTESIAN_POINT('',(-40.8749072770649,-8.11768201523413,18.9207112383352));
#17090=CARTESIAN_POINT('',(-41.9505751326887,-8.10137259047839,20.6079111462686));
#17091=CARTESIAN_POINT('Origin',(-42.4747489130785,-10.5000000000002,20.295735877801));
#17092=CARTESIAN_POINT('',(-40.9272030470108,-8.10137259047839,18.8895661360174));
#17093=CARTESIAN_POINT('Origin',(-42.4747489130785,-10.5000000000002,20.295735877801));
#17094=CARTESIAN_POINT('',(-41.0920164074214,-8.06059828613651,18.7914104156092));
#17095=CARTESIAN_POINT('',(-41.1454904121867,-8.05074060299821,18.759563607512));
#17096=CARTESIAN_POINT('Origin',(-41.4513768274006,-10.5000000000002,18.5773908675498));
#17097=CARTESIAN_POINT('',(-42.1153884930994,-8.06059828613652,20.5097554258604));
#17098=CARTESIAN_POINT('',(-41.0920164074214,-8.06059828613651,18.7914104156092));
#17099=CARTESIAN_POINT('',(-42.1688624978647,-8.05074060299821,20.4779086177632));
#17100=CARTESIAN_POINT('Origin',(-42.4747489130785,-10.5000000000002,20.295735877801));
#17101=CARTESIAN_POINT('',(-41.1454904121867,-8.05074060299821,18.759563607512));
#17102=CARTESIAN_POINT('Origin',(-42.4747489130785,-10.5000000000002,20.295735877801));
#17103=CARTESIAN_POINT('',(-41.3130627657401,-8.03024115269361,18.6597647499282));
#17104=CARTESIAN_POINT('',(-41.3671291329386,-8.02694321401206,18.6275651563455));
#17105=CARTESIAN_POINT('Origin',(-41.4513768274006,-10.5000000000002,18.5773908675498));
#17106=CARTESIAN_POINT('',(-42.3364348514181,-8.03024115269362,20.3781097601794));
#17107=CARTESIAN_POINT('',(-41.3130627657401,-8.03024115269361,18.6597647499282));
#17108=CARTESIAN_POINT('',(-42.3905012186166,-8.02694321401207,20.3459101665967));
#17109=CARTESIAN_POINT('Origin',(-42.4747489130785,-10.5000000000002,20.295735877801));
#17110=CARTESIAN_POINT('',(-41.3671291329386,-8.02694321401207,18.6275651563455));
#17111=CARTESIAN_POINT('Origin',(-42.4747489130785,-10.5000000000002,20.295735877801));
#17112=CARTESIAN_POINT('',(-41.5356245218625,-8.02694321401206,18.527216578754));
#17113=CARTESIAN_POINT('',(-41.589690889061,-8.03024115269361,18.4950169851713));
#17114=CARTESIAN_POINT('Origin',(-41.4513768274006,-10.5000000000002,18.5773908675498));
#17115=CARTESIAN_POINT('',(-42.5589966075405,-8.02694321401207,20.2455615890052));
#17116=CARTESIAN_POINT('',(-41.5356245218625,-8.02694321401206,18.527216578754));
#17117=CARTESIAN_POINT('',(-42.6130629747389,-8.03024115269361,20.2133619954225));
#17118=CARTESIAN_POINT('Origin',(-42.4747489130785,-10.5000000000002,20.295735877801));
#17119=CARTESIAN_POINT('',(-41.589690889061,-8.03024115269361,18.4950169851713));
#17120=CARTESIAN_POINT('Origin',(-42.4747489130785,-10.5000000000002,20.295735877801));
#17121=CARTESIAN_POINT('',(-41.7572632426144,-8.05074060299821,18.3952181275875));
#17122=CARTESIAN_POINT('',(-41.8107372473797,-8.06059828613651,18.3633713194903));
#17123=CARTESIAN_POINT('Origin',(-41.4513768274006,-10.5000000000002,18.5773908675498));
#17124=CARTESIAN_POINT('',(-42.7806353282923,-8.05074060299821,20.1135631378387));
#17125=CARTESIAN_POINT('',(-41.7572632426144,-8.05074060299821,18.3952181275875));
#17126=CARTESIAN_POINT('',(-42.8341093330577,-8.06059828613651,20.0817163297415));
#17127=CARTESIAN_POINT('Origin',(-42.4747489130785,-10.5000000000002,20.295735877801));
#17128=CARTESIAN_POINT('',(-41.8107372473797,-8.06059828613651,18.3633713194903));
#17129=CARTESIAN_POINT('Origin',(-42.4747489130785,-10.5000000000002,20.295735877801));
#17130=CARTESIAN_POINT('',(-41.9755506077903,-8.10137259047838,18.2652155990822));
#17131=CARTESIAN_POINT('',(-42.0278463777362,-8.11768201523412,18.2340704967643));
#17132=CARTESIAN_POINT('Origin',(-41.4513768274006,-10.5000000000002,18.5773908675498));
#17133=CARTESIAN_POINT('',(-42.9989226934683,-8.10137259047839,19.9835606093333));
#17134=CARTESIAN_POINT('',(-41.9755506077903,-8.10137259047838,18.2652155990822));
#17135=CARTESIAN_POINT('',(-43.0512184634141,-8.11768201523413,19.9524155070155));
#17136=CARTESIAN_POINT('Origin',(-42.4747489130785,-10.5000000000002,20.295735877801));
#17137=CARTESIAN_POINT('',(-42.0278463777362,-8.11768201523413,18.2340704967643));
#17138=CARTESIAN_POINT('Origin',(-42.4747489130785,-10.5000000000002,20.295735877801));
#17139=CARTESIAN_POINT('',(-42.1880950153379,-8.17828444180233,18.138633328145));
#17140=CARTESIAN_POINT('',(-42.2386395870651,-8.20086691870493,18.108531163865));
#17141=CARTESIAN_POINT('Origin',(-41.4513768274006,-10.5000000000002,18.5773908675498));
#17142=CARTESIAN_POINT('',(-43.2114671010159,-8.17828444180233,19.8569783383962));
#17143=CARTESIAN_POINT('',(-42.1880950153379,-8.17828444180233,18.138633328145));
#17144=CARTESIAN_POINT('',(-43.2620116727431,-8.20086691870493,19.8268761741162));
#17145=CARTESIAN_POINT('Origin',(-42.4747489130785,-10.5000000000002,20.295735877801));
#17146=CARTESIAN_POINT('',(-42.2386395870651,-8.20086691870493,18.108531163865));
#17147=CARTESIAN_POINT('Origin',(-42.4747489130785,-10.5000000000002,20.295735877801));
#17148=CARTESIAN_POINT('',(-42.3925677842502,-8.28063349463211,18.0168581766254));
#17149=CARTESIAN_POINT('',(-42.4408073808539,-8.30924160533893,17.9881287559945));
#17150=CARTESIAN_POINT('Origin',(-41.4513768274006,-10.5000000000002,18.5773908675498));
#17151=CARTESIAN_POINT('',(-43.4159398699282,-8.28063349463212,19.7352031868766));
#17152=CARTESIAN_POINT('',(-42.3925677842502,-8.28063349463211,18.0168581766254));
#17153=CARTESIAN_POINT('',(-43.4641794665318,-8.30924160533893,19.7064737662457));
#17154=CARTESIAN_POINT('Origin',(-42.4747489130785,-10.5000000000002,20.295735877801));
#17155=CARTESIAN_POINT('',(-42.4408073808539,-8.30924160533893,17.9881287559945));
#17156=CARTESIAN_POINT('Origin',(-42.4747489130785,-10.5000000000002,20.295735877801));
#17157=CARTESIAN_POINT('',(-42.5867286680825,-8.40729839132701,17.9012243385667));
#17158=CARTESIAN_POINT('',(-42.6321347664473,-8.4416186993905,17.8741824271293));
#17159=CARTESIAN_POINT('Origin',(-41.4513768274006,-10.5000000000002,18.5773908675498));
#17160=CARTESIAN_POINT('',(-43.6101007537604,-8.40729839132701,19.6195693488179));
#17161=CARTESIAN_POINT('',(-42.5867286680825,-8.40729839132701,17.9012243385667));
#17162=CARTESIAN_POINT('',(-43.6555068521253,-8.44161869939051,19.5925274373805));
#17163=CARTESIAN_POINT('Origin',(-42.4747489130785,-10.5000000000002,20.295735877801));
#17164=CARTESIAN_POINT('',(-42.6321347664473,-8.4416186993905,17.8741824271293));
#17165=CARTESIAN_POINT('Origin',(-42.4747489130785,-10.5000000000002,20.295735877801));
#17166=CARTESIAN_POINT('',(-42.7684503995606,-8.55689136477249,17.7929987224964));
#17167=CARTESIAN_POINT('',(-42.8105255209711,-8.59654784971554,17.7679405970931));
#17168=CARTESIAN_POINT('Origin',(-41.4513768274006,-10.5000000000002,18.5773908675498));
#17169=CARTESIAN_POINT('',(-43.7918224852385,-8.55689136477249,19.5113437327476));
#17170=CARTESIAN_POINT('',(-42.7684503995606,-8.55689136477249,17.7929987224964));
#17171=CARTESIAN_POINT('',(-43.8338976066491,-8.59654784971554,19.4862856073443));
#17172=CARTESIAN_POINT('Origin',(-42.4747489130785,-10.5000000000002,20.295735877801));
#17173=CARTESIAN_POINT('',(-42.8105255209711,-8.59654784971554,17.7679405970931));
#17174=CARTESIAN_POINT('Origin',(-42.4747489130785,-10.5000000000002,20.295735877801));
#17175=CARTESIAN_POINT('',(-42.9357419973667,-8.72777344304715,17.6933670709119));
#17176=CARTESIAN_POINT('',(-42.974025157988,-8.77233162012206,17.6705672736083));
#17177=CARTESIAN_POINT('Origin',(-41.4513768274006,-10.5000000000002,18.5773908675498));
#17178=CARTESIAN_POINT('',(-43.9591140830446,-8.72777344304715,19.4117120811631));
#17179=CARTESIAN_POINT('',(-42.9357419973667,-8.72777344304715,17.6933670709119));
#17180=CARTESIAN_POINT('',(-43.9973972436659,-8.77233162012207,19.3889122838595));
#17181=CARTESIAN_POINT('Origin',(-42.4747489130785,-10.5000000000002,20.295735877801));
#17182=CARTESIAN_POINT('',(-42.974025157988,-8.77233162012206,17.6705672736083));
#17183=CARTESIAN_POINT('Origin',(-42.4747489130785,-10.5000000000002,20.295735877801));
#17184=CARTESIAN_POINT('',(-43.0867705797473,-8.91807240634203,17.6034209690373));
#17185=CARTESIAN_POINT('',(-43.1208423412603,-8.96704408683638,17.5831292991839));
#17186=CARTESIAN_POINT('Origin',(-41.4513768274006,-10.5000000000002,18.5773908675498));
#17187=CARTESIAN_POINT('',(-44.1101426654252,-8.91807240634204,19.3217659792885));
#17188=CARTESIAN_POINT('',(-43.0867705797473,-8.91807240634203,17.6034209690373));
#17189=CARTESIAN_POINT('',(-44.1442144269382,-8.96704408683639,19.3014743094351));
#17190=CARTESIAN_POINT('Origin',(-42.4747489130785,-10.5000000000002,20.295735877801));
#17191=CARTESIAN_POINT('',(-43.1208423412603,-8.96704408683638,17.5831292991839));
#17192=CARTESIAN_POINT('Origin',(-42.4747489130785,-10.5000000000002,20.295735877801));
#17193=CARTESIAN_POINT('',(-43.219881445949,-9.12570329939267,17.5241458851871));
#17194=CARTESIAN_POINT('',(-43.2493685110046,-9.17855193932697,17.506584662565));
#17195=CARTESIAN_POINT('Origin',(-41.4513768274006,-10.5000000000002,18.5773908675498));
#17196=CARTESIAN_POINT('',(-44.243253531627,-9.12570329939267,19.2424908954383));
#17197=CARTESIAN_POINT('',(-43.219881445949,-9.12570329939267,17.5241458851871));
#17198=CARTESIAN_POINT('',(-44.2727405966826,-9.17855193932698,19.2249296728162));
#17199=CARTESIAN_POINT('Origin',(-42.4747489130785,-10.5000000000002,20.295735877801));
#17200=CARTESIAN_POINT('',(-43.2493685110046,-9.17855193932697,17.506584662565));
#17201=CARTESIAN_POINT('Origin',(-42.4747489130785,-10.5000000000002,20.295735877801));
#17202=CARTESIAN_POINT('',(-43.3336162054666,-9.34839127468523,17.4564103737693));
#17203=CARTESIAN_POINT('',(-43.3581955076095,-9.40453785330108,17.4417720028086));
#17204=CARTESIAN_POINT('Origin',(-41.4513768274006,-10.5000000000002,18.5773908675498));
#17205=CARTESIAN_POINT('',(-44.3569882911445,-9.34839127468523,19.1747553840205));
#17206=CARTESIAN_POINT('',(-43.3336162054666,-9.34839127468523,17.4564103737693));
#17207=CARTESIAN_POINT('',(-44.3815675932874,-9.40453785330109,19.1601170130598));
#17208=CARTESIAN_POINT('Origin',(-42.4747489130785,-10.5000000000002,20.295735877801));
#17209=CARTESIAN_POINT('',(-43.3581955076095,-9.40453785330108,17.4417720028086));
#17210=CARTESIAN_POINT('Origin',(-42.4747489130785,-10.5000000000002,20.295735877801));
#17211=CARTESIAN_POINT('',(-43.4267287564741,-9.58369651616196,17.4009565592216));
#17212=CARTESIAN_POINT('',(-43.4461309997264,-9.64252587979462,17.3894014209778));
#17213=CARTESIAN_POINT('Origin',(-41.4513768274006,-10.5000000000002,18.5773908675498));
#17214=CARTESIAN_POINT('',(-44.4501008421521,-9.58369651616197,19.1193015694728));
#17215=CARTESIAN_POINT('',(-43.4267287564741,-9.58369651616196,17.4009565592216));
#17216=CARTESIAN_POINT('',(-44.4695030854044,-9.64252587979462,19.107746431229));
#17217=CARTESIAN_POINT('Origin',(-42.4747489130785,-10.5000000000002,20.295735877801));
#17218=CARTESIAN_POINT('',(-43.4461309997264,-9.64252587979462,17.3894014209778));
#17219=CARTESIAN_POINT('Origin',(-42.4747489130785,-10.5000000000002,20.295735877801));
#17220=CARTESIAN_POINT('',(-43.4981989383777,-9.82904097035646,17.3583920051407));
#17221=CARTESIAN_POINT('',(-43.5122115477023,-9.88990857218712,17.3500467001265));
#17222=CARTESIAN_POINT('Origin',(-41.4513768274006,-10.5000000000002,18.5773908675498));
#17223=CARTESIAN_POINT('',(-44.5215710240557,-9.82904097035646,19.0767370153919));
#17224=CARTESIAN_POINT('',(-43.4981989383777,-9.82904097035646,17.3583920051407));
#17225=CARTESIAN_POINT('',(-44.5355836333803,-9.88990857218713,19.0683917103777));
#17226=CARTESIAN_POINT('Origin',(-42.4747489130785,-10.5000000000002,20.295735877801));
#17227=CARTESIAN_POINT('',(-43.5122115477023,-9.88990857218712,17.3500467001265));
#17228=CARTESIAN_POINT('Origin',(-42.4747489130785,-10.5000000000002,20.295735877801));
#17229=CARTESIAN_POINT('',(-43.5472437089085,-10.0817365920869,17.3291830576883));
#17230=CARTESIAN_POINT('',(-43.5557131592251,-10.1439755539326,17.3241390188117));
#17231=CARTESIAN_POINT('Origin',(-41.4513768274006,-10.5000000000002,18.5773908675498));
#17232=CARTESIAN_POINT('',(-44.5706157945864,-10.0817365920869,19.0475280679394));
#17233=CARTESIAN_POINT('',(-43.5472437089085,-10.0817365920869,17.3291830576883));
#17234=CARTESIAN_POINT('',(-44.5790852449031,-10.1439755539326,19.0424840290628));
#17235=CARTESIAN_POINT('Origin',(-42.4747489130785,-10.5000000000002,20.295735877801));
#17236=CARTESIAN_POINT('',(-43.5557131592251,-10.1439755539326,17.3241390188117));
#17237=CARTESIAN_POINT('Origin',(-42.4747489130785,-10.5000000000002,20.295735877801));
#17238=CARTESIAN_POINT('',(-43.573325723297,-10.3390147952418,17.3136497362049));
#17239=CARTESIAN_POINT('',(-43.5761592215358,-10.4019432140121,17.3119622270114));
#17240=CARTESIAN_POINT('Origin',(-41.4513768274006,-10.5000000000002,18.5773908675498));
#17241=CARTESIAN_POINT('',(-44.596697808975,-10.3390147952418,19.0319947464561));
#17242=CARTESIAN_POINT('',(-43.573325723297,-10.3390147952418,17.3136497362049));
#17243=CARTESIAN_POINT('',(-44.5995313072138,-10.4019432140121,19.0303072372626));
#17244=CARTESIAN_POINT('Origin',(-42.4747489130785,-10.5000000000002,20.295735877801));
#17245=CARTESIAN_POINT('',(-43.5761592215358,-10.4019432140121,17.3119622270114));
#17246=CARTESIAN_POINT('Origin',(-42.4747489130785,-10.5000000000002,20.295735877801));
#17247=CARTESIAN_POINT('',(-43.5761592215358,-10.5980567859882,17.3119622270114));
#17248=CARTESIAN_POINT('',(-43.573325723297,-10.6609852047585,17.3136497362049));
#17249=CARTESIAN_POINT('Origin',(-41.4513768274006,-10.5000000000002,18.5773908675498));
#17250=CARTESIAN_POINT('',(-44.5995313072138,-10.5980567859882,19.0303072372626));
#17251=CARTESIAN_POINT('',(-43.5761592215358,-10.5980567859882,17.3119622270114));
#17252=CARTESIAN_POINT('',(-44.596697808975,-10.6609852047585,19.0319947464561));
#17253=CARTESIAN_POINT('Origin',(-42.4747489130785,-10.5000000000002,20.295735877801));
#17254=CARTESIAN_POINT('',(-43.573325723297,-10.6609852047585,17.3136497362049));
#17255=CARTESIAN_POINT('Origin',(-42.4747489130785,-10.5000000000002,20.295735877801));
#17256=CARTESIAN_POINT('',(-43.5557131592251,-10.8560244460677,17.3241390188117));
#17257=CARTESIAN_POINT('',(-43.5472437089085,-10.9182634079134,17.3291830576883));
#17258=CARTESIAN_POINT('Origin',(-41.4513768274006,-10.5000000000002,18.5773908675498));
#17259=CARTESIAN_POINT('',(-44.5790852449031,-10.8560244460677,19.0424840290628));
#17260=CARTESIAN_POINT('',(-43.5557131592251,-10.8560244460677,17.3241390188117));
#17261=CARTESIAN_POINT('',(-44.5706157945864,-10.9182634079134,19.0475280679394));
#17262=CARTESIAN_POINT('Origin',(-42.4747489130785,-10.5000000000002,20.295735877801));
#17263=CARTESIAN_POINT('',(-43.5472437089085,-10.9182634079134,17.3291830576883));
#17264=CARTESIAN_POINT('Origin',(-42.4747489130785,-10.5000000000002,20.295735877801));
#17265=CARTESIAN_POINT('',(-43.5122115477023,-11.1100914278132,17.3500467001265));
#17266=CARTESIAN_POINT('',(-43.4981989383777,-11.1709590296438,17.3583920051407));
#17267=CARTESIAN_POINT('Origin',(-41.4513768274006,-10.5000000000002,18.5773908675498));
#17268=CARTESIAN_POINT('',(-44.5355836333803,-11.1100914278132,19.0683917103776));
#17269=CARTESIAN_POINT('',(-43.5122115477023,-11.1100914278132,17.3500467001265));
#17270=CARTESIAN_POINT('',(-44.5215710240557,-11.1709590296438,19.0767370153919));
#17271=CARTESIAN_POINT('Origin',(-42.4747489130785,-10.5000000000002,20.295735877801));
#17272=CARTESIAN_POINT('',(-43.4981989383777,-11.1709590296438,17.3583920051407));
#17273=CARTESIAN_POINT('Origin',(-42.4747489130785,-10.5000000000002,20.295735877801));
#17274=CARTESIAN_POINT('',(-43.4461309997264,-11.3574741202057,17.3894014209778));
#17275=CARTESIAN_POINT('',(-43.4267287564741,-11.4163034838383,17.4009565592216));
#17276=CARTESIAN_POINT('Origin',(-41.4513768274006,-10.5000000000002,18.5773908675498));
#17277=CARTESIAN_POINT('',(-44.4695030854044,-11.3574741202057,19.107746431229));
#17278=CARTESIAN_POINT('',(-43.4461309997264,-11.3574741202057,17.3894014209778));
#17279=CARTESIAN_POINT('',(-44.4501008421521,-11.4163034838383,19.1193015694728));
#17280=CARTESIAN_POINT('Origin',(-42.4747489130785,-10.5000000000002,20.295735877801));
#17281=CARTESIAN_POINT('',(-43.4267287564741,-11.4163034838383,17.4009565592216));
#17282=CARTESIAN_POINT('Origin',(-42.4747489130785,-10.5000000000002,20.295735877801));
#17283=CARTESIAN_POINT('',(-43.3581955076095,-11.5954621466992,17.4417720028086));
#17284=CARTESIAN_POINT('',(-43.3336162054666,-11.6516087253151,17.4564103737693));
#17285=CARTESIAN_POINT('Origin',(-41.4513768274006,-10.5000000000002,18.5773908675498));
#17286=CARTESIAN_POINT('',(-44.3815675932874,-11.5954621466992,19.1601170130598));
#17287=CARTESIAN_POINT('',(-43.3581955076095,-11.5954621466992,17.4417720028086));
#17288=CARTESIAN_POINT('',(-44.3569882911445,-11.6516087253151,19.1747553840205));
#17289=CARTESIAN_POINT('Origin',(-42.4747489130785,-10.5000000000002,20.295735877801));
#17290=CARTESIAN_POINT('',(-43.3336162054666,-11.6516087253151,17.4564103737693));
#17291=CARTESIAN_POINT('Origin',(-42.4747489130785,-10.5000000000002,20.295735877801));
#17292=CARTESIAN_POINT('',(-43.2493685110046,-11.8214480606733,17.506584662565));
#17293=CARTESIAN_POINT('',(-43.219881445949,-11.8742967006076,17.5241458851871));
#17294=CARTESIAN_POINT('Origin',(-41.4513768274006,-10.5000000000002,18.5773908675498));
#17295=CARTESIAN_POINT('',(-44.2727405966826,-11.8214480606733,19.2249296728162));
#17296=CARTESIAN_POINT('',(-43.2493685110046,-11.8214480606733,17.506584662565));
#17297=CARTESIAN_POINT('',(-44.243253531627,-11.8742967006076,19.2424908954382));
#17298=CARTESIAN_POINT('Origin',(-42.4747489130785,-10.5000000000002,20.295735877801));
#17299=CARTESIAN_POINT('',(-43.219881445949,-11.8742967006076,17.5241458851871));
#17300=CARTESIAN_POINT('Origin',(-42.4747489130785,-10.5000000000002,20.295735877801));
#17301=CARTESIAN_POINT('',(-43.1208423412603,-12.0329559131639,17.5831292991839));
#17302=CARTESIAN_POINT('',(-43.0867705797473,-12.0819275936583,17.6034209690373));
#17303=CARTESIAN_POINT('Origin',(-41.4513768274006,-10.5000000000002,18.5773908675498));
#17304=CARTESIAN_POINT('',(-44.1442144269382,-12.0329559131639,19.3014743094351));
#17305=CARTESIAN_POINT('',(-43.1208423412603,-12.0329559131639,17.5831292991839));
#17306=CARTESIAN_POINT('',(-44.1101426654252,-12.0819275936583,19.3217659792885));
#17307=CARTESIAN_POINT('Origin',(-42.4747489130785,-10.5000000000002,20.295735877801));
#17308=CARTESIAN_POINT('',(-43.0867705797473,-12.0819275936583,17.6034209690373));
#17309=CARTESIAN_POINT('Origin',(-42.4747489130785,-10.5000000000002,20.295735877801));
#17310=CARTESIAN_POINT('',(-42.974025157988,-12.2276683798782,17.6705672736083));
#17311=CARTESIAN_POINT('',(-42.9357419973667,-12.2722265569532,17.6933670709119));
#17312=CARTESIAN_POINT('Origin',(-41.4513768274006,-10.5000000000002,18.5773908675498));
#17313=CARTESIAN_POINT('',(-43.9973972436659,-12.2276683798782,19.3889122838595));
#17314=CARTESIAN_POINT('',(-42.974025157988,-12.2276683798782,17.6705672736083));
#17315=CARTESIAN_POINT('',(-43.9591140830446,-12.2722265569532,19.4117120811631));
#17316=CARTESIAN_POINT('Origin',(-42.4747489130785,-10.5000000000002,20.295735877801));
#17317=CARTESIAN_POINT('',(-42.9357419973667,-12.2722265569532,17.6933670709119));
#17318=CARTESIAN_POINT('Origin',(-42.4747489130785,-10.5000000000002,20.295735877801));
#17319=CARTESIAN_POINT('',(-42.8105255209711,-12.4034521502848,17.7679405970931));
#17320=CARTESIAN_POINT('',(-42.7684503995606,-12.4431086352278,17.7929987224964));
#17321=CARTESIAN_POINT('Origin',(-41.4513768274006,-10.5000000000002,18.5773908675498));
#17322=CARTESIAN_POINT('',(-43.8338976066491,-12.4034521502848,19.4862856073442));
#17323=CARTESIAN_POINT('',(-42.8105255209711,-12.4034521502848,17.7679405970931));
#17324=CARTESIAN_POINT('',(-43.7918224852385,-12.4431086352278,19.5113437327476));
#17325=CARTESIAN_POINT('Origin',(-42.4747489130785,-10.5000000000002,20.295735877801));
#17326=CARTESIAN_POINT('',(-42.7684503995606,-12.4431086352278,17.7929987224964));
#17327=CARTESIAN_POINT('Origin',(-42.4747489130785,-10.5000000000002,20.295735877801));
#17328=CARTESIAN_POINT('',(-42.6321347664473,-12.5583813006098,17.8741824271293));
#17329=CARTESIAN_POINT('',(-42.5867286680825,-12.5927016086733,17.9012243385667));
#17330=CARTESIAN_POINT('Origin',(-41.4513768274006,-10.5000000000002,18.5773908675498));
#17331=CARTESIAN_POINT('',(-43.6555068521253,-12.5583813006098,19.5925274373804));
#17332=CARTESIAN_POINT('',(-42.6321347664473,-12.5583813006098,17.8741824271293));
#17333=CARTESIAN_POINT('',(-43.6101007537604,-12.5927016086733,19.6195693488178));
#17334=CARTESIAN_POINT('Origin',(-42.4747489130785,-10.5000000000002,20.295735877801));
#17335=CARTESIAN_POINT('',(-42.5867286680825,-12.5927016086733,17.9012243385667));
#17336=CARTESIAN_POINT('Origin',(-42.4747489130785,-10.5000000000002,20.295735877801));
#17337=CARTESIAN_POINT('',(-42.4408073808539,-12.6907583946614,17.9881287559945));
#17338=CARTESIAN_POINT('',(-42.3925677842503,-12.7193665053682,18.0168581766254));
#17339=CARTESIAN_POINT('Origin',(-41.4513768274006,-10.5000000000002,18.5773908675498));
#17340=CARTESIAN_POINT('',(-43.4641794665318,-12.6907583946614,19.7064737662457));
#17341=CARTESIAN_POINT('',(-42.4408073808539,-12.6907583946614,17.9881287559945));
#17342=CARTESIAN_POINT('',(-43.4159398699282,-12.7193665053682,19.7352031868766));
#17343=CARTESIAN_POINT('Origin',(-42.4747489130785,-10.5000000000002,20.295735877801));
#17344=CARTESIAN_POINT('',(-42.3925677842503,-12.7193665053682,18.0168581766254));
#17345=CARTESIAN_POINT('Origin',(-42.4747489130785,-10.5000000000002,20.295735877801));
#17346=CARTESIAN_POINT('',(-42.2386395870651,-12.7991330812954,18.108531163865));
#17347=CARTESIAN_POINT('',(-42.1880950153379,-12.821715558198,18.138633328145));
#17348=CARTESIAN_POINT('Origin',(-41.4513768274006,-10.5000000000002,18.5773908675498));
#17349=CARTESIAN_POINT('',(-43.2620116727431,-12.7991330812954,19.8268761741162));
#17350=CARTESIAN_POINT('',(-42.2386395870651,-12.7991330812954,18.108531163865));
#17351=CARTESIAN_POINT('',(-43.2114671010159,-12.821715558198,19.8569783383961));
#17352=CARTESIAN_POINT('Origin',(-42.4747489130785,-10.5000000000002,20.295735877801));
#17353=CARTESIAN_POINT('',(-42.1880950153379,-12.821715558198,18.138633328145));
#17354=CARTESIAN_POINT('Origin',(-42.4747489130785,-10.5000000000002,20.295735877801));
#17355=CARTESIAN_POINT('',(-42.0278463777362,-12.8823179847662,18.2340704967643));
#17356=CARTESIAN_POINT('',(-41.9755506077903,-12.8986274095219,18.2652155990821));
#17357=CARTESIAN_POINT('Origin',(-41.4513768274006,-10.5000000000002,18.5773908675498));
#17358=CARTESIAN_POINT('',(-43.0512184634141,-12.8823179847662,19.9524155070155));
#17359=CARTESIAN_POINT('',(-42.0278463777362,-12.8823179847662,18.2340704967643));
#17360=CARTESIAN_POINT('',(-42.9989226934683,-12.8986274095219,19.9835606093333));
#17361=CARTESIAN_POINT('Origin',(-42.4747489130785,-10.5000000000002,20.295735877801));
#17362=CARTESIAN_POINT('',(-41.9755506077903,-12.8986274095219,18.2652155990821));
#17363=CARTESIAN_POINT('Origin',(-42.4747489130785,-10.5000000000002,20.295735877801));
#17364=CARTESIAN_POINT('',(-41.8107372473797,-12.9394017138638,18.3633713194903));
#17365=CARTESIAN_POINT('',(-41.7572632426144,-12.9492593970021,18.3952181275875));
#17366=CARTESIAN_POINT('Origin',(-41.4513768274006,-10.5000000000002,18.5773908675498));
#17367=CARTESIAN_POINT('',(-42.8341093330577,-12.9394017138638,20.0817163297415));
#17368=CARTESIAN_POINT('',(-41.8107372473797,-12.9394017138638,18.3633713194903));
#17369=CARTESIAN_POINT('',(-42.7806353282923,-12.9492593970021,20.1135631378387));
#17370=CARTESIAN_POINT('Origin',(-42.4747489130785,-10.5000000000002,20.295735877801));
#17371=CARTESIAN_POINT('',(-41.7572632426144,-12.9492593970021,18.3952181275875));
#17372=CARTESIAN_POINT('Origin',(-42.4747489130785,-10.5000000000002,20.295735877801));
#17373=CARTESIAN_POINT('',(-41.589690889061,-12.9697588473067,18.4950169851713));
#17374=CARTESIAN_POINT('',(-41.5356245218625,-12.9730567859883,18.527216578754));
#17375=CARTESIAN_POINT('Origin',(-41.4513768274006,-10.5000000000002,18.5773908675498));
#17376=CARTESIAN_POINT('',(-42.6130629747389,-12.9697588473067,20.2133619954225));
#17377=CARTESIAN_POINT('',(-41.589690889061,-12.9697588473067,18.4950169851713));
#17378=CARTESIAN_POINT('',(-42.5589966075405,-12.9730567859883,20.2455615890052));
#17379=CARTESIAN_POINT('Origin',(-42.4747489130785,-10.5000000000002,20.295735877801));
#17380=CARTESIAN_POINT('',(-41.5356245218625,-12.9730567859883,18.527216578754));
#17381=CARTESIAN_POINT('Origin',(-41.246702410265,-10.5000000000002,18.2337218654995));
#17382=CARTESIAN_POINT('',(-39.3487283112343,-13.1500000000002,19.364073279622));
#17383=CARTESIAN_POINT('',(-39.3487283112343,-7.85000000000016,19.364073279622));
#17384=CARTESIAN_POINT('Origin',(-41.246702410265,-10.5000000000002,18.2337218654995));
#17385=CARTESIAN_POINT('',(-29.0815741194626,-12.4970208802888,25.4787469548898));
#17386=CARTESIAN_POINT('',(-29.0815741194626,-12.4970208802888,25.4787469548898));
#17387=CARTESIAN_POINT('',(-29.0815741194626,-8.50297911971151,25.4787469548898));
#17388=CARTESIAN_POINT('Origin',(-29.1753287132504,-10.5000000000002,25.4229107673872));
#17389=CARTESIAN_POINT('',(-39.3487283112343,-7.85000000000016,19.364073279622));
#17390=CARTESIAN_POINT('',(-32.2683497317025,-9.90000000000014,23.5808410131669));
#17391=CARTESIAN_POINT('Origin',(-32.2683497317025,-10.5000000000002,23.5808410131669));
#17392=CARTESIAN_POINT('',(-33.9866947419537,-9.90000000000014,22.5574689274889));
#17393=CARTESIAN_POINT('Origin',(-33.9866947419537,-10.5000000000002,22.5574689274889));
#17394=CARTESIAN_POINT('',(-35.7050397522049,-9.90000000000014,21.5340968418109));
#17395=CARTESIAN_POINT('Origin',(-35.7050397522049,-10.5000000000002,21.5340968418109));
#17396=CARTESIAN_POINT('',(-37.4233847624561,-9.90000000000014,20.510724756133));
#17397=CARTESIAN_POINT('Origin',(-37.4233847624561,-10.5000000000002,20.510724756133));
#17398=CARTESIAN_POINT('',(-30.5500047214513,-9.90000000000014,24.6042130988448));
#17399=CARTESIAN_POINT('Origin',(-30.5500047214513,-10.5000000000002,24.6042130988448));
#17400=CARTESIAN_POINT('',(-28.8316597112002,-9.90000000000014,25.6275851845228));
#17401=CARTESIAN_POINT('Origin',(-28.8316597112002,-10.5000000000002,25.6275851845228));
#17402=CARTESIAN_POINT('Origin',(-41.246702410265,-10.5000000000002,18.2337218654995));
#17403=CARTESIAN_POINT('',(-38.6323678512597,-13.1500000000002,18.1612317724462));
#17404=CARTESIAN_POINT('',(-39.3487283112343,-13.1500000000002,19.364073279622));
#17405=CARTESIAN_POINT('',(-38.6323678512597,-7.85000000000015,18.1612317724462));
#17406=CARTESIAN_POINT('',(-39.3487283112343,-7.85000000000016,19.364073279622));
#17407=CARTESIAN_POINT('',(-40.5303419502904,-7.05000000000015,17.0308803583237));
#17408=CARTESIAN_POINT('Origin',(-40.5303419502904,-10.5000000000002,17.0308803583237));
#17409=CARTESIAN_POINT('',(-42.4747489130785,-7.05000000000016,20.295735877801));
#17410=CARTESIAN_POINT('',(-41.246702410265,-7.05000000000016,18.2337218654995));
#17411=CARTESIAN_POINT('Origin',(-42.4747489130785,-10.5000000000002,20.295735877801));
#17412=CARTESIAN_POINT('',(-42.4283160493211,-7.85000000000015,15.9005289442012));
#17413=CARTESIAN_POINT('Origin',(-40.5303419502904,-10.5000000000002,17.0308803583237));
#17414=CARTESIAN_POINT('',(-43.1446765092956,-7.85000000000016,17.103370451377));
#17415=CARTESIAN_POINT('',(-43.1446765092956,-7.85000000000016,17.103370451377));
#17416=CARTESIAN_POINT('',(-43.1446765092956,-13.1500000000002,17.103370451377));
#17417=CARTESIAN_POINT('Origin',(-41.246702410265,-10.5000000000002,18.2337218654995));
#17418=CARTESIAN_POINT('',(-42.4283160493211,-13.1500000000002,15.9005289442012));
#17419=CARTESIAN_POINT('',(-43.1446765092956,-13.1500000000002,17.103370451377));
#17420=CARTESIAN_POINT('Origin',(-40.5303419502904,-10.5000000000002,17.0308803583237));
#17421=CARTESIAN_POINT('Origin',(-39.3487283112343,-13.1500000000002,19.364073279622));
#17422=CARTESIAN_POINT('',(-28.365213659488,-12.4970208802888,24.2759054477139));
#17423=CARTESIAN_POINT('',(-28.365213659488,-12.4970208802888,24.2759054477139));
#17424=CARTESIAN_POINT('',(-29.0815741194626,-12.4970208802888,25.4787469548898));
#17425=CARTESIAN_POINT('Origin',(-29.1753287132504,-10.5000000000002,25.4229107673872));
#17426=CARTESIAN_POINT('',(-28.365213659488,-8.5029791197115,24.275905447714));
#17427=CARTESIAN_POINT('Origin',(-28.4589682532758,-10.5000000000002,24.2200692602113));
#17428=CARTESIAN_POINT('',(-29.0815741194626,-8.50297911971151,25.4787469548898));
#17429=CARTESIAN_POINT('Origin',(-29.0815741194626,-8.50297911971151,25.4787469548898));
#17430=CARTESIAN_POINT('',(-38.6323678512597,-7.85000000000015,18.1612317724462));
#17431=CARTESIAN_POINT('Origin',(-40.5303419502904,-10.5000000000002,17.0308803583237));
#17432=CARTESIAN_POINT('',(-52.6954702410928,-12.4970208802888,9.78585526893345));
#17433=CARTESIAN_POINT('',(-42.4283160493211,-13.1500000000002,15.9005289442012));
#17434=CARTESIAN_POINT('',(-52.6954702410928,-8.5029791197115,9.78585526893345));
#17435=CARTESIAN_POINT('Origin',(-52.601715647305,-10.5000000000002,9.84169145643605));
#17436=CARTESIAN_POINT('',(-52.6954702410928,-8.5029791197115,9.78585526893345));
#17437=CARTESIAN_POINT('',(-29.8336442614768,-9.90000000000014,23.401371591669));
#17438=CARTESIAN_POINT('Origin',(-29.8336442614768,-10.5000000000002,23.401371591669));
#17439=CARTESIAN_POINT('',(-28.1152992512256,-9.90000000000014,24.4247436773469));
#17440=CARTESIAN_POINT('Origin',(-28.1152992512256,-10.5000000000002,24.4247436773469));
#17441=CARTESIAN_POINT('',(-31.551989271728,-9.90000000000014,22.377999505991));
#17442=CARTESIAN_POINT('Origin',(-31.551989271728,-10.5000000000002,22.377999505991));
#17443=CARTESIAN_POINT('',(-33.2703342819791,-9.90000000000014,21.3546274203131));
#17444=CARTESIAN_POINT('Origin',(-33.2703342819791,-10.5000000000002,21.3546274203131));
#17445=CARTESIAN_POINT('',(-34.9886792922303,-9.90000000000014,20.3312553346351));
#17446=CARTESIAN_POINT('Origin',(-34.9886792922303,-10.5000000000002,20.3312553346351));
#17447=CARTESIAN_POINT('',(-36.7070243024815,-9.90000000000014,19.3078832489572));
#17448=CARTESIAN_POINT('Origin',(-36.7070243024815,-10.5000000000002,19.3078832489572));
#17449=CARTESIAN_POINT('',(-40.5303419502904,-8.20000000000014,17.0308803583237));
#17450=CARTESIAN_POINT('Origin',(-40.5303419502904,-10.5000000000002,17.0308803583237));
#17451=CARTESIAN_POINT('',(-44.3536595980993,-9.90000000000014,14.7538774676902));
#17452=CARTESIAN_POINT('Origin',(-44.3536595980993,-10.5000000000002,14.7538774676902));
#17453=CARTESIAN_POINT('',(-46.0720046083505,-9.90000000000014,13.7305053820123));
#17454=CARTESIAN_POINT('Origin',(-46.0720046083505,-10.5000000000002,13.7305053820123));
#17455=CARTESIAN_POINT('',(-47.7903496186017,-9.90000000000014,12.7071332963343));
#17456=CARTESIAN_POINT('Origin',(-47.7903496186017,-10.5000000000002,12.7071332963343));
#17457=CARTESIAN_POINT('',(-49.5086946288529,-9.90000000000014,11.6837612106564));
#17458=CARTESIAN_POINT('Origin',(-49.5086946288529,-10.5000000000002,11.6837612106564));
#17459=CARTESIAN_POINT('',(-51.227039639104,-9.90000000000014,10.6603891249784));
#17460=CARTESIAN_POINT('Origin',(-51.227039639104,-10.5000000000002,10.6603891249784));
#17461=CARTESIAN_POINT('',(-52.9453846493552,-9.90000000000014,9.63701703930046));
#17462=CARTESIAN_POINT('Origin',(-52.9453846493552,-10.5000000000002,9.63701703930046));
#17463=CARTESIAN_POINT('Origin',(-42.4747489130785,-10.5000000000002,20.295735877801));
#17464=CARTESIAN_POINT('',(-42.3905012186166,-12.9730567859883,20.3459101665967));
#17465=CARTESIAN_POINT('',(-42.3364348514181,-12.9697588473067,20.3781097601794));
#17466=CARTESIAN_POINT('Origin',(-42.4747489130785,-10.5000000000002,20.295735877801));
#17467=CARTESIAN_POINT('',(-42.4747489130785,-12.8750000000002,20.295735877801));
#17468=CARTESIAN_POINT('',(-42.3905012186166,-12.9730567859883,20.3459101665967));
#17469=CARTESIAN_POINT('',(-42.4747489130785,-12.8750000000002,20.295735877801));
#17470=CARTESIAN_POINT('',(-42.6880428694797,-12.8619895014998,20.168707207934));
#17471=CARTESIAN_POINT('',(-42.6130629747389,-12.9697588473067,20.2133619954225));
#17472=CARTESIAN_POINT('',(-42.6880428694797,-12.8619895014998,20.168707207934));
#17473=CARTESIAN_POINT('',(-42.8989999326599,-12.823100551743,20.0430702907565));
#17474=CARTESIAN_POINT('',(-42.8341093330577,-12.9394017138638,20.0817163297415));
#17475=CARTESIAN_POINT('',(-42.8989999326599,-12.823100551743,20.0430702907565));
#17476=CARTESIAN_POINT('',(-43.1053088128893,-12.7587592262012,19.9202016306244));
#17477=CARTESIAN_POINT('',(-43.0512184634141,-12.8823179847662,19.9524155070155));
#17478=CARTESIAN_POINT('',(-43.1053088128893,-12.7587592262012,19.9202016306244));
#17479=CARTESIAN_POINT('',(-43.3047091469033,-12.6696704619014,19.8014474022899));
#17480=CARTESIAN_POINT('',(-43.2620116727431,-12.7991330812954,19.8268761741162));
#17481=CARTESIAN_POINT('',(-43.3047091469033,-12.6696704619014,19.8014474022899));
#17482=CARTESIAN_POINT('',(-43.4950162629152,-12.5568103339882,19.6881087019297));
#17483=CARTESIAN_POINT('',(-43.4641794665318,-12.6907583946614,19.7064737662457));
#17484=CARTESIAN_POINT('',(-43.4950162629152,-12.5568103339882,19.6881087019297));
#17485=CARTESIAN_POINT('',(-43.6741451163375,-12.4214153616407,19.5814272920624));
#17486=CARTESIAN_POINT('',(-43.6555068521253,-12.5583813006098,19.5925274373804));
#17487=CARTESIAN_POINT('',(-43.6741451163375,-12.4214153616407,19.5814272920624));
#17488=CARTESIAN_POINT('',(-43.8401331339672,-12.264968960509,19.4825719965392));
#17489=CARTESIAN_POINT('',(-43.8338976066491,-12.4034521502848,19.4862856073442));
#17490=CARTESIAN_POINT('',(-43.8401331339672,-12.264968960509,19.4825719965392));
#17491=CARTESIAN_POINT('',(-43.9911617163478,-12.0891851901025,19.3926258946646));
#17492=CARTESIAN_POINT('',(-43.9973972436659,-12.2276683798782,19.3889122838595));
#17493=CARTESIAN_POINT('',(-43.9911617163478,-12.0891851901025,19.3926258946646));
#17494=CARTESIAN_POINT('',(-44.125576162726,-11.8959899741948,19.3125744547531));
#17495=CARTESIAN_POINT('',(-44.1442144269382,-12.0329559131639,19.3014743094351));
#17496=CARTESIAN_POINT('',(-44.125576162726,-11.8959899741948,19.3125744547531));
#17497=CARTESIAN_POINT('',(-44.2419038002992,-11.6875000000002,19.2432947371323));
#17498=CARTESIAN_POINT('',(-44.2727405966826,-11.8214480606733,19.2249296728162));
#17499=CARTESIAN_POINT('',(-44.2419038002992,-11.6875000000002,19.2432947371323));
#17500=CARTESIAN_POINT('',(-44.3388701191272,-11.4659995273052,19.1855457848861));
#17501=CARTESIAN_POINT('',(-44.3815675932874,-11.5954621466992,19.1601170130598));
#17502=CARTESIAN_POINT('',(-44.3388701191272,-11.4659995273052,19.1855457848861));
#17503=CARTESIAN_POINT('',(-44.4154127359292,-11.2339153616407,19.1399603076201));
#17504=CARTESIAN_POINT('',(-44.4695030854044,-11.3574741202057,19.107746431229));
#17505=CARTESIAN_POINT('',(-44.4154127359292,-11.2339153616407,19.1399603076201));
#17506=CARTESIAN_POINT('',(-44.470693033778,-10.9937902656923,19.1070377493626));
#17507=CARTESIAN_POINT('',(-44.5355836333803,-11.1100914278132,19.0683917103776));
#17508=CARTESIAN_POINT('',(-44.470693033778,-10.9937902656923,19.1070377493626));
#17509=CARTESIAN_POINT('',(-44.5041053501623,-10.7482551002608,19.0871388165514));
#17510=CARTESIAN_POINT('',(-44.5790852449031,-10.8560244460677,19.0424840290628));
#17511=CARTESIAN_POINT('',(-44.5041053501623,-10.7482551002608,19.0871388165514));
#17512=CARTESIAN_POINT('',(-44.5152836127518,-10.5000000000002,19.0804815260584));
#17513=CARTESIAN_POINT('',(-44.5995313072138,-10.5980567859882,19.0303072372626));
#17514=CARTESIAN_POINT('',(-44.5152836127518,-10.5000000000002,19.0804815260584));
#17515=CARTESIAN_POINT('',(-44.5041053501623,-10.2517448997395,19.0871388165514));
#17516=CARTESIAN_POINT('',(-44.596697808975,-10.3390147952418,19.0319947464561));
#17517=CARTESIAN_POINT('',(-44.5041053501623,-10.2517448997395,19.0871388165514));
#17518=CARTESIAN_POINT('',(-44.470693033778,-10.006209734308,19.1070377493626));
#17519=CARTESIAN_POINT('',(-44.5706157945864,-10.0817365920869,19.0475280679394));
#17520=CARTESIAN_POINT('',(-44.470693033778,-10.006209734308,19.1070377493626));
#17521=CARTESIAN_POINT('',(-44.4154127359292,-9.76608463835965,19.1399603076201));
#17522=CARTESIAN_POINT('',(-44.5215710240557,-9.82904097035646,19.0767370153919));
#17523=CARTESIAN_POINT('',(-44.4154127359292,-9.76608463835965,19.1399603076201));
#17524=CARTESIAN_POINT('',(-44.3388701191272,-9.53400047269512,19.1855457848861));
#17525=CARTESIAN_POINT('',(-44.4501008421521,-9.58369651616197,19.1193015694728));
#17526=CARTESIAN_POINT('',(-44.3388701191272,-9.53400047269512,19.1855457848861));
#17527=CARTESIAN_POINT('',(-44.2419038002992,-9.31250000000015,19.2432947371323));
#17528=CARTESIAN_POINT('',(-44.3569882911445,-9.34839127468523,19.1747553840205));
#17529=CARTESIAN_POINT('',(-44.2419038002992,-9.31250000000015,19.2432947371323));
#17530=CARTESIAN_POINT('',(-44.125576162726,-9.10401002580552,19.3125744547531));
#17531=CARTESIAN_POINT('',(-44.243253531627,-9.12570329939267,19.2424908954383));
#17532=CARTESIAN_POINT('',(-44.125576162726,-9.10401002580552,19.3125744547531));
#17533=CARTESIAN_POINT('',(-43.9911617163478,-8.91081480989786,19.3926258946646));
#17534=CARTESIAN_POINT('',(-44.1101426654252,-8.91807240634204,19.3217659792885));
#17535=CARTESIAN_POINT('',(-43.9911617163478,-8.91081480989786,19.3926258946646));
#17536=CARTESIAN_POINT('',(-43.8401331339672,-8.73503103949133,19.4825719965392));
#17537=CARTESIAN_POINT('',(-43.9591140830446,-8.72777344304715,19.4117120811631));
#17538=CARTESIAN_POINT('',(-43.8401331339672,-8.73503103949133,19.4825719965392));
#17539=CARTESIAN_POINT('',(-43.6741451163375,-8.57858463835964,19.5814272920624));
#17540=CARTESIAN_POINT('',(-43.7918224852385,-8.55689136477249,19.5113437327476));
#17541=CARTESIAN_POINT('',(-43.6741451163375,-8.57858463835964,19.5814272920624));
#17542=CARTESIAN_POINT('',(-43.4950162629152,-8.4431896660121,19.6881087019297));
#17543=CARTESIAN_POINT('',(-43.6101007537604,-8.40729839132701,19.6195693488179));
#17544=CARTESIAN_POINT('',(-43.4950162629152,-8.4431896660121,19.6881087019297));
#17545=CARTESIAN_POINT('',(-43.3047091469033,-8.33032953809897,19.8014474022899));
#17546=CARTESIAN_POINT('',(-43.4159398699282,-8.28063349463212,19.7352031868766));
#17547=CARTESIAN_POINT('',(-43.3047091469033,-8.33032953809897,19.8014474022899));
#17548=CARTESIAN_POINT('',(-43.1053088128893,-8.24124077379915,19.9202016306244));
#17549=CARTESIAN_POINT('',(-43.2114671010159,-8.17828444180233,19.8569783383962));
#17550=CARTESIAN_POINT('',(-43.1053088128893,-8.24124077379915,19.9202016306244));
#17551=CARTESIAN_POINT('',(-42.8989999326599,-8.17689944825736,20.0430702907565));
#17552=CARTESIAN_POINT('',(-42.9989226934683,-8.10137259047839,19.9835606093333));
#17553=CARTESIAN_POINT('',(-42.8989999326599,-8.17689944825736,20.0430702907565));
#17554=CARTESIAN_POINT('',(-42.6880428694797,-8.1380104985005,20.168707207934));
#17555=CARTESIAN_POINT('',(-42.7806353282923,-8.05074060299821,20.1135631378387));
#17556=CARTESIAN_POINT('',(-42.6880428694797,-8.1380104985005,20.168707207934));
#17557=CARTESIAN_POINT('',(-42.4747489130785,-8.12500000000015,20.295735877801));
#17558=CARTESIAN_POINT('',(-42.5589966075405,-8.02694321401207,20.2455615890052));
#17559=CARTESIAN_POINT('',(-42.4747489130785,-8.12500000000015,20.295735877801));
#17560=CARTESIAN_POINT('',(-42.2614549566773,-8.1380104985005,20.4227645476679));
#17561=CARTESIAN_POINT('',(-42.3364348514181,-8.03024115269362,20.3781097601794));
#17562=CARTESIAN_POINT('',(-42.2614549566773,-8.1380104985005,20.4227645476679));
#17563=CARTESIAN_POINT('',(-42.0504978934971,-8.17689944825736,20.5484014648454));
#17564=CARTESIAN_POINT('',(-42.1153884930994,-8.06059828613652,20.5097554258604));
#17565=CARTESIAN_POINT('',(-42.0504978934971,-8.17689944825736,20.5484014648454));
#17566=CARTESIAN_POINT('',(-41.8441890132677,-8.24124077379916,20.6712701249775));
#17567=CARTESIAN_POINT('',(-41.8982793627429,-8.11768201523414,20.6390562485864));
#17568=CARTESIAN_POINT('',(-41.8441890132677,-8.24124077379916,20.6712701249775));
#17569=CARTESIAN_POINT('',(-41.6447886792537,-8.33032953809898,20.790024353312));
#17570=CARTESIAN_POINT('',(-41.6874861534139,-8.20086691870494,20.7645955814857));
#17571=CARTESIAN_POINT('',(-41.6447886792537,-8.33032953809898,20.790024353312));
#17572=CARTESIAN_POINT('',(-41.4544815632419,-8.44318966601212,20.9033630536723));
#17573=CARTESIAN_POINT('',(-41.4853183596252,-8.30924160533895,20.8849979893562));
#17574=CARTESIAN_POINT('',(-41.4544815632419,-8.44318966601212,20.9033630536723));
#17575=CARTESIAN_POINT('',(-41.2753527098195,-8.57858463835966,21.0100444635395));
#17576=CARTESIAN_POINT('',(-41.2939909740317,-8.44161869939053,20.9989443182215));
#17577=CARTESIAN_POINT('',(-41.2753527098195,-8.57858463835966,21.0100444635395));
#17578=CARTESIAN_POINT('',(-41.1093646921898,-8.73503103949135,21.1088997590627));
#17579=CARTESIAN_POINT('',(-41.115600219508,-8.59654784971556,21.1051861482577));
#17580=CARTESIAN_POINT('',(-41.1093646921898,-8.73503103949135,21.1088997590627));
#17581=CARTESIAN_POINT('',(-40.9583361098092,-8.91081480989788,21.1988458609373));
#17582=CARTESIAN_POINT('',(-40.9521005824911,-8.77233162012209,21.2025594717424));
#17583=CARTESIAN_POINT('',(-40.9583361098092,-8.91081480989788,21.1988458609373));
#17584=CARTESIAN_POINT('',(-40.823921663431,-9.10401002580555,21.2788973008488));
#17585=CARTESIAN_POINT('',(-40.8052833992188,-8.96704408683641,21.2899974461669));
#17586=CARTESIAN_POINT('',(-40.823921663431,-9.10401002580555,21.2788973008488));
#17587=CARTESIAN_POINT('',(-40.7075940258578,-9.31250000000017,21.3481770184696));
#17588=CARTESIAN_POINT('',(-40.6767572294744,-9.178551939327,21.3665420827857));
#17589=CARTESIAN_POINT('',(-40.7075940258578,-9.31250000000017,21.3481770184696));
#17590=CARTESIAN_POINT('',(-40.6106277070299,-9.53400047269515,21.4059259707158));
#17591=CARTESIAN_POINT('',(-40.5679302328696,-9.40453785330111,21.4313547425421));
#17592=CARTESIAN_POINT('',(-40.6106277070299,-9.53400047269515,21.4059259707158));
#17593=CARTESIAN_POINT('',(-40.5340850902279,-9.76608463835968,21.4515114479818));
#17594=CARTESIAN_POINT('',(-40.4799947407526,-9.64252587979465,21.4837253243729));
#17595=CARTESIAN_POINT('',(-40.5340850902279,-9.76608463835968,21.4515114479818));
#17596=CARTESIAN_POINT('',(-40.478804792379,-10.006209734308,21.4844340062393));
#17597=CARTESIAN_POINT('',(-40.4139141927768,-9.88990857218716,21.5230800452243));
#17598=CARTESIAN_POINT('',(-40.478804792379,-10.006209734308,21.4844340062393));
#17599=CARTESIAN_POINT('',(-40.4453924759947,-10.2517448997395,21.5043329390505));
#17600=CARTESIAN_POINT('',(-40.370412581254,-10.1439755539326,21.5489877265391));
#17601=CARTESIAN_POINT('',(-40.4453924759947,-10.2517448997395,21.5043329390505));
#17602=CARTESIAN_POINT('',(-40.4342142134052,-10.5000000000002,21.5109902295435));
#17603=CARTESIAN_POINT('',(-40.3499665189433,-10.4019432140121,21.5611645183393));
#17604=CARTESIAN_POINT('',(-40.4342142134052,-10.5000000000002,21.5109902295435));
#17605=CARTESIAN_POINT('',(-40.4453924759947,-10.7482551002609,21.5043329390505));
#17606=CARTESIAN_POINT('',(-40.3528000171821,-10.6609852047586,21.5594770091458));
#17607=CARTESIAN_POINT('',(-40.4453924759947,-10.7482551002609,21.5043329390505));
#17608=CARTESIAN_POINT('',(-40.478804792379,-10.9937902656924,21.4844340062393));
#17609=CARTESIAN_POINT('',(-40.3788820315706,-10.9182634079134,21.5439436876625));
#17610=CARTESIAN_POINT('',(-40.478804792379,-10.9937902656924,21.4844340062393));
#17611=CARTESIAN_POINT('',(-40.5340850902279,-11.2339153616407,21.4515114479818));
#17612=CARTESIAN_POINT('',(-40.4279268021013,-11.1709590296439,21.51473474021));
#17613=CARTESIAN_POINT('',(-40.5340850902279,-11.2339153616407,21.4515114479818));
#17614=CARTESIAN_POINT('',(-40.6106277070299,-11.4659995273052,21.4059259707158));
#17615=CARTESIAN_POINT('',(-40.499396984005,-11.4163034838384,21.4721701861291));
#17616=CARTESIAN_POINT('',(-40.6106277070299,-11.4659995273052,21.4059259707158));
#17617=CARTESIAN_POINT('',(-40.7075940258578,-11.6875000000002,21.3481770184696));
#17618=CARTESIAN_POINT('',(-40.5925095350125,-11.6516087253151,21.4167163715814));
#17619=CARTESIAN_POINT('',(-40.7075940258578,-11.6875000000002,21.3481770184696));
#17620=CARTESIAN_POINT('',(-40.8239216634311,-11.8959899741948,21.2788973008488));
#17621=CARTESIAN_POINT('',(-40.7062442945301,-11.8742967006077,21.3489808601636));
#17622=CARTESIAN_POINT('',(-40.8239216634311,-11.8959899741948,21.2788973008488));
#17623=CARTESIAN_POINT('',(-40.9583361098093,-12.0891851901025,21.1988458609373));
#17624=CARTESIAN_POINT('',(-40.8393551607318,-12.0819275936583,21.2697057763134));
#17625=CARTESIAN_POINT('',(-40.9583361098093,-12.0891851901025,21.1988458609373));
#17626=CARTESIAN_POINT('',(-41.1093646921898,-12.264968960509,21.1088997590627));
#17627=CARTESIAN_POINT('',(-40.9903837431124,-12.2722265569532,21.1797596744388));
#17628=CARTESIAN_POINT('',(-41.1093646921898,-12.264968960509,21.1088997590627));
#17629=CARTESIAN_POINT('',(-41.2753527098195,-12.4214153616407,21.0100444635395));
#17630=CARTESIAN_POINT('',(-41.1576753409185,-12.4431086352278,21.0801280228543));
#17631=CARTESIAN_POINT('',(-41.2753527098195,-12.4214153616407,21.0100444635395));
#17632=CARTESIAN_POINT('',(-41.4544815632419,-12.5568103339882,20.9033630536722));
#17633=CARTESIAN_POINT('',(-41.3393970723966,-12.5927016086733,20.971902406784));
#17634=CARTESIAN_POINT('',(-41.4544815632419,-12.5568103339882,20.9033630536722));
#17635=CARTESIAN_POINT('',(-41.6447886792537,-12.6696704619014,20.790024353312));
#17636=CARTESIAN_POINT('',(-41.5335579562288,-12.7193665053682,20.8562685687253));
#17637=CARTESIAN_POINT('',(-41.6447886792537,-12.6696704619014,20.790024353312));
#17638=CARTESIAN_POINT('',(-41.8441890132677,-12.7587592262012,20.6712701249775));
#17639=CARTESIAN_POINT('',(-41.7380307251412,-12.821715558198,20.7344934172057));
#17640=CARTESIAN_POINT('',(-41.8441890132677,-12.7587592262012,20.6712701249775));
#17641=CARTESIAN_POINT('',(-42.0504978934972,-12.823100551743,20.5484014648454));
#17642=CARTESIAN_POINT('',(-41.9505751326888,-12.8986274095219,20.6079111462686));
#17643=CARTESIAN_POINT('',(-42.0504978934972,-12.823100551743,20.5484014648454));
#17644=CARTESIAN_POINT('',(-42.2614549566774,-12.8619895014998,20.4227645476679));
#17645=CARTESIAN_POINT('',(-42.1688624978647,-12.9492593970021,20.4779086177632));
#17646=CARTESIAN_POINT('',(-42.2614549566774,-12.8619895014998,20.4227645476679));
#17647=CARTESIAN_POINT('Origin',(-28.1152992512256,-10.5000000000002,24.4247436773469));
#17648=CARTESIAN_POINT('',(-28.1152992512256,-9.90000000000014,24.4247436773469));
#17649=CARTESIAN_POINT('Origin',(-29.8336442614768,-10.5000000000002,23.401371591669));
#17650=CARTESIAN_POINT('',(-29.8336442614768,-9.90000000000014,23.401371591669));
#17651=CARTESIAN_POINT('Origin',(-31.551989271728,-10.5000000000002,22.377999505991));
#17652=CARTESIAN_POINT('',(-31.551989271728,-9.90000000000014,22.377999505991));
#17653=CARTESIAN_POINT('Origin',(-33.2703342819791,-10.5000000000002,21.3546274203131));
#17654=CARTESIAN_POINT('',(-33.2703342819791,-9.90000000000014,21.3546274203131));
#17655=CARTESIAN_POINT('Origin',(-34.9886792922303,-10.5000000000002,20.3312553346351));
#17656=CARTESIAN_POINT('',(-34.9886792922303,-9.90000000000014,20.3312553346351));
#17657=CARTESIAN_POINT('Origin',(-36.7070243024815,-10.5000000000002,19.3078832489572));
#17658=CARTESIAN_POINT('',(-36.7070243024815,-9.90000000000014,19.3078832489572));
#17659=CARTESIAN_POINT('Origin',(-43.1446765092956,-7.85000000000016,17.103370451377));
#17660=CARTESIAN_POINT('',(-53.4118307010674,-8.50297911971151,10.9886967761093));
#17661=CARTESIAN_POINT('',(-53.4118307010674,-8.50297911971151,10.9886967761093));
#17662=CARTESIAN_POINT('',(-53.4118307010674,-8.50297911971151,10.9886967761093));
#17663=CARTESIAN_POINT('Origin',(-53.3180761072796,-10.5000000000002,11.0445329636119));
#17664=CARTESIAN_POINT('',(-53.4118307010674,-12.4970208802888,10.9886967761093));
#17665=CARTESIAN_POINT('',(-53.4118307010674,-12.4970208802888,10.9886967761093));
#17666=CARTESIAN_POINT('Origin',(-53.3180761072796,-10.5000000000002,11.0445329636119));
#17667=CARTESIAN_POINT('Origin',(-53.4118307010674,-12.4970208802888,10.9886967761093));
#17668=CARTESIAN_POINT('',(-43.1446765092956,-13.1500000000002,17.103370451377));
#17669=CARTESIAN_POINT('Origin',(-41.246702410265,-10.5000000000002,18.2337218654995));
#17670=CARTESIAN_POINT('',(-45.0700200580739,-9.90000000000014,15.9567189748661));
#17671=CARTESIAN_POINT('Origin',(-45.0700200580739,-10.5000000000002,15.9567189748661));
#17672=CARTESIAN_POINT('',(-46.788365068325,-9.90000000000014,14.9333468891881));
#17673=CARTESIAN_POINT('Origin',(-46.788365068325,-10.5000000000002,14.9333468891881));
#17674=CARTESIAN_POINT('',(-48.5067100785762,-9.90000000000015,13.9099748035102));
#17675=CARTESIAN_POINT('Origin',(-48.5067100785762,-10.5000000000002,13.9099748035102));
#17676=CARTESIAN_POINT('',(-50.2250550888274,-9.90000000000015,12.8866027178322));
#17677=CARTESIAN_POINT('Origin',(-50.2250550888274,-10.5000000000002,12.8866027178322));
#17678=CARTESIAN_POINT('',(-51.9434000990786,-9.90000000000015,11.8632306321543));
#17679=CARTESIAN_POINT('Origin',(-51.9434000990786,-10.5000000000002,11.8632306321542));
#17680=CARTESIAN_POINT('',(-53.6617451093298,-9.90000000000015,10.8398585464763));
#17681=CARTESIAN_POINT('Origin',(-53.6617451093298,-10.5000000000002,10.8398585464763));
#17682=CARTESIAN_POINT('Origin',(-52.9453846493552,-10.5000000000002,9.63701703930046));
#17683=CARTESIAN_POINT('',(-52.9453846493552,-9.90000000000014,9.63701703930046));
#17684=CARTESIAN_POINT('Origin',(-51.227039639104,-10.5000000000002,10.6603891249784));
#17685=CARTESIAN_POINT('',(-51.227039639104,-9.90000000000014,10.6603891249784));
#17686=CARTESIAN_POINT('Origin',(-49.5086946288529,-10.5000000000002,11.6837612106564));
#17687=CARTESIAN_POINT('',(-49.5086946288529,-9.90000000000014,11.6837612106564));
#17688=CARTESIAN_POINT('Origin',(-47.7903496186017,-10.5000000000002,12.7071332963343));
#17689=CARTESIAN_POINT('',(-47.7903496186017,-9.90000000000014,12.7071332963343));
#17690=CARTESIAN_POINT('Origin',(-46.0720046083505,-10.5000000000002,13.7305053820123));
#17691=CARTESIAN_POINT('',(-46.0720046083505,-9.90000000000014,13.7305053820123));
#17692=CARTESIAN_POINT('Origin',(-44.3536595980993,-10.5000000000002,14.7538774676902));
#17693=CARTESIAN_POINT('',(-44.3536595980993,-9.90000000000014,14.7538774676902));
#17694=CARTESIAN_POINT('Origin',(-41.4513768274006,-10.5000000000002,18.5773908675498));
#17695=CARTESIAN_POINT('',(-41.2380828709994,-12.8619895014998,18.7044195374167));
#17696=CARTESIAN_POINT('',(-41.3130627657402,-12.9697588473067,18.6597647499282));
#17697=CARTESIAN_POINT('',(-41.2380828709994,-12.8619895014998,18.7044195374167));
#17698=CARTESIAN_POINT('',(-41.1454904121868,-12.9492593970021,18.759563607512));
#17699=CARTESIAN_POINT('',(-41.0271258078192,-12.823100551743,18.8300564545942));
#17700=CARTESIAN_POINT('',(-41.0271258078192,-12.823100551743,18.8300564545942));
#17701=CARTESIAN_POINT('',(-40.9272030470108,-12.8986274095219,18.8895661360174));
#17702=CARTESIAN_POINT('',(-40.8208169275898,-12.7587592262012,18.9529251147263));
#17703=CARTESIAN_POINT('',(-40.8208169275898,-12.7587592262012,18.9529251147263));
#17704=CARTESIAN_POINT('',(-40.7146586394632,-12.821715558198,19.0161484069545));
#17705=CARTESIAN_POINT('',(-40.6214165935758,-12.6696704619014,19.0716793430608));
#17706=CARTESIAN_POINT('',(-40.6214165935758,-12.6696704619014,19.0716793430608));
#17707=CARTESIAN_POINT('',(-40.5101858705509,-12.7193665053682,19.1379235584741));
#17708=CARTESIAN_POINT('',(-40.4311094775639,-12.5568103339882,19.185018043421));
#17709=CARTESIAN_POINT('',(-40.4311094775639,-12.5568103339882,19.185018043421));
#17710=CARTESIAN_POINT('',(-40.3160249867187,-12.5927016086733,19.2535573965328));
#17711=CARTESIAN_POINT('',(-40.2519806241416,-12.4214153616407,19.2916994532883));
#17712=CARTESIAN_POINT('',(-40.2519806241416,-12.4214153616407,19.2916994532883));
#17713=CARTESIAN_POINT('',(-40.1343032552406,-12.4431086352278,19.3617830126031));
#17714=CARTESIAN_POINT('',(-40.0859926065119,-12.264968960509,19.3905547488115));
#17715=CARTESIAN_POINT('',(-40.0859926065119,-12.264968960509,19.3905547488115));
#17716=CARTESIAN_POINT('',(-39.9670116574344,-12.2722265569532,19.4614146641876));
#17717=CARTESIAN_POINT('',(-39.9349640241313,-12.0891851901025,19.4805008506861));
#17718=CARTESIAN_POINT('',(-39.9349640241313,-12.0891851901025,19.4805008506861));
#17719=CARTESIAN_POINT('',(-39.8159830750539,-12.0819275936583,19.5513607660622));
#17720=CARTESIAN_POINT('',(-39.8005495777531,-11.8959899741948,19.5605522905976));
#17721=CARTESIAN_POINT('',(-39.8005495777531,-11.8959899741948,19.5605522905976));
#17722=CARTESIAN_POINT('',(-39.6828722088521,-11.8742967006077,19.6306358499125));
#17723=CARTESIAN_POINT('',(-39.6842219401799,-11.6875000000002,19.6298320082184));
#17724=CARTESIAN_POINT('',(-39.6842219401799,-11.6875000000002,19.6298320082184));
#17725=CARTESIAN_POINT('',(-39.5691374493346,-11.6516087253151,19.6983713613302));
#17726=CARTESIAN_POINT('',(-39.5872556213519,-11.4659995273052,19.6875809604646));
#17727=CARTESIAN_POINT('',(-39.5872556213519,-11.4659995273052,19.6875809604646));
#17728=CARTESIAN_POINT('',(-39.476024898327,-11.4163034838384,19.7538251758779));
#17729=CARTESIAN_POINT('',(-39.5107130045499,-11.2339153616407,19.7331664377306));
#17730=CARTESIAN_POINT('',(-39.5107130045499,-11.2339153616407,19.7331664377306));
#17731=CARTESIAN_POINT('',(-39.4045547164234,-11.1709590296439,19.7963897299588));
#17732=CARTESIAN_POINT('',(-39.4554327067011,-10.9937902656924,19.7660889959881));
#17733=CARTESIAN_POINT('',(-39.4554327067011,-10.9937902656924,19.7660889959881));
#17734=CARTESIAN_POINT('',(-39.3555099458927,-10.9182634079134,19.8255986774113));
#17735=CARTESIAN_POINT('',(-39.4220203903168,-10.7482551002609,19.7859879287993));
#17736=CARTESIAN_POINT('',(-39.4220203903168,-10.7482551002609,19.7859879287993));
#17737=CARTESIAN_POINT('',(-39.3294279315041,-10.6609852047586,19.8411319988946));
#17738=CARTESIAN_POINT('',(-39.4108421277273,-10.5000000000002,19.7926452192923));
#17739=CARTESIAN_POINT('',(-39.4108421277273,-10.5000000000002,19.7926452192923));
#17740=CARTESIAN_POINT('',(-39.3265944332653,-10.4019432140121,19.8428195080881));
#17741=CARTESIAN_POINT('',(-39.4220203903167,-10.2517448997395,19.7859879287993));
#17742=CARTESIAN_POINT('',(-39.4220203903167,-10.2517448997395,19.7859879287993));
#17743=CARTESIAN_POINT('',(-39.347040495576,-10.1439755539326,19.8306427162879));
#17744=CARTESIAN_POINT('',(-39.4554327067011,-10.006209734308,19.7660889959881));
#17745=CARTESIAN_POINT('',(-39.4554327067011,-10.006209734308,19.7660889959881));
#17746=CARTESIAN_POINT('',(-39.3905421070988,-9.88990857218716,19.8047350349731));
#17747=CARTESIAN_POINT('',(-39.5107130045499,-9.76608463835967,19.7331664377306));
#17748=CARTESIAN_POINT('',(-39.5107130045499,-9.76608463835967,19.7331664377306));
#17749=CARTESIAN_POINT('',(-39.4566226550747,-9.64252587979465,19.7653803141217));
#17750=CARTESIAN_POINT('',(-39.5872556213519,-9.53400047269515,19.6875809604646));
#17751=CARTESIAN_POINT('',(-39.5872556213519,-9.53400047269515,19.6875809604646));
#17752=CARTESIAN_POINT('',(-39.5445581471917,-9.40453785330111,19.7130097322909));
#17753=CARTESIAN_POINT('',(-39.6842219401798,-9.31250000000017,19.6298320082184));
#17754=CARTESIAN_POINT('',(-39.6842219401798,-9.31250000000017,19.6298320082184));
#17755=CARTESIAN_POINT('',(-39.6533851437965,-9.178551939327,19.6481970725345));
#17756=CARTESIAN_POINT('',(-39.8005495777531,-9.10401002580554,19.5605522905976));
#17757=CARTESIAN_POINT('',(-39.8005495777531,-9.10401002580554,19.5605522905976));
#17758=CARTESIAN_POINT('',(-39.7819113135408,-8.96704408683641,19.5716524359157));
#17759=CARTESIAN_POINT('',(-39.9349640241313,-8.91081480989788,19.4805008506862));
#17760=CARTESIAN_POINT('',(-39.9349640241313,-8.91081480989788,19.4805008506862));
#17761=CARTESIAN_POINT('',(-39.9287284968131,-8.77233162012209,19.4842144614912));
#17762=CARTESIAN_POINT('',(-40.0859926065119,-8.73503103949135,19.3905547488115));
#17763=CARTESIAN_POINT('',(-40.0859926065119,-8.73503103949135,19.3905547488115));
#17764=CARTESIAN_POINT('',(-40.09222813383,-8.59654784971556,19.3868411380065));
#17765=CARTESIAN_POINT('',(-40.2519806241415,-8.57858463835966,19.2916994532883));
#17766=CARTESIAN_POINT('',(-40.2519806241415,-8.57858463835966,19.2916994532883));
#17767=CARTESIAN_POINT('',(-40.2706188883538,-8.44161869939052,19.2805993079703));
#17768=CARTESIAN_POINT('',(-40.4311094775639,-8.44318966601211,19.1850180434211));
#17769=CARTESIAN_POINT('',(-40.4311094775639,-8.44318966601211,19.1850180434211));
#17770=CARTESIAN_POINT('',(-40.4619462739472,-8.30924160533894,19.166652979105));
#17771=CARTESIAN_POINT('',(-40.6214165935758,-8.33032953809898,19.0716793430608));
#17772=CARTESIAN_POINT('',(-40.6214165935758,-8.33032953809898,19.0716793430608));
#17773=CARTESIAN_POINT('',(-40.664114067736,-8.20086691870494,19.0462505712345));
#17774=CARTESIAN_POINT('',(-40.8208169275897,-8.24124077379916,18.9529251147263));
#17775=CARTESIAN_POINT('',(-40.8208169275897,-8.24124077379916,18.9529251147263));
#17776=CARTESIAN_POINT('',(-40.8749072770649,-8.11768201523413,18.9207112383352));
#17777=CARTESIAN_POINT('',(-41.0271258078192,-8.17689944825736,18.8300564545942));
#17778=CARTESIAN_POINT('',(-41.0271258078192,-8.17689944825736,18.8300564545942));
#17779=CARTESIAN_POINT('',(-41.0920164074214,-8.06059828613651,18.7914104156092));
#17780=CARTESIAN_POINT('',(-41.2380828709994,-8.1380104985005,18.7044195374168));
#17781=CARTESIAN_POINT('',(-41.2380828709994,-8.1380104985005,18.7044195374168));
#17782=CARTESIAN_POINT('',(-41.3130627657401,-8.03024115269361,18.6597647499282));
#17783=CARTESIAN_POINT('',(-41.4513768274006,-8.12500000000014,18.5773908675498));
#17784=CARTESIAN_POINT('',(-41.4513768274006,-8.12500000000014,18.5773908675498));
#17785=CARTESIAN_POINT('',(-41.5356245218625,-8.02694321401206,18.527216578754));
#17786=CARTESIAN_POINT('',(-41.6646707838017,-8.13801049850049,18.4503621976828));
#17787=CARTESIAN_POINT('',(-41.6646707838017,-8.13801049850049,18.4503621976828));
#17788=CARTESIAN_POINT('',(-41.7572632426144,-8.05074060299821,18.3952181275875));
#17789=CARTESIAN_POINT('',(-41.8756278469819,-8.17689944825735,18.3247252805053));
#17790=CARTESIAN_POINT('',(-41.8756278469819,-8.17689944825735,18.3247252805053));
#17791=CARTESIAN_POINT('',(-41.9755506077903,-8.10137259047838,18.2652155990822));
#17792=CARTESIAN_POINT('',(-42.0819367272114,-8.24124077379915,18.2018566203732));
#17793=CARTESIAN_POINT('',(-42.0819367272114,-8.24124077379915,18.2018566203732));
#17794=CARTESIAN_POINT('',(-42.1880950153379,-8.17828444180233,18.138633328145));
#17795=CARTESIAN_POINT('',(-42.2813370612254,-8.33032953809896,18.0831023920387));
#17796=CARTESIAN_POINT('',(-42.2813370612254,-8.33032953809896,18.0831023920387));
#17797=CARTESIAN_POINT('',(-42.3925677842502,-8.28063349463211,18.0168581766254));
#17798=CARTESIAN_POINT('',(-42.4716441772372,-8.4431896660121,17.9697636916785));
#17799=CARTESIAN_POINT('',(-42.4716441772372,-8.4431896660121,17.9697636916785));
#17800=CARTESIAN_POINT('',(-42.5867286680825,-8.40729839132701,17.9012243385667));
#17801=CARTESIAN_POINT('',(-42.6507730306596,-8.57858463835964,17.8630822818112));
#17802=CARTESIAN_POINT('',(-42.6507730306596,-8.57858463835964,17.8630822818112));
#17803=CARTESIAN_POINT('',(-42.7684503995606,-8.55689136477249,17.7929987224964));
#17804=CARTESIAN_POINT('',(-42.8167610482892,-8.73503103949133,17.764226986288));
#17805=CARTESIAN_POINT('',(-42.8167610482892,-8.73503103949133,17.764226986288));
#17806=CARTESIAN_POINT('',(-42.9357419973667,-8.72777344304715,17.6933670709119));
#17807=CARTESIAN_POINT('',(-42.9677896306698,-8.91081480989785,17.6742808844134));
#17808=CARTESIAN_POINT('',(-42.9677896306698,-8.91081480989785,17.6742808844134));
#17809=CARTESIAN_POINT('',(-43.0867705797473,-8.91807240634203,17.6034209690373));
#17810=CARTESIAN_POINT('',(-43.102204077048,-9.10401002580552,17.5942294445019));
#17811=CARTESIAN_POINT('',(-43.102204077048,-9.10401002580552,17.5942294445019));
#17812=CARTESIAN_POINT('',(-43.219881445949,-9.12570329939267,17.5241458851871));
#17813=CARTESIAN_POINT('',(-43.2185317146213,-9.31250000000014,17.5249497268811));
#17814=CARTESIAN_POINT('',(-43.2185317146213,-9.31250000000014,17.5249497268811));
#17815=CARTESIAN_POINT('',(-43.3336162054666,-9.34839127468523,17.4564103737693));
#17816=CARTESIAN_POINT('',(-43.3154980334492,-9.53400047269512,17.4672007746349));
#17817=CARTESIAN_POINT('',(-43.3154980334492,-9.53400047269512,17.4672007746349));
#17818=CARTESIAN_POINT('',(-43.4267287564741,-9.58369651616196,17.4009565592216));
#17819=CARTESIAN_POINT('',(-43.3920406502512,-9.76608463835964,17.4216152973689));
#17820=CARTESIAN_POINT('',(-43.3920406502512,-9.76608463835964,17.4216152973689));
#17821=CARTESIAN_POINT('',(-43.4981989383777,-9.82904097035646,17.3583920051407));
#17822=CARTESIAN_POINT('',(-43.4473209481001,-10.006209734308,17.3886927391114));
#17823=CARTESIAN_POINT('',(-43.4473209481001,-10.006209734308,17.3886927391114));
#17824=CARTESIAN_POINT('',(-43.5472437089085,-10.0817365920869,17.3291830576883));
#17825=CARTESIAN_POINT('',(-43.4807332644844,-10.2517448997395,17.3687938063002));
#17826=CARTESIAN_POINT('',(-43.4807332644844,-10.2517448997395,17.3687938063002));
#17827=CARTESIAN_POINT('',(-43.573325723297,-10.3390147952418,17.3136497362049));
#17828=CARTESIAN_POINT('',(-43.4919115270739,-10.5000000000001,17.3621365158072));
#17829=CARTESIAN_POINT('',(-43.4919115270739,-10.5000000000001,17.3621365158072));
#17830=CARTESIAN_POINT('',(-43.5761592215358,-10.5980567859882,17.3119622270114));
#17831=CARTESIAN_POINT('',(-43.4807332644844,-10.7482551002608,17.3687938063002));
#17832=CARTESIAN_POINT('',(-43.4807332644844,-10.7482551002608,17.3687938063002));
#17833=CARTESIAN_POINT('',(-43.5557131592251,-10.8560244460677,17.3241390188117));
#17834=CARTESIAN_POINT('',(-43.4473209481001,-10.9937902656923,17.3886927391114));
#17835=CARTESIAN_POINT('',(-43.4473209481001,-10.9937902656923,17.3886927391114));
#17836=CARTESIAN_POINT('',(-43.5122115477023,-11.1100914278132,17.3500467001265));
#17837=CARTESIAN_POINT('',(-43.3920406502512,-11.2339153616407,17.4216152973689));
#17838=CARTESIAN_POINT('',(-43.3920406502512,-11.2339153616407,17.4216152973689));
#17839=CARTESIAN_POINT('',(-43.4461309997264,-11.3574741202057,17.3894014209778));
#17840=CARTESIAN_POINT('',(-43.3154980334492,-11.4659995273052,17.4672007746349));
#17841=CARTESIAN_POINT('',(-43.3154980334492,-11.4659995273052,17.4672007746349));
#17842=CARTESIAN_POINT('',(-43.3581955076095,-11.5954621466992,17.4417720028086));
#17843=CARTESIAN_POINT('',(-43.2185317146213,-11.6875000000002,17.5249497268811));
#17844=CARTESIAN_POINT('',(-43.2185317146213,-11.6875000000002,17.5249497268811));
#17845=CARTESIAN_POINT('',(-43.2493685110046,-11.8214480606733,17.506584662565));
#17846=CARTESIAN_POINT('',(-43.102204077048,-11.8959899741948,17.5942294445019));
#17847=CARTESIAN_POINT('',(-43.102204077048,-11.8959899741948,17.5942294445019));
#17848=CARTESIAN_POINT('',(-43.1208423412603,-12.0329559131639,17.5831292991839));
#17849=CARTESIAN_POINT('',(-42.9677896306698,-12.0891851901025,17.6742808844134));
#17850=CARTESIAN_POINT('',(-42.9677896306698,-12.0891851901025,17.6742808844134));
#17851=CARTESIAN_POINT('',(-42.974025157988,-12.2276683798782,17.6705672736083));
#17852=CARTESIAN_POINT('',(-42.8167610482892,-12.264968960509,17.764226986288));
#17853=CARTESIAN_POINT('',(-42.8167610482892,-12.264968960509,17.764226986288));
#17854=CARTESIAN_POINT('',(-42.8105255209711,-12.4034521502848,17.7679405970931));
#17855=CARTESIAN_POINT('',(-42.6507730306596,-12.4214153616407,17.8630822818112));
#17856=CARTESIAN_POINT('',(-42.6507730306596,-12.4214153616407,17.8630822818112));
#17857=CARTESIAN_POINT('',(-42.6321347664473,-12.5583813006098,17.8741824271293));
#17858=CARTESIAN_POINT('',(-42.4716441772372,-12.5568103339882,17.9697636916785));
#17859=CARTESIAN_POINT('',(-42.4716441772372,-12.5568103339882,17.9697636916785));
#17860=CARTESIAN_POINT('',(-42.4408073808539,-12.6907583946614,17.9881287559945));
#17861=CARTESIAN_POINT('',(-42.2813370612254,-12.6696704619013,18.0831023920387));
#17862=CARTESIAN_POINT('',(-42.2813370612254,-12.6696704619013,18.0831023920387));
#17863=CARTESIAN_POINT('',(-42.2386395870651,-12.7991330812954,18.108531163865));
#17864=CARTESIAN_POINT('',(-42.0819367272114,-12.7587592262012,18.2018566203732));
#17865=CARTESIAN_POINT('',(-42.0819367272114,-12.7587592262012,18.2018566203732));
#17866=CARTESIAN_POINT('',(-42.0278463777362,-12.8823179847662,18.2340704967643));
#17867=CARTESIAN_POINT('',(-41.8756278469819,-12.823100551743,18.3247252805053));
#17868=CARTESIAN_POINT('',(-41.8756278469819,-12.823100551743,18.3247252805053));
#17869=CARTESIAN_POINT('',(-41.8107372473797,-12.9394017138638,18.3633713194903));
#17870=CARTESIAN_POINT('',(-41.6646707838017,-12.8619895014998,18.4503621976828));
#17871=CARTESIAN_POINT('',(-41.6646707838017,-12.8619895014998,18.4503621976828));
#17872=CARTESIAN_POINT('',(-41.589690889061,-12.9697588473067,18.4950169851713));
#17873=CARTESIAN_POINT('',(-41.4513768274006,-12.8750000000002,18.5773908675498));
#17874=CARTESIAN_POINT('',(-41.4513768274006,-12.8750000000002,18.5773908675498));
#17875=CARTESIAN_POINT('',(-41.3671291329386,-12.9730567859883,18.6275651563455));
#17876=CARTESIAN_POINT('',(-41.3671291329386,-12.9730567859883,18.6275651563455));
#17877=CARTESIAN_POINT('Origin',(-41.4513768274006,-10.5000000000002,18.5773908675498));
#17878=CARTESIAN_POINT('',(-41.4513768274006,-9.45000000000014,18.5773908675498));
#17879=CARTESIAN_POINT('Origin',(-41.4513768274006,-10.5000000000002,18.5773908675498));
#17880=CARTESIAN_POINT('Origin',(-42.4747489130785,-10.5000000000002,20.295735877801));
#17881=CARTESIAN_POINT('',(-41.3130627657402,-12.9697588473067,18.6597647499282));
#17882=CARTESIAN_POINT('',(-41.3671291329386,-12.9730567859883,18.6275651563455));
#17883=CARTESIAN_POINT('Origin',(-41.0420279931294,-10.5000000000002,17.8900528634493));
#17884=CARTESIAN_POINT('',(-41.0420279931294,-8.20000000000014,17.8900528634493));
#17885=CARTESIAN_POINT('Origin',(-41.0420279931294,-10.5000000000002,17.8900528634493));
#17886=CARTESIAN_POINT('',(-41.0420279931294,-9.45000000000014,17.8900528634493));
#17887=CARTESIAN_POINT('Origin',(-41.0420279931294,-10.5000000000002,17.8900528634493));
#17888=CARTESIAN_POINT('Origin',(-40.5303419502904,-10.5000000000002,17.0308803583237));
#17889=CARTESIAN_POINT('',(-40.5303419502904,-8.20000000000014,17.0308803583237));
#17890=CARTESIAN_POINT('Origin',(-40.5303419502904,-10.5000000000002,17.0308803583237));
#17891=CARTESIAN_POINT('',(-40.5303419502904,-9.45000000000014,17.0308803583237));
#17892=CARTESIAN_POINT('Origin',(-41.2544878301718,-12.9730567859883,18.4384290412743));
#17893=CARTESIAN_POINT('',(-41.4513768274006,-12.8750000000002,18.5773908675498));
#17894=CARTESIAN_POINT('Origin',(-41.3387355246338,-12.8750000000002,18.3882547524785));
#17895=CARTESIAN_POINT('Origin',(-41.4756703626558,-12.9697588473067,18.3035650144204));
#17896=CARTESIAN_POINT('',(-41.6646707838017,-12.8619895014998,18.4503621976828));
#17897=CARTESIAN_POINT('Origin',(-41.5506502573966,-12.8619895014998,18.2589102269319));
#17898=CARTESIAN_POINT('Origin',(-41.6959507166719,-12.9394017138638,18.1706331502103));
#17899=CARTESIAN_POINT('',(-41.8756278469819,-12.823100551743,18.3247252805053));
#17900=CARTESIAN_POINT('Origin',(-41.7608413162741,-12.823100551743,18.1319871112253));
#17901=CARTESIAN_POINT('Origin',(-41.913367393489,-12.8823179847662,18.0418487290293));
#17902=CARTESIAN_POINT('',(-42.0819367272114,-12.7587592262012,18.2018566203732));
#17903=CARTESIAN_POINT('Origin',(-41.9674577429643,-12.7587592262012,18.0096348526382));
#17904=CARTESIAN_POINT('Origin',(-42.1255368343791,-12.7991330812954,17.91862022781));
#17905=CARTESIAN_POINT('',(-42.2813370612254,-12.6696704619013,18.0831023920387));
#17906=CARTESIAN_POINT('Origin',(-42.1682343085393,-12.6696704619013,17.8931914559837));
#17907=CARTESIAN_POINT('Origin',(-42.3301275692645,-12.6907583946614,17.8022861825632));
#17908=CARTESIAN_POINT('',(-42.4716441772372,-12.5568103339882,17.9697636916785));
#17909=CARTESIAN_POINT('Origin',(-42.3609643656478,-12.5568103339882,17.7839211182472));
#17910=CARTESIAN_POINT('Origin',(-42.5248850616265,-12.5583813006098,17.6940993491277));
#17911=CARTESIAN_POINT('',(-42.6507730306596,-12.4214153616407,17.8630822818112));
#17912=CARTESIAN_POINT('Origin',(-42.5435233258387,-12.4214153616407,17.6829992038096));
#17913=CARTESIAN_POINT('Origin',(-42.7076550275622,-12.4034521502848,17.5952106570007));
#17914=CARTESIAN_POINT('',(-42.8167610482892,-12.264968960509,17.764226986288));
#17915=CARTESIAN_POINT('Origin',(-42.7138905548803,-12.264968960509,17.5914970461957));
#17916=CARTESIAN_POINT('Origin',(-42.8711546645791,-12.2276683798782,17.497837333516));
#17917=CARTESIAN_POINT('',(-42.9677896306698,-12.0891851901025,17.6742808844134));
#17918=CARTESIAN_POINT('Origin',(-42.8649191372609,-12.0891851901025,17.5015509443211));
#17919=CARTESIAN_POINT('Origin',(-43.0135926364395,-12.0329559131639,17.4030462211823));
#17920=CARTESIAN_POINT('',(-43.102204077048,-11.8959899741948,17.5942294445019));
#17921=CARTESIAN_POINT('Origin',(-42.9949543722272,-11.8959899741948,17.4141463665003));
#17922=CARTESIAN_POINT('Origin',(-43.1386886994152,-11.8214480606733,17.3207420891337));
#17923=CARTESIAN_POINT('',(-43.2185317146213,-11.6875000000002,17.5249497268811));
#17924=CARTESIAN_POINT('Origin',(-43.1078519030319,-11.6875000000002,17.3391071534498));
#17925=CARTESIAN_POINT('Origin',(-43.2450927549234,-11.5954621466992,17.2518610667536));
#17926=CARTESIAN_POINT('',(-43.3154980334492,-11.4659995273052,17.4672007746349));
#17927=CARTESIAN_POINT('Origin',(-43.2023952807632,-11.4659995273052,17.2772898385799));
#17928=CARTESIAN_POINT('Origin',(-43.3316520154793,-11.3574741202057,17.1971796532428));
#17929=CARTESIAN_POINT('',(-43.3920406502512,-11.2339153616407,17.4216152973689));
#17930=CARTESIAN_POINT('Origin',(-43.2775616660041,-11.2339153616407,17.2293935296339));
#17931=CARTESIAN_POINT('Origin',(-43.3974250169945,-11.1100914278132,17.1573085308465));
#17932=CARTESIAN_POINT('',(-43.4473209481001,-10.9937902656923,17.3886927391114));
#17933=CARTESIAN_POINT('Origin',(-43.3325344173923,-10.9937902656923,17.1959545698314));
#17934=CARTESIAN_POINT('Origin',(-43.44169263282,-10.8560244460677,17.1326870480608));
#17935=CARTESIAN_POINT('',(-43.4807332644844,-10.7482551002608,17.3687938063002));
#17936=CARTESIAN_POINT('Origin',(-43.3667127380792,-10.7482551002608,17.1773418355493));
#17937=CARTESIAN_POINT('Origin',(-43.463517918769,-10.5980567859882,17.1228261119402));
#17938=CARTESIAN_POINT('',(-43.4919115270739,-10.5000000000001,17.3621365158072));
#17939=CARTESIAN_POINT('Origin',(-43.3792702243071,-10.5000000000001,17.1730004007359));
#17940=CARTESIAN_POINT('Origin',(-43.4593051968919,-10.3390147952418,17.122197765454));
#17941=CARTESIAN_POINT('',(-43.4807332644844,-10.2517448997395,17.3687938063002));
#17942=CARTESIAN_POINT('Origin',(-43.3667127380792,-10.2517448997395,17.1773418355493));
#17943=CARTESIAN_POINT('Origin',(-43.4324571782006,-10.0817365920869,17.1364448884083));
#17944=CARTESIAN_POINT('',(-43.4473209481001,-10.006209734308,17.3886927391114));
#17945=CARTESIAN_POINT('Origin',(-43.3325344173923,-10.006209734308,17.1959545698314));
#17946=CARTESIAN_POINT('Origin',(-43.3837199541306,-9.82904097035646,17.1661702374057));
#17947=CARTESIAN_POINT('',(-43.3920406502512,-9.76608463835964,17.4216152973689));
#17948=CARTESIAN_POINT('Origin',(-43.2775616660041,-9.76608463835964,17.2293935296339));
#17949=CARTESIAN_POINT('Origin',(-43.3136260037881,-9.58369651616196,17.2110456231666));
#17950=CARTESIAN_POINT('',(-43.3154980334492,-9.53400047269512,17.4672007746349));
#17951=CARTESIAN_POINT('Origin',(-43.2023952807632,-9.53400047269512,17.2772898385799));
#17952=CARTESIAN_POINT('Origin',(-43.2229363938772,-9.34839127468523,17.270567800338));
#17953=CARTESIAN_POINT('',(-43.2185317146213,-9.31250000000014,17.5249497268811));
#17954=CARTESIAN_POINT('Origin',(-43.1078519030319,-9.31250000000014,17.3391071534498));
#17955=CARTESIAN_POINT('Origin',(-43.1126317411282,-9.12570329939267,17.3440628071855));
#17956=CARTESIAN_POINT('',(-43.102204077048,-9.10401002580552,17.5942294445019));
#17957=CARTESIAN_POINT('Origin',(-42.9949543722272,-9.10401002580552,17.4141463665003));
#17958=CARTESIAN_POINT('Origin',(-42.9839000863384,-8.91807240634203,17.430691028945));
#17959=CARTESIAN_POINT('',(-42.9677896306698,-8.91081480989785,17.6742808844134));
#17960=CARTESIAN_POINT('Origin',(-42.8649191372609,-8.91081480989785,17.5015509443211));
#17961=CARTESIAN_POINT('Origin',(-42.8328715039578,-8.72777344304714,17.5206371308196));
#17962=CARTESIAN_POINT('',(-42.8167610482892,-8.73503103949133,17.764226986288));
#17963=CARTESIAN_POINT('Origin',(-42.7138905548803,-8.73503103949133,17.5914970461957));
#17964=CARTESIAN_POINT('Origin',(-42.6612006947397,-8.55689136477249,17.6129156444948));
#17965=CARTESIAN_POINT('',(-42.6507730306596,-8.57858463835964,17.8630822818112));
#17966=CARTESIAN_POINT('Origin',(-42.5435233258387,-8.57858463835964,17.6829992038097));
#17967=CARTESIAN_POINT('Origin',(-42.4760488564931,-8.40729839132701,17.7153817651354));
#17968=CARTESIAN_POINT('',(-42.4716441772372,-8.4431896660121,17.9697636916785));
#17969=CARTESIAN_POINT('Origin',(-42.3609643656478,-8.4431896660121,17.7839211182472));
#17970=CARTESIAN_POINT('Origin',(-42.2794650315642,-8.28063349463211,17.8269472405704));
#17971=CARTESIAN_POINT('',(-42.2813370612254,-8.33032953809896,18.0831023920387));
#17972=CARTESIAN_POINT('Origin',(-42.1682343085393,-8.33032953809896,17.8931914559837));
#17973=CARTESIAN_POINT('Origin',(-42.0736160310908,-8.17828444180233,17.94641156041));
#17974=CARTESIAN_POINT('',(-42.0819367272114,-8.24124077379915,18.2018566203732));
#17975=CARTESIAN_POINT('Origin',(-41.9674577429643,-8.24124077379915,18.0096348526382));
#17976=CARTESIAN_POINT('Origin',(-41.8607640770825,-8.10137259047838,18.0724774298021));
#17977=CARTESIAN_POINT('',(-41.8756278469819,-8.17689944825735,18.3247252805053));
#17978=CARTESIAN_POINT('Origin',(-41.7608413162741,-8.17689944825735,18.1319871112253));
#17979=CARTESIAN_POINT('Origin',(-41.6432427162092,-8.05074060299821,18.2037661568367));
#17980=CARTESIAN_POINT('',(-41.6646707838017,-8.13801049850049,18.4503621976828));
#17981=CARTESIAN_POINT('Origin',(-41.5506502573966,-8.13801049850049,18.2589102269319));
#17982=CARTESIAN_POINT('Origin',(-41.4229832190957,-8.02694321401206,18.3380804636828));
#17983=CARTESIAN_POINT('',(-41.4513768274006,-8.12500000000014,18.5773908675498));
#17984=CARTESIAN_POINT('Origin',(-41.3387355246338,-8.12500000000014,18.3882547524785));
#17985=CARTESIAN_POINT('Origin',(-41.199042239335,-8.03024115269361,18.4683127791773));
#17986=CARTESIAN_POINT('',(-41.2380828709994,-8.1380104985005,18.7044195374168));
#17987=CARTESIAN_POINT('Origin',(-41.1240623445942,-8.1380104985005,18.5129675666659));
#17988=CARTESIAN_POINT('Origin',(-40.9772298767136,-8.06059828613651,18.5986722463292));
#17989=CARTESIAN_POINT('',(-41.0271258078192,-8.17689944825736,18.8300564545942));
#17990=CARTESIAN_POINT('Origin',(-40.9123392771114,-8.17689944825736,18.6373182853142));
#17991=CARTESIAN_POINT('Origin',(-40.7604282928178,-8.11768201523413,18.7284894706002));
#17992=CARTESIAN_POINT('',(-40.8208169275897,-8.24124077379916,18.9529251147263));
#17993=CARTESIAN_POINT('Origin',(-40.7063379433426,-8.24124077379916,18.7607033469913));
#17994=CARTESIAN_POINT('Origin',(-40.55101131505,-8.20086691870494,18.8563396351795));
#17995=CARTESIAN_POINT('',(-40.6214165935758,-8.33032953809898,19.0716793430608));
#17996=CARTESIAN_POINT('Origin',(-40.5083138408897,-8.33032953809898,18.8817684070058));
#17997=CARTESIAN_POINT('Origin',(-40.3512664623579,-8.30924160533894,18.9808104056737));
#17998=CARTESIAN_POINT('',(-40.4311094775639,-8.44318966601211,19.1850180434211));
#17999=CARTESIAN_POINT('Origin',(-40.3204296659745,-8.44318966601211,18.9991754699898));
#18000=CARTESIAN_POINT('Origin',(-40.163369183533,-8.44161869939052,19.1005162299687));
#18001=CARTESIAN_POINT('',(-40.2519806241415,-8.57858463835966,19.2916994532883));
#18002=CARTESIAN_POINT('Origin',(-40.1447309193207,-8.57858463835966,19.1116163752867));
#18003=CARTESIAN_POINT('Origin',(-39.9893576404211,-8.59654784971556,19.2141111979142));
#18004=CARTESIAN_POINT('',(-40.0859926065119,-8.73503103949135,19.3905547488115));
#18005=CARTESIAN_POINT('Origin',(-39.9831221131029,-8.73503103949135,19.2178248087192));
#18006=CARTESIAN_POINT('Origin',(-39.8258580034042,-8.77233162012208,19.3114845213989));
#18007=CARTESIAN_POINT('',(-39.9349640241313,-8.91081480989788,19.4805008506862));
#18008=CARTESIAN_POINT('Origin',(-39.8320935307223,-8.91081480989788,19.3077709105938));
#18009=CARTESIAN_POINT('Origin',(-39.67466160872,-8.96704408683641,19.3915693579141));
#18010=CARTESIAN_POINT('',(-39.8005495777531,-9.10401002580554,19.5605522905976));
#18011=CARTESIAN_POINT('Origin',(-39.6932998729323,-9.10401002580554,19.3804692125961));
#18012=CARTESIAN_POINT('Origin',(-39.5427053322071,-9.178551939327,19.4623544991032));
#18013=CARTESIAN_POINT('',(-39.6842219401798,-9.31250000000017,19.6298320082184));
#18014=CARTESIAN_POINT('Origin',(-39.5735421285904,-9.31250000000017,19.4439894347871));
#18015=CARTESIAN_POINT('Origin',(-39.4314553945056,-9.40453785330111,19.5230987962359));
#18016=CARTESIAN_POINT('',(-39.5872556213519,-9.53400047269515,19.6875809604646));
#18017=CARTESIAN_POINT('Origin',(-39.4741528686659,-9.53400047269515,19.4976700244096));
#18018=CARTESIAN_POINT('Origin',(-39.3421436708275,-9.64252587979465,19.5731585463867));
#18019=CARTESIAN_POINT('',(-39.5107130045499,-9.76608463835967,19.7331664377306));
#18020=CARTESIAN_POINT('Origin',(-39.3962340203028,-9.76608463835967,19.5409446699956));
#18021=CARTESIAN_POINT('Origin',(-39.275755576391,-9.88990857218716,19.6119968656931));
#18022=CARTESIAN_POINT('',(-39.4554327067011,-10.006209734308,19.7660889959881));
#18023=CARTESIAN_POINT('Origin',(-39.3406461759932,-10.006209734308,19.5733508267081));
#18024=CARTESIAN_POINT('Origin',(-39.2330199691709,-10.1439755539326,19.639190745537));
#18025=CARTESIAN_POINT('',(-39.4220203903167,-10.2517448997395,19.7859879287993));
#18026=CARTESIAN_POINT('Origin',(-39.3079998639116,-10.2517448997395,19.5945359580485));
#18027=CARTESIAN_POINT('Origin',(-39.2139531304985,-10.4019432140121,19.6536833930168));
#18028=CARTESIAN_POINT('',(-39.4108421277273,-10.5000000000002,19.7926452192923));
#18029=CARTESIAN_POINT('Origin',(-39.2982008249605,-10.5000000000002,19.6035091042211));
#18030=CARTESIAN_POINT('Origin',(-39.215407405099,-10.6609852047586,19.6496800281437));
#18031=CARTESIAN_POINT('',(-39.4220203903168,-10.7482551002609,19.7859879287993));
#18032=CARTESIAN_POINT('Origin',(-39.3079998639116,-10.7482551002609,19.5945359580485));
#18033=CARTESIAN_POINT('Origin',(-39.2407234151849,-10.9182634079134,19.6328605081313));
#18034=CARTESIAN_POINT('',(-39.4554327067011,-10.9937902656924,19.7660889959881));
#18035=CARTESIAN_POINT('Origin',(-39.3406461759932,-10.9937902656924,19.5733508267081));
#18036=CARTESIAN_POINT('Origin',(-39.2900757321763,-11.1709590296439,19.6041679622238));
#18037=CARTESIAN_POINT('',(-39.5107130045499,-11.2339153616407,19.7331664377306));
#18038=CARTESIAN_POINT('Origin',(-39.3962340203028,-11.2339153616407,19.5409446699956));
#18039=CARTESIAN_POINT('Origin',(-39.362922145641,-11.4163034838384,19.5639142398229));
#18040=CARTESIAN_POINT('',(-39.5872556213519,-11.4659995273052,19.6875809604646));
#18041=CARTESIAN_POINT('Origin',(-39.4741528686659,-11.4659995273052,19.4976700244095));
#18042=CARTESIAN_POINT('Origin',(-39.4584576377452,-11.6516087253151,19.5125287878989));
#18043=CARTESIAN_POINT('',(-39.6842219401799,-11.6875000000002,19.6298320082184));
#18044=CARTESIAN_POINT('Origin',(-39.5735421285905,-11.6875000000002,19.4439894347871));
#18045=CARTESIAN_POINT('Origin',(-39.5756225040313,-11.8742967006077,19.4505527719109));
#18046=CARTESIAN_POINT('',(-39.8005495777531,-11.8959899741948,19.5605522905976));
#18047=CARTESIAN_POINT('Origin',(-39.6932998729323,-11.8959899741948,19.380469212596));
#18048=CARTESIAN_POINT('Origin',(-39.7131125816449,-12.0819275936583,19.3786308259699));
#18049=CARTESIAN_POINT('',(-39.9349640241313,-12.0891851901025,19.4805008506861));
#18050=CARTESIAN_POINT('Origin',(-39.8320935307224,-12.0891851901025,19.3077709105938));
#18051=CARTESIAN_POINT('Origin',(-39.8641411640255,-12.2722265569532,19.2886847240953));
#18052=CARTESIAN_POINT('',(-40.0859926065119,-12.264968960509,19.3905547488115));
#18053=CARTESIAN_POINT('Origin',(-39.983122113103,-12.264968960509,19.2178248087192));
#18054=CARTESIAN_POINT('Origin',(-40.0270535504198,-12.4431086352278,19.1816999346016));
#18055=CARTESIAN_POINT('',(-40.2519806241416,-12.4214153616407,19.2916994532883));
#18056=CARTESIAN_POINT('Origin',(-40.1447309193207,-12.4214153616407,19.1116163752867));
#18057=CARTESIAN_POINT('Origin',(-40.2053451751293,-12.5927016086733,19.0677148231015));
#18058=CARTESIAN_POINT('',(-40.4311094775639,-12.5568103339882,19.185018043421));
#18059=CARTESIAN_POINT('Origin',(-40.3204296659745,-12.5568103339882,18.9991754699897));
#18060=CARTESIAN_POINT('Origin',(-40.3970831178649,-12.7193665053682,18.948012622419));
#18061=CARTESIAN_POINT('',(-40.6214165935758,-12.6696704619014,19.0716793430608));
#18062=CARTESIAN_POINT('Origin',(-40.5083138408898,-12.6696704619014,18.8817684070057));
#18063=CARTESIAN_POINT('Origin',(-40.6001796552161,-12.821715558198,18.8239266392195));
#18064=CARTESIAN_POINT('',(-40.8208169275898,-12.7587592262012,18.9529251147263));
#18065=CARTESIAN_POINT('Origin',(-40.7063379433426,-12.7587592262012,18.7607033469913));
#18066=CARTESIAN_POINT('Origin',(-40.812416516303,-12.8986274095219,18.6968279667374));
#18067=CARTESIAN_POINT('',(-41.0271258078192,-12.823100551743,18.8300564545942));
#18068=CARTESIAN_POINT('Origin',(-40.9123392771114,-12.823100551743,18.6373182853142));
#18069=CARTESIAN_POINT('Origin',(-41.0314698857816,-12.9492593970021,18.5681116367611));
#18070=CARTESIAN_POINT('',(-41.2380828709994,-12.8619895014998,18.7044195374167));
#18071=CARTESIAN_POINT('Origin',(-41.1240623445943,-12.8619895014998,18.5129675666658));
#18072=CARTESIAN_POINT('',(1.20945957939805,100.271425426151,61.4338542191506));
#18073=UNCERTAINTY_MEASURE_WITH_UNIT(LENGTH_MEASURE(0.01),#18079,
'DISTANCE_ACCURACY_VALUE',
'Maximum model space distance between geometric entities at asserted c
onnectivities');
#18074=UNCERTAINTY_MEASURE_WITH_UNIT(LENGTH_MEASURE(0.01),#18079,
'DISTANCE_ACCURACY_VALUE',
'Maximum model space distance between geometric entities at asserted c
onnectivities');
#18075=UNCERTAINTY_MEASURE_WITH_UNIT(LENGTH_MEASURE(0.01),#18079,
'DISTANCE_ACCURACY_VALUE',
'Maximum model space distance between geometric entities at asserted c
onnectivities');
#18076=(
GEOMETRIC_REPRESENTATION_CONTEXT(3)
GLOBAL_UNCERTAINTY_ASSIGNED_CONTEXT((#18073))
GLOBAL_UNIT_ASSIGNED_CONTEXT((#18079,#18081,#18082))
REPRESENTATION_CONTEXT('','3D')
);
#18077=(
GEOMETRIC_REPRESENTATION_CONTEXT(3)
GLOBAL_UNCERTAINTY_ASSIGNED_CONTEXT((#18074))
GLOBAL_UNIT_ASSIGNED_CONTEXT((#18079,#18081,#18082))
REPRESENTATION_CONTEXT('','3D')
);
#18078=(
GEOMETRIC_REPRESENTATION_CONTEXT(3)
GLOBAL_UNCERTAINTY_ASSIGNED_CONTEXT((#18075))
GLOBAL_UNIT_ASSIGNED_CONTEXT((#18079,#18081,#18082))
REPRESENTATION_CONTEXT('','3D')
);
#18079=(
LENGTH_UNIT()
NAMED_UNIT(*)
SI_UNIT(.MILLI.,.METRE.)
);
#18080=(
LENGTH_UNIT()
NAMED_UNIT(*)
SI_UNIT($,.METRE.)
);
#18081=(
NAMED_UNIT(*)
PLANE_ANGLE_UNIT()
SI_UNIT($,.RADIAN.)
);
#18082=(
NAMED_UNIT(*)
SI_UNIT($,.STERADIAN.)
SOLID_ANGLE_UNIT()
);
#18083=SHAPE_DEFINITION_REPRESENTATION(#18085,#18088);
#18084=SHAPE_DEFINITION_REPRESENTATION(#18086,#18089);
#18085=PRODUCT_DEFINITION_SHAPE('',$,#18091);
#18086=PRODUCT_DEFINITION_SHAPE('',$,#18092);
#18087=PRODUCT_DEFINITION_SHAPE($,$,#14);
#18088=SHAPE_REPRESENTATION('',(#10444,#11639),#18076);
#18089=SHAPE_REPRESENTATION('',(#10445),#18077);
#18090=PRODUCT_DEFINITION_CONTEXT('part definition',#18098,'design');
#18091=PRODUCT_DEFINITION('Gripper Assembly','Gripper Assembly v3',#18093,
#18090);
#18092=PRODUCT_DEFINITION('gear1','gear1',#18094,#18090);
#18093=PRODUCT_DEFINITION_FORMATION('',$,#18100);
#18094=PRODUCT_DEFINITION_FORMATION('',$,#18101);
#18095=PRODUCT_RELATED_PRODUCT_CATEGORY('Gripper Assembly v3',
'Gripper Assembly v3',(#18100));
#18096=PRODUCT_RELATED_PRODUCT_CATEGORY('gear1','gear1',(#18101));
#18097=APPLICATION_PROTOCOL_DEFINITION('international standard',
'automotive_design',2009,#18098);
#18098=APPLICATION_CONTEXT(
'Core Data for Automotive Mechanical Design Process');
#18099=PRODUCT_CONTEXT('part definition',#18098,'mechanical');
#18100=PRODUCT('Gripper Assembly','Gripper Assembly v3',$,(#18099));
#18101=PRODUCT('gear1','gear1',$,(#18099));
#18102=PRESENTATION_STYLE_ASSIGNMENT((#18104));
#18103=PRESENTATION_STYLE_ASSIGNMENT((#18105));
#18104=SURFACE_STYLE_USAGE(.BOTH.,#18106);
#18105=SURFACE_STYLE_USAGE(.BOTH.,#18107);
#18106=SURFACE_SIDE_STYLE('',(#18108));
#18107=SURFACE_SIDE_STYLE('',(#18109));
#18108=SURFACE_STYLE_FILL_AREA(#18110);
#18109=SURFACE_STYLE_FILL_AREA(#18111);
#18110=FILL_AREA_STYLE('Steel - Satin',(#18112));
#18111=FILL_AREA_STYLE('Opaque(255,255,255)',(#18113));
#18112=FILL_AREA_STYLE_COLOUR('Steel - Satin',#18114);
#18113=FILL_AREA_STYLE_COLOUR('Opaque(255,255,255)',#18115);
#18114=COLOUR_RGB('Steel - Satin',0.627450980392157,0.627450980392157,0.627450980392157);
#18115=COLOUR_RGB('Opaque(255,255,255)',1.,1.,1.);
ENDSEC;
END-ISO-10303-21;
