ISO-10303-21;
HEADER;
/* Generated by software containing ST-Developer
 * from STEP Tools, Inc. (www.steptools.com) 
 */

FILE_DESCRIPTION(
/* description */ (''),
/* implementation_level */ '2;1');

FILE_NAME(
/* name */ 'Joint 3.step',
/* time_stamp */ '2026-04-29T03:10:58+03:00',
/* author */ (''),
/* organization */ (''),
/* preprocessor_version */ 'ST-DEVELOPER v20.1',
/* originating_system */ 'Autodesk Translation Framework v15.8.0.0',
/* authorisation */ '');

FILE_SCHEMA (('AUTOMOTIVE_DESIGN { 1 0 10303 214 3 1 1 }'));
ENDSEC;

DATA;
#10=MECHANICAL_DESIGN_GEOMETRIC_PRESENTATION_REPRESENTATION('',(#18,#19),
#5138);
#11=SHAPE_REPRESENTATION_RELATIONSHIP('SRR','None',#5148,#12);
#12=ADVANCED_BREP_SHAPE_REPRESENTATION('',(#17),#5136);
#13=ITEM_DEFINED_TRANSFORMATION($,$,#2921,#3246);
#14=(
REPRESENTATION_RELATIONSHIP($,$,#5149,#5148)
REPRESENTATION_RELATIONSHIP_WITH_TRANSFORMATION(#13)
SHAPE_REPRESENTATION_RELATIONSHIP()
);
#15=CONTEXT_DEPENDENT_SHAPE_REPRESENTATION(#14,#5147);
#16=NEXT_ASSEMBLY_USAGE_OCCURRENCE('HILAL 73 - 3_Joint 2 Cover V2 v4:1',
'HILAL 73 - 3_Joint 2 Cover V2 v4:1',
'HILAL 73 - 3_Joint 2 Cover V2 v4:1',#5151,#5152,
'HILAL 73 - 3_Joint 2 Cover V2 v4:1');
#17=MANIFOLD_SOLID_BREP('Body1',#2907);
#18=STYLED_ITEM('',(#5164),#2849);
#19=STYLED_ITEM('',(#5163),#17);
#20=CONICAL_SURFACE('',#3130,9.,0.785398163397448);
#21=CONICAL_SURFACE('',#3134,9.,0.785398163397448);
#22=TOROIDAL_SURFACE('',#3085,15.,10.);
#23=TOROIDAL_SURFACE('',#3193,34.9999980564145,10.);
#24=SPHERICAL_SURFACE('',#3076,10.);
#25=SPHERICAL_SURFACE('',#3081,10.);
#26=B_SPLINE_CURVE_WITH_KNOTS('',3,(#4257,#4258,#4259,#4260),
 .UNSPECIFIED.,.F.,.F.,(4,4),(0.,0.215689460809782),.UNSPECIFIED.);
#27=B_SPLINE_CURVE_WITH_KNOTS('',3,(#4262,#4263,#4264,#4265),
 .UNSPECIFIED.,.F.,.F.,(4,4),(2.4406335161016,2.66288673602022),
 .UNSPECIFIED.);
#28=B_SPLINE_CURVE_WITH_KNOTS('',3,(#4274,#4275,#4276,#4277,#4278,#4279,
#4280,#4281,#4282,#4283,#4284,#4285,#4286,#4287,#4288,#4289,#4290,#4291,
#4292,#4293,#4294,#4295,#4296,#4297,#4298,#4299,#4300,#4301,#4302,#4303,
#4304,#4305),.UNSPECIFIED.,.F.,.F.,(4,2,2,2,2,2,2,2,2,2,2,2,2,2,2,4),(0.215689460809781,
0.223003900531583,0.446007801063166,0.628884459943688,0.81176111882421,
0.948889866308989,1.08601861379377,1.20211169211125,1.31820477042872,1.42891898336816,
1.53963319630759,1.68218001083065,1.82472682535371,2.03426680302034,2.24380678068697,
2.4406335161016),.UNSPECIFIED.);
#29=B_SPLINE_CURVE_WITH_KNOTS('',3,(#4316,#4317,#4318,#4319),
 .UNSPECIFIED.,.F.,.F.,(4,4),(0.,0.222253185494865),.UNSPECIFIED.);
#30=B_SPLINE_CURVE_WITH_KNOTS('',3,(#4321,#4322,#4323,#4324),
 .UNSPECIFIED.,.F.,.F.,(4,4),(2.4671107818926,2.68936396738747),
 .UNSPECIFIED.);
#31=B_SPLINE_CURVE_WITH_KNOTS('',3,(#4333,#4334,#4335,#4336,#4337,#4338,
#4339,#4340,#4341,#4342,#4343,#4344,#4345,#4346,#4347,#4348,#4349,#4350,
#4351,#4352,#4353,#4354,#4355,#4356,#4357,#4358,#4359,#4360,#4361,#4362),
 .UNSPECIFIED.,.F.,.F.,(4,2,2,2,2,2,2,2,2,2,2,2,2,2,4),(0.222253185494865,
0.419079967810414,0.628619951715622,0.838159935620829,0.980706746441394,
1.12325355726196,1.23396777047785,1.34468198369373,1.45539619690962,1.56611041012551,
1.70865722094607,1.85120403176664,2.06074401567184,2.27028399957705,2.4671107818926),
 .UNSPECIFIED.);
#32=B_SPLINE_CURVE_WITH_KNOTS('',3,(#4507,#4508,#4509,#4510,#4511,#4512,
#4513,#4514,#4515,#4516,#4517,#4518,#4519,#4520,#4521,#4522,#4523,#4524,
#4525,#4526,#4527,#4528,#4529,#4530,#4531,#4532,#4533,#4534,#4535,#4536,
#4537,#4538,#4539,#4540,#4541,#4542),.UNSPECIFIED.,.F.,.F.,(4,2,2,2,2,2,
2,2,2,2,2,2,2,2,2,2,2,4),(-1.87611733573269,-1.86848052603408,-1.83483551242601,
-1.77648276797844,-1.66220161706364,-1.50510789563411,-1.37017536838132,
-1.26365432446711,-1.17303611212429,-1.07699325951847,-1.01469492066027,
-0.965410330517551,-0.917157398130014,-0.858816991568327,-0.774039097225332,
-0.671154055806878,-0.549247591760966,-0.448517315965311),.UNSPECIFIED.);
#33=B_SPLINE_CURVE_WITH_KNOTS('',3,(#4543,#4544,#4545,#4546,#4547,#4548,
#4549,#4550,#4551,#4552,#4553,#4554,#4555,#4556),.UNSPECIFIED.,.F.,.F.,
(4,2,2,2,2,2,4),(-0.448517315965311,-0.392769634290782,-0.242209756589896,
-0.138799555702714,-0.078459656401394,-0.0314068052126616,0.),
 .UNSPECIFIED.);
#34=B_SPLINE_CURVE_WITH_KNOTS('',3,(#4561,#4562,#4563,#4564,#4565,#4566,
#4567,#4568,#4569,#4570,#4571,#4572,#4573,#4574),.UNSPECIFIED.,.F.,.F.,
(4,2,2,2,2,2,4),(-1.8761173357283,-1.8684805260297,-1.83483551242164,-1.77648276797412,
-1.66220161705963,-1.50510789563083,-1.44718940269162),.UNSPECIFIED.);
#35=B_SPLINE_CURVE_WITH_KNOTS('',3,(#4575,#4576,#4577,#4578,#4579,#4580,
#4581,#4582,#4583,#4584,#4585,#4586,#4587,#4588,#4589,#4590,#4591,#4592,
#4593,#4594,#4595,#4596,#4597,#4598,#4599,#4600,#4601,#4602,#4603,#4604,
#4605,#4606,#4607,#4608,#4609,#4610),.UNSPECIFIED.,.F.,.F.,(4,2,2,2,2,2,
2,2,2,2,2,2,2,2,2,2,2,4),(-1.44718940269162,-1.37017536837855,-1.26365432446475,
-1.17303611212227,-1.07699325951681,-1.01469492065883,-0.965410330516278,
-0.91715739812889,-0.858816991567362,-0.774039097224543,-0.671154055806299,
-0.549247591760621,-0.392769634290754,-0.242209756589997,-0.138799555702797,
-0.0784596564014607,-0.0314068052126752,0.),.UNSPECIFIED.);
#36=B_SPLINE_CURVE_WITH_KNOTS('',3,(#4863,#4864,#4865,#4866,#4867,#4868,
#4869,#4870,#4871,#4872),.UNSPECIFIED.,.F.,.F.,(4,2,2,2,4),(1.50129555185102E-15,
0.789098989387345,1.57819797877469,2.05050678343152,2.52281558808835),
 .UNSPECIFIED.);
#37=B_SPLINE_CURVE_WITH_KNOTS('',3,(#4992,#4993,#4994,#4995,#4996,#4997,
#4998,#4999,#5000,#5001),.UNSPECIFIED.,.F.,.F.,(4,2,2,2,4),(-1.85211452094276,
-1.42069243622371,-0.753452810801778,0.,0.0241810427306264),
 .UNSPECIFIED.);
#38=B_SPLINE_CURVE_WITH_KNOTS('',3,(#5090,#5091,#5092,#5093,#5094,#5095,
#5096,#5097,#5098,#5099,#5100,#5101,#5102,#5103,#5104),.UNSPECIFIED.,.F.,
 .F.,(4,2,2,3,2,2,4),(-0.08533631088666,-0.082875447944411,-0.0414377239722055,
0.,0.0414517451992737,0.0829034903985475,0.0853366323890462),
 .UNSPECIFIED.);
#39=CYLINDRICAL_SURFACE('',#2976,1.6);
#40=CYLINDRICAL_SURFACE('',#2980,3.00000000000001);
#41=CYLINDRICAL_SURFACE('',#2982,1.6);
#42=CYLINDRICAL_SURFACE('',#2986,3.00000000000001);
#43=CYLINDRICAL_SURFACE('',#2987,1.6);
#44=CYLINDRICAL_SURFACE('',#2991,3.00000000000001);
#45=CYLINDRICAL_SURFACE('',#2993,1.6);
#46=CYLINDRICAL_SURFACE('',#2997,3.00000000000001);
#47=CYLINDRICAL_SURFACE('',#2998,1.5);
#48=CYLINDRICAL_SURFACE('',#3000,1.5);
#49=CYLINDRICAL_SURFACE('',#3002,1.5);
#50=CYLINDRICAL_SURFACE('',#3004,1.5);
#51=CYLINDRICAL_SURFACE('',#3006,1.5);
#52=CYLINDRICAL_SURFACE('',#3008,1.5);
#53=CYLINDRICAL_SURFACE('',#3010,1.5);
#54=CYLINDRICAL_SURFACE('',#3012,1.5);
#55=CYLINDRICAL_SURFACE('',#3014,1.5);
#56=CYLINDRICAL_SURFACE('',#3016,1.5);
#57=CYLINDRICAL_SURFACE('',#3018,1.5);
#58=CYLINDRICAL_SURFACE('',#3020,1.5);
#59=CYLINDRICAL_SURFACE('',#3022,1.5);
#60=CYLINDRICAL_SURFACE('',#3024,1.5);
#61=CYLINDRICAL_SURFACE('',#3026,1.5);
#62=CYLINDRICAL_SURFACE('',#3028,1.5);
#63=CYLINDRICAL_SURFACE('',#3030,1.5);
#64=CYLINDRICAL_SURFACE('',#3032,1.5);
#65=CYLINDRICAL_SURFACE('',#3034,1.5);
#66=CYLINDRICAL_SURFACE('',#3036,1.5);
#67=CYLINDRICAL_SURFACE('',#3038,1.5);
#68=CYLINDRICAL_SURFACE('',#3040,1.5);
#69=CYLINDRICAL_SURFACE('',#3042,1.5);
#70=CYLINDRICAL_SURFACE('',#3044,1.5);
#71=CYLINDRICAL_SURFACE('',#3046,1.5);
#72=CYLINDRICAL_SURFACE('',#3048,1.5);
#73=CYLINDRICAL_SURFACE('',#3050,1.5);
#74=CYLINDRICAL_SURFACE('',#3052,1.5);
#75=CYLINDRICAL_SURFACE('',#3054,1.5);
#76=CYLINDRICAL_SURFACE('',#3056,1.5);
#77=CYLINDRICAL_SURFACE('',#3058,1.5);
#78=CYLINDRICAL_SURFACE('',#3060,1.5);
#79=CYLINDRICAL_SURFACE('',#3062,1.5);
#80=CYLINDRICAL_SURFACE('',#3064,1.5);
#81=CYLINDRICAL_SURFACE('',#3066,1.5);
#82=CYLINDRICAL_SURFACE('',#3068,3.);
#83=CYLINDRICAL_SURFACE('',#3069,3.);
#84=CYLINDRICAL_SURFACE('',#3070,10.);
#85=CYLINDRICAL_SURFACE('',#3073,10.);
#86=CYLINDRICAL_SURFACE('',#3079,10.);
#87=CYLINDRICAL_SURFACE('',#3096,23.);
#88=CYLINDRICAL_SURFACE('',#3101,17.5);
#89=CYLINDRICAL_SURFACE('',#3105,23.);
#90=CYLINDRICAL_SURFACE('',#3107,17.5);
#91=CYLINDRICAL_SURFACE('',#3138,10.);
#92=CYLINDRICAL_SURFACE('',#3144,10.);
#93=CYLINDRICAL_SURFACE('',#3146,25.);
#94=CYLINDRICAL_SURFACE('',#3148,24.9999980564145);
#95=CYLINDRICAL_SURFACE('',#3165,6.5);
#96=CYLINDRICAL_SURFACE('',#3172,0.500000000000003);
#97=CYLINDRICAL_SURFACE('',#3174,0.500000000000007);
#98=CYLINDRICAL_SURFACE('',#3176,0.500000000000002);
#99=CYLINDRICAL_SURFACE('',#3178,0.500000000000007);
#100=CYLINDRICAL_SURFACE('',#3179,4.00000000000002);
#101=CYLINDRICAL_SURFACE('',#3181,4.00000000000002);
#102=CYLINDRICAL_SURFACE('',#3182,4.00000000000001);
#103=CYLINDRICAL_SURFACE('',#3184,4.00000000000004);
#104=CYLINDRICAL_SURFACE('',#3185,1.5);
#105=CYLINDRICAL_SURFACE('',#3186,1.5);
#106=CYLINDRICAL_SURFACE('',#3187,1.49999999999999);
#107=CYLINDRICAL_SURFACE('',#3188,1.5);
#108=CYLINDRICAL_SURFACE('',#3189,10.);
#109=CYLINDRICAL_SURFACE('',#3206,6.00000000000208);
#110=CYLINDRICAL_SURFACE('',#3208,0.200000000000007);
#111=CYLINDRICAL_SURFACE('',#3211,2.70000000000081);
#112=CYLINDRICAL_SURFACE('',#3214,0.200000000000018);
#113=CYLINDRICAL_SURFACE('',#3221,0.850000000000231);
#114=CYLINDRICAL_SURFACE('',#3223,0.850000000000226);
#115=CYLINDRICAL_SURFACE('',#3225,0.850000000000226);
#116=CYLINDRICAL_SURFACE('',#3227,0.850000000000222);
#117=CYLINDRICAL_SURFACE('',#3229,10.);
#118=CYLINDRICAL_SURFACE('',#3230,1.1000000000004);
#119=CYLINDRICAL_SURFACE('',#3231,1.10000000000038);
#120=CYLINDRICAL_SURFACE('',#3234,1.8);
#121=CYLINDRICAL_SURFACE('',#3237,1.8);
#122=CYLINDRICAL_SURFACE('',#3240,1.8);
#123=CYLINDRICAL_SURFACE('',#3243,1.8);
#124=CYLINDRICAL_SURFACE('',#3244,10.);
#125=LINE('',#4145,#342);
#126=LINE('',#4149,#343);
#127=LINE('',#4153,#344);
#128=LINE('',#4157,#345);
#129=LINE('',#4159,#346);
#130=LINE('',#4161,#347);
#131=LINE('',#4163,#348);
#132=LINE('',#4165,#349);
#133=LINE('',#4167,#350);
#134=LINE('',#4169,#351);
#135=LINE('',#4173,#352);
#136=LINE('',#4176,#353);
#137=LINE('',#4249,#354);
#138=LINE('',#4269,#355);
#139=LINE('',#4308,#356);
#140=LINE('',#4328,#357);
#141=LINE('',#4366,#358);
#142=LINE('',#4370,#359);
#143=LINE('',#4374,#360);
#144=LINE('',#4378,#361);
#145=LINE('',#4382,#362);
#146=LINE('',#4386,#363);
#147=LINE('',#4390,#364);
#148=LINE('',#4394,#365);
#149=LINE('',#4398,#366);
#150=LINE('',#4402,#367);
#151=LINE('',#4406,#368);
#152=LINE('',#4410,#369);
#153=LINE('',#4414,#370);
#154=LINE('',#4418,#371);
#155=LINE('',#4422,#372);
#156=LINE('',#4426,#373);
#157=LINE('',#4430,#374);
#158=LINE('',#4434,#375);
#159=LINE('',#4438,#376);
#160=LINE('',#4442,#377);
#161=LINE('',#4446,#378);
#162=LINE('',#4450,#379);
#163=LINE('',#4454,#380);
#164=LINE('',#4458,#381);
#165=LINE('',#4462,#382);
#166=LINE('',#4466,#383);
#167=LINE('',#4470,#384);
#168=LINE('',#4474,#385);
#169=LINE('',#4478,#386);
#170=LINE('',#4482,#387);
#171=LINE('',#4486,#388);
#172=LINE('',#4490,#389);
#173=LINE('',#4494,#390);
#174=LINE('',#4498,#391);
#175=LINE('',#4502,#392);
#176=LINE('',#4505,#393);
#177=LINE('',#4559,#394);
#178=LINE('',#4615,#395);
#179=LINE('',#4617,#396);
#180=LINE('',#4620,#397);
#181=LINE('',#4624,#398);
#182=LINE('',#4627,#399);
#183=LINE('',#4629,#400);
#184=LINE('',#4637,#401);
#185=LINE('',#4638,#402);
#186=LINE('',#4649,#403);
#187=LINE('',#4651,#404);
#188=LINE('',#4653,#405);
#189=LINE('',#4654,#406);
#190=LINE('',#4658,#407);
#191=LINE('',#4660,#408);
#192=LINE('',#4662,#409);
#193=LINE('',#4664,#410);
#194=LINE('',#4666,#411);
#195=LINE('',#4668,#412);
#196=LINE('',#4670,#413);
#197=LINE('',#4674,#414);
#198=LINE('',#4678,#415);
#199=LINE('',#4680,#416);
#200=LINE('',#4682,#417);
#201=LINE('',#4683,#418);
#202=LINE('',#4686,#419);
#203=LINE('',#4688,#420);
#204=LINE('',#4689,#421);
#205=LINE('',#4690,#422);
#206=LINE('',#4693,#423);
#207=LINE('',#4695,#424);
#208=LINE('',#4696,#425);
#209=LINE('',#4698,#426);
#210=LINE('',#4699,#427);
#211=LINE('',#4700,#428);
#212=LINE('',#4704,#429);
#213=LINE('',#4706,#430);
#214=LINE('',#4707,#431);
#215=LINE('',#4710,#432);
#216=LINE('',#4712,#433);
#217=LINE('',#4716,#434);
#218=LINE('',#4718,#435);
#219=LINE('',#4722,#436);
#220=LINE('',#4724,#437);
#221=LINE('',#4725,#438);
#222=LINE('',#4728,#439);
#223=LINE('',#4729,#440);
#224=LINE('',#4732,#441);
#225=LINE('',#4735,#442);
#226=LINE('',#4740,#443);
#227=LINE('',#4742,#444);
#228=LINE('',#4744,#445);
#229=LINE('',#4745,#446);
#230=LINE('',#4748,#447);
#231=LINE('',#4749,#448);
#232=LINE('',#4752,#449);
#233=LINE('',#4754,#450);
#234=LINE('',#4757,#451);
#235=LINE('',#4760,#452);
#236=LINE('',#4761,#453);
#237=LINE('',#4764,#454);
#238=LINE('',#4765,#455);
#239=LINE('',#4766,#456);
#240=LINE('',#4769,#457);
#241=LINE('',#4773,#458);
#242=LINE('',#4777,#459);
#243=LINE('',#4781,#460);
#244=LINE('',#4784,#461);
#245=LINE('',#4788,#462);
#246=LINE('',#4791,#463);
#247=LINE('',#4793,#464);
#248=LINE('',#4797,#465);
#249=LINE('',#4809,#466);
#250=LINE('',#4810,#467);
#251=LINE('',#4813,#468);
#252=LINE('',#4814,#469);
#253=LINE('',#4816,#470);
#254=LINE('',#4817,#471);
#255=LINE('',#4821,#472);
#256=LINE('',#4823,#473);
#257=LINE('',#4825,#474);
#258=LINE('',#4826,#475);
#259=LINE('',#4829,#476);
#260=LINE('',#4831,#477);
#261=LINE('',#4832,#478);
#262=LINE('',#4835,#479);
#263=LINE('',#4840,#480);
#264=LINE('',#4841,#481);
#265=LINE('',#4845,#482);
#266=LINE('',#4849,#483);
#267=LINE('',#4850,#484);
#268=LINE('',#4853,#485);
#269=LINE('',#4857,#486);
#270=LINE('',#4861,#487);
#271=LINE('',#4874,#488);
#272=LINE('',#4876,#489);
#273=LINE('',#4877,#490);
#274=LINE('',#4878,#491);
#275=LINE('',#4881,#492);
#276=LINE('',#4882,#493);
#277=LINE('',#4887,#494);
#278=LINE('',#4888,#495);
#279=LINE('',#4892,#496);
#280=LINE('',#4897,#497);
#281=LINE('',#4900,#498);
#282=LINE('',#4917,#499);
#283=LINE('',#4918,#500);
#284=LINE('',#4923,#501);
#285=LINE('',#4931,#502);
#286=LINE('',#4936,#503);
#287=LINE('',#4940,#504);
#288=LINE('',#4944,#505);
#289=LINE('',#4949,#506);
#290=LINE('',#4952,#507);
#291=LINE('',#4954,#508);
#292=LINE('',#4956,#509);
#293=LINE('',#4958,#510);
#294=LINE('',#4960,#511);
#295=LINE('',#4962,#512);
#296=LINE('',#4965,#513);
#297=LINE('',#4966,#514);
#298=LINE('',#4968,#515);
#299=LINE('',#4971,#516);
#300=LINE('',#4973,#517);
#301=LINE('',#4976,#518);
#302=LINE('',#4978,#519);
#303=LINE('',#4980,#520);
#304=LINE('',#4982,#521);
#305=LINE('',#4986,#522);
#306=LINE('',#4990,#523);
#307=LINE('',#5004,#524);
#308=LINE('',#5006,#525);
#309=LINE('',#5008,#526);
#310=LINE('',#5010,#527);
#311=LINE('',#5017,#528);
#312=LINE('',#5021,#529);
#313=LINE('',#5025,#530);
#314=LINE('',#5029,#531);
#315=LINE('',#5036,#532);
#316=LINE('',#5037,#533);
#317=LINE('',#5041,#534);
#318=LINE('',#5044,#535);
#319=LINE('',#5045,#536);
#320=LINE('',#5049,#537);
#321=LINE('',#5052,#538);
#322=LINE('',#5053,#539);
#323=LINE('',#5061,#540);
#324=LINE('',#5065,#541);
#325=LINE('',#5069,#542);
#326=LINE('',#5072,#543);
#327=LINE('',#5074,#544);
#328=LINE('',#5075,#545);
#329=LINE('',#5077,#546);
#330=LINE('',#5079,#547);
#331=LINE('',#5081,#548);
#332=LINE('',#5083,#549);
#333=LINE('',#5085,#550);
#334=LINE('',#5087,#551);
#335=LINE('',#5106,#552);
#336=LINE('',#5108,#553);
#337=LINE('',#5113,#554);
#338=LINE('',#5118,#555);
#339=LINE('',#5123,#556);
#340=LINE('',#5128,#557);
#341=LINE('',#5130,#558);
#342=VECTOR('',#3279,10.);
#343=VECTOR('',#3282,10.);
#344=VECTOR('',#3285,10.);
#345=VECTOR('',#3288,10.);
#346=VECTOR('',#3289,10.);
#347=VECTOR('',#3290,10.);
#348=VECTOR('',#3291,10.);
#349=VECTOR('',#3292,10.);
#350=VECTOR('',#3293,10.);
#351=VECTOR('',#3294,10.);
#352=VECTOR('',#3297,10.);
#353=VECTOR('',#3300,10.);
#354=VECTOR('',#3373,1.6);
#355=VECTOR('',#3386,1.6);
#356=VECTOR('',#3397,1.6);
#357=VECTOR('',#3410,1.6);
#358=VECTOR('',#3423,1.5);
#359=VECTOR('',#3428,1.5);
#360=VECTOR('',#3433,1.5);
#361=VECTOR('',#3438,1.5);
#362=VECTOR('',#3443,1.5);
#363=VECTOR('',#3448,1.5);
#364=VECTOR('',#3453,1.5);
#365=VECTOR('',#3458,1.5);
#366=VECTOR('',#3463,1.5);
#367=VECTOR('',#3468,1.5);
#368=VECTOR('',#3473,1.5);
#369=VECTOR('',#3478,1.5);
#370=VECTOR('',#3483,1.5);
#371=VECTOR('',#3488,1.5);
#372=VECTOR('',#3493,1.5);
#373=VECTOR('',#3498,1.5);
#374=VECTOR('',#3503,1.5);
#375=VECTOR('',#3508,1.5);
#376=VECTOR('',#3513,1.5);
#377=VECTOR('',#3518,1.5);
#378=VECTOR('',#3523,1.5);
#379=VECTOR('',#3528,1.5);
#380=VECTOR('',#3533,1.5);
#381=VECTOR('',#3538,1.5);
#382=VECTOR('',#3543,1.5);
#383=VECTOR('',#3548,1.5);
#384=VECTOR('',#3553,1.5);
#385=VECTOR('',#3558,1.5);
#386=VECTOR('',#3563,1.5);
#387=VECTOR('',#3568,1.5);
#388=VECTOR('',#3573,1.5);
#389=VECTOR('',#3578,1.5);
#390=VECTOR('',#3583,1.5);
#391=VECTOR('',#3588,1.5);
#392=VECTOR('',#3593,1.5);
#393=VECTOR('',#3596,3.);
#394=VECTOR('',#3599,3.);
#395=VECTOR('',#3604,10.);
#396=VECTOR('',#3605,10.);
#397=VECTOR('',#3608,10.);
#398=VECTOR('',#3611,10.);
#399=VECTOR('',#3614,10.);
#400=VECTOR('',#3615,10.);
#401=VECTOR('',#3626,10.);
#402=VECTOR('',#3627,10.);
#403=VECTOR('',#3644,10.);
#404=VECTOR('',#3645,10.);
#405=VECTOR('',#3646,10.);
#406=VECTOR('',#3647,10.);
#407=VECTOR('',#3650,10.);
#408=VECTOR('',#3651,10.);
#409=VECTOR('',#3652,10.);
#410=VECTOR('',#3653,10.);
#411=VECTOR('',#3654,10.);
#412=VECTOR('',#3655,10.);
#413=VECTOR('',#3656,10.);
#414=VECTOR('',#3659,10.);
#415=VECTOR('',#3662,10.);
#416=VECTOR('',#3663,10.);
#417=VECTOR('',#3664,10.);
#418=VECTOR('',#3665,10.);
#419=VECTOR('',#3668,10.);
#420=VECTOR('',#3669,10.);
#421=VECTOR('',#3670,10.);
#422=VECTOR('',#3671,10.);
#423=VECTOR('',#3674,10.);
#424=VECTOR('',#3675,10.);
#425=VECTOR('',#3676,10.);
#426=VECTOR('',#3679,10.);
#427=VECTOR('',#3680,10.);
#428=VECTOR('',#3681,10.);
#429=VECTOR('',#3686,10.);
#430=VECTOR('',#3687,10.);
#431=VECTOR('',#3688,10.);
#432=VECTOR('',#3691,10.);
#433=VECTOR('',#3692,10.);
#434=VECTOR('',#3695,10.);
#435=VECTOR('',#3696,10.);
#436=VECTOR('',#3701,10.);
#437=VECTOR('',#3702,10.);
#438=VECTOR('',#3703,10.);
#439=VECTOR('',#3706,10.);
#440=VECTOR('',#3707,10.);
#441=VECTOR('',#3710,10.);
#442=VECTOR('',#3713,10.);
#443=VECTOR('',#3718,10.);
#444=VECTOR('',#3719,10.);
#445=VECTOR('',#3720,10.);
#446=VECTOR('',#3721,10.);
#447=VECTOR('',#3724,10.);
#448=VECTOR('',#3725,10.);
#449=VECTOR('',#3730,10.);
#450=VECTOR('',#3731,10.);
#451=VECTOR('',#3736,10.);
#452=VECTOR('',#3739,10.);
#453=VECTOR('',#3740,10.);
#454=VECTOR('',#3743,10.);
#455=VECTOR('',#3744,10.);
#456=VECTOR('',#3745,10.);
#457=VECTOR('',#3748,10.);
#458=VECTOR('',#3751,10.);
#459=VECTOR('',#3754,10.);
#460=VECTOR('',#3757,10.);
#461=VECTOR('',#3760,10.);
#462=VECTOR('',#3763,10.);
#463=VECTOR('',#3766,10.);
#464=VECTOR('',#3767,10.);
#465=VECTOR('',#3770,10.);
#466=VECTOR('',#3783,10.);
#467=VECTOR('',#3784,10.);
#468=VECTOR('',#3787,10.);
#469=VECTOR('',#3788,10.);
#470=VECTOR('',#3791,10.);
#471=VECTOR('',#3792,10.);
#472=VECTOR('',#3795,10.);
#473=VECTOR('',#3796,10.);
#474=VECTOR('',#3797,10.);
#475=VECTOR('',#3798,9.99999999999999);
#476=VECTOR('',#3801,10.);
#477=VECTOR('',#3802,10.);
#478=VECTOR('',#3803,10.);
#479=VECTOR('',#3806,10.);
#480=VECTOR('',#3813,10.);
#481=VECTOR('',#3814,10.);
#482=VECTOR('',#3817,10.);
#483=VECTOR('',#3824,10.);
#484=VECTOR('',#3825,10.);
#485=VECTOR('',#3828,10.);
#486=VECTOR('',#3833,10.);
#487=VECTOR('',#3836,10.);
#488=VECTOR('',#3837,10.);
#489=VECTOR('',#3838,10.);
#490=VECTOR('',#3839,10.);
#491=VECTOR('',#3840,10.);
#492=VECTOR('',#3843,10.);
#493=VECTOR('',#3844,10.);
#494=VECTOR('',#3851,10.);
#495=VECTOR('',#3852,10.);
#496=VECTOR('',#3857,10.);
#497=VECTOR('',#3862,10.);
#498=VECTOR('',#3867,10.);
#499=VECTOR('',#3884,10.);
#500=VECTOR('',#3885,10.);
#501=VECTOR('',#3888,10.);
#502=VECTOR('',#3895,10.);
#503=VECTOR('',#3902,6.5);
#504=VECTOR('',#3905,10.);
#505=VECTOR('',#3908,10.);
#506=VECTOR('',#3913,10.);
#507=VECTOR('',#3918,10.);
#508=VECTOR('',#3921,10.);
#509=VECTOR('',#3924,10.);
#510=VECTOR('',#3927,10.);
#511=VECTOR('',#3930,10.);
#512=VECTOR('',#3933,10.);
#513=VECTOR('',#3938,10.);
#514=VECTOR('',#3939,10.);
#515=VECTOR('',#3942,10.);
#516=VECTOR('',#3947,10.);
#517=VECTOR('',#3950,10.);
#518=VECTOR('',#3955,1.5);
#519=VECTOR('',#3958,1.5);
#520=VECTOR('',#3961,1.49999999999999);
#521=VECTOR('',#3964,1.5);
#522=VECTOR('',#3969,10.);
#523=VECTOR('',#3974,10.);
#524=VECTOR('',#3981,10.);
#525=VECTOR('',#3984,10.);
#526=VECTOR('',#3987,10.);
#527=VECTOR('',#3990,10.);
#528=VECTOR('',#3995,10.);
#529=VECTOR('',#3998,10.);
#530=VECTOR('',#4001,10.);
#531=VECTOR('',#4004,10.);
#532=VECTOR('',#4013,10.);
#533=VECTOR('',#4014,10.);
#534=VECTOR('',#4019,10.);
#535=VECTOR('',#4022,10.);
#536=VECTOR('',#4023,10.);
#537=VECTOR('',#4028,10.);
#538=VECTOR('',#4031,10.);
#539=VECTOR('',#4032,10.);
#540=VECTOR('',#4041,10.);
#541=VECTOR('',#4044,10.);
#542=VECTOR('',#4047,10.);
#543=VECTOR('',#4050,10.);
#544=VECTOR('',#4053,10.);
#545=VECTOR('',#4054,10.);
#546=VECTOR('',#4057,10.);
#547=VECTOR('',#4060,10.);
#548=VECTOR('',#4063,10.);
#549=VECTOR('',#4066,10.);
#550=VECTOR('',#4069,10.);
#551=VECTOR('',#4072,10.);
#552=VECTOR('',#4079,1.1000000000004);
#553=VECTOR('',#4082,1.10000000000038);
#554=VECTOR('',#4089,1.8);
#555=VECTOR('',#4096,1.8);
#556=VECTOR('',#4103,1.8);
#557=VECTOR('',#4110,1.8);
#558=VECTOR('',#4113,10.);
#559=FACE_BOUND('',#811,.T.);
#560=FACE_BOUND('',#813,.T.);
#561=FACE_BOUND('',#815,.T.);
#562=FACE_BOUND('',#817,.T.);
#563=FACE_BOUND('',#819,.T.);
#564=FACE_BOUND('',#820,.T.);
#565=FACE_BOUND('',#821,.T.);
#566=FACE_BOUND('',#822,.T.);
#567=FACE_BOUND('',#823,.T.);
#568=FACE_BOUND('',#824,.T.);
#569=FACE_BOUND('',#825,.T.);
#570=FACE_BOUND('',#826,.T.);
#571=FACE_BOUND('',#827,.T.);
#572=FACE_BOUND('',#828,.T.);
#573=FACE_BOUND('',#829,.T.);
#574=FACE_BOUND('',#830,.T.);
#575=FACE_BOUND('',#831,.T.);
#576=FACE_BOUND('',#832,.T.);
#577=FACE_BOUND('',#833,.T.);
#578=FACE_BOUND('',#834,.T.);
#579=FACE_BOUND('',#835,.T.);
#580=FACE_BOUND('',#836,.T.);
#581=FACE_BOUND('',#837,.T.);
#582=FACE_BOUND('',#838,.T.);
#583=FACE_BOUND('',#839,.T.);
#584=FACE_BOUND('',#840,.T.);
#585=FACE_BOUND('',#841,.T.);
#586=FACE_BOUND('',#842,.T.);
#587=FACE_BOUND('',#843,.T.);
#588=FACE_BOUND('',#844,.T.);
#589=FACE_BOUND('',#845,.T.);
#590=FACE_BOUND('',#846,.T.);
#591=FACE_BOUND('',#847,.T.);
#592=FACE_BOUND('',#848,.T.);
#593=FACE_BOUND('',#849,.T.);
#594=FACE_BOUND('',#850,.T.);
#595=FACE_BOUND('',#851,.T.);
#596=FACE_BOUND('',#852,.T.);
#597=FACE_BOUND('',#853,.T.);
#598=FACE_BOUND('',#856,.T.);
#599=FACE_BOUND('',#860,.T.);
#600=FACE_BOUND('',#864,.T.);
#601=FACE_BOUND('',#868,.T.);
#602=FACE_BOUND('',#913,.T.);
#603=FACE_BOUND('',#914,.T.);
#604=FACE_BOUND('',#915,.T.);
#605=FACE_BOUND('',#916,.T.);
#606=FACE_BOUND('',#917,.T.);
#607=FACE_BOUND('',#918,.T.);
#608=FACE_BOUND('',#919,.T.);
#609=FACE_BOUND('',#920,.T.);
#610=FACE_BOUND('',#921,.T.);
#611=FACE_BOUND('',#922,.T.);
#612=FACE_BOUND('',#923,.T.);
#613=FACE_BOUND('',#924,.T.);
#614=FACE_BOUND('',#925,.T.);
#615=FACE_BOUND('',#926,.T.);
#616=FACE_BOUND('',#927,.T.);
#617=FACE_BOUND('',#928,.T.);
#618=FACE_BOUND('',#929,.T.);
#619=FACE_BOUND('',#930,.T.);
#620=FACE_BOUND('',#931,.T.);
#621=FACE_BOUND('',#932,.T.);
#622=FACE_BOUND('',#933,.T.);
#623=FACE_BOUND('',#934,.T.);
#624=FACE_BOUND('',#935,.T.);
#625=FACE_BOUND('',#936,.T.);
#626=FACE_BOUND('',#937,.T.);
#627=FACE_BOUND('',#938,.T.);
#628=FACE_BOUND('',#939,.T.);
#629=FACE_BOUND('',#940,.T.);
#630=FACE_BOUND('',#941,.T.);
#631=FACE_BOUND('',#942,.T.);
#632=FACE_BOUND('',#943,.T.);
#633=FACE_BOUND('',#944,.T.);
#634=FACE_BOUND('',#945,.T.);
#635=FACE_BOUND('',#946,.T.);
#636=FACE_BOUND('',#947,.T.);
#637=FACE_BOUND('',#949,.T.);
#638=FACE_BOUND('',#950,.T.);
#639=FACE_BOUND('',#969,.T.);
#640=FACE_BOUND('',#970,.T.);
#641=FACE_BOUND('',#971,.T.);
#642=FACE_BOUND('',#972,.T.);
#643=FACE_BOUND('',#990,.T.);
#644=FACE_BOUND('',#991,.T.);
#645=FACE_BOUND('',#992,.T.);
#646=FACE_BOUND('',#993,.T.);
#647=FACE_BOUND('',#994,.T.);
#648=FACE_BOUND('',#995,.T.);
#649=FACE_BOUND('',#996,.T.);
#650=FACE_BOUND('',#998,.T.);
#651=FACE_BOUND('',#999,.T.);
#652=FACE_BOUND('',#1002,.T.);
#653=FACE_BOUND('',#1028,.T.);
#654=FACE_BOUND('',#1029,.T.);
#655=FACE_BOUND('',#1030,.T.);
#656=FACE_BOUND('',#1039,.T.);
#657=FACE_OUTER_BOUND('',#810,.T.);
#658=FACE_OUTER_BOUND('',#812,.T.);
#659=FACE_OUTER_BOUND('',#814,.T.);
#660=FACE_OUTER_BOUND('',#816,.T.);
#661=FACE_OUTER_BOUND('',#818,.T.);
#662=FACE_OUTER_BOUND('',#854,.T.);
#663=FACE_OUTER_BOUND('',#855,.T.);
#664=FACE_OUTER_BOUND('',#857,.T.);
#665=FACE_OUTER_BOUND('',#858,.T.);
#666=FACE_OUTER_BOUND('',#859,.T.);
#667=FACE_OUTER_BOUND('',#861,.T.);
#668=FACE_OUTER_BOUND('',#862,.T.);
#669=FACE_OUTER_BOUND('',#863,.T.);
#670=FACE_OUTER_BOUND('',#865,.T.);
#671=FACE_OUTER_BOUND('',#866,.T.);
#672=FACE_OUTER_BOUND('',#867,.T.);
#673=FACE_OUTER_BOUND('',#869,.T.);
#674=FACE_OUTER_BOUND('',#870,.T.);
#675=FACE_OUTER_BOUND('',#871,.T.);
#676=FACE_OUTER_BOUND('',#872,.T.);
#677=FACE_OUTER_BOUND('',#873,.T.);
#678=FACE_OUTER_BOUND('',#874,.T.);
#679=FACE_OUTER_BOUND('',#875,.T.);
#680=FACE_OUTER_BOUND('',#876,.T.);
#681=FACE_OUTER_BOUND('',#877,.T.);
#682=FACE_OUTER_BOUND('',#878,.T.);
#683=FACE_OUTER_BOUND('',#879,.T.);
#684=FACE_OUTER_BOUND('',#880,.T.);
#685=FACE_OUTER_BOUND('',#881,.T.);
#686=FACE_OUTER_BOUND('',#882,.T.);
#687=FACE_OUTER_BOUND('',#883,.T.);
#688=FACE_OUTER_BOUND('',#884,.T.);
#689=FACE_OUTER_BOUND('',#885,.T.);
#690=FACE_OUTER_BOUND('',#886,.T.);
#691=FACE_OUTER_BOUND('',#887,.T.);
#692=FACE_OUTER_BOUND('',#888,.T.);
#693=FACE_OUTER_BOUND('',#889,.T.);
#694=FACE_OUTER_BOUND('',#890,.T.);
#695=FACE_OUTER_BOUND('',#891,.T.);
#696=FACE_OUTER_BOUND('',#892,.T.);
#697=FACE_OUTER_BOUND('',#893,.T.);
#698=FACE_OUTER_BOUND('',#894,.T.);
#699=FACE_OUTER_BOUND('',#895,.T.);
#700=FACE_OUTER_BOUND('',#896,.T.);
#701=FACE_OUTER_BOUND('',#897,.T.);
#702=FACE_OUTER_BOUND('',#898,.T.);
#703=FACE_OUTER_BOUND('',#899,.T.);
#704=FACE_OUTER_BOUND('',#900,.T.);
#705=FACE_OUTER_BOUND('',#901,.T.);
#706=FACE_OUTER_BOUND('',#902,.T.);
#707=FACE_OUTER_BOUND('',#903,.T.);
#708=FACE_OUTER_BOUND('',#904,.T.);
#709=FACE_OUTER_BOUND('',#905,.T.);
#710=FACE_OUTER_BOUND('',#906,.T.);
#711=FACE_OUTER_BOUND('',#907,.T.);
#712=FACE_OUTER_BOUND('',#908,.T.);
#713=FACE_OUTER_BOUND('',#909,.T.);
#714=FACE_OUTER_BOUND('',#910,.T.);
#715=FACE_OUTER_BOUND('',#911,.T.);
#716=FACE_OUTER_BOUND('',#912,.T.);
#717=FACE_OUTER_BOUND('',#948,.T.);
#718=FACE_OUTER_BOUND('',#951,.T.);
#719=FACE_OUTER_BOUND('',#952,.T.);
#720=FACE_OUTER_BOUND('',#953,.T.);
#721=FACE_OUTER_BOUND('',#954,.T.);
#722=FACE_OUTER_BOUND('',#955,.T.);
#723=FACE_OUTER_BOUND('',#956,.T.);
#724=FACE_OUTER_BOUND('',#957,.T.);
#725=FACE_OUTER_BOUND('',#958,.T.);
#726=FACE_OUTER_BOUND('',#959,.T.);
#727=FACE_OUTER_BOUND('',#960,.T.);
#728=FACE_OUTER_BOUND('',#961,.T.);
#729=FACE_OUTER_BOUND('',#962,.T.);
#730=FACE_OUTER_BOUND('',#963,.T.);
#731=FACE_OUTER_BOUND('',#964,.T.);
#732=FACE_OUTER_BOUND('',#965,.T.);
#733=FACE_OUTER_BOUND('',#966,.T.);
#734=FACE_OUTER_BOUND('',#967,.T.);
#735=FACE_OUTER_BOUND('',#968,.T.);
#736=FACE_OUTER_BOUND('',#973,.T.);
#737=FACE_OUTER_BOUND('',#974,.T.);
#738=FACE_OUTER_BOUND('',#975,.T.);
#739=FACE_OUTER_BOUND('',#976,.T.);
#740=FACE_OUTER_BOUND('',#977,.T.);
#741=FACE_OUTER_BOUND('',#978,.T.);
#742=FACE_OUTER_BOUND('',#979,.T.);
#743=FACE_OUTER_BOUND('',#980,.T.);
#744=FACE_OUTER_BOUND('',#981,.T.);
#745=FACE_OUTER_BOUND('',#982,.T.);
#746=FACE_OUTER_BOUND('',#983,.T.);
#747=FACE_OUTER_BOUND('',#984,.T.);
#748=FACE_OUTER_BOUND('',#985,.T.);
#749=FACE_OUTER_BOUND('',#986,.T.);
#750=FACE_OUTER_BOUND('',#987,.T.);
#751=FACE_OUTER_BOUND('',#988,.T.);
#752=FACE_OUTER_BOUND('',#989,.T.);
#753=FACE_OUTER_BOUND('',#997,.T.);
#754=FACE_OUTER_BOUND('',#1000,.T.);
#755=FACE_OUTER_BOUND('',#1001,.T.);
#756=FACE_OUTER_BOUND('',#1003,.T.);
#757=FACE_OUTER_BOUND('',#1004,.T.);
#758=FACE_OUTER_BOUND('',#1005,.T.);
#759=FACE_OUTER_BOUND('',#1006,.T.);
#760=FACE_OUTER_BOUND('',#1007,.T.);
#761=FACE_OUTER_BOUND('',#1008,.T.);
#762=FACE_OUTER_BOUND('',#1009,.T.);
#763=FACE_OUTER_BOUND('',#1010,.T.);
#764=FACE_OUTER_BOUND('',#1011,.T.);
#765=FACE_OUTER_BOUND('',#1012,.T.);
#766=FACE_OUTER_BOUND('',#1013,.T.);
#767=FACE_OUTER_BOUND('',#1014,.T.);
#768=FACE_OUTER_BOUND('',#1015,.T.);
#769=FACE_OUTER_BOUND('',#1016,.T.);
#770=FACE_OUTER_BOUND('',#1017,.T.);
#771=FACE_OUTER_BOUND('',#1018,.T.);
#772=FACE_OUTER_BOUND('',#1019,.T.);
#773=FACE_OUTER_BOUND('',#1020,.T.);
#774=FACE_OUTER_BOUND('',#1021,.T.);
#775=FACE_OUTER_BOUND('',#1022,.T.);
#776=FACE_OUTER_BOUND('',#1023,.T.);
#777=FACE_OUTER_BOUND('',#1024,.T.);
#778=FACE_OUTER_BOUND('',#1025,.T.);
#779=FACE_OUTER_BOUND('',#1026,.T.);
#780=FACE_OUTER_BOUND('',#1027,.T.);
#781=FACE_OUTER_BOUND('',#1031,.T.);
#782=FACE_OUTER_BOUND('',#1032,.T.);
#783=FACE_OUTER_BOUND('',#1033,.T.);
#784=FACE_OUTER_BOUND('',#1034,.T.);
#785=FACE_OUTER_BOUND('',#1035,.T.);
#786=FACE_OUTER_BOUND('',#1036,.T.);
#787=FACE_OUTER_BOUND('',#1037,.T.);
#788=FACE_OUTER_BOUND('',#1038,.T.);
#789=FACE_OUTER_BOUND('',#1040,.T.);
#790=FACE_OUTER_BOUND('',#1041,.T.);
#791=FACE_OUTER_BOUND('',#1042,.T.);
#792=FACE_OUTER_BOUND('',#1043,.T.);
#793=FACE_OUTER_BOUND('',#1044,.T.);
#794=FACE_OUTER_BOUND('',#1045,.T.);
#795=FACE_OUTER_BOUND('',#1046,.T.);
#796=FACE_OUTER_BOUND('',#1047,.T.);
#797=FACE_OUTER_BOUND('',#1048,.T.);
#798=FACE_OUTER_BOUND('',#1049,.T.);
#799=FACE_OUTER_BOUND('',#1050,.T.);
#800=FACE_OUTER_BOUND('',#1051,.T.);
#801=FACE_OUTER_BOUND('',#1052,.T.);
#802=FACE_OUTER_BOUND('',#1053,.T.);
#803=FACE_OUTER_BOUND('',#1054,.T.);
#804=FACE_OUTER_BOUND('',#1055,.T.);
#805=FACE_OUTER_BOUND('',#1056,.T.);
#806=FACE_OUTER_BOUND('',#1057,.T.);
#807=FACE_OUTER_BOUND('',#1058,.T.);
#808=FACE_OUTER_BOUND('',#1059,.T.);
#809=FACE_OUTER_BOUND('',#1060,.T.);
#810=EDGE_LOOP('',(#1891));
#811=EDGE_LOOP('',(#1892));
#812=EDGE_LOOP('',(#1893));
#813=EDGE_LOOP('',(#1894));
#814=EDGE_LOOP('',(#1895));
#815=EDGE_LOOP('',(#1896));
#816=EDGE_LOOP('',(#1897));
#817=EDGE_LOOP('',(#1898));
#818=EDGE_LOOP('',(#1899,#1900,#1901,#1902,#1903,#1904,#1905,#1906,#1907,
#1908,#1909,#1910,#1911,#1912,#1913,#1914,#1915,#1916));
#819=EDGE_LOOP('',(#1917));
#820=EDGE_LOOP('',(#1918));
#821=EDGE_LOOP('',(#1919));
#822=EDGE_LOOP('',(#1920));
#823=EDGE_LOOP('',(#1921));
#824=EDGE_LOOP('',(#1922));
#825=EDGE_LOOP('',(#1923));
#826=EDGE_LOOP('',(#1924));
#827=EDGE_LOOP('',(#1925));
#828=EDGE_LOOP('',(#1926));
#829=EDGE_LOOP('',(#1927));
#830=EDGE_LOOP('',(#1928));
#831=EDGE_LOOP('',(#1929));
#832=EDGE_LOOP('',(#1930));
#833=EDGE_LOOP('',(#1931));
#834=EDGE_LOOP('',(#1932));
#835=EDGE_LOOP('',(#1933));
#836=EDGE_LOOP('',(#1934));
#837=EDGE_LOOP('',(#1935));
#838=EDGE_LOOP('',(#1936));
#839=EDGE_LOOP('',(#1937));
#840=EDGE_LOOP('',(#1938));
#841=EDGE_LOOP('',(#1939));
#842=EDGE_LOOP('',(#1940));
#843=EDGE_LOOP('',(#1941));
#844=EDGE_LOOP('',(#1942));
#845=EDGE_LOOP('',(#1943));
#846=EDGE_LOOP('',(#1944));
#847=EDGE_LOOP('',(#1945));
#848=EDGE_LOOP('',(#1946));
#849=EDGE_LOOP('',(#1947));
#850=EDGE_LOOP('',(#1948));
#851=EDGE_LOOP('',(#1949));
#852=EDGE_LOOP('',(#1950));
#853=EDGE_LOOP('',(#1951));
#854=EDGE_LOOP('',(#1952,#1953,#1954,#1955));
#855=EDGE_LOOP('',(#1956));
#856=EDGE_LOOP('',(#1957));
#857=EDGE_LOOP('',(#1958,#1959,#1960));
#858=EDGE_LOOP('',(#1961,#1962,#1963,#1964));
#859=EDGE_LOOP('',(#1965,#1966));
#860=EDGE_LOOP('',(#1967));
#861=EDGE_LOOP('',(#1968,#1969));
#862=EDGE_LOOP('',(#1970,#1971,#1972,#1973));
#863=EDGE_LOOP('',(#1974));
#864=EDGE_LOOP('',(#1975));
#865=EDGE_LOOP('',(#1976,#1977,#1978));
#866=EDGE_LOOP('',(#1979,#1980,#1981,#1982));
#867=EDGE_LOOP('',(#1983,#1984));
#868=EDGE_LOOP('',(#1985));
#869=EDGE_LOOP('',(#1986,#1987));
#870=EDGE_LOOP('',(#1988,#1989,#1990,#1991));
#871=EDGE_LOOP('',(#1992,#1993,#1994,#1995));
#872=EDGE_LOOP('',(#1996,#1997,#1998,#1999));
#873=EDGE_LOOP('',(#2000,#2001,#2002,#2003));
#874=EDGE_LOOP('',(#2004,#2005,#2006,#2007));
#875=EDGE_LOOP('',(#2008,#2009,#2010,#2011));
#876=EDGE_LOOP('',(#2012,#2013,#2014,#2015));
#877=EDGE_LOOP('',(#2016,#2017,#2018,#2019));
#878=EDGE_LOOP('',(#2020,#2021,#2022,#2023));
#879=EDGE_LOOP('',(#2024,#2025,#2026,#2027));
#880=EDGE_LOOP('',(#2028,#2029,#2030,#2031));
#881=EDGE_LOOP('',(#2032,#2033,#2034,#2035));
#882=EDGE_LOOP('',(#2036,#2037,#2038,#2039));
#883=EDGE_LOOP('',(#2040,#2041,#2042,#2043));
#884=EDGE_LOOP('',(#2044,#2045,#2046,#2047));
#885=EDGE_LOOP('',(#2048,#2049,#2050,#2051));
#886=EDGE_LOOP('',(#2052,#2053,#2054,#2055));
#887=EDGE_LOOP('',(#2056,#2057,#2058,#2059));
#888=EDGE_LOOP('',(#2060,#2061,#2062,#2063));
#889=EDGE_LOOP('',(#2064,#2065,#2066,#2067));
#890=EDGE_LOOP('',(#2068,#2069,#2070,#2071));
#891=EDGE_LOOP('',(#2072,#2073,#2074,#2075));
#892=EDGE_LOOP('',(#2076,#2077,#2078,#2079));
#893=EDGE_LOOP('',(#2080,#2081,#2082,#2083));
#894=EDGE_LOOP('',(#2084,#2085,#2086,#2087));
#895=EDGE_LOOP('',(#2088,#2089,#2090,#2091));
#896=EDGE_LOOP('',(#2092,#2093,#2094,#2095));
#897=EDGE_LOOP('',(#2096,#2097,#2098,#2099));
#898=EDGE_LOOP('',(#2100,#2101,#2102,#2103));
#899=EDGE_LOOP('',(#2104,#2105,#2106,#2107));
#900=EDGE_LOOP('',(#2108,#2109,#2110,#2111));
#901=EDGE_LOOP('',(#2112,#2113,#2114,#2115));
#902=EDGE_LOOP('',(#2116,#2117,#2118,#2119));
#903=EDGE_LOOP('',(#2120,#2121,#2122,#2123));
#904=EDGE_LOOP('',(#2124,#2125,#2126,#2127));
#905=EDGE_LOOP('',(#2128,#2129,#2130,#2131,#2132));
#906=EDGE_LOOP('',(#2133,#2134,#2135,#2136,#2137));
#907=EDGE_LOOP('',(#2138,#2139,#2140,#2141,#2142,#2143,#2144,#2145));
#908=EDGE_LOOP('',(#2146,#2147,#2148,#2149,#2150,#2151,#2152,#2153));
#909=EDGE_LOOP('',(#2154,#2155,#2156));
#910=EDGE_LOOP('',(#2157,#2158,#2159,#2160));
#911=EDGE_LOOP('',(#2161,#2162,#2163));
#912=EDGE_LOOP('',(#2164,#2165,#2166,#2167));
#913=EDGE_LOOP('',(#2168));
#914=EDGE_LOOP('',(#2169));
#915=EDGE_LOOP('',(#2170));
#916=EDGE_LOOP('',(#2171));
#917=EDGE_LOOP('',(#2172));
#918=EDGE_LOOP('',(#2173));
#919=EDGE_LOOP('',(#2174));
#920=EDGE_LOOP('',(#2175));
#921=EDGE_LOOP('',(#2176));
#922=EDGE_LOOP('',(#2177));
#923=EDGE_LOOP('',(#2178));
#924=EDGE_LOOP('',(#2179));
#925=EDGE_LOOP('',(#2180));
#926=EDGE_LOOP('',(#2181));
#927=EDGE_LOOP('',(#2182));
#928=EDGE_LOOP('',(#2183));
#929=EDGE_LOOP('',(#2184));
#930=EDGE_LOOP('',(#2185));
#931=EDGE_LOOP('',(#2186));
#932=EDGE_LOOP('',(#2187));
#933=EDGE_LOOP('',(#2188));
#934=EDGE_LOOP('',(#2189));
#935=EDGE_LOOP('',(#2190));
#936=EDGE_LOOP('',(#2191));
#937=EDGE_LOOP('',(#2192));
#938=EDGE_LOOP('',(#2193));
#939=EDGE_LOOP('',(#2194));
#940=EDGE_LOOP('',(#2195));
#941=EDGE_LOOP('',(#2196));
#942=EDGE_LOOP('',(#2197));
#943=EDGE_LOOP('',(#2198));
#944=EDGE_LOOP('',(#2199));
#945=EDGE_LOOP('',(#2200));
#946=EDGE_LOOP('',(#2201));
#947=EDGE_LOOP('',(#2202));
#948=EDGE_LOOP('',(#2203,#2204,#2205,#2206));
#949=EDGE_LOOP('',(#2207,#2208));
#950=EDGE_LOOP('',(#2209,#2210));
#951=EDGE_LOOP('',(#2211,#2212,#2213,#2214));
#952=EDGE_LOOP('',(#2215,#2216,#2217,#2218,#2219,#2220,#2221,#2222,#2223,
#2224,#2225,#2226,#2227,#2228));
#953=EDGE_LOOP('',(#2229,#2230,#2231,#2232,#2233,#2234));
#954=EDGE_LOOP('',(#2235,#2236,#2237,#2238));
#955=EDGE_LOOP('',(#2239,#2240,#2241,#2242,#2243,#2244));
#956=EDGE_LOOP('',(#2245,#2246,#2247,#2248));
#957=EDGE_LOOP('',(#2249,#2250,#2251,#2252));
#958=EDGE_LOOP('',(#2253,#2254,#2255,#2256,#2257,#2258,#2259));
#959=EDGE_LOOP('',(#2260,#2261,#2262,#2263));
#960=EDGE_LOOP('',(#2264,#2265,#2266,#2267));
#961=EDGE_LOOP('',(#2268,#2269,#2270,#2271,#2272,#2273,#2274));
#962=EDGE_LOOP('',(#2275,#2276,#2277,#2278));
#963=EDGE_LOOP('',(#2279,#2280,#2281,#2282,#2283));
#964=EDGE_LOOP('',(#2284,#2285,#2286,#2287,#2288));
#965=EDGE_LOOP('',(#2289,#2290,#2291,#2292));
#966=EDGE_LOOP('',(#2293,#2294,#2295,#2296));
#967=EDGE_LOOP('',(#2297,#2298,#2299,#2300,#2301,#2302));
#968=EDGE_LOOP('',(#2303,#2304,#2305,#2306,#2307,#2308,#2309,#2310,#2311,
#2312,#2313,#2314,#2315,#2316,#2317,#2318,#2319,#2320,#2321,#2322,#2323,
#2324));
#969=EDGE_LOOP('',(#2325));
#970=EDGE_LOOP('',(#2326));
#971=EDGE_LOOP('',(#2327));
#972=EDGE_LOOP('',(#2328));
#973=EDGE_LOOP('',(#2329,#2330,#2331,#2332));
#974=EDGE_LOOP('',(#2333,#2334,#2335,#2336));
#975=EDGE_LOOP('',(#2337,#2338,#2339,#2340,#2341,#2342));
#976=EDGE_LOOP('',(#2343,#2344,#2345,#2346));
#977=EDGE_LOOP('',(#2347,#2348,#2349,#2350));
#978=EDGE_LOOP('',(#2351,#2352,#2353,#2354));
#979=EDGE_LOOP('',(#2355,#2356,#2357,#2358));
#980=EDGE_LOOP('',(#2359,#2360,#2361,#2362));
#981=EDGE_LOOP('',(#2363,#2364,#2365,#2366));
#982=EDGE_LOOP('',(#2367,#2368,#2369,#2370,#2371));
#983=EDGE_LOOP('',(#2372,#2373,#2374,#2375,#2376,#2377,#2378,#2379,#2380,
#2381,#2382,#2383));
#984=EDGE_LOOP('',(#2384,#2385,#2386,#2387));
#985=EDGE_LOOP('',(#2388,#2389,#2390,#2391,#2392,#2393));
#986=EDGE_LOOP('',(#2394,#2395,#2396,#2397));
#987=EDGE_LOOP('',(#2398,#2399,#2400,#2401));
#988=EDGE_LOOP('',(#2402,#2403,#2404,#2405));
#989=EDGE_LOOP('',(#2406,#2407,#2408,#2409));
#990=EDGE_LOOP('',(#2410,#2411,#2412,#2413));
#991=EDGE_LOOP('',(#2414,#2415,#2416,#2417));
#992=EDGE_LOOP('',(#2418));
#993=EDGE_LOOP('',(#2419));
#994=EDGE_LOOP('',(#2420));
#995=EDGE_LOOP('',(#2421));
#996=EDGE_LOOP('',(#2422));
#997=EDGE_LOOP('',(#2423,#2424,#2425,#2426,#2427,#2428,#2429));
#998=EDGE_LOOP('',(#2430));
#999=EDGE_LOOP('',(#2431,#2432,#2433,#2434,#2435,#2436));
#1000=EDGE_LOOP('',(#2437,#2438,#2439,#2440));
#1001=EDGE_LOOP('',(#2441,#2442,#2443,#2444,#2445,#2446,#2447,#2448,#2449,
#2450));
#1002=EDGE_LOOP('',(#2451));
#1003=EDGE_LOOP('',(#2452,#2453,#2454,#2455));
#1004=EDGE_LOOP('',(#2456,#2457,#2458,#2459));
#1005=EDGE_LOOP('',(#2460,#2461,#2462,#2463));
#1006=EDGE_LOOP('',(#2464,#2465,#2466,#2467));
#1007=EDGE_LOOP('',(#2468,#2469,#2470,#2471));
#1008=EDGE_LOOP('',(#2472,#2473,#2474,#2475));
#1009=EDGE_LOOP('',(#2476,#2477,#2478,#2479));
#1010=EDGE_LOOP('',(#2480,#2481,#2482,#2483));
#1011=EDGE_LOOP('',(#2484,#2485,#2486,#2487));
#1012=EDGE_LOOP('',(#2488,#2489,#2490,#2491));
#1013=EDGE_LOOP('',(#2492,#2493,#2494,#2495));
#1014=EDGE_LOOP('',(#2496,#2497,#2498,#2499));
#1015=EDGE_LOOP('',(#2500,#2501,#2502,#2503));
#1016=EDGE_LOOP('',(#2504,#2505,#2506,#2507));
#1017=EDGE_LOOP('',(#2508,#2509,#2510,#2511));
#1018=EDGE_LOOP('',(#2512,#2513,#2514,#2515));
#1019=EDGE_LOOP('',(#2516,#2517,#2518,#2519));
#1020=EDGE_LOOP('',(#2520,#2521,#2522,#2523));
#1021=EDGE_LOOP('',(#2524,#2525,#2526,#2527));
#1022=EDGE_LOOP('',(#2528,#2529,#2530,#2531));
#1023=EDGE_LOOP('',(#2532,#2533,#2534,#2535));
#1024=EDGE_LOOP('',(#2536,#2537,#2538,#2539));
#1025=EDGE_LOOP('',(#2540,#2541,#2542,#2543));
#1026=EDGE_LOOP('',(#2544,#2545,#2546,#2547));
#1027=EDGE_LOOP('',(#2548,#2549,#2550,#2551,#2552,#2553,#2554,#2555));
#1028=EDGE_LOOP('',(#2556));
#1029=EDGE_LOOP('',(#2557));
#1030=EDGE_LOOP('',(#2558,#2559,#2560,#2561,#2562,#2563,#2564,#2565));
#1031=EDGE_LOOP('',(#2566,#2567,#2568,#2569));
#1032=EDGE_LOOP('',(#2570,#2571,#2572,#2573));
#1033=EDGE_LOOP('',(#2574,#2575,#2576,#2577));
#1034=EDGE_LOOP('',(#2578,#2579,#2580,#2581));
#1035=EDGE_LOOP('',(#2582,#2583,#2584,#2585));
#1036=EDGE_LOOP('',(#2586,#2587,#2588,#2589));
#1037=EDGE_LOOP('',(#2590,#2591,#2592,#2593));
#1038=EDGE_LOOP('',(#2594,#2595,#2596,#2597,#2598,#2599,#2600,#2601));
#1039=EDGE_LOOP('',(#2602,#2603,#2604,#2605,#2606,#2607));
#1040=EDGE_LOOP('',(#2608,#2609,#2610,#2611));
#1041=EDGE_LOOP('',(#2612,#2613,#2614,#2615));
#1042=EDGE_LOOP('',(#2616,#2617,#2618,#2619));
#1043=EDGE_LOOP('',(#2620,#2621,#2622,#2623));
#1044=EDGE_LOOP('',(#2624,#2625,#2626,#2627));
#1045=EDGE_LOOP('',(#2628,#2629,#2630,#2631));
#1046=EDGE_LOOP('',(#2632,#2633,#2634,#2635));
#1047=EDGE_LOOP('',(#2636,#2637,#2638,#2639));
#1048=EDGE_LOOP('',(#2640,#2641,#2642,#2643,#2644,#2645));
#1049=EDGE_LOOP('',(#2646,#2647,#2648,#2649));
#1050=EDGE_LOOP('',(#2650,#2651,#2652,#2653,#2654,#2655));
#1051=EDGE_LOOP('',(#2656));
#1052=EDGE_LOOP('',(#2657,#2658,#2659,#2660));
#1053=EDGE_LOOP('',(#2661));
#1054=EDGE_LOOP('',(#2662,#2663,#2664,#2665));
#1055=EDGE_LOOP('',(#2666));
#1056=EDGE_LOOP('',(#2667,#2668,#2669,#2670));
#1057=EDGE_LOOP('',(#2671));
#1058=EDGE_LOOP('',(#2672,#2673,#2674,#2675));
#1059=EDGE_LOOP('',(#2676,#2677,#2678,#2679,#2680));
#1060=EDGE_LOOP('',(#2681,#2682,#2683,#2684,#2685,#2686,#2687,#2688,#2689,
#2690,#2691,#2692));
#1061=CIRCLE('',#2923,1.8);
#1062=CIRCLE('',#2924,1.6);
#1063=CIRCLE('',#2926,1.8);
#1064=CIRCLE('',#2927,1.6);
#1065=CIRCLE('',#2929,1.8);
#1066=CIRCLE('',#2930,1.6);
#1067=CIRCLE('',#2932,1.8);
#1068=CIRCLE('',#2933,1.6);
#1069=CIRCLE('',#2935,4.00000000000002);
#1070=CIRCLE('',#2936,4.00000000000002);
#1071=CIRCLE('',#2937,17.5);
#1072=CIRCLE('',#2938,23.);
#1073=CIRCLE('',#2939,23.);
#1074=CIRCLE('',#2940,17.5);
#1075=CIRCLE('',#2941,1.5);
#1076=CIRCLE('',#2942,1.5);
#1077=CIRCLE('',#2943,1.5);
#1078=CIRCLE('',#2944,1.5);
#1079=CIRCLE('',#2945,1.5);
#1080=CIRCLE('',#2946,1.5);
#1081=CIRCLE('',#2947,1.5);
#1082=CIRCLE('',#2948,1.5);
#1083=CIRCLE('',#2949,1.5);
#1084=CIRCLE('',#2950,1.5);
#1085=CIRCLE('',#2951,1.5);
#1086=CIRCLE('',#2952,1.5);
#1087=CIRCLE('',#2953,1.5);
#1088=CIRCLE('',#2954,1.5);
#1089=CIRCLE('',#2955,1.5);
#1090=CIRCLE('',#2956,1.5);
#1091=CIRCLE('',#2957,1.5);
#1092=CIRCLE('',#2958,1.5);
#1093=CIRCLE('',#2959,1.5);
#1094=CIRCLE('',#2960,1.5);
#1095=CIRCLE('',#2961,1.5);
#1096=CIRCLE('',#2962,1.5);
#1097=CIRCLE('',#2963,1.5);
#1098=CIRCLE('',#2964,1.5);
#1099=CIRCLE('',#2965,1.5);
#1100=CIRCLE('',#2966,1.5);
#1101=CIRCLE('',#2967,1.5);
#1102=CIRCLE('',#2968,1.5);
#1103=CIRCLE('',#2969,1.5);
#1104=CIRCLE('',#2970,1.5);
#1105=CIRCLE('',#2971,1.5);
#1106=CIRCLE('',#2972,1.5);
#1107=CIRCLE('',#2973,1.5);
#1108=CIRCLE('',#2974,1.5);
#1109=CIRCLE('',#2975,1.5);
#1110=CIRCLE('',#2977,1.6);
#1111=CIRCLE('',#2979,3.);
#1112=CIRCLE('',#2981,3.00000000000001);
#1113=CIRCLE('',#2983,1.6);
#1114=CIRCLE('',#2985,3.00000000000001);
#1115=CIRCLE('',#2988,1.6);
#1116=CIRCLE('',#2990,3.);
#1117=CIRCLE('',#2992,3.00000000000001);
#1118=CIRCLE('',#2994,1.6);
#1119=CIRCLE('',#2996,3.00000000000001);
#1120=CIRCLE('',#2999,1.5);
#1121=CIRCLE('',#3001,1.5);
#1122=CIRCLE('',#3003,1.5);
#1123=CIRCLE('',#3005,1.5);
#1124=CIRCLE('',#3007,1.5);
#1125=CIRCLE('',#3009,1.5);
#1126=CIRCLE('',#3011,1.5);
#1127=CIRCLE('',#3013,1.5);
#1128=CIRCLE('',#3015,1.5);
#1129=CIRCLE('',#3017,1.5);
#1130=CIRCLE('',#3019,1.5);
#1131=CIRCLE('',#3021,1.5);
#1132=CIRCLE('',#3023,1.5);
#1133=CIRCLE('',#3025,1.5);
#1134=CIRCLE('',#3027,1.5);
#1135=CIRCLE('',#3029,1.5);
#1136=CIRCLE('',#3031,1.5);
#1137=CIRCLE('',#3033,1.5);
#1138=CIRCLE('',#3035,1.5);
#1139=CIRCLE('',#3037,1.5);
#1140=CIRCLE('',#3039,1.5);
#1141=CIRCLE('',#3041,1.5);
#1142=CIRCLE('',#3043,1.5);
#1143=CIRCLE('',#3045,1.5);
#1144=CIRCLE('',#3047,1.5);
#1145=CIRCLE('',#3049,1.5);
#1146=CIRCLE('',#3051,1.5);
#1147=CIRCLE('',#3053,1.5);
#1148=CIRCLE('',#3055,1.5);
#1149=CIRCLE('',#3057,1.5);
#1150=CIRCLE('',#3059,1.5);
#1151=CIRCLE('',#3061,1.5);
#1152=CIRCLE('',#3063,1.5);
#1153=CIRCLE('',#3065,1.5);
#1154=CIRCLE('',#3067,1.5);
#1155=CIRCLE('',#3071,10.);
#1156=CIRCLE('',#3072,10.);
#1157=CIRCLE('',#3074,10.);
#1158=CIRCLE('',#3075,10.);
#1159=CIRCLE('',#3077,10.);
#1160=CIRCLE('',#3078,10.);
#1161=CIRCLE('',#3080,10.);
#1162=CIRCLE('',#3082,10.);
#1163=CIRCLE('',#3084,15.);
#1164=CIRCLE('',#3086,25.);
#1165=CIRCLE('',#3089,4.00000000000001);
#1166=CIRCLE('',#3090,4.00000000000004);
#1167=CIRCLE('',#3097,23.);
#1168=CIRCLE('',#3098,23.);
#1169=CIRCLE('',#3102,17.5);
#1170=CIRCLE('',#3103,17.5);
#1171=CIRCLE('',#3106,23.);
#1172=CIRCLE('',#3108,17.5);
#1173=CIRCLE('',#3113,0.500000000000003);
#1174=CIRCLE('',#3114,0.500000000000007);
#1175=CIRCLE('',#3115,0.500000000000002);
#1176=CIRCLE('',#3116,0.500000000000007);
#1177=CIRCLE('',#3117,4.00000000000002);
#1178=CIRCLE('',#3118,4.00000000000002);
#1179=CIRCLE('',#3119,4.00000000000004);
#1180=CIRCLE('',#3120,4.00000000000001);
#1181=CIRCLE('',#3121,1.5);
#1182=CIRCLE('',#3122,1.49999999999999);
#1183=CIRCLE('',#3123,1.5);
#1184=CIRCLE('',#3124,1.5);
#1185=CIRCLE('',#3131,8.);
#1186=CIRCLE('',#3132,10.);
#1187=CIRCLE('',#3135,8.);
#1188=CIRCLE('',#3136,10.);
#1189=CIRCLE('',#3139,10.);
#1190=CIRCLE('',#3141,10.);
#1191=CIRCLE('',#3145,10.);
#1192=CIRCLE('',#3147,25.);
#1193=CIRCLE('',#3149,24.9999980564145);
#1194=CIRCLE('',#3150,24.9999980564145);
#1195=CIRCLE('',#3152,1.5);
#1196=CIRCLE('',#3153,1.49999999999999);
#1197=CIRCLE('',#3154,1.5);
#1198=CIRCLE('',#3155,1.5);
#1199=CIRCLE('',#3156,6.5);
#1200=CIRCLE('',#3158,1.10000000000038);
#1201=CIRCLE('',#3159,1.10000000000038);
#1202=CIRCLE('',#3160,1.1000000000004);
#1203=CIRCLE('',#3161,0.200000000000007);
#1204=CIRCLE('',#3162,6.00000000000208);
#1205=CIRCLE('',#3163,0.200000000000018);
#1206=CIRCLE('',#3164,2.70000000000081);
#1207=CIRCLE('',#3166,6.5);
#1208=CIRCLE('',#3168,0.500000000000007);
#1209=CIRCLE('',#3169,0.500000000000003);
#1210=CIRCLE('',#3170,0.500000000000007);
#1211=CIRCLE('',#3171,0.500000000000002);
#1212=CIRCLE('',#3190,10.);
#1213=CIRCLE('',#3192,34.9999980564145);
#1214=CIRCLE('',#3199,1.10000000000038);
#1215=CIRCLE('',#3200,1.1000000000004);
#1216=CIRCLE('',#3201,0.850000000000231);
#1217=CIRCLE('',#3202,0.850000000000226);
#1218=CIRCLE('',#3203,0.850000000000226);
#1219=CIRCLE('',#3204,0.850000000000222);
#1220=CIRCLE('',#3207,6.00000000000208);
#1221=CIRCLE('',#3209,0.200000000000007);
#1222=CIRCLE('',#3212,2.70000000000081);
#1223=CIRCLE('',#3215,0.200000000000018);
#1224=CIRCLE('',#3217,0.850000000000231);
#1225=CIRCLE('',#3218,0.850000000000222);
#1226=CIRCLE('',#3219,0.850000000000226);
#1227=CIRCLE('',#3220,0.850000000000226);
#1228=CIRCLE('',#3233,1.8);
#1229=CIRCLE('',#3236,1.8);
#1230=CIRCLE('',#3239,1.8);
#1231=CIRCLE('',#3242,1.8);
#1232=VERTEX_POINT('',#4121);
#1233=VERTEX_POINT('',#4123);
#1234=VERTEX_POINT('',#4126);
#1235=VERTEX_POINT('',#4128);
#1236=VERTEX_POINT('',#4131);
#1237=VERTEX_POINT('',#4133);
#1238=VERTEX_POINT('',#4136);
#1239=VERTEX_POINT('',#4138);
#1240=VERTEX_POINT('',#4141);
#1241=VERTEX_POINT('',#4142);
#1242=VERTEX_POINT('',#4144);
#1243=VERTEX_POINT('',#4146);
#1244=VERTEX_POINT('',#4148);
#1245=VERTEX_POINT('',#4150);
#1246=VERTEX_POINT('',#4152);
#1247=VERTEX_POINT('',#4154);
#1248=VERTEX_POINT('',#4156);
#1249=VERTEX_POINT('',#4158);
#1250=VERTEX_POINT('',#4160);
#1251=VERTEX_POINT('',#4162);
#1252=VERTEX_POINT('',#4164);
#1253=VERTEX_POINT('',#4166);
#1254=VERTEX_POINT('',#4168);
#1255=VERTEX_POINT('',#4170);
#1256=VERTEX_POINT('',#4172);
#1257=VERTEX_POINT('',#4174);
#1258=VERTEX_POINT('',#4177);
#1259=VERTEX_POINT('',#4179);
#1260=VERTEX_POINT('',#4181);
#1261=VERTEX_POINT('',#4183);
#1262=VERTEX_POINT('',#4185);
#1263=VERTEX_POINT('',#4187);
#1264=VERTEX_POINT('',#4189);
#1265=VERTEX_POINT('',#4191);
#1266=VERTEX_POINT('',#4193);
#1267=VERTEX_POINT('',#4195);
#1268=VERTEX_POINT('',#4197);
#1269=VERTEX_POINT('',#4199);
#1270=VERTEX_POINT('',#4201);
#1271=VERTEX_POINT('',#4203);
#1272=VERTEX_POINT('',#4205);
#1273=VERTEX_POINT('',#4207);
#1274=VERTEX_POINT('',#4209);
#1275=VERTEX_POINT('',#4211);
#1276=VERTEX_POINT('',#4213);
#1277=VERTEX_POINT('',#4215);
#1278=VERTEX_POINT('',#4217);
#1279=VERTEX_POINT('',#4219);
#1280=VERTEX_POINT('',#4221);
#1281=VERTEX_POINT('',#4223);
#1282=VERTEX_POINT('',#4225);
#1283=VERTEX_POINT('',#4227);
#1284=VERTEX_POINT('',#4229);
#1285=VERTEX_POINT('',#4231);
#1286=VERTEX_POINT('',#4233);
#1287=VERTEX_POINT('',#4235);
#1288=VERTEX_POINT('',#4237);
#1289=VERTEX_POINT('',#4239);
#1290=VERTEX_POINT('',#4241);
#1291=VERTEX_POINT('',#4243);
#1292=VERTEX_POINT('',#4245);
#1293=VERTEX_POINT('',#4248);
#1294=VERTEX_POINT('',#4252);
#1295=VERTEX_POINT('',#4255);
#1296=VERTEX_POINT('',#4256);
#1297=VERTEX_POINT('',#4261);
#1298=VERTEX_POINT('',#4268);
#1299=VERTEX_POINT('',#4307);
#1300=VERTEX_POINT('',#4311);
#1301=VERTEX_POINT('',#4314);
#1302=VERTEX_POINT('',#4315);
#1303=VERTEX_POINT('',#4320);
#1304=VERTEX_POINT('',#4327);
#1305=VERTEX_POINT('',#4364);
#1306=VERTEX_POINT('',#4368);
#1307=VERTEX_POINT('',#4372);
#1308=VERTEX_POINT('',#4376);
#1309=VERTEX_POINT('',#4380);
#1310=VERTEX_POINT('',#4384);
#1311=VERTEX_POINT('',#4388);
#1312=VERTEX_POINT('',#4392);
#1313=VERTEX_POINT('',#4396);
#1314=VERTEX_POINT('',#4400);
#1315=VERTEX_POINT('',#4404);
#1316=VERTEX_POINT('',#4408);
#1317=VERTEX_POINT('',#4412);
#1318=VERTEX_POINT('',#4416);
#1319=VERTEX_POINT('',#4420);
#1320=VERTEX_POINT('',#4424);
#1321=VERTEX_POINT('',#4428);
#1322=VERTEX_POINT('',#4432);
#1323=VERTEX_POINT('',#4436);
#1324=VERTEX_POINT('',#4440);
#1325=VERTEX_POINT('',#4444);
#1326=VERTEX_POINT('',#4448);
#1327=VERTEX_POINT('',#4452);
#1328=VERTEX_POINT('',#4456);
#1329=VERTEX_POINT('',#4460);
#1330=VERTEX_POINT('',#4464);
#1331=VERTEX_POINT('',#4468);
#1332=VERTEX_POINT('',#4472);
#1333=VERTEX_POINT('',#4476);
#1334=VERTEX_POINT('',#4480);
#1335=VERTEX_POINT('',#4484);
#1336=VERTEX_POINT('',#4488);
#1337=VERTEX_POINT('',#4492);
#1338=VERTEX_POINT('',#4496);
#1339=VERTEX_POINT('',#4500);
#1340=VERTEX_POINT('',#4504);
#1341=VERTEX_POINT('',#4506);
#1342=VERTEX_POINT('',#4558);
#1343=VERTEX_POINT('',#4560);
#1344=VERTEX_POINT('',#4612);
#1345=VERTEX_POINT('',#4613);
#1346=VERTEX_POINT('',#4616);
#1347=VERTEX_POINT('',#4618);
#1348=VERTEX_POINT('',#4622);
#1349=VERTEX_POINT('',#4623);
#1350=VERTEX_POINT('',#4625);
#1351=VERTEX_POINT('',#4628);
#1352=VERTEX_POINT('',#4632);
#1353=VERTEX_POINT('',#4636);
#1354=VERTEX_POINT('',#4647);
#1355=VERTEX_POINT('',#4648);
#1356=VERTEX_POINT('',#4650);
#1357=VERTEX_POINT('',#4652);
#1358=VERTEX_POINT('',#4656);
#1359=VERTEX_POINT('',#4657);
#1360=VERTEX_POINT('',#4659);
#1361=VERTEX_POINT('',#4661);
#1362=VERTEX_POINT('',#4663);
#1363=VERTEX_POINT('',#4665);
#1364=VERTEX_POINT('',#4667);
#1365=VERTEX_POINT('',#4669);
#1366=VERTEX_POINT('',#4671);
#1367=VERTEX_POINT('',#4673);
#1368=VERTEX_POINT('',#4675);
#1369=VERTEX_POINT('',#4677);
#1370=VERTEX_POINT('',#4679);
#1371=VERTEX_POINT('',#4681);
#1372=VERTEX_POINT('',#4685);
#1373=VERTEX_POINT('',#4687);
#1374=VERTEX_POINT('',#4692);
#1375=VERTEX_POINT('',#4694);
#1376=VERTEX_POINT('',#4703);
#1377=VERTEX_POINT('',#4705);
#1378=VERTEX_POINT('',#4709);
#1379=VERTEX_POINT('',#4711);
#1380=VERTEX_POINT('',#4713);
#1381=VERTEX_POINT('',#4715);
#1382=VERTEX_POINT('',#4717);
#1383=VERTEX_POINT('',#4721);
#1384=VERTEX_POINT('',#4723);
#1385=VERTEX_POINT('',#4727);
#1386=VERTEX_POINT('',#4731);
#1387=VERTEX_POINT('',#4733);
#1388=VERTEX_POINT('',#4738);
#1389=VERTEX_POINT('',#4739);
#1390=VERTEX_POINT('',#4741);
#1391=VERTEX_POINT('',#4743);
#1392=VERTEX_POINT('',#4747);
#1393=VERTEX_POINT('',#4753);
#1394=VERTEX_POINT('',#4759);
#1395=VERTEX_POINT('',#4763);
#1396=VERTEX_POINT('',#4768);
#1397=VERTEX_POINT('',#4770);
#1398=VERTEX_POINT('',#4772);
#1399=VERTEX_POINT('',#4774);
#1400=VERTEX_POINT('',#4776);
#1401=VERTEX_POINT('',#4778);
#1402=VERTEX_POINT('',#4780);
#1403=VERTEX_POINT('',#4782);
#1404=VERTEX_POINT('',#4785);
#1405=VERTEX_POINT('',#4787);
#1406=VERTEX_POINT('',#4789);
#1407=VERTEX_POINT('',#4792);
#1408=VERTEX_POINT('',#4794);
#1409=VERTEX_POINT('',#4796);
#1410=VERTEX_POINT('',#4799);
#1411=VERTEX_POINT('',#4801);
#1412=VERTEX_POINT('',#4803);
#1413=VERTEX_POINT('',#4805);
#1414=VERTEX_POINT('',#4808);
#1415=VERTEX_POINT('',#4812);
#1416=VERTEX_POINT('',#4819);
#1417=VERTEX_POINT('',#4820);
#1418=VERTEX_POINT('',#4822);
#1419=VERTEX_POINT('',#4824);
#1420=VERTEX_POINT('',#4828);
#1421=VERTEX_POINT('',#4830);
#1422=VERTEX_POINT('',#4834);
#1423=VERTEX_POINT('',#4839);
#1424=VERTEX_POINT('',#4843);
#1425=VERTEX_POINT('',#4844);
#1426=VERTEX_POINT('',#4852);
#1427=VERTEX_POINT('',#4856);
#1428=VERTEX_POINT('',#4858);
#1429=VERTEX_POINT('',#4860);
#1430=VERTEX_POINT('',#4862);
#1431=VERTEX_POINT('',#4873);
#1432=VERTEX_POINT('',#4875);
#1433=VERTEX_POINT('',#4880);
#1434=VERTEX_POINT('',#4885);
#1435=VERTEX_POINT('',#4890);
#1436=VERTEX_POINT('',#4894);
#1437=VERTEX_POINT('',#4896);
#1438=VERTEX_POINT('',#4901);
#1439=VERTEX_POINT('',#4903);
#1440=VERTEX_POINT('',#4905);
#1441=VERTEX_POINT('',#4907);
#1442=VERTEX_POINT('',#4909);
#1443=VERTEX_POINT('',#4912);
#1444=VERTEX_POINT('',#4913);
#1445=VERTEX_POINT('',#4915);
#1446=VERTEX_POINT('',#4919);
#1447=VERTEX_POINT('',#4921);
#1448=VERTEX_POINT('',#4922);
#1449=VERTEX_POINT('',#4924);
#1450=VERTEX_POINT('',#4926);
#1451=VERTEX_POINT('',#4928);
#1452=VERTEX_POINT('',#4930);
#1453=VERTEX_POINT('',#4934);
#1454=VERTEX_POINT('',#4938);
#1455=VERTEX_POINT('',#4939);
#1456=VERTEX_POINT('',#4941);
#1457=VERTEX_POINT('',#4943);
#1458=VERTEX_POINT('',#4946);
#1459=VERTEX_POINT('',#4948);
#1460=VERTEX_POINT('',#4984);
#1461=VERTEX_POINT('',#4988);
#1462=VERTEX_POINT('',#5011);
#1463=VERTEX_POINT('',#5013);
#1464=VERTEX_POINT('',#5015);
#1465=VERTEX_POINT('',#5016);
#1466=VERTEX_POINT('',#5018);
#1467=VERTEX_POINT('',#5020);
#1468=VERTEX_POINT('',#5022);
#1469=VERTEX_POINT('',#5024);
#1470=VERTEX_POINT('',#5026);
#1471=VERTEX_POINT('',#5028);
#1472=VERTEX_POINT('',#5033);
#1473=VERTEX_POINT('',#5034);
#1474=VERTEX_POINT('',#5039);
#1475=VERTEX_POINT('',#5043);
#1476=VERTEX_POINT('',#5047);
#1477=VERTEX_POINT('',#5051);
#1478=VERTEX_POINT('',#5057);
#1479=VERTEX_POINT('',#5058);
#1480=VERTEX_POINT('',#5060);
#1481=VERTEX_POINT('',#5062);
#1482=VERTEX_POINT('',#5064);
#1483=VERTEX_POINT('',#5066);
#1484=VERTEX_POINT('',#5068);
#1485=VERTEX_POINT('',#5070);
#1486=VERTEX_POINT('',#5110);
#1487=VERTEX_POINT('',#5115);
#1488=VERTEX_POINT('',#5120);
#1489=VERTEX_POINT('',#5125);
#1490=EDGE_CURVE('',#1232,#1232,#1061,.T.);
#1491=EDGE_CURVE('',#1233,#1233,#1062,.T.);
#1492=EDGE_CURVE('',#1234,#1234,#1063,.T.);
#1493=EDGE_CURVE('',#1235,#1235,#1064,.T.);
#1494=EDGE_CURVE('',#1236,#1236,#1065,.T.);
#1495=EDGE_CURVE('',#1237,#1237,#1066,.T.);
#1496=EDGE_CURVE('',#1238,#1238,#1067,.T.);
#1497=EDGE_CURVE('',#1239,#1239,#1068,.T.);
#1498=EDGE_CURVE('',#1240,#1241,#1069,.T.);
#1499=EDGE_CURVE('',#1241,#1242,#125,.T.);
#1500=EDGE_CURVE('',#1242,#1243,#1070,.T.);
#1501=EDGE_CURVE('',#1243,#1244,#126,.T.);
#1502=EDGE_CURVE('',#1244,#1245,#1071,.T.);
#1503=EDGE_CURVE('',#1245,#1246,#127,.T.);
#1504=EDGE_CURVE('',#1246,#1247,#1072,.T.);
#1505=EDGE_CURVE('',#1247,#1248,#128,.T.);
#1506=EDGE_CURVE('',#1248,#1249,#129,.T.);
#1507=EDGE_CURVE('',#1249,#1250,#130,.T.);
#1508=EDGE_CURVE('',#1250,#1251,#131,.T.);
#1509=EDGE_CURVE('',#1251,#1252,#132,.T.);
#1510=EDGE_CURVE('',#1252,#1253,#133,.T.);
#1511=EDGE_CURVE('',#1253,#1254,#134,.T.);
#1512=EDGE_CURVE('',#1254,#1255,#1073,.T.);
#1513=EDGE_CURVE('',#1255,#1256,#135,.T.);
#1514=EDGE_CURVE('',#1256,#1257,#1074,.T.);
#1515=EDGE_CURVE('',#1257,#1240,#136,.T.);
#1516=EDGE_CURVE('',#1258,#1258,#1075,.T.);
#1517=EDGE_CURVE('',#1259,#1259,#1076,.T.);
#1518=EDGE_CURVE('',#1260,#1260,#1077,.T.);
#1519=EDGE_CURVE('',#1261,#1261,#1078,.T.);
#1520=EDGE_CURVE('',#1262,#1262,#1079,.T.);
#1521=EDGE_CURVE('',#1263,#1263,#1080,.T.);
#1522=EDGE_CURVE('',#1264,#1264,#1081,.T.);
#1523=EDGE_CURVE('',#1265,#1265,#1082,.T.);
#1524=EDGE_CURVE('',#1266,#1266,#1083,.T.);
#1525=EDGE_CURVE('',#1267,#1267,#1084,.T.);
#1526=EDGE_CURVE('',#1268,#1268,#1085,.T.);
#1527=EDGE_CURVE('',#1269,#1269,#1086,.T.);
#1528=EDGE_CURVE('',#1270,#1270,#1087,.T.);
#1529=EDGE_CURVE('',#1271,#1271,#1088,.T.);
#1530=EDGE_CURVE('',#1272,#1272,#1089,.T.);
#1531=EDGE_CURVE('',#1273,#1273,#1090,.T.);
#1532=EDGE_CURVE('',#1274,#1274,#1091,.T.);
#1533=EDGE_CURVE('',#1275,#1275,#1092,.T.);
#1534=EDGE_CURVE('',#1276,#1276,#1093,.T.);
#1535=EDGE_CURVE('',#1277,#1277,#1094,.T.);
#1536=EDGE_CURVE('',#1278,#1278,#1095,.T.);
#1537=EDGE_CURVE('',#1279,#1279,#1096,.T.);
#1538=EDGE_CURVE('',#1280,#1280,#1097,.T.);
#1539=EDGE_CURVE('',#1281,#1281,#1098,.T.);
#1540=EDGE_CURVE('',#1282,#1282,#1099,.T.);
#1541=EDGE_CURVE('',#1283,#1283,#1100,.T.);
#1542=EDGE_CURVE('',#1284,#1284,#1101,.T.);
#1543=EDGE_CURVE('',#1285,#1285,#1102,.T.);
#1544=EDGE_CURVE('',#1286,#1286,#1103,.T.);
#1545=EDGE_CURVE('',#1287,#1287,#1104,.T.);
#1546=EDGE_CURVE('',#1288,#1288,#1105,.T.);
#1547=EDGE_CURVE('',#1289,#1289,#1106,.T.);
#1548=EDGE_CURVE('',#1290,#1290,#1107,.T.);
#1549=EDGE_CURVE('',#1291,#1291,#1108,.T.);
#1550=EDGE_CURVE('',#1292,#1292,#1109,.T.);
#1551=EDGE_CURVE('',#1237,#1293,#137,.T.);
#1552=EDGE_CURVE('',#1293,#1293,#1110,.T.);
#1553=EDGE_CURVE('',#1294,#1294,#1111,.T.);
#1554=EDGE_CURVE('',#1295,#1296,#26,.T.);
#1555=EDGE_CURVE('',#1297,#1295,#27,.T.);
#1556=EDGE_CURVE('',#1296,#1297,#1112,.T.);
#1557=EDGE_CURVE('',#1239,#1298,#138,.T.);
#1558=EDGE_CURVE('',#1298,#1298,#1113,.T.);
#1559=EDGE_CURVE('',#1296,#1297,#1114,.T.);
#1560=EDGE_CURVE('',#1296,#1297,#28,.T.);
#1561=EDGE_CURVE('',#1233,#1299,#139,.T.);
#1562=EDGE_CURVE('',#1299,#1299,#1115,.T.);
#1563=EDGE_CURVE('',#1300,#1300,#1116,.T.);
#1564=EDGE_CURVE('',#1301,#1302,#29,.T.);
#1565=EDGE_CURVE('',#1303,#1301,#30,.T.);
#1566=EDGE_CURVE('',#1302,#1303,#1117,.T.);
#1567=EDGE_CURVE('',#1235,#1304,#140,.T.);
#1568=EDGE_CURVE('',#1304,#1304,#1118,.T.);
#1569=EDGE_CURVE('',#1302,#1303,#1119,.T.);
#1570=EDGE_CURVE('',#1302,#1303,#31,.T.);
#1571=EDGE_CURVE('',#1305,#1305,#1120,.T.);
#1572=EDGE_CURVE('',#1305,#1292,#141,.T.);
#1573=EDGE_CURVE('',#1306,#1306,#1121,.T.);
#1574=EDGE_CURVE('',#1306,#1291,#142,.T.);
#1575=EDGE_CURVE('',#1307,#1307,#1122,.T.);
#1576=EDGE_CURVE('',#1307,#1290,#143,.T.);
#1577=EDGE_CURVE('',#1308,#1308,#1123,.T.);
#1578=EDGE_CURVE('',#1308,#1289,#144,.T.);
#1579=EDGE_CURVE('',#1309,#1309,#1124,.T.);
#1580=EDGE_CURVE('',#1309,#1288,#145,.T.);
#1581=EDGE_CURVE('',#1310,#1310,#1125,.T.);
#1582=EDGE_CURVE('',#1310,#1287,#146,.T.);
#1583=EDGE_CURVE('',#1311,#1311,#1126,.T.);
#1584=EDGE_CURVE('',#1311,#1286,#147,.T.);
#1585=EDGE_CURVE('',#1312,#1312,#1127,.T.);
#1586=EDGE_CURVE('',#1312,#1285,#148,.T.);
#1587=EDGE_CURVE('',#1313,#1313,#1128,.T.);
#1588=EDGE_CURVE('',#1313,#1284,#149,.T.);
#1589=EDGE_CURVE('',#1314,#1314,#1129,.T.);
#1590=EDGE_CURVE('',#1314,#1283,#150,.T.);
#1591=EDGE_CURVE('',#1315,#1315,#1130,.T.);
#1592=EDGE_CURVE('',#1315,#1282,#151,.T.);
#1593=EDGE_CURVE('',#1316,#1316,#1131,.T.);
#1594=EDGE_CURVE('',#1316,#1281,#152,.T.);
#1595=EDGE_CURVE('',#1317,#1317,#1132,.T.);
#1596=EDGE_CURVE('',#1317,#1280,#153,.T.);
#1597=EDGE_CURVE('',#1318,#1318,#1133,.T.);
#1598=EDGE_CURVE('',#1318,#1279,#154,.T.);
#1599=EDGE_CURVE('',#1319,#1319,#1134,.T.);
#1600=EDGE_CURVE('',#1319,#1278,#155,.T.);
#1601=EDGE_CURVE('',#1320,#1320,#1135,.T.);
#1602=EDGE_CURVE('',#1320,#1277,#156,.T.);
#1603=EDGE_CURVE('',#1321,#1321,#1136,.T.);
#1604=EDGE_CURVE('',#1321,#1276,#157,.T.);
#1605=EDGE_CURVE('',#1322,#1322,#1137,.T.);
#1606=EDGE_CURVE('',#1322,#1275,#158,.T.);
#1607=EDGE_CURVE('',#1323,#1323,#1138,.T.);
#1608=EDGE_CURVE('',#1323,#1274,#159,.T.);
#1609=EDGE_CURVE('',#1324,#1324,#1139,.T.);
#1610=EDGE_CURVE('',#1324,#1273,#160,.T.);
#1611=EDGE_CURVE('',#1325,#1325,#1140,.T.);
#1612=EDGE_CURVE('',#1325,#1272,#161,.T.);
#1613=EDGE_CURVE('',#1326,#1326,#1141,.T.);
#1614=EDGE_CURVE('',#1326,#1271,#162,.T.);
#1615=EDGE_CURVE('',#1327,#1327,#1142,.T.);
#1616=EDGE_CURVE('',#1327,#1270,#163,.T.);
#1617=EDGE_CURVE('',#1328,#1328,#1143,.T.);
#1618=EDGE_CURVE('',#1328,#1269,#164,.T.);
#1619=EDGE_CURVE('',#1329,#1329,#1144,.T.);
#1620=EDGE_CURVE('',#1329,#1268,#165,.T.);
#1621=EDGE_CURVE('',#1330,#1330,#1145,.T.);
#1622=EDGE_CURVE('',#1330,#1267,#166,.T.);
#1623=EDGE_CURVE('',#1331,#1331,#1146,.T.);
#1624=EDGE_CURVE('',#1331,#1266,#167,.T.);
#1625=EDGE_CURVE('',#1332,#1332,#1147,.T.);
#1626=EDGE_CURVE('',#1332,#1265,#168,.T.);
#1627=EDGE_CURVE('',#1333,#1333,#1148,.T.);
#1628=EDGE_CURVE('',#1333,#1264,#169,.T.);
#1629=EDGE_CURVE('',#1334,#1334,#1149,.T.);
#1630=EDGE_CURVE('',#1334,#1263,#170,.T.);
#1631=EDGE_CURVE('',#1335,#1335,#1150,.T.);
#1632=EDGE_CURVE('',#1335,#1262,#171,.T.);
#1633=EDGE_CURVE('',#1336,#1336,#1151,.T.);
#1634=EDGE_CURVE('',#1336,#1261,#172,.T.);
#1635=EDGE_CURVE('',#1337,#1337,#1152,.T.);
#1636=EDGE_CURVE('',#1337,#1260,#173,.T.);
#1637=EDGE_CURVE('',#1338,#1338,#1153,.T.);
#1638=EDGE_CURVE('',#1338,#1259,#174,.T.);
#1639=EDGE_CURVE('',#1339,#1339,#1154,.T.);
#1640=EDGE_CURVE('',#1339,#1258,#175,.T.);
#1641=EDGE_CURVE('',#1294,#1340,#176,.T.);
#1642=EDGE_CURVE('',#1341,#1340,#32,.T.);
#1643=EDGE_CURVE('',#1340,#1341,#33,.T.);
#1644=EDGE_CURVE('',#1300,#1342,#177,.T.);
#1645=EDGE_CURVE('',#1343,#1342,#34,.T.);
#1646=EDGE_CURVE('',#1342,#1343,#35,.T.);
#1647=EDGE_CURVE('',#1344,#1345,#1155,.T.);
#1648=EDGE_CURVE('',#1344,#1295,#178,.T.);
#1649=EDGE_CURVE('',#1295,#1346,#179,.T.);
#1650=EDGE_CURVE('',#1346,#1347,#1156,.T.);
#1651=EDGE_CURVE('',#1347,#1345,#180,.T.);
#1652=EDGE_CURVE('',#1348,#1349,#181,.T.);
#1653=EDGE_CURVE('',#1350,#1349,#1157,.T.);
#1654=EDGE_CURVE('',#1350,#1301,#182,.T.);
#1655=EDGE_CURVE('',#1301,#1351,#183,.T.);
#1656=EDGE_CURVE('',#1348,#1351,#1158,.T.);
#1657=EDGE_CURVE('',#1352,#1345,#1159,.T.);
#1658=EDGE_CURVE('',#1344,#1352,#1160,.T.);
#1659=EDGE_CURVE('',#1353,#1352,#184,.T.);
#1660=EDGE_CURVE('',#1345,#1348,#185,.T.);
#1661=EDGE_CURVE('',#1348,#1353,#1161,.T.);
#1662=EDGE_CURVE('',#1353,#1351,#1162,.T.);
#1663=EDGE_CURVE('',#1349,#1347,#1163,.T.);
#1664=EDGE_CURVE('',#1346,#1350,#1164,.T.);
#1665=EDGE_CURVE('',#1354,#1355,#186,.T.);
#1666=EDGE_CURVE('',#1356,#1355,#187,.T.);
#1667=EDGE_CURVE('',#1357,#1356,#188,.T.);
#1668=EDGE_CURVE('',#1357,#1354,#189,.T.);
#1669=EDGE_CURVE('',#1358,#1359,#190,.T.);
#1670=EDGE_CURVE('',#1359,#1360,#191,.T.);
#1671=EDGE_CURVE('',#1360,#1361,#192,.T.);
#1672=EDGE_CURVE('',#1362,#1361,#193,.T.);
#1673=EDGE_CURVE('',#1363,#1362,#194,.T.);
#1674=EDGE_CURVE('',#1364,#1363,#195,.T.);
#1675=EDGE_CURVE('',#1365,#1364,#196,.T.);
#1676=EDGE_CURVE('',#1366,#1365,#1165,.T.);
#1677=EDGE_CURVE('',#1367,#1366,#197,.T.);
#1678=EDGE_CURVE('',#1368,#1367,#1166,.T.);
#1679=EDGE_CURVE('',#1369,#1368,#198,.T.);
#1680=EDGE_CURVE('',#1370,#1369,#199,.T.);
#1681=EDGE_CURVE('',#1371,#1370,#200,.T.);
#1682=EDGE_CURVE('',#1358,#1371,#201,.T.);
#1683=EDGE_CURVE('',#1372,#1357,#202,.T.);
#1684=EDGE_CURVE('',#1372,#1373,#203,.T.);
#1685=EDGE_CURVE('',#1359,#1373,#204,.T.);
#1686=EDGE_CURVE('',#1358,#1354,#205,.T.);
#1687=EDGE_CURVE('',#1374,#1372,#206,.T.);
#1688=EDGE_CURVE('',#1374,#1375,#207,.T.);
#1689=EDGE_CURVE('',#1375,#1373,#208,.T.);
#1690=EDGE_CURVE('',#1356,#1374,#209,.T.);
#1691=EDGE_CURVE('',#1361,#1355,#210,.T.);
#1692=EDGE_CURVE('',#1360,#1375,#211,.T.);
#1693=EDGE_CURVE('',#1376,#1372,#212,.T.);
#1694=EDGE_CURVE('',#1377,#1376,#213,.T.);
#1695=EDGE_CURVE('',#1374,#1377,#214,.T.);
#1696=EDGE_CURVE('',#1247,#1378,#215,.T.);
#1697=EDGE_CURVE('',#1379,#1246,#216,.T.);
#1698=EDGE_CURVE('',#1380,#1379,#1167,.T.);
#1699=EDGE_CURVE('',#1380,#1381,#217,.T.);
#1700=EDGE_CURVE('',#1382,#1381,#218,.T.);
#1701=EDGE_CURVE('',#1378,#1382,#1168,.T.);
#1702=EDGE_CURVE('',#1383,#1381,#219,.T.);
#1703=EDGE_CURVE('',#1384,#1380,#220,.T.);
#1704=EDGE_CURVE('',#1383,#1384,#221,.T.);
#1705=EDGE_CURVE('',#1385,#1245,#222,.T.);
#1706=EDGE_CURVE('',#1379,#1385,#223,.T.);
#1707=EDGE_CURVE('',#1386,#1244,#224,.T.);
#1708=EDGE_CURVE('',#1387,#1386,#1169,.T.);
#1709=EDGE_CURVE('',#1383,#1387,#225,.T.);
#1710=EDGE_CURVE('',#1385,#1384,#1170,.T.);
#1711=EDGE_CURVE('',#1388,#1389,#226,.T.);
#1712=EDGE_CURVE('',#1390,#1389,#227,.T.);
#1713=EDGE_CURVE('',#1391,#1390,#228,.T.);
#1714=EDGE_CURVE('',#1391,#1388,#229,.T.);
#1715=EDGE_CURVE('',#1392,#1255,#230,.T.);
#1716=EDGE_CURVE('',#1388,#1254,#231,.T.);
#1717=EDGE_CURVE('',#1392,#1391,#1171,.T.);
#1718=EDGE_CURVE('',#1257,#1389,#232,.T.);
#1719=EDGE_CURVE('',#1256,#1393,#233,.T.);
#1720=EDGE_CURVE('',#1390,#1393,#1172,.T.);
#1721=EDGE_CURVE('',#1393,#1392,#234,.T.);
#1722=EDGE_CURVE('',#1243,#1394,#235,.T.);
#1723=EDGE_CURVE('',#1394,#1386,#236,.T.);
#1724=EDGE_CURVE('',#1378,#1395,#237,.T.);
#1725=EDGE_CURVE('',#1365,#1395,#238,.T.);
#1726=EDGE_CURVE('',#1364,#1248,#239,.T.);
#1727=EDGE_CURVE('',#1396,#1382,#240,.T.);
#1728=EDGE_CURVE('',#1397,#1396,#1173,.T.);
#1729=EDGE_CURVE('',#1398,#1397,#241,.T.);
#1730=EDGE_CURVE('',#1399,#1398,#1174,.T.);
#1731=EDGE_CURVE('',#1400,#1399,#242,.T.);
#1732=EDGE_CURVE('',#1401,#1400,#1175,.T.);
#1733=EDGE_CURVE('',#1402,#1401,#243,.T.);
#1734=EDGE_CURVE('',#1403,#1402,#1176,.T.);
#1735=EDGE_CURVE('',#1387,#1403,#244,.T.);
#1736=EDGE_CURVE('',#1404,#1394,#1177,.T.);
#1737=EDGE_CURVE('',#1405,#1404,#245,.T.);
#1738=EDGE_CURVE('',#1406,#1405,#1178,.T.);
#1739=EDGE_CURVE('',#1389,#1406,#246,.T.);
#1740=EDGE_CURVE('',#1407,#1388,#247,.T.);
#1741=EDGE_CURVE('',#1408,#1407,#1179,.T.);
#1742=EDGE_CURVE('',#1409,#1408,#248,.T.);
#1743=EDGE_CURVE('',#1395,#1409,#1180,.T.);
#1744=EDGE_CURVE('',#1410,#1410,#1181,.T.);
#1745=EDGE_CURVE('',#1411,#1411,#1182,.T.);
#1746=EDGE_CURVE('',#1412,#1412,#1183,.T.);
#1747=EDGE_CURVE('',#1413,#1413,#1184,.T.);
#1748=EDGE_CURVE('',#1403,#1414,#249,.T.);
#1749=EDGE_CURVE('',#1414,#1383,#250,.T.);
#1750=EDGE_CURVE('',#1381,#1415,#251,.T.);
#1751=EDGE_CURVE('',#1396,#1415,#252,.T.);
#1752=EDGE_CURVE('',#1253,#1369,#253,.T.);
#1753=EDGE_CURVE('',#1368,#1407,#254,.T.);
#1754=EDGE_CURVE('',#1416,#1417,#255,.T.);
#1755=EDGE_CURVE('',#1417,#1418,#256,.T.);
#1756=EDGE_CURVE('',#1418,#1419,#257,.T.);
#1757=EDGE_CURVE('',#1419,#1416,#258,.T.);
#1758=EDGE_CURVE('',#1419,#1420,#259,.T.);
#1759=EDGE_CURVE('',#1420,#1421,#260,.T.);
#1760=EDGE_CURVE('',#1421,#1416,#261,.T.);
#1761=EDGE_CURVE('',#1377,#1422,#262,.T.);
#1762=EDGE_CURVE('',#1422,#1421,#1185,.T.);
#1763=EDGE_CURVE('',#1420,#1377,#1186,.T.);
#1764=EDGE_CURVE('',#1376,#1423,#263,.T.);
#1765=EDGE_CURVE('',#1423,#1422,#264,.T.);
#1766=EDGE_CURVE('',#1424,#1425,#265,.T.);
#1767=EDGE_CURVE('',#1425,#1423,#1187,.T.);
#1768=EDGE_CURVE('',#1376,#1424,#1188,.T.);
#1769=EDGE_CURVE('',#1417,#1425,#266,.T.);
#1770=EDGE_CURVE('',#1424,#1418,#267,.T.);
#1771=EDGE_CURVE('',#1420,#1426,#268,.T.);
#1772=EDGE_CURVE('',#1426,#1356,#1189,.T.);
#1773=EDGE_CURVE('',#1427,#1419,#269,.T.);
#1774=EDGE_CURVE('',#1428,#1427,#1190,.T.);
#1775=EDGE_CURVE('',#1428,#1429,#270,.T.);
#1776=EDGE_CURVE('',#1430,#1429,#36,.T.);
#1777=EDGE_CURVE('',#1430,#1431,#271,.T.);
#1778=EDGE_CURVE('',#1432,#1431,#272,.T.);
#1779=EDGE_CURVE('',#1432,#1346,#273,.T.);
#1780=EDGE_CURVE('',#1426,#1344,#274,.T.);
#1781=EDGE_CURVE('',#1433,#1418,#275,.F.);
#1782=EDGE_CURVE('',#1427,#1433,#276,.T.);
#1783=EDGE_CURVE('',#1434,#1357,#1191,.T.);
#1784=EDGE_CURVE('',#1357,#1353,#277,.T.);
#1785=EDGE_CURVE('',#1351,#1434,#278,.T.);
#1786=EDGE_CURVE('',#1432,#1435,#1192,.T.);
#1787=EDGE_CURVE('',#1435,#1350,#279,.T.);
#1788=EDGE_CURVE('',#1436,#1430,#1193,.T.);
#1789=EDGE_CURVE('',#1436,#1437,#280,.T.);
#1790=EDGE_CURVE('',#1431,#1437,#1194,.T.);
#1791=EDGE_CURVE('',#1437,#1435,#281,.T.);
#1792=EDGE_CURVE('',#1438,#1438,#1195,.T.);
#1793=EDGE_CURVE('',#1439,#1439,#1196,.T.);
#1794=EDGE_CURVE('',#1440,#1440,#1197,.T.);
#1795=EDGE_CURVE('',#1441,#1441,#1198,.T.);
#1796=EDGE_CURVE('',#1442,#1442,#1199,.T.);
#1797=EDGE_CURVE('',#1443,#1444,#1200,.T.);
#1798=EDGE_CURVE('',#1444,#1445,#1201,.T.);
#1799=EDGE_CURVE('',#1352,#1445,#282,.T.);
#1800=EDGE_CURVE('',#1443,#1356,#283,.T.);
#1801=EDGE_CURVE('',#1446,#1446,#1202,.T.);
#1802=EDGE_CURVE('',#1447,#1448,#284,.T.);
#1803=EDGE_CURVE('',#1448,#1449,#1203,.T.);
#1804=EDGE_CURVE('',#1449,#1450,#1204,.T.);
#1805=EDGE_CURVE('',#1450,#1451,#1205,.T.);
#1806=EDGE_CURVE('',#1451,#1452,#285,.T.);
#1807=EDGE_CURVE('',#1452,#1447,#1206,.T.);
#1808=EDGE_CURVE('',#1453,#1453,#1207,.T.);
#1809=EDGE_CURVE('',#1453,#1442,#286,.T.);
#1810=EDGE_CURVE('',#1454,#1455,#287,.T.);
#1811=EDGE_CURVE('',#1456,#1454,#1208,.T.);
#1812=EDGE_CURVE('',#1457,#1456,#288,.T.);
#1813=EDGE_CURVE('',#1415,#1457,#1209,.T.);
#1814=EDGE_CURVE('',#1458,#1414,#1210,.T.);
#1815=EDGE_CURVE('',#1459,#1458,#289,.T.);
#1816=EDGE_CURVE('',#1455,#1459,#1211,.T.);
#1817=EDGE_CURVE('',#1397,#1457,#290,.T.);
#1818=EDGE_CURVE('',#1398,#1456,#291,.T.);
#1819=EDGE_CURVE('',#1399,#1454,#292,.T.);
#1820=EDGE_CURVE('',#1400,#1455,#293,.T.);
#1821=EDGE_CURVE('',#1401,#1459,#294,.T.);
#1822=EDGE_CURVE('',#1402,#1458,#295,.T.);
#1823=EDGE_CURVE('',#1240,#1406,#296,.T.);
#1824=EDGE_CURVE('',#1241,#1405,#297,.T.);
#1825=EDGE_CURVE('',#1242,#1404,#298,.T.);
#1826=EDGE_CURVE('',#1366,#1409,#299,.T.);
#1827=EDGE_CURVE('',#1367,#1408,#300,.T.);
#1828=EDGE_CURVE('',#1410,#1441,#301,.T.);
#1829=EDGE_CURVE('',#1412,#1440,#302,.T.);
#1830=EDGE_CURVE('',#1411,#1439,#303,.T.);
#1831=EDGE_CURVE('',#1413,#1438,#304,.T.);
#1832=EDGE_CURVE('',#1433,#1460,#1212,.T.);
#1833=EDGE_CURVE('',#1460,#1428,#305,.T.);
#1834=EDGE_CURVE('',#1429,#1461,#1213,.T.);
#1835=EDGE_CURVE('',#1461,#1460,#306,.T.);
#1836=EDGE_CURVE('',#1461,#1436,#37,.T.);
#1837=EDGE_CURVE('',#1252,#1370,#307,.T.);
#1838=EDGE_CURVE('',#1249,#1363,#308,.T.);
#1839=EDGE_CURVE('',#1250,#1362,#309,.T.);
#1840=EDGE_CURVE('',#1251,#1371,#310,.T.);
#1841=EDGE_CURVE('',#1462,#1462,#1214,.T.);
#1842=EDGE_CURVE('',#1463,#1463,#1215,.T.);
#1843=EDGE_CURVE('',#1464,#1465,#311,.T.);
#1844=EDGE_CURVE('',#1465,#1466,#1216,.T.);
#1845=EDGE_CURVE('',#1466,#1467,#312,.T.);
#1846=EDGE_CURVE('',#1467,#1468,#1217,.T.);
#1847=EDGE_CURVE('',#1468,#1469,#313,.T.);
#1848=EDGE_CURVE('',#1469,#1470,#1218,.T.);
#1849=EDGE_CURVE('',#1470,#1471,#314,.T.);
#1850=EDGE_CURVE('',#1471,#1464,#1219,.T.);
#1851=EDGE_CURVE('',#1472,#1473,#1220,.T.);
#1852=EDGE_CURVE('',#1473,#1450,#315,.T.);
#1853=EDGE_CURVE('',#1472,#1449,#316,.T.);
#1854=EDGE_CURVE('',#1474,#1472,#1221,.T.);
#1855=EDGE_CURVE('',#1474,#1448,#317,.T.);
#1856=EDGE_CURVE('',#1475,#1474,#318,.T.);
#1857=EDGE_CURVE('',#1475,#1447,#319,.T.);
#1858=EDGE_CURVE('',#1476,#1475,#1222,.T.);
#1859=EDGE_CURVE('',#1476,#1452,#320,.T.);
#1860=EDGE_CURVE('',#1477,#1476,#321,.T.);
#1861=EDGE_CURVE('',#1477,#1451,#322,.T.);
#1862=EDGE_CURVE('',#1473,#1477,#1223,.T.);
#1863=EDGE_CURVE('',#1478,#1479,#1224,.T.);
#1864=EDGE_CURVE('',#1480,#1478,#323,.T.);
#1865=EDGE_CURVE('',#1481,#1480,#1225,.T.);
#1866=EDGE_CURVE('',#1482,#1481,#324,.T.);
#1867=EDGE_CURVE('',#1483,#1482,#1226,.T.);
#1868=EDGE_CURVE('',#1484,#1483,#325,.T.);
#1869=EDGE_CURVE('',#1485,#1484,#1227,.T.);
#1870=EDGE_CURVE('',#1479,#1485,#326,.T.);
#1871=EDGE_CURVE('',#1465,#1478,#327,.T.);
#1872=EDGE_CURVE('',#1466,#1479,#328,.T.);
#1873=EDGE_CURVE('',#1467,#1485,#329,.T.);
#1874=EDGE_CURVE('',#1468,#1484,#330,.T.);
#1875=EDGE_CURVE('',#1469,#1483,#331,.T.);
#1876=EDGE_CURVE('',#1470,#1482,#332,.T.);
#1877=EDGE_CURVE('',#1471,#1481,#333,.T.);
#1878=EDGE_CURVE('',#1464,#1480,#334,.T.);
#1879=EDGE_CURVE('',#1445,#1443,#38,.T.);
#1880=EDGE_CURVE('',#1463,#1446,#335,.T.);
#1881=EDGE_CURVE('',#1462,#1444,#336,.T.);
#1882=EDGE_CURVE('',#1486,#1486,#1228,.T.);
#1883=EDGE_CURVE('',#1238,#1486,#337,.T.);
#1884=EDGE_CURVE('',#1487,#1487,#1229,.T.);
#1885=EDGE_CURVE('',#1236,#1487,#338,.T.);
#1886=EDGE_CURVE('',#1488,#1488,#1230,.T.);
#1887=EDGE_CURVE('',#1234,#1488,#339,.T.);
#1888=EDGE_CURVE('',#1489,#1489,#1231,.T.);
#1889=EDGE_CURVE('',#1232,#1489,#340,.T.);
#1890=EDGE_CURVE('',#1434,#1424,#341,.T.);
#1891=ORIENTED_EDGE('',*,*,#1490,.T.);
#1892=ORIENTED_EDGE('',*,*,#1491,.T.);
#1893=ORIENTED_EDGE('',*,*,#1492,.T.);
#1894=ORIENTED_EDGE('',*,*,#1493,.T.);
#1895=ORIENTED_EDGE('',*,*,#1494,.T.);
#1896=ORIENTED_EDGE('',*,*,#1495,.T.);
#1897=ORIENTED_EDGE('',*,*,#1496,.T.);
#1898=ORIENTED_EDGE('',*,*,#1497,.T.);
#1899=ORIENTED_EDGE('',*,*,#1498,.T.);
#1900=ORIENTED_EDGE('',*,*,#1499,.T.);
#1901=ORIENTED_EDGE('',*,*,#1500,.T.);
#1902=ORIENTED_EDGE('',*,*,#1501,.T.);
#1903=ORIENTED_EDGE('',*,*,#1502,.T.);
#1904=ORIENTED_EDGE('',*,*,#1503,.T.);
#1905=ORIENTED_EDGE('',*,*,#1504,.T.);
#1906=ORIENTED_EDGE('',*,*,#1505,.T.);
#1907=ORIENTED_EDGE('',*,*,#1506,.T.);
#1908=ORIENTED_EDGE('',*,*,#1507,.T.);
#1909=ORIENTED_EDGE('',*,*,#1508,.T.);
#1910=ORIENTED_EDGE('',*,*,#1509,.T.);
#1911=ORIENTED_EDGE('',*,*,#1510,.T.);
#1912=ORIENTED_EDGE('',*,*,#1511,.T.);
#1913=ORIENTED_EDGE('',*,*,#1512,.T.);
#1914=ORIENTED_EDGE('',*,*,#1513,.T.);
#1915=ORIENTED_EDGE('',*,*,#1514,.T.);
#1916=ORIENTED_EDGE('',*,*,#1515,.T.);
#1917=ORIENTED_EDGE('',*,*,#1516,.T.);
#1918=ORIENTED_EDGE('',*,*,#1517,.T.);
#1919=ORIENTED_EDGE('',*,*,#1518,.T.);
#1920=ORIENTED_EDGE('',*,*,#1519,.T.);
#1921=ORIENTED_EDGE('',*,*,#1520,.T.);
#1922=ORIENTED_EDGE('',*,*,#1521,.T.);
#1923=ORIENTED_EDGE('',*,*,#1522,.T.);
#1924=ORIENTED_EDGE('',*,*,#1523,.T.);
#1925=ORIENTED_EDGE('',*,*,#1524,.T.);
#1926=ORIENTED_EDGE('',*,*,#1525,.T.);
#1927=ORIENTED_EDGE('',*,*,#1526,.T.);
#1928=ORIENTED_EDGE('',*,*,#1527,.T.);
#1929=ORIENTED_EDGE('',*,*,#1528,.T.);
#1930=ORIENTED_EDGE('',*,*,#1529,.T.);
#1931=ORIENTED_EDGE('',*,*,#1530,.T.);
#1932=ORIENTED_EDGE('',*,*,#1531,.T.);
#1933=ORIENTED_EDGE('',*,*,#1532,.T.);
#1934=ORIENTED_EDGE('',*,*,#1533,.T.);
#1935=ORIENTED_EDGE('',*,*,#1534,.T.);
#1936=ORIENTED_EDGE('',*,*,#1535,.T.);
#1937=ORIENTED_EDGE('',*,*,#1536,.T.);
#1938=ORIENTED_EDGE('',*,*,#1537,.T.);
#1939=ORIENTED_EDGE('',*,*,#1538,.T.);
#1940=ORIENTED_EDGE('',*,*,#1539,.T.);
#1941=ORIENTED_EDGE('',*,*,#1540,.T.);
#1942=ORIENTED_EDGE('',*,*,#1541,.T.);
#1943=ORIENTED_EDGE('',*,*,#1542,.T.);
#1944=ORIENTED_EDGE('',*,*,#1543,.T.);
#1945=ORIENTED_EDGE('',*,*,#1544,.T.);
#1946=ORIENTED_EDGE('',*,*,#1545,.T.);
#1947=ORIENTED_EDGE('',*,*,#1546,.T.);
#1948=ORIENTED_EDGE('',*,*,#1547,.T.);
#1949=ORIENTED_EDGE('',*,*,#1548,.T.);
#1950=ORIENTED_EDGE('',*,*,#1549,.T.);
#1951=ORIENTED_EDGE('',*,*,#1550,.T.);
#1952=ORIENTED_EDGE('',*,*,#1495,.F.);
#1953=ORIENTED_EDGE('',*,*,#1551,.T.);
#1954=ORIENTED_EDGE('',*,*,#1552,.F.);
#1955=ORIENTED_EDGE('',*,*,#1551,.F.);
#1956=ORIENTED_EDGE('',*,*,#1553,.F.);
#1957=ORIENTED_EDGE('',*,*,#1552,.T.);
#1958=ORIENTED_EDGE('',*,*,#1554,.F.);
#1959=ORIENTED_EDGE('',*,*,#1555,.F.);
#1960=ORIENTED_EDGE('',*,*,#1556,.F.);
#1961=ORIENTED_EDGE('',*,*,#1497,.F.);
#1962=ORIENTED_EDGE('',*,*,#1557,.T.);
#1963=ORIENTED_EDGE('',*,*,#1558,.F.);
#1964=ORIENTED_EDGE('',*,*,#1557,.F.);
#1965=ORIENTED_EDGE('',*,*,#1559,.F.);
#1966=ORIENTED_EDGE('',*,*,#1556,.T.);
#1967=ORIENTED_EDGE('',*,*,#1558,.T.);
#1968=ORIENTED_EDGE('',*,*,#1559,.T.);
#1969=ORIENTED_EDGE('',*,*,#1560,.F.);
#1970=ORIENTED_EDGE('',*,*,#1491,.F.);
#1971=ORIENTED_EDGE('',*,*,#1561,.T.);
#1972=ORIENTED_EDGE('',*,*,#1562,.F.);
#1973=ORIENTED_EDGE('',*,*,#1561,.F.);
#1974=ORIENTED_EDGE('',*,*,#1563,.F.);
#1975=ORIENTED_EDGE('',*,*,#1562,.T.);
#1976=ORIENTED_EDGE('',*,*,#1564,.F.);
#1977=ORIENTED_EDGE('',*,*,#1565,.F.);
#1978=ORIENTED_EDGE('',*,*,#1566,.F.);
#1979=ORIENTED_EDGE('',*,*,#1493,.F.);
#1980=ORIENTED_EDGE('',*,*,#1567,.T.);
#1981=ORIENTED_EDGE('',*,*,#1568,.F.);
#1982=ORIENTED_EDGE('',*,*,#1567,.F.);
#1983=ORIENTED_EDGE('',*,*,#1569,.F.);
#1984=ORIENTED_EDGE('',*,*,#1566,.T.);
#1985=ORIENTED_EDGE('',*,*,#1568,.T.);
#1986=ORIENTED_EDGE('',*,*,#1569,.T.);
#1987=ORIENTED_EDGE('',*,*,#1570,.F.);
#1988=ORIENTED_EDGE('',*,*,#1571,.F.);
#1989=ORIENTED_EDGE('',*,*,#1572,.T.);
#1990=ORIENTED_EDGE('',*,*,#1550,.F.);
#1991=ORIENTED_EDGE('',*,*,#1572,.F.);
#1992=ORIENTED_EDGE('',*,*,#1573,.F.);
#1993=ORIENTED_EDGE('',*,*,#1574,.T.);
#1994=ORIENTED_EDGE('',*,*,#1549,.F.);
#1995=ORIENTED_EDGE('',*,*,#1574,.F.);
#1996=ORIENTED_EDGE('',*,*,#1575,.F.);
#1997=ORIENTED_EDGE('',*,*,#1576,.T.);
#1998=ORIENTED_EDGE('',*,*,#1548,.F.);
#1999=ORIENTED_EDGE('',*,*,#1576,.F.);
#2000=ORIENTED_EDGE('',*,*,#1577,.F.);
#2001=ORIENTED_EDGE('',*,*,#1578,.T.);
#2002=ORIENTED_EDGE('',*,*,#1547,.F.);
#2003=ORIENTED_EDGE('',*,*,#1578,.F.);
#2004=ORIENTED_EDGE('',*,*,#1579,.F.);
#2005=ORIENTED_EDGE('',*,*,#1580,.T.);
#2006=ORIENTED_EDGE('',*,*,#1546,.F.);
#2007=ORIENTED_EDGE('',*,*,#1580,.F.);
#2008=ORIENTED_EDGE('',*,*,#1581,.F.);
#2009=ORIENTED_EDGE('',*,*,#1582,.T.);
#2010=ORIENTED_EDGE('',*,*,#1545,.F.);
#2011=ORIENTED_EDGE('',*,*,#1582,.F.);
#2012=ORIENTED_EDGE('',*,*,#1583,.F.);
#2013=ORIENTED_EDGE('',*,*,#1584,.T.);
#2014=ORIENTED_EDGE('',*,*,#1544,.F.);
#2015=ORIENTED_EDGE('',*,*,#1584,.F.);
#2016=ORIENTED_EDGE('',*,*,#1585,.F.);
#2017=ORIENTED_EDGE('',*,*,#1586,.T.);
#2018=ORIENTED_EDGE('',*,*,#1543,.F.);
#2019=ORIENTED_EDGE('',*,*,#1586,.F.);
#2020=ORIENTED_EDGE('',*,*,#1587,.F.);
#2021=ORIENTED_EDGE('',*,*,#1588,.T.);
#2022=ORIENTED_EDGE('',*,*,#1542,.F.);
#2023=ORIENTED_EDGE('',*,*,#1588,.F.);
#2024=ORIENTED_EDGE('',*,*,#1589,.F.);
#2025=ORIENTED_EDGE('',*,*,#1590,.T.);
#2026=ORIENTED_EDGE('',*,*,#1541,.F.);
#2027=ORIENTED_EDGE('',*,*,#1590,.F.);
#2028=ORIENTED_EDGE('',*,*,#1591,.F.);
#2029=ORIENTED_EDGE('',*,*,#1592,.T.);
#2030=ORIENTED_EDGE('',*,*,#1540,.F.);
#2031=ORIENTED_EDGE('',*,*,#1592,.F.);
#2032=ORIENTED_EDGE('',*,*,#1593,.F.);
#2033=ORIENTED_EDGE('',*,*,#1594,.T.);
#2034=ORIENTED_EDGE('',*,*,#1539,.F.);
#2035=ORIENTED_EDGE('',*,*,#1594,.F.);
#2036=ORIENTED_EDGE('',*,*,#1595,.F.);
#2037=ORIENTED_EDGE('',*,*,#1596,.T.);
#2038=ORIENTED_EDGE('',*,*,#1538,.F.);
#2039=ORIENTED_EDGE('',*,*,#1596,.F.);
#2040=ORIENTED_EDGE('',*,*,#1597,.F.);
#2041=ORIENTED_EDGE('',*,*,#1598,.T.);
#2042=ORIENTED_EDGE('',*,*,#1537,.F.);
#2043=ORIENTED_EDGE('',*,*,#1598,.F.);
#2044=ORIENTED_EDGE('',*,*,#1599,.F.);
#2045=ORIENTED_EDGE('',*,*,#1600,.T.);
#2046=ORIENTED_EDGE('',*,*,#1536,.F.);
#2047=ORIENTED_EDGE('',*,*,#1600,.F.);
#2048=ORIENTED_EDGE('',*,*,#1601,.F.);
#2049=ORIENTED_EDGE('',*,*,#1602,.T.);
#2050=ORIENTED_EDGE('',*,*,#1535,.F.);
#2051=ORIENTED_EDGE('',*,*,#1602,.F.);
#2052=ORIENTED_EDGE('',*,*,#1603,.F.);
#2053=ORIENTED_EDGE('',*,*,#1604,.T.);
#2054=ORIENTED_EDGE('',*,*,#1534,.F.);
#2055=ORIENTED_EDGE('',*,*,#1604,.F.);
#2056=ORIENTED_EDGE('',*,*,#1605,.F.);
#2057=ORIENTED_EDGE('',*,*,#1606,.T.);
#2058=ORIENTED_EDGE('',*,*,#1533,.F.);
#2059=ORIENTED_EDGE('',*,*,#1606,.F.);
#2060=ORIENTED_EDGE('',*,*,#1607,.F.);
#2061=ORIENTED_EDGE('',*,*,#1608,.T.);
#2062=ORIENTED_EDGE('',*,*,#1532,.F.);
#2063=ORIENTED_EDGE('',*,*,#1608,.F.);
#2064=ORIENTED_EDGE('',*,*,#1609,.F.);
#2065=ORIENTED_EDGE('',*,*,#1610,.T.);
#2066=ORIENTED_EDGE('',*,*,#1531,.F.);
#2067=ORIENTED_EDGE('',*,*,#1610,.F.);
#2068=ORIENTED_EDGE('',*,*,#1611,.F.);
#2069=ORIENTED_EDGE('',*,*,#1612,.T.);
#2070=ORIENTED_EDGE('',*,*,#1530,.F.);
#2071=ORIENTED_EDGE('',*,*,#1612,.F.);
#2072=ORIENTED_EDGE('',*,*,#1613,.F.);
#2073=ORIENTED_EDGE('',*,*,#1614,.T.);
#2074=ORIENTED_EDGE('',*,*,#1529,.F.);
#2075=ORIENTED_EDGE('',*,*,#1614,.F.);
#2076=ORIENTED_EDGE('',*,*,#1615,.F.);
#2077=ORIENTED_EDGE('',*,*,#1616,.T.);
#2078=ORIENTED_EDGE('',*,*,#1528,.F.);
#2079=ORIENTED_EDGE('',*,*,#1616,.F.);
#2080=ORIENTED_EDGE('',*,*,#1617,.F.);
#2081=ORIENTED_EDGE('',*,*,#1618,.T.);
#2082=ORIENTED_EDGE('',*,*,#1527,.F.);
#2083=ORIENTED_EDGE('',*,*,#1618,.F.);
#2084=ORIENTED_EDGE('',*,*,#1619,.F.);
#2085=ORIENTED_EDGE('',*,*,#1620,.T.);
#2086=ORIENTED_EDGE('',*,*,#1526,.F.);
#2087=ORIENTED_EDGE('',*,*,#1620,.F.);
#2088=ORIENTED_EDGE('',*,*,#1621,.F.);
#2089=ORIENTED_EDGE('',*,*,#1622,.T.);
#2090=ORIENTED_EDGE('',*,*,#1525,.F.);
#2091=ORIENTED_EDGE('',*,*,#1622,.F.);
#2092=ORIENTED_EDGE('',*,*,#1623,.F.);
#2093=ORIENTED_EDGE('',*,*,#1624,.T.);
#2094=ORIENTED_EDGE('',*,*,#1524,.F.);
#2095=ORIENTED_EDGE('',*,*,#1624,.F.);
#2096=ORIENTED_EDGE('',*,*,#1625,.F.);
#2097=ORIENTED_EDGE('',*,*,#1626,.T.);
#2098=ORIENTED_EDGE('',*,*,#1523,.F.);
#2099=ORIENTED_EDGE('',*,*,#1626,.F.);
#2100=ORIENTED_EDGE('',*,*,#1627,.F.);
#2101=ORIENTED_EDGE('',*,*,#1628,.T.);
#2102=ORIENTED_EDGE('',*,*,#1522,.F.);
#2103=ORIENTED_EDGE('',*,*,#1628,.F.);
#2104=ORIENTED_EDGE('',*,*,#1629,.F.);
#2105=ORIENTED_EDGE('',*,*,#1630,.T.);
#2106=ORIENTED_EDGE('',*,*,#1521,.F.);
#2107=ORIENTED_EDGE('',*,*,#1630,.F.);
#2108=ORIENTED_EDGE('',*,*,#1631,.F.);
#2109=ORIENTED_EDGE('',*,*,#1632,.T.);
#2110=ORIENTED_EDGE('',*,*,#1520,.F.);
#2111=ORIENTED_EDGE('',*,*,#1632,.F.);
#2112=ORIENTED_EDGE('',*,*,#1633,.F.);
#2113=ORIENTED_EDGE('',*,*,#1634,.T.);
#2114=ORIENTED_EDGE('',*,*,#1519,.F.);
#2115=ORIENTED_EDGE('',*,*,#1634,.F.);
#2116=ORIENTED_EDGE('',*,*,#1635,.F.);
#2117=ORIENTED_EDGE('',*,*,#1636,.T.);
#2118=ORIENTED_EDGE('',*,*,#1518,.F.);
#2119=ORIENTED_EDGE('',*,*,#1636,.F.);
#2120=ORIENTED_EDGE('',*,*,#1637,.F.);
#2121=ORIENTED_EDGE('',*,*,#1638,.T.);
#2122=ORIENTED_EDGE('',*,*,#1517,.F.);
#2123=ORIENTED_EDGE('',*,*,#1638,.F.);
#2124=ORIENTED_EDGE('',*,*,#1639,.F.);
#2125=ORIENTED_EDGE('',*,*,#1640,.T.);
#2126=ORIENTED_EDGE('',*,*,#1516,.F.);
#2127=ORIENTED_EDGE('',*,*,#1640,.F.);
#2128=ORIENTED_EDGE('',*,*,#1553,.T.);
#2129=ORIENTED_EDGE('',*,*,#1641,.T.);
#2130=ORIENTED_EDGE('',*,*,#1642,.F.);
#2131=ORIENTED_EDGE('',*,*,#1643,.F.);
#2132=ORIENTED_EDGE('',*,*,#1641,.F.);
#2133=ORIENTED_EDGE('',*,*,#1563,.T.);
#2134=ORIENTED_EDGE('',*,*,#1644,.T.);
#2135=ORIENTED_EDGE('',*,*,#1645,.F.);
#2136=ORIENTED_EDGE('',*,*,#1646,.F.);
#2137=ORIENTED_EDGE('',*,*,#1644,.F.);
#2138=ORIENTED_EDGE('',*,*,#1647,.F.);
#2139=ORIENTED_EDGE('',*,*,#1648,.T.);
#2140=ORIENTED_EDGE('',*,*,#1554,.T.);
#2141=ORIENTED_EDGE('',*,*,#1560,.T.);
#2142=ORIENTED_EDGE('',*,*,#1555,.T.);
#2143=ORIENTED_EDGE('',*,*,#1649,.T.);
#2144=ORIENTED_EDGE('',*,*,#1650,.T.);
#2145=ORIENTED_EDGE('',*,*,#1651,.T.);
#2146=ORIENTED_EDGE('',*,*,#1652,.T.);
#2147=ORIENTED_EDGE('',*,*,#1653,.F.);
#2148=ORIENTED_EDGE('',*,*,#1654,.T.);
#2149=ORIENTED_EDGE('',*,*,#1564,.T.);
#2150=ORIENTED_EDGE('',*,*,#1570,.T.);
#2151=ORIENTED_EDGE('',*,*,#1565,.T.);
#2152=ORIENTED_EDGE('',*,*,#1655,.T.);
#2153=ORIENTED_EDGE('',*,*,#1656,.F.);
#2154=ORIENTED_EDGE('',*,*,#1657,.F.);
#2155=ORIENTED_EDGE('',*,*,#1658,.F.);
#2156=ORIENTED_EDGE('',*,*,#1647,.T.);
#2157=ORIENTED_EDGE('',*,*,#1659,.T.);
#2158=ORIENTED_EDGE('',*,*,#1657,.T.);
#2159=ORIENTED_EDGE('',*,*,#1660,.T.);
#2160=ORIENTED_EDGE('',*,*,#1661,.T.);
#2161=ORIENTED_EDGE('',*,*,#1661,.F.);
#2162=ORIENTED_EDGE('',*,*,#1656,.T.);
#2163=ORIENTED_EDGE('',*,*,#1662,.F.);
#2164=ORIENTED_EDGE('',*,*,#1651,.F.);
#2165=ORIENTED_EDGE('',*,*,#1663,.F.);
#2166=ORIENTED_EDGE('',*,*,#1652,.F.);
#2167=ORIENTED_EDGE('',*,*,#1660,.F.);
#2168=ORIENTED_EDGE('',*,*,#1571,.T.);
#2169=ORIENTED_EDGE('',*,*,#1573,.T.);
#2170=ORIENTED_EDGE('',*,*,#1575,.T.);
#2171=ORIENTED_EDGE('',*,*,#1577,.T.);
#2172=ORIENTED_EDGE('',*,*,#1579,.T.);
#2173=ORIENTED_EDGE('',*,*,#1581,.T.);
#2174=ORIENTED_EDGE('',*,*,#1583,.T.);
#2175=ORIENTED_EDGE('',*,*,#1585,.T.);
#2176=ORIENTED_EDGE('',*,*,#1587,.T.);
#2177=ORIENTED_EDGE('',*,*,#1589,.T.);
#2178=ORIENTED_EDGE('',*,*,#1591,.T.);
#2179=ORIENTED_EDGE('',*,*,#1593,.T.);
#2180=ORIENTED_EDGE('',*,*,#1595,.T.);
#2181=ORIENTED_EDGE('',*,*,#1597,.T.);
#2182=ORIENTED_EDGE('',*,*,#1599,.T.);
#2183=ORIENTED_EDGE('',*,*,#1601,.T.);
#2184=ORIENTED_EDGE('',*,*,#1603,.T.);
#2185=ORIENTED_EDGE('',*,*,#1605,.T.);
#2186=ORIENTED_EDGE('',*,*,#1607,.T.);
#2187=ORIENTED_EDGE('',*,*,#1609,.T.);
#2188=ORIENTED_EDGE('',*,*,#1611,.T.);
#2189=ORIENTED_EDGE('',*,*,#1613,.T.);
#2190=ORIENTED_EDGE('',*,*,#1615,.T.);
#2191=ORIENTED_EDGE('',*,*,#1617,.T.);
#2192=ORIENTED_EDGE('',*,*,#1619,.T.);
#2193=ORIENTED_EDGE('',*,*,#1621,.T.);
#2194=ORIENTED_EDGE('',*,*,#1623,.T.);
#2195=ORIENTED_EDGE('',*,*,#1625,.T.);
#2196=ORIENTED_EDGE('',*,*,#1627,.T.);
#2197=ORIENTED_EDGE('',*,*,#1629,.T.);
#2198=ORIENTED_EDGE('',*,*,#1631,.T.);
#2199=ORIENTED_EDGE('',*,*,#1633,.T.);
#2200=ORIENTED_EDGE('',*,*,#1635,.T.);
#2201=ORIENTED_EDGE('',*,*,#1637,.T.);
#2202=ORIENTED_EDGE('',*,*,#1639,.T.);
#2203=ORIENTED_EDGE('',*,*,#1650,.F.);
#2204=ORIENTED_EDGE('',*,*,#1664,.T.);
#2205=ORIENTED_EDGE('',*,*,#1653,.T.);
#2206=ORIENTED_EDGE('',*,*,#1663,.T.);
#2207=ORIENTED_EDGE('',*,*,#1642,.T.);
#2208=ORIENTED_EDGE('',*,*,#1643,.T.);
#2209=ORIENTED_EDGE('',*,*,#1645,.T.);
#2210=ORIENTED_EDGE('',*,*,#1646,.T.);
#2211=ORIENTED_EDGE('',*,*,#1665,.T.);
#2212=ORIENTED_EDGE('',*,*,#1666,.F.);
#2213=ORIENTED_EDGE('',*,*,#1667,.F.);
#2214=ORIENTED_EDGE('',*,*,#1668,.T.);
#2215=ORIENTED_EDGE('',*,*,#1669,.T.);
#2216=ORIENTED_EDGE('',*,*,#1670,.T.);
#2217=ORIENTED_EDGE('',*,*,#1671,.T.);
#2218=ORIENTED_EDGE('',*,*,#1672,.F.);
#2219=ORIENTED_EDGE('',*,*,#1673,.F.);
#2220=ORIENTED_EDGE('',*,*,#1674,.F.);
#2221=ORIENTED_EDGE('',*,*,#1675,.F.);
#2222=ORIENTED_EDGE('',*,*,#1676,.F.);
#2223=ORIENTED_EDGE('',*,*,#1677,.F.);
#2224=ORIENTED_EDGE('',*,*,#1678,.F.);
#2225=ORIENTED_EDGE('',*,*,#1679,.F.);
#2226=ORIENTED_EDGE('',*,*,#1680,.F.);
#2227=ORIENTED_EDGE('',*,*,#1681,.F.);
#2228=ORIENTED_EDGE('',*,*,#1682,.F.);
#2229=ORIENTED_EDGE('',*,*,#1683,.F.);
#2230=ORIENTED_EDGE('',*,*,#1684,.T.);
#2231=ORIENTED_EDGE('',*,*,#1685,.F.);
#2232=ORIENTED_EDGE('',*,*,#1669,.F.);
#2233=ORIENTED_EDGE('',*,*,#1686,.T.);
#2234=ORIENTED_EDGE('',*,*,#1668,.F.);
#2235=ORIENTED_EDGE('',*,*,#1687,.F.);
#2236=ORIENTED_EDGE('',*,*,#1688,.T.);
#2237=ORIENTED_EDGE('',*,*,#1689,.T.);
#2238=ORIENTED_EDGE('',*,*,#1684,.F.);
#2239=ORIENTED_EDGE('',*,*,#1690,.F.);
#2240=ORIENTED_EDGE('',*,*,#1666,.T.);
#2241=ORIENTED_EDGE('',*,*,#1691,.F.);
#2242=ORIENTED_EDGE('',*,*,#1671,.F.);
#2243=ORIENTED_EDGE('',*,*,#1692,.T.);
#2244=ORIENTED_EDGE('',*,*,#1688,.F.);
#2245=ORIENTED_EDGE('',*,*,#1692,.F.);
#2246=ORIENTED_EDGE('',*,*,#1670,.F.);
#2247=ORIENTED_EDGE('',*,*,#1685,.T.);
#2248=ORIENTED_EDGE('',*,*,#1689,.F.);
#2249=ORIENTED_EDGE('',*,*,#1687,.T.);
#2250=ORIENTED_EDGE('',*,*,#1693,.F.);
#2251=ORIENTED_EDGE('',*,*,#1694,.F.);
#2252=ORIENTED_EDGE('',*,*,#1695,.F.);
#2253=ORIENTED_EDGE('',*,*,#1696,.F.);
#2254=ORIENTED_EDGE('',*,*,#1504,.F.);
#2255=ORIENTED_EDGE('',*,*,#1697,.F.);
#2256=ORIENTED_EDGE('',*,*,#1698,.F.);
#2257=ORIENTED_EDGE('',*,*,#1699,.T.);
#2258=ORIENTED_EDGE('',*,*,#1700,.F.);
#2259=ORIENTED_EDGE('',*,*,#1701,.F.);
#2260=ORIENTED_EDGE('',*,*,#1702,.T.);
#2261=ORIENTED_EDGE('',*,*,#1699,.F.);
#2262=ORIENTED_EDGE('',*,*,#1703,.F.);
#2263=ORIENTED_EDGE('',*,*,#1704,.F.);
#2264=ORIENTED_EDGE('',*,*,#1697,.T.);
#2265=ORIENTED_EDGE('',*,*,#1503,.F.);
#2266=ORIENTED_EDGE('',*,*,#1705,.F.);
#2267=ORIENTED_EDGE('',*,*,#1706,.F.);
#2268=ORIENTED_EDGE('',*,*,#1707,.F.);
#2269=ORIENTED_EDGE('',*,*,#1708,.F.);
#2270=ORIENTED_EDGE('',*,*,#1709,.F.);
#2271=ORIENTED_EDGE('',*,*,#1704,.T.);
#2272=ORIENTED_EDGE('',*,*,#1710,.F.);
#2273=ORIENTED_EDGE('',*,*,#1705,.T.);
#2274=ORIENTED_EDGE('',*,*,#1502,.F.);
#2275=ORIENTED_EDGE('',*,*,#1711,.T.);
#2276=ORIENTED_EDGE('',*,*,#1712,.F.);
#2277=ORIENTED_EDGE('',*,*,#1713,.F.);
#2278=ORIENTED_EDGE('',*,*,#1714,.T.);
#2279=ORIENTED_EDGE('',*,*,#1715,.T.);
#2280=ORIENTED_EDGE('',*,*,#1512,.F.);
#2281=ORIENTED_EDGE('',*,*,#1716,.F.);
#2282=ORIENTED_EDGE('',*,*,#1714,.F.);
#2283=ORIENTED_EDGE('',*,*,#1717,.F.);
#2284=ORIENTED_EDGE('',*,*,#1712,.T.);
#2285=ORIENTED_EDGE('',*,*,#1718,.F.);
#2286=ORIENTED_EDGE('',*,*,#1514,.F.);
#2287=ORIENTED_EDGE('',*,*,#1719,.T.);
#2288=ORIENTED_EDGE('',*,*,#1720,.F.);
#2289=ORIENTED_EDGE('',*,*,#1719,.F.);
#2290=ORIENTED_EDGE('',*,*,#1513,.F.);
#2291=ORIENTED_EDGE('',*,*,#1715,.F.);
#2292=ORIENTED_EDGE('',*,*,#1721,.F.);
#2293=ORIENTED_EDGE('',*,*,#1707,.T.);
#2294=ORIENTED_EDGE('',*,*,#1501,.F.);
#2295=ORIENTED_EDGE('',*,*,#1722,.T.);
#2296=ORIENTED_EDGE('',*,*,#1723,.T.);
#2297=ORIENTED_EDGE('',*,*,#1696,.T.);
#2298=ORIENTED_EDGE('',*,*,#1724,.T.);
#2299=ORIENTED_EDGE('',*,*,#1725,.F.);
#2300=ORIENTED_EDGE('',*,*,#1675,.T.);
#2301=ORIENTED_EDGE('',*,*,#1726,.T.);
#2302=ORIENTED_EDGE('',*,*,#1505,.F.);
#2303=ORIENTED_EDGE('',*,*,#1701,.T.);
#2304=ORIENTED_EDGE('',*,*,#1727,.F.);
#2305=ORIENTED_EDGE('',*,*,#1728,.F.);
#2306=ORIENTED_EDGE('',*,*,#1729,.F.);
#2307=ORIENTED_EDGE('',*,*,#1730,.F.);
#2308=ORIENTED_EDGE('',*,*,#1731,.F.);
#2309=ORIENTED_EDGE('',*,*,#1732,.F.);
#2310=ORIENTED_EDGE('',*,*,#1733,.F.);
#2311=ORIENTED_EDGE('',*,*,#1734,.F.);
#2312=ORIENTED_EDGE('',*,*,#1735,.F.);
#2313=ORIENTED_EDGE('',*,*,#1708,.T.);
#2314=ORIENTED_EDGE('',*,*,#1723,.F.);
#2315=ORIENTED_EDGE('',*,*,#1736,.F.);
#2316=ORIENTED_EDGE('',*,*,#1737,.F.);
#2317=ORIENTED_EDGE('',*,*,#1738,.F.);
#2318=ORIENTED_EDGE('',*,*,#1739,.F.);
#2319=ORIENTED_EDGE('',*,*,#1711,.F.);
#2320=ORIENTED_EDGE('',*,*,#1740,.F.);
#2321=ORIENTED_EDGE('',*,*,#1741,.F.);
#2322=ORIENTED_EDGE('',*,*,#1742,.F.);
#2323=ORIENTED_EDGE('',*,*,#1743,.F.);
#2324=ORIENTED_EDGE('',*,*,#1724,.F.);
#2325=ORIENTED_EDGE('',*,*,#1744,.F.);
#2326=ORIENTED_EDGE('',*,*,#1745,.F.);
#2327=ORIENTED_EDGE('',*,*,#1746,.F.);
#2328=ORIENTED_EDGE('',*,*,#1747,.F.);
#2329=ORIENTED_EDGE('',*,*,#1709,.T.);
#2330=ORIENTED_EDGE('',*,*,#1735,.T.);
#2331=ORIENTED_EDGE('',*,*,#1748,.T.);
#2332=ORIENTED_EDGE('',*,*,#1749,.T.);
#2333=ORIENTED_EDGE('',*,*,#1700,.T.);
#2334=ORIENTED_EDGE('',*,*,#1750,.T.);
#2335=ORIENTED_EDGE('',*,*,#1751,.F.);
#2336=ORIENTED_EDGE('',*,*,#1727,.T.);
#2337=ORIENTED_EDGE('',*,*,#1716,.T.);
#2338=ORIENTED_EDGE('',*,*,#1511,.F.);
#2339=ORIENTED_EDGE('',*,*,#1752,.T.);
#2340=ORIENTED_EDGE('',*,*,#1679,.T.);
#2341=ORIENTED_EDGE('',*,*,#1753,.T.);
#2342=ORIENTED_EDGE('',*,*,#1740,.T.);
#2343=ORIENTED_EDGE('',*,*,#1754,.T.);
#2344=ORIENTED_EDGE('',*,*,#1755,.T.);
#2345=ORIENTED_EDGE('',*,*,#1756,.T.);
#2346=ORIENTED_EDGE('',*,*,#1757,.T.);
#2347=ORIENTED_EDGE('',*,*,#1758,.T.);
#2348=ORIENTED_EDGE('',*,*,#1759,.T.);
#2349=ORIENTED_EDGE('',*,*,#1760,.T.);
#2350=ORIENTED_EDGE('',*,*,#1757,.F.);
#2351=ORIENTED_EDGE('',*,*,#1761,.T.);
#2352=ORIENTED_EDGE('',*,*,#1762,.T.);
#2353=ORIENTED_EDGE('',*,*,#1759,.F.);
#2354=ORIENTED_EDGE('',*,*,#1763,.T.);
#2355=ORIENTED_EDGE('',*,*,#1764,.T.);
#2356=ORIENTED_EDGE('',*,*,#1765,.T.);
#2357=ORIENTED_EDGE('',*,*,#1761,.F.);
#2358=ORIENTED_EDGE('',*,*,#1694,.T.);
#2359=ORIENTED_EDGE('',*,*,#1766,.T.);
#2360=ORIENTED_EDGE('',*,*,#1767,.T.);
#2361=ORIENTED_EDGE('',*,*,#1764,.F.);
#2362=ORIENTED_EDGE('',*,*,#1768,.T.);
#2363=ORIENTED_EDGE('',*,*,#1769,.T.);
#2364=ORIENTED_EDGE('',*,*,#1766,.F.);
#2365=ORIENTED_EDGE('',*,*,#1770,.T.);
#2366=ORIENTED_EDGE('',*,*,#1755,.F.);
#2367=ORIENTED_EDGE('',*,*,#1763,.F.);
#2368=ORIENTED_EDGE('',*,*,#1771,.T.);
#2369=ORIENTED_EDGE('',*,*,#1772,.T.);
#2370=ORIENTED_EDGE('',*,*,#1690,.T.);
#2371=ORIENTED_EDGE('',*,*,#1695,.T.);
#2372=ORIENTED_EDGE('',*,*,#1758,.F.);
#2373=ORIENTED_EDGE('',*,*,#1773,.F.);
#2374=ORIENTED_EDGE('',*,*,#1774,.F.);
#2375=ORIENTED_EDGE('',*,*,#1775,.T.);
#2376=ORIENTED_EDGE('',*,*,#1776,.F.);
#2377=ORIENTED_EDGE('',*,*,#1777,.T.);
#2378=ORIENTED_EDGE('',*,*,#1778,.F.);
#2379=ORIENTED_EDGE('',*,*,#1779,.T.);
#2380=ORIENTED_EDGE('',*,*,#1649,.F.);
#2381=ORIENTED_EDGE('',*,*,#1648,.F.);
#2382=ORIENTED_EDGE('',*,*,#1780,.F.);
#2383=ORIENTED_EDGE('',*,*,#1771,.F.);
#2384=ORIENTED_EDGE('',*,*,#1756,.F.);
#2385=ORIENTED_EDGE('',*,*,#1781,.F.);
#2386=ORIENTED_EDGE('',*,*,#1782,.F.);
#2387=ORIENTED_EDGE('',*,*,#1773,.T.);
#2388=ORIENTED_EDGE('',*,*,#1754,.F.);
#2389=ORIENTED_EDGE('',*,*,#1760,.F.);
#2390=ORIENTED_EDGE('',*,*,#1762,.F.);
#2391=ORIENTED_EDGE('',*,*,#1765,.F.);
#2392=ORIENTED_EDGE('',*,*,#1767,.F.);
#2393=ORIENTED_EDGE('',*,*,#1769,.F.);
#2394=ORIENTED_EDGE('',*,*,#1783,.T.);
#2395=ORIENTED_EDGE('',*,*,#1784,.T.);
#2396=ORIENTED_EDGE('',*,*,#1662,.T.);
#2397=ORIENTED_EDGE('',*,*,#1785,.T.);
#2398=ORIENTED_EDGE('',*,*,#1664,.F.);
#2399=ORIENTED_EDGE('',*,*,#1779,.F.);
#2400=ORIENTED_EDGE('',*,*,#1786,.T.);
#2401=ORIENTED_EDGE('',*,*,#1787,.T.);
#2402=ORIENTED_EDGE('',*,*,#1788,.F.);
#2403=ORIENTED_EDGE('',*,*,#1789,.T.);
#2404=ORIENTED_EDGE('',*,*,#1790,.F.);
#2405=ORIENTED_EDGE('',*,*,#1777,.F.);
#2406=ORIENTED_EDGE('',*,*,#1790,.T.);
#2407=ORIENTED_EDGE('',*,*,#1791,.T.);
#2408=ORIENTED_EDGE('',*,*,#1786,.F.);
#2409=ORIENTED_EDGE('',*,*,#1778,.T.);
#2410=ORIENTED_EDGE('',*,*,#1698,.T.);
#2411=ORIENTED_EDGE('',*,*,#1706,.T.);
#2412=ORIENTED_EDGE('',*,*,#1710,.T.);
#2413=ORIENTED_EDGE('',*,*,#1703,.T.);
#2414=ORIENTED_EDGE('',*,*,#1717,.T.);
#2415=ORIENTED_EDGE('',*,*,#1713,.T.);
#2416=ORIENTED_EDGE('',*,*,#1720,.T.);
#2417=ORIENTED_EDGE('',*,*,#1721,.T.);
#2418=ORIENTED_EDGE('',*,*,#1792,.T.);
#2419=ORIENTED_EDGE('',*,*,#1793,.T.);
#2420=ORIENTED_EDGE('',*,*,#1794,.T.);
#2421=ORIENTED_EDGE('',*,*,#1795,.T.);
#2422=ORIENTED_EDGE('',*,*,#1796,.T.);
#2423=ORIENTED_EDGE('',*,*,#1797,.T.);
#2424=ORIENTED_EDGE('',*,*,#1798,.T.);
#2425=ORIENTED_EDGE('',*,*,#1799,.F.);
#2426=ORIENTED_EDGE('',*,*,#1659,.F.);
#2427=ORIENTED_EDGE('',*,*,#1784,.F.);
#2428=ORIENTED_EDGE('',*,*,#1667,.T.);
#2429=ORIENTED_EDGE('',*,*,#1800,.F.);
#2430=ORIENTED_EDGE('',*,*,#1801,.T.);
#2431=ORIENTED_EDGE('',*,*,#1802,.T.);
#2432=ORIENTED_EDGE('',*,*,#1803,.T.);
#2433=ORIENTED_EDGE('',*,*,#1804,.T.);
#2434=ORIENTED_EDGE('',*,*,#1805,.T.);
#2435=ORIENTED_EDGE('',*,*,#1806,.T.);
#2436=ORIENTED_EDGE('',*,*,#1807,.T.);
#2437=ORIENTED_EDGE('',*,*,#1808,.T.);
#2438=ORIENTED_EDGE('',*,*,#1809,.T.);
#2439=ORIENTED_EDGE('',*,*,#1796,.F.);
#2440=ORIENTED_EDGE('',*,*,#1809,.F.);
#2441=ORIENTED_EDGE('',*,*,#1810,.F.);
#2442=ORIENTED_EDGE('',*,*,#1811,.F.);
#2443=ORIENTED_EDGE('',*,*,#1812,.F.);
#2444=ORIENTED_EDGE('',*,*,#1813,.F.);
#2445=ORIENTED_EDGE('',*,*,#1750,.F.);
#2446=ORIENTED_EDGE('',*,*,#1702,.F.);
#2447=ORIENTED_EDGE('',*,*,#1749,.F.);
#2448=ORIENTED_EDGE('',*,*,#1814,.F.);
#2449=ORIENTED_EDGE('',*,*,#1815,.F.);
#2450=ORIENTED_EDGE('',*,*,#1816,.F.);
#2451=ORIENTED_EDGE('',*,*,#1808,.F.);
#2452=ORIENTED_EDGE('',*,*,#1728,.T.);
#2453=ORIENTED_EDGE('',*,*,#1751,.T.);
#2454=ORIENTED_EDGE('',*,*,#1813,.T.);
#2455=ORIENTED_EDGE('',*,*,#1817,.F.);
#2456=ORIENTED_EDGE('',*,*,#1729,.T.);
#2457=ORIENTED_EDGE('',*,*,#1817,.T.);
#2458=ORIENTED_EDGE('',*,*,#1812,.T.);
#2459=ORIENTED_EDGE('',*,*,#1818,.F.);
#2460=ORIENTED_EDGE('',*,*,#1730,.T.);
#2461=ORIENTED_EDGE('',*,*,#1818,.T.);
#2462=ORIENTED_EDGE('',*,*,#1811,.T.);
#2463=ORIENTED_EDGE('',*,*,#1819,.F.);
#2464=ORIENTED_EDGE('',*,*,#1731,.T.);
#2465=ORIENTED_EDGE('',*,*,#1819,.T.);
#2466=ORIENTED_EDGE('',*,*,#1810,.T.);
#2467=ORIENTED_EDGE('',*,*,#1820,.F.);
#2468=ORIENTED_EDGE('',*,*,#1732,.T.);
#2469=ORIENTED_EDGE('',*,*,#1820,.T.);
#2470=ORIENTED_EDGE('',*,*,#1816,.T.);
#2471=ORIENTED_EDGE('',*,*,#1821,.F.);
#2472=ORIENTED_EDGE('',*,*,#1733,.T.);
#2473=ORIENTED_EDGE('',*,*,#1821,.T.);
#2474=ORIENTED_EDGE('',*,*,#1815,.T.);
#2475=ORIENTED_EDGE('',*,*,#1822,.F.);
#2476=ORIENTED_EDGE('',*,*,#1734,.T.);
#2477=ORIENTED_EDGE('',*,*,#1822,.T.);
#2478=ORIENTED_EDGE('',*,*,#1814,.T.);
#2479=ORIENTED_EDGE('',*,*,#1748,.F.);
#2480=ORIENTED_EDGE('',*,*,#1498,.F.);
#2481=ORIENTED_EDGE('',*,*,#1823,.T.);
#2482=ORIENTED_EDGE('',*,*,#1738,.T.);
#2483=ORIENTED_EDGE('',*,*,#1824,.F.);
#2484=ORIENTED_EDGE('',*,*,#1499,.F.);
#2485=ORIENTED_EDGE('',*,*,#1824,.T.);
#2486=ORIENTED_EDGE('',*,*,#1737,.T.);
#2487=ORIENTED_EDGE('',*,*,#1825,.F.);
#2488=ORIENTED_EDGE('',*,*,#1500,.F.);
#2489=ORIENTED_EDGE('',*,*,#1825,.T.);
#2490=ORIENTED_EDGE('',*,*,#1736,.T.);
#2491=ORIENTED_EDGE('',*,*,#1722,.F.);
#2492=ORIENTED_EDGE('',*,*,#1676,.T.);
#2493=ORIENTED_EDGE('',*,*,#1725,.T.);
#2494=ORIENTED_EDGE('',*,*,#1743,.T.);
#2495=ORIENTED_EDGE('',*,*,#1826,.F.);
#2496=ORIENTED_EDGE('',*,*,#1677,.T.);
#2497=ORIENTED_EDGE('',*,*,#1826,.T.);
#2498=ORIENTED_EDGE('',*,*,#1742,.T.);
#2499=ORIENTED_EDGE('',*,*,#1827,.F.);
#2500=ORIENTED_EDGE('',*,*,#1678,.T.);
#2501=ORIENTED_EDGE('',*,*,#1827,.T.);
#2502=ORIENTED_EDGE('',*,*,#1741,.T.);
#2503=ORIENTED_EDGE('',*,*,#1753,.F.);
#2504=ORIENTED_EDGE('',*,*,#1744,.T.);
#2505=ORIENTED_EDGE('',*,*,#1828,.T.);
#2506=ORIENTED_EDGE('',*,*,#1795,.F.);
#2507=ORIENTED_EDGE('',*,*,#1828,.F.);
#2508=ORIENTED_EDGE('',*,*,#1746,.T.);
#2509=ORIENTED_EDGE('',*,*,#1829,.T.);
#2510=ORIENTED_EDGE('',*,*,#1794,.F.);
#2511=ORIENTED_EDGE('',*,*,#1829,.F.);
#2512=ORIENTED_EDGE('',*,*,#1745,.T.);
#2513=ORIENTED_EDGE('',*,*,#1830,.T.);
#2514=ORIENTED_EDGE('',*,*,#1793,.F.);
#2515=ORIENTED_EDGE('',*,*,#1830,.F.);
#2516=ORIENTED_EDGE('',*,*,#1747,.T.);
#2517=ORIENTED_EDGE('',*,*,#1831,.T.);
#2518=ORIENTED_EDGE('',*,*,#1792,.F.);
#2519=ORIENTED_EDGE('',*,*,#1831,.F.);
#2520=ORIENTED_EDGE('',*,*,#1774,.T.);
#2521=ORIENTED_EDGE('',*,*,#1782,.T.);
#2522=ORIENTED_EDGE('',*,*,#1832,.T.);
#2523=ORIENTED_EDGE('',*,*,#1833,.T.);
#2524=ORIENTED_EDGE('',*,*,#1834,.F.);
#2525=ORIENTED_EDGE('',*,*,#1775,.F.);
#2526=ORIENTED_EDGE('',*,*,#1833,.F.);
#2527=ORIENTED_EDGE('',*,*,#1835,.F.);
#2528=ORIENTED_EDGE('',*,*,#1776,.T.);
#2529=ORIENTED_EDGE('',*,*,#1834,.T.);
#2530=ORIENTED_EDGE('',*,*,#1836,.T.);
#2531=ORIENTED_EDGE('',*,*,#1788,.T.);
#2532=ORIENTED_EDGE('',*,*,#1718,.T.);
#2533=ORIENTED_EDGE('',*,*,#1739,.T.);
#2534=ORIENTED_EDGE('',*,*,#1823,.F.);
#2535=ORIENTED_EDGE('',*,*,#1515,.F.);
#2536=ORIENTED_EDGE('',*,*,#1510,.F.);
#2537=ORIENTED_EDGE('',*,*,#1837,.T.);
#2538=ORIENTED_EDGE('',*,*,#1680,.T.);
#2539=ORIENTED_EDGE('',*,*,#1752,.F.);
#2540=ORIENTED_EDGE('',*,*,#1506,.F.);
#2541=ORIENTED_EDGE('',*,*,#1726,.F.);
#2542=ORIENTED_EDGE('',*,*,#1674,.T.);
#2543=ORIENTED_EDGE('',*,*,#1838,.F.);
#2544=ORIENTED_EDGE('',*,*,#1507,.F.);
#2545=ORIENTED_EDGE('',*,*,#1838,.T.);
#2546=ORIENTED_EDGE('',*,*,#1673,.T.);
#2547=ORIENTED_EDGE('',*,*,#1839,.F.);
#2548=ORIENTED_EDGE('',*,*,#1508,.F.);
#2549=ORIENTED_EDGE('',*,*,#1839,.T.);
#2550=ORIENTED_EDGE('',*,*,#1672,.T.);
#2551=ORIENTED_EDGE('',*,*,#1691,.T.);
#2552=ORIENTED_EDGE('',*,*,#1665,.F.);
#2553=ORIENTED_EDGE('',*,*,#1686,.F.);
#2554=ORIENTED_EDGE('',*,*,#1682,.T.);
#2555=ORIENTED_EDGE('',*,*,#1840,.F.);
#2556=ORIENTED_EDGE('',*,*,#1841,.T.);
#2557=ORIENTED_EDGE('',*,*,#1842,.T.);
#2558=ORIENTED_EDGE('',*,*,#1843,.T.);
#2559=ORIENTED_EDGE('',*,*,#1844,.T.);
#2560=ORIENTED_EDGE('',*,*,#1845,.T.);
#2561=ORIENTED_EDGE('',*,*,#1846,.T.);
#2562=ORIENTED_EDGE('',*,*,#1847,.T.);
#2563=ORIENTED_EDGE('',*,*,#1848,.T.);
#2564=ORIENTED_EDGE('',*,*,#1849,.T.);
#2565=ORIENTED_EDGE('',*,*,#1850,.T.);
#2566=ORIENTED_EDGE('',*,*,#1509,.F.);
#2567=ORIENTED_EDGE('',*,*,#1840,.T.);
#2568=ORIENTED_EDGE('',*,*,#1681,.T.);
#2569=ORIENTED_EDGE('',*,*,#1837,.F.);
#2570=ORIENTED_EDGE('',*,*,#1851,.T.);
#2571=ORIENTED_EDGE('',*,*,#1852,.T.);
#2572=ORIENTED_EDGE('',*,*,#1804,.F.);
#2573=ORIENTED_EDGE('',*,*,#1853,.F.);
#2574=ORIENTED_EDGE('',*,*,#1854,.T.);
#2575=ORIENTED_EDGE('',*,*,#1853,.T.);
#2576=ORIENTED_EDGE('',*,*,#1803,.F.);
#2577=ORIENTED_EDGE('',*,*,#1855,.F.);
#2578=ORIENTED_EDGE('',*,*,#1856,.T.);
#2579=ORIENTED_EDGE('',*,*,#1855,.T.);
#2580=ORIENTED_EDGE('',*,*,#1802,.F.);
#2581=ORIENTED_EDGE('',*,*,#1857,.F.);
#2582=ORIENTED_EDGE('',*,*,#1858,.T.);
#2583=ORIENTED_EDGE('',*,*,#1857,.T.);
#2584=ORIENTED_EDGE('',*,*,#1807,.F.);
#2585=ORIENTED_EDGE('',*,*,#1859,.F.);
#2586=ORIENTED_EDGE('',*,*,#1860,.T.);
#2587=ORIENTED_EDGE('',*,*,#1859,.T.);
#2588=ORIENTED_EDGE('',*,*,#1806,.F.);
#2589=ORIENTED_EDGE('',*,*,#1861,.F.);
#2590=ORIENTED_EDGE('',*,*,#1862,.T.);
#2591=ORIENTED_EDGE('',*,*,#1861,.T.);
#2592=ORIENTED_EDGE('',*,*,#1805,.F.);
#2593=ORIENTED_EDGE('',*,*,#1852,.F.);
#2594=ORIENTED_EDGE('',*,*,#1863,.F.);
#2595=ORIENTED_EDGE('',*,*,#1864,.F.);
#2596=ORIENTED_EDGE('',*,*,#1865,.F.);
#2597=ORIENTED_EDGE('',*,*,#1866,.F.);
#2598=ORIENTED_EDGE('',*,*,#1867,.F.);
#2599=ORIENTED_EDGE('',*,*,#1868,.F.);
#2600=ORIENTED_EDGE('',*,*,#1869,.F.);
#2601=ORIENTED_EDGE('',*,*,#1870,.F.);
#2602=ORIENTED_EDGE('',*,*,#1858,.F.);
#2603=ORIENTED_EDGE('',*,*,#1860,.F.);
#2604=ORIENTED_EDGE('',*,*,#1862,.F.);
#2605=ORIENTED_EDGE('',*,*,#1851,.F.);
#2606=ORIENTED_EDGE('',*,*,#1854,.F.);
#2607=ORIENTED_EDGE('',*,*,#1856,.F.);
#2608=ORIENTED_EDGE('',*,*,#1844,.F.);
#2609=ORIENTED_EDGE('',*,*,#1871,.T.);
#2610=ORIENTED_EDGE('',*,*,#1863,.T.);
#2611=ORIENTED_EDGE('',*,*,#1872,.F.);
#2612=ORIENTED_EDGE('',*,*,#1845,.F.);
#2613=ORIENTED_EDGE('',*,*,#1872,.T.);
#2614=ORIENTED_EDGE('',*,*,#1870,.T.);
#2615=ORIENTED_EDGE('',*,*,#1873,.F.);
#2616=ORIENTED_EDGE('',*,*,#1846,.F.);
#2617=ORIENTED_EDGE('',*,*,#1873,.T.);
#2618=ORIENTED_EDGE('',*,*,#1869,.T.);
#2619=ORIENTED_EDGE('',*,*,#1874,.F.);
#2620=ORIENTED_EDGE('',*,*,#1847,.F.);
#2621=ORIENTED_EDGE('',*,*,#1874,.T.);
#2622=ORIENTED_EDGE('',*,*,#1868,.T.);
#2623=ORIENTED_EDGE('',*,*,#1875,.F.);
#2624=ORIENTED_EDGE('',*,*,#1848,.F.);
#2625=ORIENTED_EDGE('',*,*,#1875,.T.);
#2626=ORIENTED_EDGE('',*,*,#1867,.T.);
#2627=ORIENTED_EDGE('',*,*,#1876,.F.);
#2628=ORIENTED_EDGE('',*,*,#1849,.F.);
#2629=ORIENTED_EDGE('',*,*,#1876,.T.);
#2630=ORIENTED_EDGE('',*,*,#1866,.T.);
#2631=ORIENTED_EDGE('',*,*,#1877,.F.);
#2632=ORIENTED_EDGE('',*,*,#1850,.F.);
#2633=ORIENTED_EDGE('',*,*,#1877,.T.);
#2634=ORIENTED_EDGE('',*,*,#1865,.T.);
#2635=ORIENTED_EDGE('',*,*,#1878,.F.);
#2636=ORIENTED_EDGE('',*,*,#1843,.F.);
#2637=ORIENTED_EDGE('',*,*,#1878,.T.);
#2638=ORIENTED_EDGE('',*,*,#1864,.T.);
#2639=ORIENTED_EDGE('',*,*,#1871,.F.);
#2640=ORIENTED_EDGE('',*,*,#1879,.T.);
#2641=ORIENTED_EDGE('',*,*,#1800,.T.);
#2642=ORIENTED_EDGE('',*,*,#1772,.F.);
#2643=ORIENTED_EDGE('',*,*,#1780,.T.);
#2644=ORIENTED_EDGE('',*,*,#1658,.T.);
#2645=ORIENTED_EDGE('',*,*,#1799,.T.);
#2646=ORIENTED_EDGE('',*,*,#1842,.F.);
#2647=ORIENTED_EDGE('',*,*,#1880,.T.);
#2648=ORIENTED_EDGE('',*,*,#1801,.F.);
#2649=ORIENTED_EDGE('',*,*,#1880,.F.);
#2650=ORIENTED_EDGE('',*,*,#1841,.F.);
#2651=ORIENTED_EDGE('',*,*,#1881,.T.);
#2652=ORIENTED_EDGE('',*,*,#1797,.F.);
#2653=ORIENTED_EDGE('',*,*,#1879,.F.);
#2654=ORIENTED_EDGE('',*,*,#1798,.F.);
#2655=ORIENTED_EDGE('',*,*,#1881,.F.);
#2656=ORIENTED_EDGE('',*,*,#1882,.F.);
#2657=ORIENTED_EDGE('',*,*,#1496,.F.);
#2658=ORIENTED_EDGE('',*,*,#1883,.T.);
#2659=ORIENTED_EDGE('',*,*,#1882,.T.);
#2660=ORIENTED_EDGE('',*,*,#1883,.F.);
#2661=ORIENTED_EDGE('',*,*,#1884,.F.);
#2662=ORIENTED_EDGE('',*,*,#1494,.F.);
#2663=ORIENTED_EDGE('',*,*,#1885,.T.);
#2664=ORIENTED_EDGE('',*,*,#1884,.T.);
#2665=ORIENTED_EDGE('',*,*,#1885,.F.);
#2666=ORIENTED_EDGE('',*,*,#1886,.F.);
#2667=ORIENTED_EDGE('',*,*,#1492,.F.);
#2668=ORIENTED_EDGE('',*,*,#1887,.T.);
#2669=ORIENTED_EDGE('',*,*,#1886,.T.);
#2670=ORIENTED_EDGE('',*,*,#1887,.F.);
#2671=ORIENTED_EDGE('',*,*,#1888,.F.);
#2672=ORIENTED_EDGE('',*,*,#1490,.F.);
#2673=ORIENTED_EDGE('',*,*,#1889,.T.);
#2674=ORIENTED_EDGE('',*,*,#1888,.T.);
#2675=ORIENTED_EDGE('',*,*,#1889,.F.);
#2676=ORIENTED_EDGE('',*,*,#1768,.F.);
#2677=ORIENTED_EDGE('',*,*,#1693,.T.);
#2678=ORIENTED_EDGE('',*,*,#1683,.T.);
#2679=ORIENTED_EDGE('',*,*,#1783,.F.);
#2680=ORIENTED_EDGE('',*,*,#1890,.T.);
#2681=ORIENTED_EDGE('',*,*,#1770,.F.);
#2682=ORIENTED_EDGE('',*,*,#1890,.F.);
#2683=ORIENTED_EDGE('',*,*,#1785,.F.);
#2684=ORIENTED_EDGE('',*,*,#1655,.F.);
#2685=ORIENTED_EDGE('',*,*,#1654,.F.);
#2686=ORIENTED_EDGE('',*,*,#1787,.F.);
#2687=ORIENTED_EDGE('',*,*,#1791,.F.);
#2688=ORIENTED_EDGE('',*,*,#1789,.F.);
#2689=ORIENTED_EDGE('',*,*,#1836,.F.);
#2690=ORIENTED_EDGE('',*,*,#1835,.T.);
#2691=ORIENTED_EDGE('',*,*,#1832,.F.);
#2692=ORIENTED_EDGE('',*,*,#1781,.T.);
#2693=PLANE('',#2922);
#2694=PLANE('',#2925);
#2695=PLANE('',#2928);
#2696=PLANE('',#2931);
#2697=PLANE('',#2934);
#2698=PLANE('',#2978);
#2699=PLANE('',#2984);
#2700=PLANE('',#2989);
#2701=PLANE('',#2995);
#2702=PLANE('',#3083);
#2703=PLANE('',#3087);
#2704=PLANE('',#3088);
#2705=PLANE('',#3091);
#2706=PLANE('',#3092);
#2707=PLANE('',#3093);
#2708=PLANE('',#3094);
#2709=PLANE('',#3095);
#2710=PLANE('',#3099);
#2711=PLANE('',#3100);
#2712=PLANE('',#3104);
#2713=PLANE('',#3109);
#2714=PLANE('',#3110);
#2715=PLANE('',#3111);
#2716=PLANE('',#3112);
#2717=PLANE('',#3125);
#2718=PLANE('',#3126);
#2719=PLANE('',#3127);
#2720=PLANE('',#3128);
#2721=PLANE('',#3129);
#2722=PLANE('',#3133);
#2723=PLANE('',#3137);
#2724=PLANE('',#3140);
#2725=PLANE('',#3142);
#2726=PLANE('',#3143);
#2727=PLANE('',#3151);
#2728=PLANE('',#3157);
#2729=PLANE('',#3167);
#2730=PLANE('',#3173);
#2731=PLANE('',#3175);
#2732=PLANE('',#3177);
#2733=PLANE('',#3180);
#2734=PLANE('',#3183);
#2735=PLANE('',#3191);
#2736=PLANE('',#3194);
#2737=PLANE('',#3195);
#2738=PLANE('',#3196);
#2739=PLANE('',#3197);
#2740=PLANE('',#3198);
#2741=PLANE('',#3205);
#2742=PLANE('',#3210);
#2743=PLANE('',#3213);
#2744=PLANE('',#3216);
#2745=PLANE('',#3222);
#2746=PLANE('',#3224);
#2747=PLANE('',#3226);
#2748=PLANE('',#3228);
#2749=PLANE('',#3232);
#2750=PLANE('',#3235);
#2751=PLANE('',#3238);
#2752=PLANE('',#3241);
#2753=PLANE('',#3245);
#2754=ADVANCED_FACE('',(#657,#559),#2693,.F.);
#2755=ADVANCED_FACE('',(#658,#560),#2694,.F.);
#2756=ADVANCED_FACE('',(#659,#561),#2695,.F.);
#2757=ADVANCED_FACE('',(#660,#562),#2696,.F.);
#2758=ADVANCED_FACE('',(#661,#563,#564,#565,#566,#567,#568,#569,#570,#571,
#572,#573,#574,#575,#576,#577,#578,#579,#580,#581,#582,#583,#584,#585,#586,
#587,#588,#589,#590,#591,#592,#593,#594,#595,#596,#597),#2697,.F.);
#2759=ADVANCED_FACE('',(#662),#39,.F.);
#2760=ADVANCED_FACE('',(#663,#598),#2698,.F.);
#2761=ADVANCED_FACE('',(#664),#40,.T.);
#2762=ADVANCED_FACE('',(#665),#41,.F.);
#2763=ADVANCED_FACE('',(#666,#599),#2699,.F.);
#2764=ADVANCED_FACE('',(#667),#42,.F.);
#2765=ADVANCED_FACE('',(#668),#43,.F.);
#2766=ADVANCED_FACE('',(#669,#600),#2700,.F.);
#2767=ADVANCED_FACE('',(#670),#44,.T.);
#2768=ADVANCED_FACE('',(#671),#45,.F.);
#2769=ADVANCED_FACE('',(#672,#601),#2701,.F.);
#2770=ADVANCED_FACE('',(#673),#46,.F.);
#2771=ADVANCED_FACE('',(#674),#47,.F.);
#2772=ADVANCED_FACE('',(#675),#48,.F.);
#2773=ADVANCED_FACE('',(#676),#49,.F.);
#2774=ADVANCED_FACE('',(#677),#50,.F.);
#2775=ADVANCED_FACE('',(#678),#51,.F.);
#2776=ADVANCED_FACE('',(#679),#52,.F.);
#2777=ADVANCED_FACE('',(#680),#53,.F.);
#2778=ADVANCED_FACE('',(#681),#54,.F.);
#2779=ADVANCED_FACE('',(#682),#55,.F.);
#2780=ADVANCED_FACE('',(#683),#56,.F.);
#2781=ADVANCED_FACE('',(#684),#57,.F.);
#2782=ADVANCED_FACE('',(#685),#58,.F.);
#2783=ADVANCED_FACE('',(#686),#59,.F.);
#2784=ADVANCED_FACE('',(#687),#60,.F.);
#2785=ADVANCED_FACE('',(#688),#61,.F.);
#2786=ADVANCED_FACE('',(#689),#62,.F.);
#2787=ADVANCED_FACE('',(#690),#63,.F.);
#2788=ADVANCED_FACE('',(#691),#64,.F.);
#2789=ADVANCED_FACE('',(#692),#65,.F.);
#2790=ADVANCED_FACE('',(#693),#66,.F.);
#2791=ADVANCED_FACE('',(#694),#67,.F.);
#2792=ADVANCED_FACE('',(#695),#68,.F.);
#2793=ADVANCED_FACE('',(#696),#69,.F.);
#2794=ADVANCED_FACE('',(#697),#70,.F.);
#2795=ADVANCED_FACE('',(#698),#71,.F.);
#2796=ADVANCED_FACE('',(#699),#72,.F.);
#2797=ADVANCED_FACE('',(#700),#73,.F.);
#2798=ADVANCED_FACE('',(#701),#74,.F.);
#2799=ADVANCED_FACE('',(#702),#75,.F.);
#2800=ADVANCED_FACE('',(#703),#76,.F.);
#2801=ADVANCED_FACE('',(#704),#77,.F.);
#2802=ADVANCED_FACE('',(#705),#78,.F.);
#2803=ADVANCED_FACE('',(#706),#79,.F.);
#2804=ADVANCED_FACE('',(#707),#80,.F.);
#2805=ADVANCED_FACE('',(#708),#81,.F.);
#2806=ADVANCED_FACE('',(#709),#82,.F.);
#2807=ADVANCED_FACE('',(#710),#83,.F.);
#2808=ADVANCED_FACE('',(#711),#84,.T.);
#2809=ADVANCED_FACE('',(#712),#85,.T.);
#2810=ADVANCED_FACE('',(#713),#24,.T.);
#2811=ADVANCED_FACE('',(#714),#86,.T.);
#2812=ADVANCED_FACE('',(#715),#25,.T.);
#2813=ADVANCED_FACE('',(#716,#602,#603,#604,#605,#606,#607,#608,#609,#610,
#611,#612,#613,#614,#615,#616,#617,#618,#619,#620,#621,#622,#623,#624,#625,
#626,#627,#628,#629,#630,#631,#632,#633,#634,#635,#636),#2702,.T.);
#2814=ADVANCED_FACE('',(#717,#637,#638),#22,.T.);
#2815=ADVANCED_FACE('',(#718),#2703,.F.);
#2816=ADVANCED_FACE('',(#719),#2704,.T.);
#2817=ADVANCED_FACE('',(#720),#2705,.F.);
#2818=ADVANCED_FACE('',(#721),#2706,.F.);
#2819=ADVANCED_FACE('',(#722),#2707,.F.);
#2820=ADVANCED_FACE('',(#723),#2708,.F.);
#2821=ADVANCED_FACE('',(#724),#2709,.T.);
#2822=ADVANCED_FACE('',(#725),#87,.F.);
#2823=ADVANCED_FACE('',(#726),#2710,.F.);
#2824=ADVANCED_FACE('',(#727),#2711,.F.);
#2825=ADVANCED_FACE('',(#728),#88,.T.);
#2826=ADVANCED_FACE('',(#729),#2712,.F.);
#2827=ADVANCED_FACE('',(#730),#89,.F.);
#2828=ADVANCED_FACE('',(#731),#90,.T.);
#2829=ADVANCED_FACE('',(#732),#2713,.F.);
#2830=ADVANCED_FACE('',(#733),#2714,.F.);
#2831=ADVANCED_FACE('',(#734),#2715,.F.);
#2832=ADVANCED_FACE('',(#735,#639,#640,#641,#642),#2716,.T.);
#2833=ADVANCED_FACE('',(#736),#2717,.F.);
#2834=ADVANCED_FACE('',(#737),#2718,.F.);
#2835=ADVANCED_FACE('',(#738),#2719,.F.);
#2836=ADVANCED_FACE('',(#739),#2720,.T.);
#2837=ADVANCED_FACE('',(#740),#2721,.T.);
#2838=ADVANCED_FACE('',(#741),#20,.T.);
#2839=ADVANCED_FACE('',(#742),#2722,.T.);
#2840=ADVANCED_FACE('',(#743),#21,.T.);
#2841=ADVANCED_FACE('',(#744),#2723,.T.);
#2842=ADVANCED_FACE('',(#745),#91,.T.);
#2843=ADVANCED_FACE('',(#746),#2724,.T.);
#2844=ADVANCED_FACE('',(#747),#2725,.T.);
#2845=ADVANCED_FACE('',(#748),#2726,.T.);
#2846=ADVANCED_FACE('',(#749),#92,.T.);
#2847=ADVANCED_FACE('',(#750),#93,.T.);
#2848=ADVANCED_FACE('',(#751),#94,.T.);
#2849=ADVANCED_FACE('',(#752,#643,#644,#645,#646,#647,#648,#649),#2727,
 .F.);
#2850=ADVANCED_FACE('',(#753,#650,#651),#2728,.T.);
#2851=ADVANCED_FACE('',(#754),#95,.F.);
#2852=ADVANCED_FACE('',(#755,#652),#2729,.T.);
#2853=ADVANCED_FACE('',(#756),#96,.F.);
#2854=ADVANCED_FACE('',(#757),#2730,.F.);
#2855=ADVANCED_FACE('',(#758),#97,.F.);
#2856=ADVANCED_FACE('',(#759),#2731,.F.);
#2857=ADVANCED_FACE('',(#760),#98,.F.);
#2858=ADVANCED_FACE('',(#761),#2732,.F.);
#2859=ADVANCED_FACE('',(#762),#99,.F.);
#2860=ADVANCED_FACE('',(#763),#100,.F.);
#2861=ADVANCED_FACE('',(#764),#2733,.F.);
#2862=ADVANCED_FACE('',(#765),#101,.F.);
#2863=ADVANCED_FACE('',(#766),#102,.F.);
#2864=ADVANCED_FACE('',(#767),#2734,.F.);
#2865=ADVANCED_FACE('',(#768),#103,.F.);
#2866=ADVANCED_FACE('',(#769),#104,.F.);
#2867=ADVANCED_FACE('',(#770),#105,.F.);
#2868=ADVANCED_FACE('',(#771),#106,.F.);
#2869=ADVANCED_FACE('',(#772),#107,.F.);
#2870=ADVANCED_FACE('',(#773),#108,.F.);
#2871=ADVANCED_FACE('',(#774),#2735,.F.);
#2872=ADVANCED_FACE('',(#775),#23,.F.);
#2873=ADVANCED_FACE('',(#776),#2736,.F.);
#2874=ADVANCED_FACE('',(#777),#2737,.F.);
#2875=ADVANCED_FACE('',(#778),#2738,.F.);
#2876=ADVANCED_FACE('',(#779),#2739,.F.);
#2877=ADVANCED_FACE('',(#780,#653,#654,#655),#2740,.F.);
#2878=ADVANCED_FACE('',(#781),#2741,.F.);
#2879=ADVANCED_FACE('',(#782),#109,.F.);
#2880=ADVANCED_FACE('',(#783),#110,.T.);
#2881=ADVANCED_FACE('',(#784),#2742,.F.);
#2882=ADVANCED_FACE('',(#785),#111,.F.);
#2883=ADVANCED_FACE('',(#786),#2743,.F.);
#2884=ADVANCED_FACE('',(#787),#112,.T.);
#2885=ADVANCED_FACE('',(#788,#656),#2744,.T.);
#2886=ADVANCED_FACE('',(#789),#113,.F.);
#2887=ADVANCED_FACE('',(#790),#2745,.F.);
#2888=ADVANCED_FACE('',(#791),#114,.F.);
#2889=ADVANCED_FACE('',(#792),#2746,.F.);
#2890=ADVANCED_FACE('',(#793),#115,.F.);
#2891=ADVANCED_FACE('',(#794),#2747,.F.);
#2892=ADVANCED_FACE('',(#795),#116,.F.);
#2893=ADVANCED_FACE('',(#796),#2748,.F.);
#2894=ADVANCED_FACE('',(#797),#117,.T.);
#2895=ADVANCED_FACE('',(#798),#118,.F.);
#2896=ADVANCED_FACE('',(#799),#119,.F.);
#2897=ADVANCED_FACE('',(#800),#2749,.T.);
#2898=ADVANCED_FACE('',(#801),#120,.F.);
#2899=ADVANCED_FACE('',(#802),#2750,.T.);
#2900=ADVANCED_FACE('',(#803),#121,.F.);
#2901=ADVANCED_FACE('',(#804),#2751,.T.);
#2902=ADVANCED_FACE('',(#805),#122,.F.);
#2903=ADVANCED_FACE('',(#806),#2752,.T.);
#2904=ADVANCED_FACE('',(#807),#123,.F.);
#2905=ADVANCED_FACE('',(#808),#124,.T.);
#2906=ADVANCED_FACE('',(#809),#2753,.T.);
#2907=CLOSED_SHELL('',(#2754,#2755,#2756,#2757,#2758,#2759,#2760,#2761,
#2762,#2763,#2764,#2765,#2766,#2767,#2768,#2769,#2770,#2771,#2772,#2773,
#2774,#2775,#2776,#2777,#2778,#2779,#2780,#2781,#2782,#2783,#2784,#2785,
#2786,#2787,#2788,#2789,#2790,#2791,#2792,#2793,#2794,#2795,#2796,#2797,
#2798,#2799,#2800,#2801,#2802,#2803,#2804,#2805,#2806,#2807,#2808,#2809,
#2810,#2811,#2812,#2813,#2814,#2815,#2816,#2817,#2818,#2819,#2820,#2821,
#2822,#2823,#2824,#2825,#2826,#2827,#2828,#2829,#2830,#2831,#2832,#2833,
#2834,#2835,#2836,#2837,#2838,#2839,#2840,#2841,#2842,#2843,#2844,#2845,
#2846,#2847,#2848,#2849,#2850,#2851,#2852,#2853,#2854,#2855,#2856,#2857,
#2858,#2859,#2860,#2861,#2862,#2863,#2864,#2865,#2866,#2867,#2868,#2869,
#2870,#2871,#2872,#2873,#2874,#2875,#2876,#2877,#2878,#2879,#2880,#2881,
#2882,#2883,#2884,#2885,#2886,#2887,#2888,#2889,#2890,#2891,#2892,#2893,
#2894,#2895,#2896,#2897,#2898,#2899,#2900,#2901,#2902,#2903,#2904,#2905,
#2906));
#2908=DERIVED_UNIT_ELEMENT(#2910,1.);
#2909=DERIVED_UNIT_ELEMENT(#5140,-3.);
#2910=(
MASS_UNIT()
NAMED_UNIT(*)
SI_UNIT(.KILO.,.GRAM.)
);
#2911=DERIVED_UNIT((#2908,#2909));
#2912=MEASURE_REPRESENTATION_ITEM('density measure',
POSITIVE_RATIO_MEASURE(7850.),#2911);
#2913=PROPERTY_DEFINITION_REPRESENTATION(#2918,#2915);
#2914=PROPERTY_DEFINITION_REPRESENTATION(#2919,#2916);
#2915=REPRESENTATION('material name',(#2917),#5137);
#2916=REPRESENTATION('density',(#2912),#5137);
#2917=DESCRIPTIVE_REPRESENTATION_ITEM('Steel','Steel');
#2918=PROPERTY_DEFINITION('material property','material name',#5152);
#2919=PROPERTY_DEFINITION('material property','density of part',#5152);
#2920=AXIS2_PLACEMENT_3D('',#4118,#3247,#3248);
#2921=AXIS2_PLACEMENT_3D('',#4119,#3249,#3250);
#2922=AXIS2_PLACEMENT_3D('',#4120,#3251,#3252);
#2923=AXIS2_PLACEMENT_3D('',#4122,#3253,#3254);
#2924=AXIS2_PLACEMENT_3D('',#4124,#3255,#3256);
#2925=AXIS2_PLACEMENT_3D('',#4125,#3257,#3258);
#2926=AXIS2_PLACEMENT_3D('',#4127,#3259,#3260);
#2927=AXIS2_PLACEMENT_3D('',#4129,#3261,#3262);
#2928=AXIS2_PLACEMENT_3D('',#4130,#3263,#3264);
#2929=AXIS2_PLACEMENT_3D('',#4132,#3265,#3266);
#2930=AXIS2_PLACEMENT_3D('',#4134,#3267,#3268);
#2931=AXIS2_PLACEMENT_3D('',#4135,#3269,#3270);
#2932=AXIS2_PLACEMENT_3D('',#4137,#3271,#3272);
#2933=AXIS2_PLACEMENT_3D('',#4139,#3273,#3274);
#2934=AXIS2_PLACEMENT_3D('',#4140,#3275,#3276);
#2935=AXIS2_PLACEMENT_3D('',#4143,#3277,#3278);
#2936=AXIS2_PLACEMENT_3D('',#4147,#3280,#3281);
#2937=AXIS2_PLACEMENT_3D('',#4151,#3283,#3284);
#2938=AXIS2_PLACEMENT_3D('',#4155,#3286,#3287);
#2939=AXIS2_PLACEMENT_3D('',#4171,#3295,#3296);
#2940=AXIS2_PLACEMENT_3D('',#4175,#3298,#3299);
#2941=AXIS2_PLACEMENT_3D('',#4178,#3301,#3302);
#2942=AXIS2_PLACEMENT_3D('',#4180,#3303,#3304);
#2943=AXIS2_PLACEMENT_3D('',#4182,#3305,#3306);
#2944=AXIS2_PLACEMENT_3D('',#4184,#3307,#3308);
#2945=AXIS2_PLACEMENT_3D('',#4186,#3309,#3310);
#2946=AXIS2_PLACEMENT_3D('',#4188,#3311,#3312);
#2947=AXIS2_PLACEMENT_3D('',#4190,#3313,#3314);
#2948=AXIS2_PLACEMENT_3D('',#4192,#3315,#3316);
#2949=AXIS2_PLACEMENT_3D('',#4194,#3317,#3318);
#2950=AXIS2_PLACEMENT_3D('',#4196,#3319,#3320);
#2951=AXIS2_PLACEMENT_3D('',#4198,#3321,#3322);
#2952=AXIS2_PLACEMENT_3D('',#4200,#3323,#3324);
#2953=AXIS2_PLACEMENT_3D('',#4202,#3325,#3326);
#2954=AXIS2_PLACEMENT_3D('',#4204,#3327,#3328);
#2955=AXIS2_PLACEMENT_3D('',#4206,#3329,#3330);
#2956=AXIS2_PLACEMENT_3D('',#4208,#3331,#3332);
#2957=AXIS2_PLACEMENT_3D('',#4210,#3333,#3334);
#2958=AXIS2_PLACEMENT_3D('',#4212,#3335,#3336);
#2959=AXIS2_PLACEMENT_3D('',#4214,#3337,#3338);
#2960=AXIS2_PLACEMENT_3D('',#4216,#3339,#3340);
#2961=AXIS2_PLACEMENT_3D('',#4218,#3341,#3342);
#2962=AXIS2_PLACEMENT_3D('',#4220,#3343,#3344);
#2963=AXIS2_PLACEMENT_3D('',#4222,#3345,#3346);
#2964=AXIS2_PLACEMENT_3D('',#4224,#3347,#3348);
#2965=AXIS2_PLACEMENT_3D('',#4226,#3349,#3350);
#2966=AXIS2_PLACEMENT_3D('',#4228,#3351,#3352);
#2967=AXIS2_PLACEMENT_3D('',#4230,#3353,#3354);
#2968=AXIS2_PLACEMENT_3D('',#4232,#3355,#3356);
#2969=AXIS2_PLACEMENT_3D('',#4234,#3357,#3358);
#2970=AXIS2_PLACEMENT_3D('',#4236,#3359,#3360);
#2971=AXIS2_PLACEMENT_3D('',#4238,#3361,#3362);
#2972=AXIS2_PLACEMENT_3D('',#4240,#3363,#3364);
#2973=AXIS2_PLACEMENT_3D('',#4242,#3365,#3366);
#2974=AXIS2_PLACEMENT_3D('',#4244,#3367,#3368);
#2975=AXIS2_PLACEMENT_3D('',#4246,#3369,#3370);
#2976=AXIS2_PLACEMENT_3D('',#4247,#3371,#3372);
#2977=AXIS2_PLACEMENT_3D('',#4250,#3374,#3375);
#2978=AXIS2_PLACEMENT_3D('',#4251,#3376,#3377);
#2979=AXIS2_PLACEMENT_3D('',#4253,#3378,#3379);
#2980=AXIS2_PLACEMENT_3D('',#4254,#3380,#3381);
#2981=AXIS2_PLACEMENT_3D('',#4266,#3382,#3383);
#2982=AXIS2_PLACEMENT_3D('',#4267,#3384,#3385);
#2983=AXIS2_PLACEMENT_3D('',#4270,#3387,#3388);
#2984=AXIS2_PLACEMENT_3D('',#4271,#3389,#3390);
#2985=AXIS2_PLACEMENT_3D('',#4272,#3391,#3392);
#2986=AXIS2_PLACEMENT_3D('',#4273,#3393,#3394);
#2987=AXIS2_PLACEMENT_3D('',#4306,#3395,#3396);
#2988=AXIS2_PLACEMENT_3D('',#4309,#3398,#3399);
#2989=AXIS2_PLACEMENT_3D('',#4310,#3400,#3401);
#2990=AXIS2_PLACEMENT_3D('',#4312,#3402,#3403);
#2991=AXIS2_PLACEMENT_3D('',#4313,#3404,#3405);
#2992=AXIS2_PLACEMENT_3D('',#4325,#3406,#3407);
#2993=AXIS2_PLACEMENT_3D('',#4326,#3408,#3409);
#2994=AXIS2_PLACEMENT_3D('',#4329,#3411,#3412);
#2995=AXIS2_PLACEMENT_3D('',#4330,#3413,#3414);
#2996=AXIS2_PLACEMENT_3D('',#4331,#3415,#3416);
#2997=AXIS2_PLACEMENT_3D('',#4332,#3417,#3418);
#2998=AXIS2_PLACEMENT_3D('',#4363,#3419,#3420);
#2999=AXIS2_PLACEMENT_3D('',#4365,#3421,#3422);
#3000=AXIS2_PLACEMENT_3D('',#4367,#3424,#3425);
#3001=AXIS2_PLACEMENT_3D('',#4369,#3426,#3427);
#3002=AXIS2_PLACEMENT_3D('',#4371,#3429,#3430);
#3003=AXIS2_PLACEMENT_3D('',#4373,#3431,#3432);
#3004=AXIS2_PLACEMENT_3D('',#4375,#3434,#3435);
#3005=AXIS2_PLACEMENT_3D('',#4377,#3436,#3437);
#3006=AXIS2_PLACEMENT_3D('',#4379,#3439,#3440);
#3007=AXIS2_PLACEMENT_3D('',#4381,#3441,#3442);
#3008=AXIS2_PLACEMENT_3D('',#4383,#3444,#3445);
#3009=AXIS2_PLACEMENT_3D('',#4385,#3446,#3447);
#3010=AXIS2_PLACEMENT_3D('',#4387,#3449,#3450);
#3011=AXIS2_PLACEMENT_3D('',#4389,#3451,#3452);
#3012=AXIS2_PLACEMENT_3D('',#4391,#3454,#3455);
#3013=AXIS2_PLACEMENT_3D('',#4393,#3456,#3457);
#3014=AXIS2_PLACEMENT_3D('',#4395,#3459,#3460);
#3015=AXIS2_PLACEMENT_3D('',#4397,#3461,#3462);
#3016=AXIS2_PLACEMENT_3D('',#4399,#3464,#3465);
#3017=AXIS2_PLACEMENT_3D('',#4401,#3466,#3467);
#3018=AXIS2_PLACEMENT_3D('',#4403,#3469,#3470);
#3019=AXIS2_PLACEMENT_3D('',#4405,#3471,#3472);
#3020=AXIS2_PLACEMENT_3D('',#4407,#3474,#3475);
#3021=AXIS2_PLACEMENT_3D('',#4409,#3476,#3477);
#3022=AXIS2_PLACEMENT_3D('',#4411,#3479,#3480);
#3023=AXIS2_PLACEMENT_3D('',#4413,#3481,#3482);
#3024=AXIS2_PLACEMENT_3D('',#4415,#3484,#3485);
#3025=AXIS2_PLACEMENT_3D('',#4417,#3486,#3487);
#3026=AXIS2_PLACEMENT_3D('',#4419,#3489,#3490);
#3027=AXIS2_PLACEMENT_3D('',#4421,#3491,#3492);
#3028=AXIS2_PLACEMENT_3D('',#4423,#3494,#3495);
#3029=AXIS2_PLACEMENT_3D('',#4425,#3496,#3497);
#3030=AXIS2_PLACEMENT_3D('',#4427,#3499,#3500);
#3031=AXIS2_PLACEMENT_3D('',#4429,#3501,#3502);
#3032=AXIS2_PLACEMENT_3D('',#4431,#3504,#3505);
#3033=AXIS2_PLACEMENT_3D('',#4433,#3506,#3507);
#3034=AXIS2_PLACEMENT_3D('',#4435,#3509,#3510);
#3035=AXIS2_PLACEMENT_3D('',#4437,#3511,#3512);
#3036=AXIS2_PLACEMENT_3D('',#4439,#3514,#3515);
#3037=AXIS2_PLACEMENT_3D('',#4441,#3516,#3517);
#3038=AXIS2_PLACEMENT_3D('',#4443,#3519,#3520);
#3039=AXIS2_PLACEMENT_3D('',#4445,#3521,#3522);
#3040=AXIS2_PLACEMENT_3D('',#4447,#3524,#3525);
#3041=AXIS2_PLACEMENT_3D('',#4449,#3526,#3527);
#3042=AXIS2_PLACEMENT_3D('',#4451,#3529,#3530);
#3043=AXIS2_PLACEMENT_3D('',#4453,#3531,#3532);
#3044=AXIS2_PLACEMENT_3D('',#4455,#3534,#3535);
#3045=AXIS2_PLACEMENT_3D('',#4457,#3536,#3537);
#3046=AXIS2_PLACEMENT_3D('',#4459,#3539,#3540);
#3047=AXIS2_PLACEMENT_3D('',#4461,#3541,#3542);
#3048=AXIS2_PLACEMENT_3D('',#4463,#3544,#3545);
#3049=AXIS2_PLACEMENT_3D('',#4465,#3546,#3547);
#3050=AXIS2_PLACEMENT_3D('',#4467,#3549,#3550);
#3051=AXIS2_PLACEMENT_3D('',#4469,#3551,#3552);
#3052=AXIS2_PLACEMENT_3D('',#4471,#3554,#3555);
#3053=AXIS2_PLACEMENT_3D('',#4473,#3556,#3557);
#3054=AXIS2_PLACEMENT_3D('',#4475,#3559,#3560);
#3055=AXIS2_PLACEMENT_3D('',#4477,#3561,#3562);
#3056=AXIS2_PLACEMENT_3D('',#4479,#3564,#3565);
#3057=AXIS2_PLACEMENT_3D('',#4481,#3566,#3567);
#3058=AXIS2_PLACEMENT_3D('',#4483,#3569,#3570);
#3059=AXIS2_PLACEMENT_3D('',#4485,#3571,#3572);
#3060=AXIS2_PLACEMENT_3D('',#4487,#3574,#3575);
#3061=AXIS2_PLACEMENT_3D('',#4489,#3576,#3577);
#3062=AXIS2_PLACEMENT_3D('',#4491,#3579,#3580);
#3063=AXIS2_PLACEMENT_3D('',#4493,#3581,#3582);
#3064=AXIS2_PLACEMENT_3D('',#4495,#3584,#3585);
#3065=AXIS2_PLACEMENT_3D('',#4497,#3586,#3587);
#3066=AXIS2_PLACEMENT_3D('',#4499,#3589,#3590);
#3067=AXIS2_PLACEMENT_3D('',#4501,#3591,#3592);
#3068=AXIS2_PLACEMENT_3D('',#4503,#3594,#3595);
#3069=AXIS2_PLACEMENT_3D('',#4557,#3597,#3598);
#3070=AXIS2_PLACEMENT_3D('',#4611,#3600,#3601);
#3071=AXIS2_PLACEMENT_3D('',#4614,#3602,#3603);
#3072=AXIS2_PLACEMENT_3D('',#4619,#3606,#3607);
#3073=AXIS2_PLACEMENT_3D('',#4621,#3609,#3610);
#3074=AXIS2_PLACEMENT_3D('',#4626,#3612,#3613);
#3075=AXIS2_PLACEMENT_3D('',#4630,#3616,#3617);
#3076=AXIS2_PLACEMENT_3D('',#4631,#3618,#3619);
#3077=AXIS2_PLACEMENT_3D('',#4633,#3620,#3621);
#3078=AXIS2_PLACEMENT_3D('',#4634,#3622,#3623);
#3079=AXIS2_PLACEMENT_3D('',#4635,#3624,#3625);
#3080=AXIS2_PLACEMENT_3D('',#4639,#3628,#3629);
#3081=AXIS2_PLACEMENT_3D('',#4640,#3630,#3631);
#3082=AXIS2_PLACEMENT_3D('',#4641,#3632,#3633);
#3083=AXIS2_PLACEMENT_3D('',#4642,#3634,#3635);
#3084=AXIS2_PLACEMENT_3D('',#4643,#3636,#3637);
#3085=AXIS2_PLACEMENT_3D('',#4644,#3638,#3639);
#3086=AXIS2_PLACEMENT_3D('',#4645,#3640,#3641);
#3087=AXIS2_PLACEMENT_3D('',#4646,#3642,#3643);
#3088=AXIS2_PLACEMENT_3D('',#4655,#3648,#3649);
#3089=AXIS2_PLACEMENT_3D('',#4672,#3657,#3658);
#3090=AXIS2_PLACEMENT_3D('',#4676,#3660,#3661);
#3091=AXIS2_PLACEMENT_3D('',#4684,#3666,#3667);
#3092=AXIS2_PLACEMENT_3D('',#4691,#3672,#3673);
#3093=AXIS2_PLACEMENT_3D('',#4697,#3677,#3678);
#3094=AXIS2_PLACEMENT_3D('',#4701,#3682,#3683);
#3095=AXIS2_PLACEMENT_3D('',#4702,#3684,#3685);
#3096=AXIS2_PLACEMENT_3D('',#4708,#3689,#3690);
#3097=AXIS2_PLACEMENT_3D('',#4714,#3693,#3694);
#3098=AXIS2_PLACEMENT_3D('',#4719,#3697,#3698);
#3099=AXIS2_PLACEMENT_3D('',#4720,#3699,#3700);
#3100=AXIS2_PLACEMENT_3D('',#4726,#3704,#3705);
#3101=AXIS2_PLACEMENT_3D('',#4730,#3708,#3709);
#3102=AXIS2_PLACEMENT_3D('',#4734,#3711,#3712);
#3103=AXIS2_PLACEMENT_3D('',#4736,#3714,#3715);
#3104=AXIS2_PLACEMENT_3D('',#4737,#3716,#3717);
#3105=AXIS2_PLACEMENT_3D('',#4746,#3722,#3723);
#3106=AXIS2_PLACEMENT_3D('',#4750,#3726,#3727);
#3107=AXIS2_PLACEMENT_3D('',#4751,#3728,#3729);
#3108=AXIS2_PLACEMENT_3D('',#4755,#3732,#3733);
#3109=AXIS2_PLACEMENT_3D('',#4756,#3734,#3735);
#3110=AXIS2_PLACEMENT_3D('',#4758,#3737,#3738);
#3111=AXIS2_PLACEMENT_3D('',#4762,#3741,#3742);
#3112=AXIS2_PLACEMENT_3D('',#4767,#3746,#3747);
#3113=AXIS2_PLACEMENT_3D('',#4771,#3749,#3750);
#3114=AXIS2_PLACEMENT_3D('',#4775,#3752,#3753);
#3115=AXIS2_PLACEMENT_3D('',#4779,#3755,#3756);
#3116=AXIS2_PLACEMENT_3D('',#4783,#3758,#3759);
#3117=AXIS2_PLACEMENT_3D('',#4786,#3761,#3762);
#3118=AXIS2_PLACEMENT_3D('',#4790,#3764,#3765);
#3119=AXIS2_PLACEMENT_3D('',#4795,#3768,#3769);
#3120=AXIS2_PLACEMENT_3D('',#4798,#3771,#3772);
#3121=AXIS2_PLACEMENT_3D('',#4800,#3773,#3774);
#3122=AXIS2_PLACEMENT_3D('',#4802,#3775,#3776);
#3123=AXIS2_PLACEMENT_3D('',#4804,#3777,#3778);
#3124=AXIS2_PLACEMENT_3D('',#4806,#3779,#3780);
#3125=AXIS2_PLACEMENT_3D('',#4807,#3781,#3782);
#3126=AXIS2_PLACEMENT_3D('',#4811,#3785,#3786);
#3127=AXIS2_PLACEMENT_3D('',#4815,#3789,#3790);
#3128=AXIS2_PLACEMENT_3D('',#4818,#3793,#3794);
#3129=AXIS2_PLACEMENT_3D('',#4827,#3799,#3800);
#3130=AXIS2_PLACEMENT_3D('',#4833,#3804,#3805);
#3131=AXIS2_PLACEMENT_3D('',#4836,#3807,#3808);
#3132=AXIS2_PLACEMENT_3D('',#4837,#3809,#3810);
#3133=AXIS2_PLACEMENT_3D('',#4838,#3811,#3812);
#3134=AXIS2_PLACEMENT_3D('',#4842,#3815,#3816);
#3135=AXIS2_PLACEMENT_3D('',#4846,#3818,#3819);
#3136=AXIS2_PLACEMENT_3D('',#4847,#3820,#3821);
#3137=AXIS2_PLACEMENT_3D('',#4848,#3822,#3823);
#3138=AXIS2_PLACEMENT_3D('',#4851,#3826,#3827);
#3139=AXIS2_PLACEMENT_3D('',#4854,#3829,#3830);
#3140=AXIS2_PLACEMENT_3D('',#4855,#3831,#3832);
#3141=AXIS2_PLACEMENT_3D('',#4859,#3834,#3835);
#3142=AXIS2_PLACEMENT_3D('',#4879,#3841,#3842);
#3143=AXIS2_PLACEMENT_3D('',#4883,#3845,#3846);
#3144=AXIS2_PLACEMENT_3D('',#4884,#3847,#3848);
#3145=AXIS2_PLACEMENT_3D('',#4886,#3849,#3850);
#3146=AXIS2_PLACEMENT_3D('',#4889,#3853,#3854);
#3147=AXIS2_PLACEMENT_3D('',#4891,#3855,#3856);
#3148=AXIS2_PLACEMENT_3D('',#4893,#3858,#3859);
#3149=AXIS2_PLACEMENT_3D('',#4895,#3860,#3861);
#3150=AXIS2_PLACEMENT_3D('',#4898,#3863,#3864);
#3151=AXIS2_PLACEMENT_3D('',#4899,#3865,#3866);
#3152=AXIS2_PLACEMENT_3D('',#4902,#3868,#3869);
#3153=AXIS2_PLACEMENT_3D('',#4904,#3870,#3871);
#3154=AXIS2_PLACEMENT_3D('',#4906,#3872,#3873);
#3155=AXIS2_PLACEMENT_3D('',#4908,#3874,#3875);
#3156=AXIS2_PLACEMENT_3D('',#4910,#3876,#3877);
#3157=AXIS2_PLACEMENT_3D('',#4911,#3878,#3879);
#3158=AXIS2_PLACEMENT_3D('',#4914,#3880,#3881);
#3159=AXIS2_PLACEMENT_3D('',#4916,#3882,#3883);
#3160=AXIS2_PLACEMENT_3D('',#4920,#3886,#3887);
#3161=AXIS2_PLACEMENT_3D('',#4925,#3889,#3890);
#3162=AXIS2_PLACEMENT_3D('',#4927,#3891,#3892);
#3163=AXIS2_PLACEMENT_3D('',#4929,#3893,#3894);
#3164=AXIS2_PLACEMENT_3D('',#4932,#3896,#3897);
#3165=AXIS2_PLACEMENT_3D('',#4933,#3898,#3899);
#3166=AXIS2_PLACEMENT_3D('',#4935,#3900,#3901);
#3167=AXIS2_PLACEMENT_3D('',#4937,#3903,#3904);
#3168=AXIS2_PLACEMENT_3D('',#4942,#3906,#3907);
#3169=AXIS2_PLACEMENT_3D('',#4945,#3909,#3910);
#3170=AXIS2_PLACEMENT_3D('',#4947,#3911,#3912);
#3171=AXIS2_PLACEMENT_3D('',#4950,#3914,#3915);
#3172=AXIS2_PLACEMENT_3D('',#4951,#3916,#3917);
#3173=AXIS2_PLACEMENT_3D('',#4953,#3919,#3920);
#3174=AXIS2_PLACEMENT_3D('',#4955,#3922,#3923);
#3175=AXIS2_PLACEMENT_3D('',#4957,#3925,#3926);
#3176=AXIS2_PLACEMENT_3D('',#4959,#3928,#3929);
#3177=AXIS2_PLACEMENT_3D('',#4961,#3931,#3932);
#3178=AXIS2_PLACEMENT_3D('',#4963,#3934,#3935);
#3179=AXIS2_PLACEMENT_3D('',#4964,#3936,#3937);
#3180=AXIS2_PLACEMENT_3D('',#4967,#3940,#3941);
#3181=AXIS2_PLACEMENT_3D('',#4969,#3943,#3944);
#3182=AXIS2_PLACEMENT_3D('',#4970,#3945,#3946);
#3183=AXIS2_PLACEMENT_3D('',#4972,#3948,#3949);
#3184=AXIS2_PLACEMENT_3D('',#4974,#3951,#3952);
#3185=AXIS2_PLACEMENT_3D('',#4975,#3953,#3954);
#3186=AXIS2_PLACEMENT_3D('',#4977,#3956,#3957);
#3187=AXIS2_PLACEMENT_3D('',#4979,#3959,#3960);
#3188=AXIS2_PLACEMENT_3D('',#4981,#3962,#3963);
#3189=AXIS2_PLACEMENT_3D('',#4983,#3965,#3966);
#3190=AXIS2_PLACEMENT_3D('',#4985,#3967,#3968);
#3191=AXIS2_PLACEMENT_3D('',#4987,#3970,#3971);
#3192=AXIS2_PLACEMENT_3D('',#4989,#3972,#3973);
#3193=AXIS2_PLACEMENT_3D('',#4991,#3975,#3976);
#3194=AXIS2_PLACEMENT_3D('',#5002,#3977,#3978);
#3195=AXIS2_PLACEMENT_3D('',#5003,#3979,#3980);
#3196=AXIS2_PLACEMENT_3D('',#5005,#3982,#3983);
#3197=AXIS2_PLACEMENT_3D('',#5007,#3985,#3986);
#3198=AXIS2_PLACEMENT_3D('',#5009,#3988,#3989);
#3199=AXIS2_PLACEMENT_3D('',#5012,#3991,#3992);
#3200=AXIS2_PLACEMENT_3D('',#5014,#3993,#3994);
#3201=AXIS2_PLACEMENT_3D('',#5019,#3996,#3997);
#3202=AXIS2_PLACEMENT_3D('',#5023,#3999,#4000);
#3203=AXIS2_PLACEMENT_3D('',#5027,#4002,#4003);
#3204=AXIS2_PLACEMENT_3D('',#5030,#4005,#4006);
#3205=AXIS2_PLACEMENT_3D('',#5031,#4007,#4008);
#3206=AXIS2_PLACEMENT_3D('',#5032,#4009,#4010);
#3207=AXIS2_PLACEMENT_3D('',#5035,#4011,#4012);
#3208=AXIS2_PLACEMENT_3D('',#5038,#4015,#4016);
#3209=AXIS2_PLACEMENT_3D('',#5040,#4017,#4018);
#3210=AXIS2_PLACEMENT_3D('',#5042,#4020,#4021);
#3211=AXIS2_PLACEMENT_3D('',#5046,#4024,#4025);
#3212=AXIS2_PLACEMENT_3D('',#5048,#4026,#4027);
#3213=AXIS2_PLACEMENT_3D('',#5050,#4029,#4030);
#3214=AXIS2_PLACEMENT_3D('',#5054,#4033,#4034);
#3215=AXIS2_PLACEMENT_3D('',#5055,#4035,#4036);
#3216=AXIS2_PLACEMENT_3D('',#5056,#4037,#4038);
#3217=AXIS2_PLACEMENT_3D('',#5059,#4039,#4040);
#3218=AXIS2_PLACEMENT_3D('',#5063,#4042,#4043);
#3219=AXIS2_PLACEMENT_3D('',#5067,#4045,#4046);
#3220=AXIS2_PLACEMENT_3D('',#5071,#4048,#4049);
#3221=AXIS2_PLACEMENT_3D('',#5073,#4051,#4052);
#3222=AXIS2_PLACEMENT_3D('',#5076,#4055,#4056);
#3223=AXIS2_PLACEMENT_3D('',#5078,#4058,#4059);
#3224=AXIS2_PLACEMENT_3D('',#5080,#4061,#4062);
#3225=AXIS2_PLACEMENT_3D('',#5082,#4064,#4065);
#3226=AXIS2_PLACEMENT_3D('',#5084,#4067,#4068);
#3227=AXIS2_PLACEMENT_3D('',#5086,#4070,#4071);
#3228=AXIS2_PLACEMENT_3D('',#5088,#4073,#4074);
#3229=AXIS2_PLACEMENT_3D('',#5089,#4075,#4076);
#3230=AXIS2_PLACEMENT_3D('',#5105,#4077,#4078);
#3231=AXIS2_PLACEMENT_3D('',#5107,#4080,#4081);
#3232=AXIS2_PLACEMENT_3D('',#5109,#4083,#4084);
#3233=AXIS2_PLACEMENT_3D('',#5111,#4085,#4086);
#3234=AXIS2_PLACEMENT_3D('',#5112,#4087,#4088);
#3235=AXIS2_PLACEMENT_3D('',#5114,#4090,#4091);
#3236=AXIS2_PLACEMENT_3D('',#5116,#4092,#4093);
#3237=AXIS2_PLACEMENT_3D('',#5117,#4094,#4095);
#3238=AXIS2_PLACEMENT_3D('',#5119,#4097,#4098);
#3239=AXIS2_PLACEMENT_3D('',#5121,#4099,#4100);
#3240=AXIS2_PLACEMENT_3D('',#5122,#4101,#4102);
#3241=AXIS2_PLACEMENT_3D('',#5124,#4104,#4105);
#3242=AXIS2_PLACEMENT_3D('',#5126,#4106,#4107);
#3243=AXIS2_PLACEMENT_3D('',#5127,#4108,#4109);
#3244=AXIS2_PLACEMENT_3D('',#5129,#4111,#4112);
#3245=AXIS2_PLACEMENT_3D('',#5131,#4114,#4115);
#3246=AXIS2_PLACEMENT_3D('',#5132,#4116,#4117);
#3247=DIRECTION('axis',(0.,0.,1.));
#3248=DIRECTION('refdir',(1.,0.,0.));
#3249=DIRECTION('axis',(0.,0.,1.));
#3250=DIRECTION('refdir',(1.,0.,0.));
#3251=DIRECTION('center_axis',(1.,0.,0.));
#3252=DIRECTION('ref_axis',(0.,0.,-1.));
#3253=DIRECTION('center_axis',(-1.,0.,0.));
#3254=DIRECTION('ref_axis',(0.,0.,-1.));
#3255=DIRECTION('center_axis',(1.,0.,0.));
#3256=DIRECTION('ref_axis',(0.,0.,1.));
#3257=DIRECTION('center_axis',(1.,0.,0.));
#3258=DIRECTION('ref_axis',(0.,0.,-1.));
#3259=DIRECTION('center_axis',(-1.,0.,0.));
#3260=DIRECTION('ref_axis',(0.,0.,-1.));
#3261=DIRECTION('center_axis',(1.,0.,0.));
#3262=DIRECTION('ref_axis',(0.,0.,1.));
#3263=DIRECTION('center_axis',(1.,0.,0.));
#3264=DIRECTION('ref_axis',(0.,0.,-1.));
#3265=DIRECTION('center_axis',(-1.,0.,0.));
#3266=DIRECTION('ref_axis',(0.,0.,-1.));
#3267=DIRECTION('center_axis',(1.,0.,0.));
#3268=DIRECTION('ref_axis',(0.,0.,1.));
#3269=DIRECTION('center_axis',(1.,0.,0.));
#3270=DIRECTION('ref_axis',(0.,0.,-1.));
#3271=DIRECTION('center_axis',(-1.,0.,0.));
#3272=DIRECTION('ref_axis',(0.,0.,-1.));
#3273=DIRECTION('center_axis',(1.,0.,0.));
#3274=DIRECTION('ref_axis',(0.,0.,1.));
#3275=DIRECTION('center_axis',(1.,0.,0.));
#3276=DIRECTION('ref_axis',(0.,0.,-1.));
#3277=DIRECTION('center_axis',(-1.,0.,0.));
#3278=DIRECTION('ref_axis',(0.,-8.8817841970012E-15,1.));
#3279=DIRECTION('',(0.,1.,-7.74126747537715E-48));
#3280=DIRECTION('center_axis',(-1.,0.,0.));
#3281=DIRECTION('ref_axis',(0.,1.,1.07431669628019E-64));
#3282=DIRECTION('',(0.,0.,-1.));
#3283=DIRECTION('center_axis',(1.,0.,0.));
#3284=DIRECTION('ref_axis',(0.,0.,-1.));
#3285=DIRECTION('',(0.,1.,0.));
#3286=DIRECTION('center_axis',(-1.,0.,0.));
#3287=DIRECTION('ref_axis',(0.,0.,-1.));
#3288=DIRECTION('',(0.,0.,-1.));
#3289=DIRECTION('',(0.,1.,1.08633767045909E-15));
#3290=DIRECTION('',(0.,-1.86059529811064E-16,-1.));
#3291=DIRECTION('',(0.,-1.,3.05197167166436E-16));
#3292=DIRECTION('',(0.,9.76303805864504E-18,1.));
#3293=DIRECTION('',(0.,1.,1.66533453693774E-16));
#3294=DIRECTION('',(0.,2.82602219013891E-16,1.));
#3295=DIRECTION('center_axis',(-1.,0.,0.));
#3296=DIRECTION('ref_axis',(0.,0.,-1.));
#3297=DIRECTION('',(0.,1.,0.));
#3298=DIRECTION('center_axis',(1.,0.,0.));
#3299=DIRECTION('ref_axis',(0.,0.,-1.));
#3300=DIRECTION('',(0.,2.82602219013891E-16,1.));
#3301=DIRECTION('center_axis',(1.,0.,0.));
#3302=DIRECTION('ref_axis',(0.,0.,-1.));
#3303=DIRECTION('center_axis',(1.,0.,0.));
#3304=DIRECTION('ref_axis',(0.,0.,-1.));
#3305=DIRECTION('center_axis',(1.,0.,0.));
#3306=DIRECTION('ref_axis',(0.,0.,-1.));
#3307=DIRECTION('center_axis',(1.,0.,0.));
#3308=DIRECTION('ref_axis',(0.,0.,-1.));
#3309=DIRECTION('center_axis',(1.,0.,0.));
#3310=DIRECTION('ref_axis',(0.,0.,-1.));
#3311=DIRECTION('center_axis',(1.,0.,0.));
#3312=DIRECTION('ref_axis',(0.,0.,-1.));
#3313=DIRECTION('center_axis',(1.,0.,0.));
#3314=DIRECTION('ref_axis',(0.,0.,-1.));
#3315=DIRECTION('center_axis',(1.,0.,0.));
#3316=DIRECTION('ref_axis',(0.,0.,-1.));
#3317=DIRECTION('center_axis',(1.,0.,0.));
#3318=DIRECTION('ref_axis',(0.,0.,-1.));
#3319=DIRECTION('center_axis',(1.,0.,0.));
#3320=DIRECTION('ref_axis',(0.,0.,-1.));
#3321=DIRECTION('center_axis',(1.,0.,0.));
#3322=DIRECTION('ref_axis',(0.,0.,-1.));
#3323=DIRECTION('center_axis',(1.,0.,0.));
#3324=DIRECTION('ref_axis',(0.,0.,-1.));
#3325=DIRECTION('center_axis',(1.,0.,0.));
#3326=DIRECTION('ref_axis',(0.,0.,-1.));
#3327=DIRECTION('center_axis',(1.,0.,0.));
#3328=DIRECTION('ref_axis',(0.,0.,-1.));
#3329=DIRECTION('center_axis',(1.,0.,0.));
#3330=DIRECTION('ref_axis',(0.,0.,-1.));
#3331=DIRECTION('center_axis',(1.,0.,0.));
#3332=DIRECTION('ref_axis',(0.,0.,-1.));
#3333=DIRECTION('center_axis',(1.,0.,0.));
#3334=DIRECTION('ref_axis',(0.,0.,-1.));
#3335=DIRECTION('center_axis',(1.,0.,0.));
#3336=DIRECTION('ref_axis',(0.,0.,-1.));
#3337=DIRECTION('center_axis',(1.,0.,0.));
#3338=DIRECTION('ref_axis',(0.,0.,-1.));
#3339=DIRECTION('center_axis',(1.,0.,0.));
#3340=DIRECTION('ref_axis',(0.,0.,-1.));
#3341=DIRECTION('center_axis',(1.,0.,0.));
#3342=DIRECTION('ref_axis',(0.,0.,-1.));
#3343=DIRECTION('center_axis',(1.,0.,0.));
#3344=DIRECTION('ref_axis',(0.,0.,-1.));
#3345=DIRECTION('center_axis',(1.,0.,0.));
#3346=DIRECTION('ref_axis',(0.,0.,-1.));
#3347=DIRECTION('center_axis',(1.,0.,0.));
#3348=DIRECTION('ref_axis',(0.,0.,-1.));
#3349=DIRECTION('center_axis',(1.,0.,0.));
#3350=DIRECTION('ref_axis',(0.,0.,-1.));
#3351=DIRECTION('center_axis',(1.,0.,0.));
#3352=DIRECTION('ref_axis',(0.,0.,-1.));
#3353=DIRECTION('center_axis',(1.,0.,0.));
#3354=DIRECTION('ref_axis',(0.,0.,-1.));
#3355=DIRECTION('center_axis',(1.,0.,0.));
#3356=DIRECTION('ref_axis',(0.,0.,-1.));
#3357=DIRECTION('center_axis',(1.,0.,0.));
#3358=DIRECTION('ref_axis',(0.,0.,-1.));
#3359=DIRECTION('center_axis',(1.,0.,0.));
#3360=DIRECTION('ref_axis',(0.,0.,-1.));
#3361=DIRECTION('center_axis',(1.,0.,0.));
#3362=DIRECTION('ref_axis',(0.,0.,-1.));
#3363=DIRECTION('center_axis',(1.,0.,0.));
#3364=DIRECTION('ref_axis',(0.,0.,-1.));
#3365=DIRECTION('center_axis',(1.,0.,0.));
#3366=DIRECTION('ref_axis',(0.,0.,-1.));
#3367=DIRECTION('center_axis',(1.,0.,0.));
#3368=DIRECTION('ref_axis',(0.,0.,-1.));
#3369=DIRECTION('center_axis',(1.,0.,0.));
#3370=DIRECTION('ref_axis',(0.,0.,-1.));
#3371=DIRECTION('center_axis',(1.,0.,0.));
#3372=DIRECTION('ref_axis',(0.,0.,1.));
#3373=DIRECTION('',(1.,0.,0.));
#3374=DIRECTION('center_axis',(-1.,0.,0.));
#3375=DIRECTION('ref_axis',(0.,0.,1.));
#3376=DIRECTION('center_axis',(-1.,0.,0.));
#3377=DIRECTION('ref_axis',(0.,0.,1.));
#3378=DIRECTION('center_axis',(-1.,0.,0.));
#3379=DIRECTION('ref_axis',(0.,0.,-1.));
#3380=DIRECTION('center_axis',(1.,0.,0.));
#3381=DIRECTION('ref_axis',(0.,0.,1.));
#3382=DIRECTION('center_axis',(1.,0.,0.));
#3383=DIRECTION('ref_axis',(0.,0.,1.));
#3384=DIRECTION('center_axis',(1.,0.,0.));
#3385=DIRECTION('ref_axis',(0.,0.,1.));
#3386=DIRECTION('',(1.,0.,0.));
#3387=DIRECTION('center_axis',(-1.,0.,0.));
#3388=DIRECTION('ref_axis',(0.,0.,1.));
#3389=DIRECTION('center_axis',(-1.,0.,0.));
#3390=DIRECTION('ref_axis',(0.,0.,1.));
#3391=DIRECTION('center_axis',(-1.,0.,0.));
#3392=DIRECTION('ref_axis',(0.,0.,-1.));
#3393=DIRECTION('center_axis',(1.,0.,0.));
#3394=DIRECTION('ref_axis',(0.,-1.,-1.85101319100549E-8));
#3395=DIRECTION('center_axis',(1.,0.,0.));
#3396=DIRECTION('ref_axis',(0.,0.,1.));
#3397=DIRECTION('',(1.,0.,0.));
#3398=DIRECTION('center_axis',(-1.,0.,0.));
#3399=DIRECTION('ref_axis',(0.,0.,1.));
#3400=DIRECTION('center_axis',(-1.,0.,0.));
#3401=DIRECTION('ref_axis',(0.,0.,1.));
#3402=DIRECTION('center_axis',(-1.,0.,0.));
#3403=DIRECTION('ref_axis',(0.,0.,-1.));
#3404=DIRECTION('center_axis',(1.,0.,0.));
#3405=DIRECTION('ref_axis',(0.,0.,1.));
#3406=DIRECTION('center_axis',(1.,0.,0.));
#3407=DIRECTION('ref_axis',(0.,0.,1.));
#3408=DIRECTION('center_axis',(1.,0.,0.));
#3409=DIRECTION('ref_axis',(0.,0.,1.));
#3410=DIRECTION('',(1.,0.,0.));
#3411=DIRECTION('center_axis',(-1.,0.,0.));
#3412=DIRECTION('ref_axis',(0.,0.,1.));
#3413=DIRECTION('center_axis',(-1.,0.,0.));
#3414=DIRECTION('ref_axis',(0.,0.,1.));
#3415=DIRECTION('center_axis',(-1.,0.,0.));
#3416=DIRECTION('ref_axis',(0.,0.,-1.));
#3417=DIRECTION('center_axis',(1.,0.,0.));
#3418=DIRECTION('ref_axis',(0.,1.,-6.12323399573677E-17));
#3419=DIRECTION('center_axis',(-1.,0.,0.));
#3420=DIRECTION('ref_axis',(0.,0.,-1.));
#3421=DIRECTION('center_axis',(-1.,0.,0.));
#3422=DIRECTION('ref_axis',(0.,0.,-1.));
#3423=DIRECTION('',(-1.,0.,0.));
#3424=DIRECTION('center_axis',(-1.,0.,0.));
#3425=DIRECTION('ref_axis',(0.,0.,-1.));
#3426=DIRECTION('center_axis',(-1.,0.,0.));
#3427=DIRECTION('ref_axis',(0.,0.,-1.));
#3428=DIRECTION('',(-1.,0.,0.));
#3429=DIRECTION('center_axis',(-1.,0.,0.));
#3430=DIRECTION('ref_axis',(0.,0.,-1.));
#3431=DIRECTION('center_axis',(-1.,0.,0.));
#3432=DIRECTION('ref_axis',(0.,0.,-1.));
#3433=DIRECTION('',(-1.,0.,0.));
#3434=DIRECTION('center_axis',(-1.,0.,0.));
#3435=DIRECTION('ref_axis',(0.,0.,-1.));
#3436=DIRECTION('center_axis',(-1.,0.,0.));
#3437=DIRECTION('ref_axis',(0.,0.,-1.));
#3438=DIRECTION('',(-1.,0.,0.));
#3439=DIRECTION('center_axis',(-1.,0.,0.));
#3440=DIRECTION('ref_axis',(0.,0.,-1.));
#3441=DIRECTION('center_axis',(-1.,0.,0.));
#3442=DIRECTION('ref_axis',(0.,0.,-1.));
#3443=DIRECTION('',(-1.,0.,0.));
#3444=DIRECTION('center_axis',(-1.,0.,0.));
#3445=DIRECTION('ref_axis',(0.,0.,-1.));
#3446=DIRECTION('center_axis',(-1.,0.,0.));
#3447=DIRECTION('ref_axis',(0.,0.,-1.));
#3448=DIRECTION('',(-1.,0.,0.));
#3449=DIRECTION('center_axis',(-1.,0.,0.));
#3450=DIRECTION('ref_axis',(0.,0.,-1.));
#3451=DIRECTION('center_axis',(-1.,0.,0.));
#3452=DIRECTION('ref_axis',(0.,0.,-1.));
#3453=DIRECTION('',(-1.,0.,0.));
#3454=DIRECTION('center_axis',(-1.,0.,0.));
#3455=DIRECTION('ref_axis',(0.,0.,-1.));
#3456=DIRECTION('center_axis',(-1.,0.,0.));
#3457=DIRECTION('ref_axis',(0.,0.,-1.));
#3458=DIRECTION('',(-1.,0.,0.));
#3459=DIRECTION('center_axis',(-1.,0.,0.));
#3460=DIRECTION('ref_axis',(0.,0.,-1.));
#3461=DIRECTION('center_axis',(-1.,0.,0.));
#3462=DIRECTION('ref_axis',(0.,0.,-1.));
#3463=DIRECTION('',(-1.,0.,0.));
#3464=DIRECTION('center_axis',(-1.,0.,0.));
#3465=DIRECTION('ref_axis',(0.,0.,-1.));
#3466=DIRECTION('center_axis',(-1.,0.,0.));
#3467=DIRECTION('ref_axis',(0.,0.,-1.));
#3468=DIRECTION('',(-1.,0.,0.));
#3469=DIRECTION('center_axis',(-1.,0.,0.));
#3470=DIRECTION('ref_axis',(0.,0.,-1.));
#3471=DIRECTION('center_axis',(-1.,0.,0.));
#3472=DIRECTION('ref_axis',(0.,0.,-1.));
#3473=DIRECTION('',(-1.,0.,0.));
#3474=DIRECTION('center_axis',(-1.,0.,0.));
#3475=DIRECTION('ref_axis',(0.,0.,-1.));
#3476=DIRECTION('center_axis',(-1.,0.,0.));
#3477=DIRECTION('ref_axis',(0.,0.,-1.));
#3478=DIRECTION('',(-1.,0.,0.));
#3479=DIRECTION('center_axis',(-1.,0.,0.));
#3480=DIRECTION('ref_axis',(0.,0.,-1.));
#3481=DIRECTION('center_axis',(-1.,0.,0.));
#3482=DIRECTION('ref_axis',(0.,0.,-1.));
#3483=DIRECTION('',(-1.,0.,0.));
#3484=DIRECTION('center_axis',(-1.,0.,0.));
#3485=DIRECTION('ref_axis',(0.,0.,-1.));
#3486=DIRECTION('center_axis',(-1.,0.,0.));
#3487=DIRECTION('ref_axis',(0.,0.,-1.));
#3488=DIRECTION('',(-1.,0.,0.));
#3489=DIRECTION('center_axis',(-1.,0.,0.));
#3490=DIRECTION('ref_axis',(0.,0.,-1.));
#3491=DIRECTION('center_axis',(-1.,0.,0.));
#3492=DIRECTION('ref_axis',(0.,0.,-1.));
#3493=DIRECTION('',(-1.,0.,0.));
#3494=DIRECTION('center_axis',(-1.,0.,0.));
#3495=DIRECTION('ref_axis',(0.,0.,-1.));
#3496=DIRECTION('center_axis',(-1.,0.,0.));
#3497=DIRECTION('ref_axis',(0.,0.,-1.));
#3498=DIRECTION('',(-1.,0.,0.));
#3499=DIRECTION('center_axis',(-1.,0.,0.));
#3500=DIRECTION('ref_axis',(0.,0.,-1.));
#3501=DIRECTION('center_axis',(-1.,0.,0.));
#3502=DIRECTION('ref_axis',(0.,0.,-1.));
#3503=DIRECTION('',(-1.,0.,0.));
#3504=DIRECTION('center_axis',(-1.,0.,0.));
#3505=DIRECTION('ref_axis',(0.,0.,-1.));
#3506=DIRECTION('center_axis',(-1.,0.,0.));
#3507=DIRECTION('ref_axis',(0.,0.,-1.));
#3508=DIRECTION('',(-1.,0.,0.));
#3509=DIRECTION('center_axis',(-1.,0.,0.));
#3510=DIRECTION('ref_axis',(0.,0.,-1.));
#3511=DIRECTION('center_axis',(-1.,0.,0.));
#3512=DIRECTION('ref_axis',(0.,0.,-1.));
#3513=DIRECTION('',(-1.,0.,0.));
#3514=DIRECTION('center_axis',(-1.,0.,0.));
#3515=DIRECTION('ref_axis',(0.,0.,-1.));
#3516=DIRECTION('center_axis',(-1.,0.,0.));
#3517=DIRECTION('ref_axis',(0.,0.,-1.));
#3518=DIRECTION('',(-1.,0.,0.));
#3519=DIRECTION('center_axis',(-1.,0.,0.));
#3520=DIRECTION('ref_axis',(0.,0.,-1.));
#3521=DIRECTION('center_axis',(-1.,0.,0.));
#3522=DIRECTION('ref_axis',(0.,0.,-1.));
#3523=DIRECTION('',(-1.,0.,0.));
#3524=DIRECTION('center_axis',(-1.,0.,0.));
#3525=DIRECTION('ref_axis',(0.,0.,-1.));
#3526=DIRECTION('center_axis',(-1.,0.,0.));
#3527=DIRECTION('ref_axis',(0.,0.,-1.));
#3528=DIRECTION('',(-1.,0.,0.));
#3529=DIRECTION('center_axis',(-1.,0.,0.));
#3530=DIRECTION('ref_axis',(0.,0.,-1.));
#3531=DIRECTION('center_axis',(-1.,0.,0.));
#3532=DIRECTION('ref_axis',(0.,0.,-1.));
#3533=DIRECTION('',(-1.,0.,0.));
#3534=DIRECTION('center_axis',(-1.,0.,0.));
#3535=DIRECTION('ref_axis',(0.,0.,-1.));
#3536=DIRECTION('center_axis',(-1.,0.,0.));
#3537=DIRECTION('ref_axis',(0.,0.,-1.));
#3538=DIRECTION('',(-1.,0.,0.));
#3539=DIRECTION('center_axis',(-1.,0.,0.));
#3540=DIRECTION('ref_axis',(0.,0.,-1.));
#3541=DIRECTION('center_axis',(-1.,0.,0.));
#3542=DIRECTION('ref_axis',(0.,0.,-1.));
#3543=DIRECTION('',(-1.,0.,0.));
#3544=DIRECTION('center_axis',(-1.,0.,0.));
#3545=DIRECTION('ref_axis',(0.,0.,-1.));
#3546=DIRECTION('center_axis',(-1.,0.,0.));
#3547=DIRECTION('ref_axis',(0.,0.,-1.));
#3548=DIRECTION('',(-1.,0.,0.));
#3549=DIRECTION('center_axis',(-1.,0.,0.));
#3550=DIRECTION('ref_axis',(0.,0.,-1.));
#3551=DIRECTION('center_axis',(-1.,0.,0.));
#3552=DIRECTION('ref_axis',(0.,0.,-1.));
#3553=DIRECTION('',(-1.,0.,0.));
#3554=DIRECTION('center_axis',(-1.,0.,0.));
#3555=DIRECTION('ref_axis',(0.,0.,-1.));
#3556=DIRECTION('center_axis',(-1.,0.,0.));
#3557=DIRECTION('ref_axis',(0.,0.,-1.));
#3558=DIRECTION('',(-1.,0.,0.));
#3559=DIRECTION('center_axis',(-1.,0.,0.));
#3560=DIRECTION('ref_axis',(0.,0.,-1.));
#3561=DIRECTION('center_axis',(-1.,0.,0.));
#3562=DIRECTION('ref_axis',(0.,0.,-1.));
#3563=DIRECTION('',(-1.,0.,0.));
#3564=DIRECTION('center_axis',(-1.,0.,0.));
#3565=DIRECTION('ref_axis',(0.,0.,-1.));
#3566=DIRECTION('center_axis',(-1.,0.,0.));
#3567=DIRECTION('ref_axis',(0.,0.,-1.));
#3568=DIRECTION('',(-1.,0.,0.));
#3569=DIRECTION('center_axis',(-1.,0.,0.));
#3570=DIRECTION('ref_axis',(0.,0.,-1.));
#3571=DIRECTION('center_axis',(-1.,0.,0.));
#3572=DIRECTION('ref_axis',(0.,0.,-1.));
#3573=DIRECTION('',(-1.,0.,0.));
#3574=DIRECTION('center_axis',(-1.,0.,0.));
#3575=DIRECTION('ref_axis',(0.,0.,-1.));
#3576=DIRECTION('center_axis',(-1.,0.,0.));
#3577=DIRECTION('ref_axis',(0.,0.,-1.));
#3578=DIRECTION('',(-1.,0.,0.));
#3579=DIRECTION('center_axis',(-1.,0.,0.));
#3580=DIRECTION('ref_axis',(0.,0.,-1.));
#3581=DIRECTION('center_axis',(-1.,0.,0.));
#3582=DIRECTION('ref_axis',(0.,0.,-1.));
#3583=DIRECTION('',(-1.,0.,0.));
#3584=DIRECTION('center_axis',(-1.,0.,0.));
#3585=DIRECTION('ref_axis',(0.,0.,-1.));
#3586=DIRECTION('center_axis',(-1.,0.,0.));
#3587=DIRECTION('ref_axis',(0.,0.,-1.));
#3588=DIRECTION('',(-1.,0.,0.));
#3589=DIRECTION('center_axis',(-1.,0.,0.));
#3590=DIRECTION('ref_axis',(0.,0.,-1.));
#3591=DIRECTION('center_axis',(-1.,0.,0.));
#3592=DIRECTION('ref_axis',(0.,0.,-1.));
#3593=DIRECTION('',(-1.,0.,0.));
#3594=DIRECTION('center_axis',(1.,0.,0.));
#3595=DIRECTION('ref_axis',(0.,0.,-1.));
#3596=DIRECTION('',(1.,0.,0.));
#3597=DIRECTION('center_axis',(1.,0.,0.));
#3598=DIRECTION('ref_axis',(0.,0.,-1.));
#3599=DIRECTION('',(1.,0.,0.));
#3600=DIRECTION('center_axis',(0.,-1.85103382473056E-8,1.));
#3601=DIRECTION('ref_axis',(0.707106781186548,0.707106781186547,1.30887856967265E-8));
#3602=DIRECTION('center_axis',(0.,1.85103382473056E-8,-1.));
#3603=DIRECTION('ref_axis',(0.707106781186548,0.707106781186547,1.30887856967265E-8));
#3604=DIRECTION('',(0.,-1.85103382473056E-8,1.));
#3605=DIRECTION('',(0.,-1.85103382473056E-8,1.));
#3606=DIRECTION('center_axis',(0.,1.8510337586276E-8,-1.));
#3607=DIRECTION('ref_axis',(0.,1.,1.8510337586276E-8));
#3608=DIRECTION('',(0.,1.85103382473056E-8,-1.));
#3609=DIRECTION('center_axis',(0.,0.,-1.));
#3610=DIRECTION('ref_axis',(0.707106781186548,-0.707106781186548,0.));
#3611=DIRECTION('',(0.,0.,1.));
#3612=DIRECTION('center_axis',(0.,9.18319240095222E-17,1.));
#3613=DIRECTION('ref_axis',(0.,-1.,9.18319240095222E-17));
#3614=DIRECTION('',(0.,0.,-1.));
#3615=DIRECTION('',(0.,0.,-1.));
#3616=DIRECTION('center_axis',(0.,0.,-1.));
#3617=DIRECTION('ref_axis',(0.707106781186548,-0.707106781186547,0.));
#3618=DIRECTION('center_axis',(-0.816496579668257,0.408248297390941,-0.408248286055722));
#3619=DIRECTION('ref_axis',(0.577350270970783,0.577350276314258,-0.577350260283836));
#3620=DIRECTION('center_axis',(-4.44089209850063E-16,-1.,-9.25516863148346E-9));
#3621=DIRECTION('ref_axis',(0.,9.25516863148346E-9,-1.));
#3622=DIRECTION('center_axis',(-1.,0.,0.));
#3623=DIRECTION('ref_axis',(0.,1.,1.85103381511453E-8));
#3624=DIRECTION('center_axis',(0.,1.,9.2551687203013E-9));
#3625=DIRECTION('ref_axis',(0.707106781186547,6.54439256315067E-9,-0.707106781186547));
#3626=DIRECTION('',(0.,1.,9.2551687203013E-9));
#3627=DIRECTION('',(0.,-1.,-9.2551687203013E-9));
#3628=DIRECTION('center_axis',(0.,1.,9.25516863148346E-9));
#3629=DIRECTION('ref_axis',(1.,0.,0.));
#3630=DIRECTION('center_axis',(-0.408248287944925,-0.816496583446664,0.408248287944926));
#3631=DIRECTION('ref_axis',(0.577350270970783,-0.57735026562731,-0.577350270970784));
#3632=DIRECTION('center_axis',(-1.,0.,0.));
#3633=DIRECTION('ref_axis',(0.,9.25516863148346E-9,-1.));
#3634=DIRECTION('center_axis',(1.,0.,0.));
#3635=DIRECTION('ref_axis',(0.,0.,-1.));
#3636=DIRECTION('center_axis',(-1.,0.,0.));
#3637=DIRECTION('ref_axis',(0.,-0.000219387648755002,0.99999997593453));
#3638=DIRECTION('center_axis',(1.,0.,0.));
#3639=DIRECTION('ref_axis',(0.,-0.000219387648754757,0.999999975934529));
#3640=DIRECTION('center_axis',(1.,0.,0.));
#3641=DIRECTION('ref_axis',(0.,-0.000219387648755002,0.99999997593453));
#3642=DIRECTION('center_axis',(1.,0.,0.));
#3643=DIRECTION('ref_axis',(0.,1.,0.));
#3644=DIRECTION('',(0.,1.,0.));
#3645=DIRECTION('',(0.,0.,1.));
#3646=DIRECTION('',(0.,1.,9.2551687203013E-9));
#3647=DIRECTION('',(0.,0.,1.));
#3648=DIRECTION('center_axis',(1.,0.,0.));
#3649=DIRECTION('ref_axis',(0.,1.66533453693774E-16,-1.));
#3650=DIRECTION('',(0.,0.,1.));
#3651=DIRECTION('',(0.,1.,0.));
#3652=DIRECTION('',(0.,0.,-1.));
#3653=DIRECTION('',(0.,-1.,3.05197167166436E-16));
#3654=DIRECTION('',(0.,-1.86059529811064E-16,-1.));
#3655=DIRECTION('',(0.,1.,1.08633767045909E-15));
#3656=DIRECTION('',(0.,0.,1.));
#3657=DIRECTION('center_axis',(1.,0.,0.));
#3658=DIRECTION('ref_axis',(0.,4.44089209850061E-15,-1.));
#3659=DIRECTION('',(0.,1.,-7.74126747537715E-48));
#3660=DIRECTION('center_axis',(1.,0.,0.));
#3661=DIRECTION('ref_axis',(0.,-1.,-8.88178419700117E-15));
#3662=DIRECTION('',(0.,-2.82602219013891E-16,-1.));
#3663=DIRECTION('',(0.,1.,1.66533453693774E-16));
#3664=DIRECTION('',(0.,9.76303805864504E-18,1.));
#3665=DIRECTION('',(0.,-1.,3.05197167166436E-16));
#3666=DIRECTION('center_axis',(0.,-1.,0.));
#3667=DIRECTION('ref_axis',(1.,0.,0.));
#3668=DIRECTION('',(1.,0.,0.));
#3669=DIRECTION('',(0.,0.,1.));
#3670=DIRECTION('',(-1.,0.,0.));
#3671=DIRECTION('',(-1.,0.,0.));
#3672=DIRECTION('center_axis',(-1.,0.,0.));
#3673=DIRECTION('ref_axis',(0.,-1.,0.));
#3674=DIRECTION('',(0.,-1.,0.));
#3675=DIRECTION('',(0.,0.,1.));
#3676=DIRECTION('',(0.,-1.,0.));
#3677=DIRECTION('center_axis',(2.22044608233754E-16,1.,0.));
#3678=DIRECTION('ref_axis',(-1.,2.22044608233754E-16,0.));
#3679=DIRECTION('',(-1.,0.,0.));
#3680=DIRECTION('',(-1.,0.,0.));
#3681=DIRECTION('',(-1.,2.22044608233754E-16,0.));
#3682=DIRECTION('center_axis',(0.,0.,1.));
#3683=DIRECTION('ref_axis',(1.,0.,0.));
#3684=DIRECTION('center_axis',(0.,0.,-1.));
#3685=DIRECTION('ref_axis',(0.,-1.,0.));
#3686=DIRECTION('',(1.,0.,0.));
#3687=DIRECTION('',(0.,-1.,0.));
#3688=DIRECTION('',(-1.,0.,0.));
#3689=DIRECTION('center_axis',(-1.,0.,0.));
#3690=DIRECTION('ref_axis',(0.,0.,-1.));
#3691=DIRECTION('',(-1.,0.,0.));
#3692=DIRECTION('',(1.,0.,0.));
#3693=DIRECTION('center_axis',(1.,0.,0.));
#3694=DIRECTION('ref_axis',(0.,0.,-1.));
#3695=DIRECTION('',(1.,0.,0.));
#3696=DIRECTION('',(-1.,0.,0.));
#3697=DIRECTION('center_axis',(-1.,-3.38963670212153E-32,1.27299705205834E-32));
#3698=DIRECTION('ref_axis',(-1.27299705205834E-32,-4.31499752934946E-64,
-1.));
#3699=DIRECTION('center_axis',(0.,-1.,-8.54017711250119E-16));
#3700=DIRECTION('ref_axis',(0.,-8.54017711250119E-16,1.));
#3701=DIRECTION('',(-1.74317850223973E-32,1.87883896475026E-15,-1.));
#3702=DIRECTION('',(0.,8.54017711250119E-16,-1.));
#3703=DIRECTION('',(-1.,0.,0.));
#3704=DIRECTION('center_axis',(0.,0.,1.));
#3705=DIRECTION('ref_axis',(0.,1.,0.));
#3706=DIRECTION('',(1.,0.,0.));
#3707=DIRECTION('',(0.,-1.,0.));
#3708=DIRECTION('center_axis',(-1.,0.,0.));
#3709=DIRECTION('ref_axis',(0.,0.,-1.));
#3710=DIRECTION('',(1.,0.,0.));
#3711=DIRECTION('center_axis',(1.,3.38963670212153E-32,-1.27299705205834E-32));
#3712=DIRECTION('ref_axis',(-1.27299705205834E-32,-4.31499752934946E-64,
-1.));
#3713=DIRECTION('',(1.,0.,0.));
#3714=DIRECTION('center_axis',(-1.,0.,0.));
#3715=DIRECTION('ref_axis',(0.,0.,-1.));
#3716=DIRECTION('center_axis',(0.,1.,-2.42230473440478E-16));
#3717=DIRECTION('ref_axis',(0.,-2.42230473440478E-16,-1.));
#3718=DIRECTION('',(1.74317850223973E-32,2.82602219013891E-16,1.));
#3719=DIRECTION('',(1.,0.,0.));
#3720=DIRECTION('',(0.,2.42230473440478E-16,1.));
#3721=DIRECTION('',(1.,0.,0.));
#3722=DIRECTION('center_axis',(-1.,0.,0.));
#3723=DIRECTION('ref_axis',(0.,0.,-1.));
#3724=DIRECTION('',(1.,0.,0.));
#3725=DIRECTION('',(1.,0.,0.));
#3726=DIRECTION('center_axis',(1.,0.,0.));
#3727=DIRECTION('ref_axis',(0.,0.,-1.));
#3728=DIRECTION('center_axis',(-1.,0.,0.));
#3729=DIRECTION('ref_axis',(0.,0.,-1.));
#3730=DIRECTION('',(-1.,0.,0.));
#3731=DIRECTION('',(-1.,0.,0.));
#3732=DIRECTION('center_axis',(-1.,0.,0.));
#3733=DIRECTION('ref_axis',(0.,0.,-1.));
#3734=DIRECTION('center_axis',(0.,0.,1.));
#3735=DIRECTION('ref_axis',(0.,1.,0.));
#3736=DIRECTION('',(0.,-1.,0.));
#3737=DIRECTION('center_axis',(0.,1.,0.));
#3738=DIRECTION('ref_axis',(-1.74317850223973E-32,0.,-1.));
#3739=DIRECTION('',(-1.,0.,0.));
#3740=DIRECTION('',(-1.74317850223973E-32,0.,-1.));
#3741=DIRECTION('center_axis',(0.,1.,0.));
#3742=DIRECTION('ref_axis',(-1.74317850223973E-32,0.,-1.));
#3743=DIRECTION('',(-1.74317850223973E-32,0.,-1.));
#3744=DIRECTION('',(-1.,0.,0.));
#3745=DIRECTION('',(1.,0.,0.));
#3746=DIRECTION('center_axis',(1.,3.38963670212153E-32,-1.27299705205834E-32));
#3747=DIRECTION('ref_axis',(-1.27299705205834E-32,2.89771690943922E-65,
-1.));
#3748=DIRECTION('',(1.27299705205835E-32,-1.87883896475026E-15,1.));
#3749=DIRECTION('center_axis',(1.,3.38963670212153E-32,-1.27299705205834E-32));
#3750=DIRECTION('ref_axis',(-1.27299705205822E-32,-3.55271367880048E-14,
-1.));
#3751=DIRECTION('',(-3.38963670212153E-32,1.,-8.14870277565535E-48));
#3752=DIRECTION('center_axis',(1.,3.38963670212153E-32,-1.27299705205834E-32));
#3753=DIRECTION('ref_axis',(3.38963670212153E-32,-1.,-6.04082855773953E-64));
#3754=DIRECTION('',(-1.27299705205834E-32,9.67886739416802E-16,-1.));
#3755=DIRECTION('center_axis',(1.,3.38963670212153E-32,-1.27299705205834E-32));
#3756=DIRECTION('ref_axis',(1.27299705205822E-32,3.55271367880048E-14,1.));
#3757=DIRECTION('',(3.38963670212153E-32,-1.,8.14870277565535E-48));
#3758=DIRECTION('center_axis',(1.,3.38963670212153E-32,-1.27299705205834E-32));
#3759=DIRECTION('ref_axis',(-3.38963670212153E-32,1.,1.07608977070306E-63));
#3760=DIRECTION('',(1.27299705205835E-32,-1.87883896475026E-15,1.));
#3761=DIRECTION('center_axis',(-1.,-6.16297582203916E-33,3.05794028479029E-33));
#3762=DIRECTION('ref_axis',(-6.16297582203916E-33,1.,1.07431669628019E-64));
#3763=DIRECTION('',(4.4408920058564E-16,1.,-7.74126747537715E-48));
#3764=DIRECTION('center_axis',(-1.,-3.38963670212154E-32,1.74317850223971E-32));
#3765=DIRECTION('ref_axis',(1.74317850223974E-32,-8.8817841970012E-15,1.));
#3766=DIRECTION('',(1.74317850223973E-32,2.82602219013891E-16,1.));
#3767=DIRECTION('',(1.74317850223973E-32,2.82602219013891E-16,1.));
#3768=DIRECTION('center_axis',(-1.,-6.77927340424306E-32,4.85672868760737E-33));
#3769=DIRECTION('ref_axis',(6.77927340424306E-32,-1.,-8.88178419700117E-15));
#3770=DIRECTION('',(-4.4408920058564E-16,-1.,7.74126747537715E-48));
#3771=DIRECTION('center_axis',(-1.,-3.38963670212153E-32,1.27299705205834E-32));
#3772=DIRECTION('ref_axis',(-1.27299705205835E-32,4.44089209850061E-15,
-1.));
#3773=DIRECTION('center_axis',(1.,4.31408307542741E-32,-8.27726070947948E-33));
#3774=DIRECTION('ref_axis',(-4.31408307542741E-32,1.,4.13507015379439E-64));
#3775=DIRECTION('center_axis',(1.,4.31408307542741E-32,-8.27726070947948E-33));
#3776=DIRECTION('ref_axis',(-4.31408307542741E-32,1.,7.52021687396132E-64));
#3777=DIRECTION('center_axis',(1.,4.31408307542741E-32,-8.27726070947948E-33));
#3778=DIRECTION('ref_axis',(-4.31408307542741E-32,1.,4.13507015379439E-64));
#3779=DIRECTION('center_axis',(1.,4.31408307542741E-32,-8.27726070947948E-33));
#3780=DIRECTION('ref_axis',(-4.31408307542741E-32,1.,7.52021687396132E-64));
#3781=DIRECTION('center_axis',(0.,1.,1.87883896475026E-15));
#3782=DIRECTION('ref_axis',(-1.74317850223973E-32,1.87883896475026E-15,
-1.));
#3783=DIRECTION('',(-1.,0.,0.));
#3784=DIRECTION('',(-1.74317850223973E-32,1.87883896475026E-15,-1.));
#3785=DIRECTION('center_axis',(0.,1.,1.87883896475026E-15));
#3786=DIRECTION('ref_axis',(-1.74317850223973E-32,1.87883896475026E-15,
-1.));
#3787=DIRECTION('',(-1.74317850223973E-32,1.87883896475026E-15,-1.));
#3788=DIRECTION('',(-1.,0.,0.));
#3789=DIRECTION('center_axis',(0.,-1.,2.82602219013891E-16));
#3790=DIRECTION('ref_axis',(1.74317850223973E-32,2.82602219013891E-16,1.));
#3791=DIRECTION('',(-1.,0.,0.));
#3792=DIRECTION('',(-1.,0.,0.));
#3793=DIRECTION('center_axis',(-0.707106781186546,0.,0.707106781186549));
#3794=DIRECTION('ref_axis',(0.707106781186549,0.,0.707106781186546));
#3795=DIRECTION('',(0.,-1.,0.));
#3796=DIRECTION('',(0.577350269189626,-0.577350269189627,0.577350269189624));
#3797=DIRECTION('',(0.,1.,0.));
#3798=DIRECTION('',(-0.577350272751942,-0.577350262064994,-0.577350272751941));
#3799=DIRECTION('center_axis',(-0.707106781186549,0.707106781186546,1.30887856967265E-8));
#3800=DIRECTION('ref_axis',(1.85103382473055E-8,-2.9778502051909E-23,1.));
#3801=DIRECTION('',(0.,1.85103382473056E-8,-1.));
#3802=DIRECTION('',(-0.707106781186546,-0.707106781186549,-1.30887868848049E-8));
#3803=DIRECTION('',(0.,-1.85103382473056E-8,1.));
#3804=DIRECTION('center_axis',(1.,0.,0.));
#3805=DIRECTION('ref_axis',(0.,0.70710678773094,-0.707106774642155));
#3806=DIRECTION('',(-0.707106781186549,0.,0.707106781186546));
#3807=DIRECTION('center_axis',(1.,0.,0.));
#3808=DIRECTION('ref_axis',(0.,0.70710678773094,-0.707106774642155));
#3809=DIRECTION('center_axis',(-1.,0.,0.));
#3810=DIRECTION('ref_axis',(0.,0.70710678773094,-0.707106774642155));
#3811=DIRECTION('center_axis',(-0.707106781186546,0.,-0.707106781186549));
#3812=DIRECTION('ref_axis',(-0.707106781186549,0.,0.707106781186546));
#3813=DIRECTION('',(-0.707106781186549,0.,0.707106781186546));
#3814=DIRECTION('',(0.,1.,0.));
#3815=DIRECTION('center_axis',(1.,0.,0.));
#3816=DIRECTION('ref_axis',(0.,-0.707106781186548,-0.707106781186548));
#3817=DIRECTION('',(-0.707106781186548,0.707106781186547,0.));
#3818=DIRECTION('center_axis',(1.,0.,0.));
#3819=DIRECTION('ref_axis',(0.,-0.707106781186548,-0.707106781186548));
#3820=DIRECTION('center_axis',(-1.,0.,0.));
#3821=DIRECTION('ref_axis',(0.,-0.707106781186548,-0.707106781186548));
#3822=DIRECTION('center_axis',(-0.707106781186548,-0.707106781186547,0.));
#3823=DIRECTION('ref_axis',(0.,0.,1.));
#3824=DIRECTION('',(0.,0.,-1.));
#3825=DIRECTION('',(0.,0.,1.));
#3826=DIRECTION('center_axis',(-1.,0.,0.));
#3827=DIRECTION('ref_axis',(0.,0.70710678773094,-0.707106774642155));
#3828=DIRECTION('',(1.,0.,0.));
#3829=DIRECTION('center_axis',(-1.,0.,0.));
#3830=DIRECTION('ref_axis',(0.,1.,1.85103381511453E-8));
#3831=DIRECTION('center_axis',(0.,1.,1.85103382473056E-8));
#3832=DIRECTION('ref_axis',(0.,-1.85103382473056E-8,1.));
#3833=DIRECTION('',(-1.,0.,0.));
#3834=DIRECTION('center_axis',(0.,1.,1.85103382473056E-8));
#3835=DIRECTION('ref_axis',(0.707106781186547,1.30887856967265E-8,-0.707106781186547));
#3836=DIRECTION('',(0.,-1.85103382473056E-8,1.));
#3837=DIRECTION('',(-1.,0.,0.));
#3838=DIRECTION('',(0.,1.85103382473056E-8,-1.));
#3839=DIRECTION('',(1.,0.,0.));
#3840=DIRECTION('',(1.,0.,0.));
#3841=DIRECTION('center_axis',(0.,0.,1.));
#3842=DIRECTION('ref_axis',(0.,1.,0.));
#3843=DIRECTION('',(1.,0.,0.));
#3844=DIRECTION('',(0.,-1.,0.));
#3845=DIRECTION('center_axis',(-1.,0.,0.));
#3846=DIRECTION('ref_axis',(0.,0.,1.));
#3847=DIRECTION('center_axis',(1.,0.,0.));
#3848=DIRECTION('ref_axis',(0.,-0.707106777914351,-0.707106784458744));
#3849=DIRECTION('center_axis',(1.,0.,0.));
#3850=DIRECTION('ref_axis',(0.,-1.,0.));
#3851=DIRECTION('',(1.,0.,0.));
#3852=DIRECTION('',(-1.,0.,0.));
#3853=DIRECTION('center_axis',(1.,0.,0.));
#3854=DIRECTION('ref_axis',(0.,-0.000219387648754757,0.99999997593453));
#3855=DIRECTION('center_axis',(1.,0.,0.));
#3856=DIRECTION('ref_axis',(0.,0.,-1.));
#3857=DIRECTION('',(1.,0.,0.));
#3858=DIRECTION('center_axis',(1.,0.,0.));
#3859=DIRECTION('ref_axis',(0.,0.,-1.));
#3860=DIRECTION('center_axis',(1.,0.,0.));
#3861=DIRECTION('ref_axis',(0.,0.,-1.));
#3862=DIRECTION('',(-1.,0.,0.));
#3863=DIRECTION('center_axis',(-1.,0.,0.));
#3864=DIRECTION('ref_axis',(0.,0.,-1.));
#3865=DIRECTION('center_axis',(1.,0.,0.));
#3866=DIRECTION('ref_axis',(0.,0.,-1.));
#3867=DIRECTION('',(0.,0.,1.));
#3868=DIRECTION('center_axis',(1.,0.,0.));
#3869=DIRECTION('ref_axis',(0.,1.,7.52021687396132E-64));
#3870=DIRECTION('center_axis',(1.,0.,0.));
#3871=DIRECTION('ref_axis',(0.,1.,7.52021687396132E-64));
#3872=DIRECTION('center_axis',(1.,0.,0.));
#3873=DIRECTION('ref_axis',(0.,1.,1.07431669628019E-64));
#3874=DIRECTION('center_axis',(1.,0.,0.));
#3875=DIRECTION('ref_axis',(0.,1.,1.07431669628019E-64));
#3876=DIRECTION('center_axis',(1.,0.,0.));
#3877=DIRECTION('ref_axis',(0.,6.61422844237901E-65,-1.));
#3878=DIRECTION('center_axis',(0.,9.2551687203013E-9,-1.));
#3879=DIRECTION('ref_axis',(0.,1.,9.2551687203013E-9));
#3880=DIRECTION('center_axis',(0.,-9.2551687203013E-9,1.));
#3881=DIRECTION('ref_axis',(-5.55111512312574E-16,-1.,-9.2551687203013E-9));
#3882=DIRECTION('center_axis',(0.,-9.2551687203013E-9,1.));
#3883=DIRECTION('ref_axis',(-5.55111512312574E-16,-1.,-9.2551687203013E-9));
#3884=DIRECTION('',(-1.,0.,0.));
#3885=DIRECTION('',(-1.,0.,0.));
#3886=DIRECTION('center_axis',(0.,-9.2551687203013E-9,1.));
#3887=DIRECTION('ref_axis',(-5.55111512312574E-16,-1.,-9.2551687203013E-9));
#3888=DIRECTION('',(-5.55111512312575E-16,-1.,-9.2551687203013E-9));
#3889=DIRECTION('center_axis',(0.,9.2551687203013E-9,-1.));
#3890=DIRECTION('ref_axis',(0.467741935483607,-0.88386508121435,-8.18032045262162E-9));
#3891=DIRECTION('center_axis',(0.,-9.2551687203013E-9,1.));
#3892=DIRECTION('ref_axis',(-0.467741935483904,0.883865081214193,8.18032045262016E-9));
#3893=DIRECTION('center_axis',(0.,9.2551687203013E-9,-1.));
#3894=DIRECTION('ref_axis',(1.48353551665523E-13,1.,9.2551687203013E-9));
#3895=DIRECTION('',(5.55111512312575E-16,1.,9.2551687203013E-9));
#3896=DIRECTION('center_axis',(0.,-9.2551687203013E-9,1.));
#3897=DIRECTION('ref_axis',(1.,6.79600408869879E-14,6.28981644647648E-22));
#3898=DIRECTION('center_axis',(-1.,-5.86950078289443E-33,0.));
#3899=DIRECTION('ref_axis',(-3.88222190207862E-97,6.61422844237901E-65,
-1.));
#3900=DIRECTION('center_axis',(1.,5.23852944873328E-32,-6.56699469854912E-33));
#3901=DIRECTION('ref_axis',(-6.56699469854912E-33,-2.77871666756459E-64,
-1.));
#3902=DIRECTION('',(-1.,-5.86950078289443E-33,0.));
#3903=DIRECTION('center_axis',(1.,5.23852944873328E-32,-6.56699469854912E-33));
#3904=DIRECTION('ref_axis',(-6.56699469854912E-33,6.69594400774013E-65,
-1.));
#3905=DIRECTION('',(1.74317850223973E-32,-9.67886739416802E-16,1.));
#3906=DIRECTION('center_axis',(-1.,-3.69778549322349E-32,2.11428488744033E-33));
#3907=DIRECTION('ref_axis',(3.69778549322349E-32,-1.,-1.72583102839007E-64));
#3908=DIRECTION('',(-4.67462326157961E-16,-1.,8.14870277565535E-48));
#3909=DIRECTION('center_axis',(-1.,-3.6977854932233E-32,7.1263195373277E-32));
#3910=DIRECTION('ref_axis',(-7.12631953732757E-32,-3.55271367880048E-14,
-1.));
#3911=DIRECTION('center_axis',(-1.,-3.69778549322349E-32,2.11428488744033E-33));
#3912=DIRECTION('ref_axis',(-3.69778549322349E-32,1.,6.44590017768113E-64));
#3913=DIRECTION('',(4.67462326157961E-16,1.,-8.14870277565535E-48));
#3914=DIRECTION('center_axis',(-1.,-3.6977854932233E-32,7.12631953732755E-32));
#3915=DIRECTION('ref_axis',(7.12631953732742E-32,3.55271367880048E-14,1.));
#3916=DIRECTION('center_axis',(-1.,0.,0.));
#3917=DIRECTION('ref_axis',(0.,-3.55271367880048E-14,-1.));
#3918=DIRECTION('',(-1.,0.,0.));
#3919=DIRECTION('center_axis',(0.,-8.14870277565535E-48,-1.));
#3920=DIRECTION('ref_axis',(-4.67462326157961E-16,-1.,8.14870277565535E-48));
#3921=DIRECTION('',(-1.,0.,0.));
#3922=DIRECTION('center_axis',(-1.,0.,0.));
#3923=DIRECTION('ref_axis',(0.,-1.,-1.72583102839007E-64));
#3924=DIRECTION('',(-1.,0.,0.));
#3925=DIRECTION('center_axis',(0.,-1.,-9.67886739416802E-16));
#3926=DIRECTION('ref_axis',(1.74317850223973E-32,-9.67886739416802E-16,
1.));
#3927=DIRECTION('',(-1.,0.,0.));
#3928=DIRECTION('center_axis',(-1.,0.,0.));
#3929=DIRECTION('ref_axis',(0.,3.55271367880048E-14,1.));
#3930=DIRECTION('',(-1.,0.,0.));
#3931=DIRECTION('center_axis',(0.,8.14870277565535E-48,1.));
#3932=DIRECTION('ref_axis',(4.67462326157961E-16,1.,-8.14870277565535E-48));
#3933=DIRECTION('',(-1.,0.,0.));
#3934=DIRECTION('center_axis',(-1.,0.,0.));
#3935=DIRECTION('ref_axis',(0.,1.,6.44590017768113E-64));
#3936=DIRECTION('center_axis',(-1.,0.,0.));
#3937=DIRECTION('ref_axis',(0.,-8.8817841970012E-15,1.));
#3938=DIRECTION('',(-1.,0.,0.));
#3939=DIRECTION('',(-1.,0.,0.));
#3940=DIRECTION('center_axis',(0.,7.74126747537715E-48,1.));
#3941=DIRECTION('ref_axis',(4.4408920058564E-16,1.,-7.74126747537715E-48));
#3942=DIRECTION('',(-1.,0.,0.));
#3943=DIRECTION('center_axis',(-1.,0.,0.));
#3944=DIRECTION('ref_axis',(0.,1.,1.07431669628019E-64));
#3945=DIRECTION('center_axis',(-1.,0.,0.));
#3946=DIRECTION('ref_axis',(0.,4.44089209850061E-15,-1.));
#3947=DIRECTION('',(-1.,0.,0.));
#3948=DIRECTION('center_axis',(0.,-7.74126747537715E-48,-1.));
#3949=DIRECTION('ref_axis',(-4.4408920058564E-16,-1.,7.74126747537715E-48));
#3950=DIRECTION('',(-1.,0.,0.));
#3951=DIRECTION('center_axis',(-1.,0.,0.));
#3952=DIRECTION('ref_axis',(0.,-1.,-8.88178419700117E-15));
#3953=DIRECTION('center_axis',(-1.,0.,0.));
#3954=DIRECTION('ref_axis',(0.,1.,1.07431669628019E-64));
#3955=DIRECTION('',(-1.,0.,0.));
#3956=DIRECTION('center_axis',(-1.,0.,0.));
#3957=DIRECTION('ref_axis',(0.,1.,1.07431669628019E-64));
#3958=DIRECTION('',(-1.,0.,0.));
#3959=DIRECTION('center_axis',(-1.,0.,0.));
#3960=DIRECTION('ref_axis',(0.,1.,7.52021687396132E-64));
#3961=DIRECTION('',(-1.,0.,0.));
#3962=DIRECTION('center_axis',(-1.,0.,0.));
#3963=DIRECTION('ref_axis',(0.,1.,7.52021687396132E-64));
#3964=DIRECTION('',(-1.,0.,0.));
#3965=DIRECTION('center_axis',(0.,-1.,0.));
#3966=DIRECTION('ref_axis',(0.707106781186548,0.,-0.707106781186548));
#3967=DIRECTION('center_axis',(0.,-1.,0.));
#3968=DIRECTION('ref_axis',(0.707106781186548,0.,-0.707106781186548));
#3969=DIRECTION('',(0.,1.,0.));
#3970=DIRECTION('center_axis',(1.,0.,0.));
#3971=DIRECTION('ref_axis',(0.,0.,-1.));
#3972=DIRECTION('center_axis',(-1.,0.,0.));
#3973=DIRECTION('ref_axis',(0.,0.,-1.));
#3974=DIRECTION('',(0.,0.,-1.));
#3975=DIRECTION('center_axis',(-1.,0.,0.));
#3976=DIRECTION('ref_axis',(0.,0.00288748624244589,-0.99999583120291));
#3977=DIRECTION('center_axis',(0.,-1.,2.82602219013891E-16));
#3978=DIRECTION('ref_axis',(1.74317850223973E-32,2.82602219013891E-16,1.));
#3979=DIRECTION('center_axis',(0.,-1.66533453693774E-16,1.));
#3980=DIRECTION('ref_axis',(0.,1.,1.66533453693774E-16));
#3981=DIRECTION('',(-1.,0.,0.));
#3982=DIRECTION('center_axis',(0.,-1.08633767045909E-15,1.));
#3983=DIRECTION('ref_axis',(0.,1.,1.08633767045909E-15));
#3984=DIRECTION('',(-1.,0.,0.));
#3985=DIRECTION('center_axis',(0.,1.,-1.86059529811064E-16));
#3986=DIRECTION('ref_axis',(0.,-1.86059529811064E-16,-1.));
#3987=DIRECTION('',(-1.,0.,0.));
#3988=DIRECTION('center_axis',(0.,-3.05197167166436E-16,-1.));
#3989=DIRECTION('ref_axis',(0.,-1.,3.05197167166436E-16));
#3990=DIRECTION('',(-1.,0.,0.));
#3991=DIRECTION('center_axis',(0.,-3.05197167166436E-16,-1.));
#3992=DIRECTION('ref_axis',(1.,-5.55111512312574E-16,1.69418461019274E-31));
#3993=DIRECTION('center_axis',(0.,-3.05197167166436E-16,-1.));
#3994=DIRECTION('ref_axis',(1.,-5.55111512312574E-16,1.69418461019274E-31));
#3995=DIRECTION('',(-1.,-5.6753543663559E-14,1.73210207527748E-29));
#3996=DIRECTION('center_axis',(0.,-3.05197167166436E-16,-1.));
#3997=DIRECTION('ref_axis',(-1.,2.14534272699569E-14,-6.54752522880201E-30));
#3998=DIRECTION('',(7.28583859910196E-16,1.,-3.05197167166436E-16));
#3999=DIRECTION('center_axis',(0.,-3.05197167166436E-16,-1.));
#4000=DIRECTION('ref_axis',(3.19025851487792E-14,1.,-3.05197167166436E-16));
#4001=DIRECTION('',(1.,5.6753543663559E-14,-1.73210207527748E-29));
#4002=DIRECTION('center_axis',(0.,-3.05197167166436E-16,-1.));
#4003=DIRECTION('ref_axis',(1.,-2.1453427269957E-14,6.54752522880204E-30));
#4004=DIRECTION('',(-5.95490051278737E-15,-1.,3.05197167166436E-16));
#4005=DIRECTION('center_axis',(0.,-3.05197167166436E-16,-1.));
#4006=DIRECTION('ref_axis',(-3.19025851487794E-14,-1.,3.05197167166436E-16));
#4007=DIRECTION('center_axis',(0.,-1.,9.76303805864504E-18));
#4008=DIRECTION('ref_axis',(0.,9.76303805864504E-18,1.));
#4009=DIRECTION('center_axis',(0.,-6.47630097698008E-16,-1.));
#4010=DIRECTION('ref_axis',(5.88880795978056E-14,-1.,6.47630097698008E-16));
#4011=DIRECTION('center_axis',(9.97562953556683E-17,6.51589390506418E-16,
1.));
#4012=DIRECTION('ref_axis',(-0.467741935483904,0.883865081214193,-5.29256906891897E-16));
#4013=DIRECTION('',(0.,-6.47630097698008E-16,-1.));
#4014=DIRECTION('',(0.,-6.47630097698008E-16,-1.));
#4015=DIRECTION('center_axis',(0.,-6.47630097698008E-16,-1.));
#4016=DIRECTION('ref_axis',(0.467741935483607,-0.88386508121435,5.72417628898707E-16));
#4017=DIRECTION('center_axis',(-9.97562953556683E-17,-6.51589390506418E-16,
-1.));
#4018=DIRECTION('ref_axis',(0.467741935483607,-0.88386508121435,5.29256906892029E-16));
#4019=DIRECTION('',(0.,-6.47630097698008E-16,-1.));
#4020=DIRECTION('center_axis',(-1.,5.55111512312575E-16,-3.59506922952281E-31));
#4021=DIRECTION('ref_axis',(5.55111512312575E-16,1.,-6.51589390506418E-16));
#4022=DIRECTION('',(-5.55111512312575E-16,-1.,6.51589390506418E-16));
#4023=DIRECTION('',(0.,-6.47630097698008E-16,-1.));
#4024=DIRECTION('center_axis',(0.,-6.47630097698008E-16,-1.));
#4025=DIRECTION('ref_axis',(1.,6.79600408869879E-14,-4.40129679192006E-29));
#4026=DIRECTION('center_axis',(9.97562953556683E-17,6.51589390506418E-16,
1.));
#4027=DIRECTION('ref_axis',(1.,6.79600408869879E-14,-9.97562953557126E-17));
#4028=DIRECTION('',(0.,-6.47630097698008E-16,-1.));
#4029=DIRECTION('center_axis',(1.,-5.55111512312575E-16,3.59506922952281E-31));
#4030=DIRECTION('ref_axis',(-5.55111512312575E-16,-1.,6.51589390506288E-16));
#4031=DIRECTION('',(5.55111512312575E-16,1.,-6.51589390506418E-16));
#4032=DIRECTION('',(0.,-6.47630097698008E-16,-1.));
#4033=DIRECTION('center_axis',(0.,-6.47630097698008E-16,-1.));
#4034=DIRECTION('ref_axis',(-1.,1.48353551665523E-13,-9.60782251589892E-29));
#4035=DIRECTION('center_axis',(-9.97562953556683E-17,-6.51589390506418E-16,
-1.));
#4036=DIRECTION('ref_axis',(-1.,1.48353551665523E-13,9.97562953555716E-17));
#4037=DIRECTION('center_axis',(9.97562953556683E-17,6.51589390506418E-16,
1.));
#4038=DIRECTION('ref_axis',(1.,-5.55111512312575E-16,-9.9756295355668E-17));
#4039=DIRECTION('center_axis',(-9.97562953556683E-17,-6.51589390506418E-16,
-1.));
#4040=DIRECTION('ref_axis',(-1.,2.14534272699569E-14,9.97562953556543E-17));
#4041=DIRECTION('',(-1.,-5.6753543663559E-14,9.97562953556998E-17));
#4042=DIRECTION('center_axis',(-9.97562953556694E-17,-6.51589390506485E-16,
-1.));
#4043=DIRECTION('ref_axis',(-3.19025851487794E-14,-1.,6.51589390506488E-16));
#4044=DIRECTION('',(-5.95490051278737E-15,-1.,6.51589390506419E-16));
#4045=DIRECTION('center_axis',(-9.97562953556683E-17,-6.51589390506418E-16,
-1.));
#4046=DIRECTION('ref_axis',(1.,-2.1453427269957E-14,-9.97562953556543E-17));
#4047=DIRECTION('',(1.,5.6753543663559E-14,-9.97562953556998E-17));
#4048=DIRECTION('center_axis',(-9.97562953556693E-17,-6.51589390506485E-16,
-1.));
#4049=DIRECTION('ref_axis',(3.19025851487792E-14,1.,-6.51589390506488E-16));
#4050=DIRECTION('',(7.28583859910196E-16,1.,-6.51589390506418E-16));
#4051=DIRECTION('center_axis',(0.,-6.59194920871186E-16,-1.));
#4052=DIRECTION('ref_axis',(-1.,2.14534272699569E-14,-1.4141990291635E-29));
#4053=DIRECTION('',(0.,-6.59194920871186E-16,-1.));
#4054=DIRECTION('',(0.,-6.59194920871186E-16,-1.));
#4055=DIRECTION('center_axis',(-1.,7.28583859910196E-16,-4.80278779881525E-31));
#4056=DIRECTION('ref_axis',(7.28583859910196E-16,1.,-6.51589390506418E-16));
#4057=DIRECTION('',(0.,-6.59194920871186E-16,-1.));
#4058=DIRECTION('center_axis',(0.,-6.59194920871186E-16,-1.));
#4059=DIRECTION('ref_axis',(3.19025851487792E-14,1.,-6.59194920871186E-16));
#4060=DIRECTION('',(0.,-6.59194920871186E-16,-1.));
#4061=DIRECTION('center_axis',(-5.6753543663559E-14,1.,-6.59194920871186E-16));
#4062=DIRECTION('ref_axis',(1.,5.6753543663559E-14,-9.97562953556998E-17));
#4063=DIRECTION('',(0.,-6.59194920871186E-16,-1.));
#4064=DIRECTION('center_axis',(0.,-6.59194920871186E-16,-1.));
#4065=DIRECTION('ref_axis',(1.,-2.1453427269957E-14,1.4141990291635E-29));
#4066=DIRECTION('',(0.,-6.59194920871186E-16,-1.));
#4067=DIRECTION('center_axis',(1.,-5.95490051278737E-15,3.92544017232266E-30));
#4068=DIRECTION('ref_axis',(-5.95490051278737E-15,-1.,6.51589390506419E-16));
#4069=DIRECTION('',(0.,-6.59194920871186E-16,-1.));
#4070=DIRECTION('center_axis',(0.,-6.59194920871186E-16,-1.));
#4071=DIRECTION('ref_axis',(-3.19025851487794E-14,-1.,6.59194920871186E-16));
#4072=DIRECTION('',(0.,-6.59194920871186E-16,-1.));
#4073=DIRECTION('center_axis',(5.6753543663559E-14,-1.,6.59194920871186E-16));
#4074=DIRECTION('ref_axis',(-1.,-5.6753543663559E-14,9.97562953556998E-17));
#4075=DIRECTION('center_axis',(1.,0.,0.));
#4076=DIRECTION('ref_axis',(0.,0.707106791003135,-0.70710677136996));
#4077=DIRECTION('center_axis',(0.,-6.93889390390723E-16,-1.));
#4078=DIRECTION('ref_axis',(1.,-5.55111512312574E-16,3.85185988877444E-31));
#4079=DIRECTION('',(0.,-6.93889390390723E-16,-1.));
#4080=DIRECTION('center_axis',(0.,-6.93889390390723E-16,-1.));
#4081=DIRECTION('ref_axis',(1.,-5.55111512312574E-16,3.85185988877444E-31));
#4082=DIRECTION('',(0.,-6.93889390390723E-16,-1.));
#4083=DIRECTION('center_axis',(1.,0.,0.));
#4084=DIRECTION('ref_axis',(0.,0.,-1.));
#4085=DIRECTION('center_axis',(-1.,0.,0.));
#4086=DIRECTION('ref_axis',(0.,0.,-1.));
#4087=DIRECTION('center_axis',(-1.,0.,0.));
#4088=DIRECTION('ref_axis',(0.,0.,-1.));
#4089=DIRECTION('',(-1.,0.,0.));
#4090=DIRECTION('center_axis',(1.,0.,0.));
#4091=DIRECTION('ref_axis',(0.,0.,-1.));
#4092=DIRECTION('center_axis',(-1.,0.,0.));
#4093=DIRECTION('ref_axis',(0.,0.,-1.));
#4094=DIRECTION('center_axis',(-1.,0.,0.));
#4095=DIRECTION('ref_axis',(0.,0.,-1.));
#4096=DIRECTION('',(-1.,0.,0.));
#4097=DIRECTION('center_axis',(1.,0.,0.));
#4098=DIRECTION('ref_axis',(0.,0.,-1.));
#4099=DIRECTION('center_axis',(-1.,0.,0.));
#4100=DIRECTION('ref_axis',(0.,0.,-1.));
#4101=DIRECTION('center_axis',(-1.,0.,0.));
#4102=DIRECTION('ref_axis',(0.,0.,-1.));
#4103=DIRECTION('',(-1.,0.,0.));
#4104=DIRECTION('center_axis',(1.,0.,0.));
#4105=DIRECTION('ref_axis',(0.,0.,-1.));
#4106=DIRECTION('center_axis',(-1.,0.,0.));
#4107=DIRECTION('ref_axis',(0.,0.,-1.));
#4108=DIRECTION('center_axis',(-1.,0.,0.));
#4109=DIRECTION('ref_axis',(0.,0.,-1.));
#4110=DIRECTION('',(-1.,0.,0.));
#4111=DIRECTION('center_axis',(-1.,0.,0.));
#4112=DIRECTION('ref_axis',(0.,-0.707106781186548,-0.707106781186548));
#4113=DIRECTION('',(-1.,0.,0.));
#4114=DIRECTION('center_axis',(0.,-1.,0.));
#4115=DIRECTION('ref_axis',(0.,0.,-1.));
#4116=DIRECTION('',(0.,0.,1.));
#4117=DIRECTION('',(1.,0.,0.));
#4118=CARTESIAN_POINT('',(0.,0.,0.));
#4119=CARTESIAN_POINT('',(0.,0.,0.));
#4120=CARTESIAN_POINT('Origin',(40.,0.00344548797542421,-52.5));
#4121=CARTESIAN_POINT('',(40.,-20.0000002980232,6.80000007450581));
#4122=CARTESIAN_POINT('Origin',(40.,-20.0000002980232,5.00000007450581));
#4123=CARTESIAN_POINT('',(40.,-20.0000002980232,3.4000000745058));
#4124=CARTESIAN_POINT('Origin',(40.,-20.0000002980232,5.00000007450581));
#4125=CARTESIAN_POINT('Origin',(40.,0.00344548797542421,-52.5));
#4126=CARTESIAN_POINT('',(40.,-22.0000003278255,-114.200001728535));
#4127=CARTESIAN_POINT('Origin',(40.,-22.0000003278255,-116.000001728535));
#4128=CARTESIAN_POINT('',(40.,-22.0000003278255,-117.600001728535));
#4129=CARTESIAN_POINT('Origin',(40.,-22.0000003278255,-116.000001728535));
#4130=CARTESIAN_POINT('Origin',(40.,0.00344548797542421,-52.5));
#4131=CARTESIAN_POINT('',(40.,20.0000002980232,6.80000007450581));
#4132=CARTESIAN_POINT('Origin',(40.,20.0000002980232,5.00000007450581));
#4133=CARTESIAN_POINT('',(40.,20.0000002980232,3.4000000745058));
#4134=CARTESIAN_POINT('Origin',(40.,20.0000002980232,5.00000007450581));
#4135=CARTESIAN_POINT('Origin',(40.,0.00344548797542421,-52.5));
#4136=CARTESIAN_POINT('',(40.,22.0000003278255,-114.200001728535));
#4137=CARTESIAN_POINT('Origin',(40.,22.0000003278255,-116.000001728535));
#4138=CARTESIAN_POINT('',(40.,22.0000003278255,-117.600001728535));
#4139=CARTESIAN_POINT('Origin',(40.,22.0000003278255,-116.000001728535));
#4140=CARTESIAN_POINT('Origin',(40.,0.00344548797542421,-52.5));
#4141=CARTESIAN_POINT('',(40.,-13.9999991655351,16.0000004172327));
#4142=CARTESIAN_POINT('',(40.,-9.9999991655351,20.0000004172327));
#4143=CARTESIAN_POINT('Origin',(40.,-9.99999916553506,16.0000004172327));
#4144=CARTESIAN_POINT('',(40.,10.0000012516974,20.0000004172327));
#4145=CARTESIAN_POINT('',(40.,-4.9999996290434,20.0000004172327));
#4146=CARTESIAN_POINT('',(40.,14.0000012516974,16.0000004172327));
#4147=CARTESIAN_POINT('Origin',(40.,10.0000012516974,16.0000004172327));
#4148=CARTESIAN_POINT('',(40.0000000000001,14.0000012516974,-10.4999983310699));
#4149=CARTESIAN_POINT('',(40.,14.0000012516974,-18.2499997913837));
#4150=CARTESIAN_POINT('',(40.0000000000001,17.5,0.));
#4151=CARTESIAN_POINT('Origin',(40.,0.,0.));
#4152=CARTESIAN_POINT('',(40.,23.0000001711307,0.));
#4153=CARTESIAN_POINT('',(40.,8.74999995372415,0.));
#4154=CARTESIAN_POINT('',(40.0000000000001,14.0000012516974,-18.2482866305983));
#4155=CARTESIAN_POINT('Origin',(40.,0.,0.));
#4156=CARTESIAN_POINT('',(40.0000000000001,14.0000012516975,-22.4388205659268));
#4157=CARTESIAN_POINT('',(40.,14.0000012516974,-18.2499997913837));
#4158=CARTESIAN_POINT('',(40.0000000000001,18.8280853347625,-22.4388205659268));
#4159=CARTESIAN_POINT('',(40.,7.00000057957289,-22.4388205659268));
#4160=CARTESIAN_POINT('',(40.0000000000001,18.8280853347624,-123.198445544447));
#4161=CARTESIAN_POINT('',(40.,18.8280853347624,-37.4694102829634));
#4162=CARTESIAN_POINT('',(40.0000000000001,-18.8280845394982,-123.198445544447));
#4163=CARTESIAN_POINT('',(40.,9.41404262110536,-123.198445544447));
#4164=CARTESIAN_POINT('',(40.0000000000001,-18.8280845394982,-22.4388205659268));
#4165=CARTESIAN_POINT('',(40.,-18.8280845394982,-87.8492227722235));
#4166=CARTESIAN_POINT('',(40.0000000000001,-13.999999165535,-22.4388205659268));
#4167=CARTESIAN_POINT('',(40.,-9.41404231602497,-22.4388205659268));
#4168=CARTESIAN_POINT('',(40.0000000000001,-13.9999991655351,-18.2482882310922));
#4169=CARTESIAN_POINT('',(40.,-13.9999991655351,-45.7500003203749));
#4170=CARTESIAN_POINT('',(40.,-23.0000001711307,0.));
#4171=CARTESIAN_POINT('Origin',(40.,0.,0.));
#4172=CARTESIAN_POINT('',(40.0000000000001,-17.5,0.));
#4173=CARTESIAN_POINT('',(40.,-11.5000002176392,0.));
#4174=CARTESIAN_POINT('',(40.0000000000001,-13.9999991655351,-10.5000011126198));
#4175=CARTESIAN_POINT('Origin',(40.,0.,0.));
#4176=CARTESIAN_POINT('',(40.,-13.9999991655351,-45.7500003203749));
#4177=CARTESIAN_POINT('',(40.,12.,-8.5));
#4178=CARTESIAN_POINT('Origin',(40.,12.,-10.));
#4179=CARTESIAN_POINT('',(40.,-12.,-8.5));
#4180=CARTESIAN_POINT('Origin',(40.,-12.,-10.));
#4181=CARTESIAN_POINT('',(40.,-6.,-23.5));
#4182=CARTESIAN_POINT('Origin',(40.,-6.,-25.));
#4183=CARTESIAN_POINT('',(40.,-1.83697019872103E-16,-38.5));
#4184=CARTESIAN_POINT('Origin',(40.,0.,-40.));
#4185=CARTESIAN_POINT('',(40.,6.,-53.5));
#4186=CARTESIAN_POINT('Origin',(40.,6.,-55.));
#4187=CARTESIAN_POINT('',(40.,-12.,-68.5));
#4188=CARTESIAN_POINT('Origin',(40.,-12.,-70.));
#4189=CARTESIAN_POINT('',(40.,12.,-68.5));
#4190=CARTESIAN_POINT('Origin',(40.,12.,-70.));
#4191=CARTESIAN_POINT('',(40.,-6.,-83.5));
#4192=CARTESIAN_POINT('Origin',(40.,-6.,-85.));
#4193=CARTESIAN_POINT('',(40.,-1.83697019872103E-16,-98.5));
#4194=CARTESIAN_POINT('Origin',(40.,0.,-100.));
#4195=CARTESIAN_POINT('',(40.,6.,-98.5));
#4196=CARTESIAN_POINT('Origin',(40.,6.,-100.));
#4197=CARTESIAN_POINT('',(40.,-12.,-83.5));
#4198=CARTESIAN_POINT('Origin',(40.,-12.,-85.));
#4199=CARTESIAN_POINT('',(40.,12.,-83.5));
#4200=CARTESIAN_POINT('Origin',(40.,12.,-85.));
#4201=CARTESIAN_POINT('',(40.,-6.,-68.5));
#4202=CARTESIAN_POINT('Origin',(40.,-6.,-70.));
#4203=CARTESIAN_POINT('',(40.,-1.83697019872103E-16,-53.5));
#4204=CARTESIAN_POINT('Origin',(40.,0.,-55.));
#4205=CARTESIAN_POINT('',(40.,6.,-38.5));
#4206=CARTESIAN_POINT('Origin',(40.,6.,-40.));
#4207=CARTESIAN_POINT('',(40.,-12.,-23.5));
#4208=CARTESIAN_POINT('Origin',(40.,-12.,-25.));
#4209=CARTESIAN_POINT('',(40.,12.,-23.5));
#4210=CARTESIAN_POINT('Origin',(40.,12.,-25.));
#4211=CARTESIAN_POINT('',(40.,6.,-8.5));
#4212=CARTESIAN_POINT('Origin',(40.,6.,-10.));
#4213=CARTESIAN_POINT('',(40.,-6.,-8.5));
#4214=CARTESIAN_POINT('Origin',(40.,-6.,-10.));
#4215=CARTESIAN_POINT('',(40.,-1.83697019872103E-16,-23.5));
#4216=CARTESIAN_POINT('Origin',(40.,0.,-25.));
#4217=CARTESIAN_POINT('',(40.,-6.,-38.5));
#4218=CARTESIAN_POINT('Origin',(40.,-6.,-40.));
#4219=CARTESIAN_POINT('',(40.,12.,-53.5));
#4220=CARTESIAN_POINT('Origin',(40.,12.,-55.));
#4221=CARTESIAN_POINT('',(40.,-12.,-53.5));
#4222=CARTESIAN_POINT('Origin',(40.,-12.,-55.));
#4223=CARTESIAN_POINT('',(40.,6.,-68.5));
#4224=CARTESIAN_POINT('Origin',(40.,6.,-70.));
#4225=CARTESIAN_POINT('',(40.,-1.83697019872103E-16,-83.5));
#4226=CARTESIAN_POINT('Origin',(40.,0.,-85.));
#4227=CARTESIAN_POINT('',(40.,-6.,-98.5));
#4228=CARTESIAN_POINT('Origin',(40.,-6.,-100.));
#4229=CARTESIAN_POINT('',(40.,12.,-98.5));
#4230=CARTESIAN_POINT('Origin',(40.,12.,-100.));
#4231=CARTESIAN_POINT('',(40.,-12.,-98.5));
#4232=CARTESIAN_POINT('Origin',(40.,-12.,-100.));
#4233=CARTESIAN_POINT('',(40.,6.,-83.5));
#4234=CARTESIAN_POINT('Origin',(40.,6.,-85.));
#4235=CARTESIAN_POINT('',(40.,-1.83697019872103E-16,-68.5));
#4236=CARTESIAN_POINT('Origin',(40.,0.,-70.));
#4237=CARTESIAN_POINT('',(40.,-6.,-53.5));
#4238=CARTESIAN_POINT('Origin',(40.,-6.,-55.));
#4239=CARTESIAN_POINT('',(40.,12.,-38.5));
#4240=CARTESIAN_POINT('Origin',(40.,12.,-40.));
#4241=CARTESIAN_POINT('',(40.,-12.,-38.5));
#4242=CARTESIAN_POINT('Origin',(40.,-12.,-40.));
#4243=CARTESIAN_POINT('',(40.,6.,-23.5));
#4244=CARTESIAN_POINT('Origin',(40.,6.,-25.));
#4245=CARTESIAN_POINT('',(40.,-1.83697019872103E-16,-8.5));
#4246=CARTESIAN_POINT('Origin',(40.,0.,-10.));
#4247=CARTESIAN_POINT('Origin',(40.,20.0000002980232,5.00000007450581));
#4248=CARTESIAN_POINT('',(42.,20.0000002980232,3.4000000745058));
#4249=CARTESIAN_POINT('',(40.,20.0000002980232,3.40000007450581));
#4250=CARTESIAN_POINT('Origin',(42.,20.0000002980232,5.00000007450581));
#4251=CARTESIAN_POINT('Origin',(42.,20.0000002980232,5.00000007450581));
#4252=CARTESIAN_POINT('',(42.,20.0000002980232,8.00000007450581));
#4253=CARTESIAN_POINT('Origin',(42.,20.0000002980232,5.00000007450581));
#4254=CARTESIAN_POINT('Origin',(40.,22.0000003278255,-116.000001728535));
#4255=CARTESIAN_POINT('',(40.,25.0000000343404,-116.000001673004));
#4256=CARTESIAN_POINT('',(42.,24.7979587320222,-117.082327358087));
#4257=CARTESIAN_POINT('Ctrl Pts',(40.,25.0000003278255,-116.000001673004));
#4258=CARTESIAN_POINT('Ctrl Pts',(40.6305739085481,25.0000003342186,-116.345381216754));
#4259=CARTESIAN_POINT('Ctrl Pts',(41.3179483943949,24.9371819263584,-116.722416536412));
#4260=CARTESIAN_POINT('Ctrl Pts',(42.,24.7979587320222,-117.082327358087));
#4261=CARTESIAN_POINT('',(42.,24.7979586919538,-114.9176759954));
#4262=CARTESIAN_POINT('Ctrl Pts',(42.0000000000003,24.7979586919537,-114.917675995401));
#4263=CARTESIAN_POINT('Ctrl Pts',(41.325250814669,24.9356912992462,-115.273733408423));
#4264=CARTESIAN_POINT('Ctrl Pts',(40.6497632338888,25.0000003212379,-115.64411170321));
#4265=CARTESIAN_POINT('Ctrl Pts',(40.,25.0000003278255,-116.000001673004));
#4266=CARTESIAN_POINT('Origin',(42.,22.0000003278255,-116.000001728535));
#4267=CARTESIAN_POINT('Origin',(40.,22.0000003278255,-116.000001728535));
#4268=CARTESIAN_POINT('',(42.,22.0000003278255,-117.600001728535));
#4269=CARTESIAN_POINT('',(40.,22.0000003278255,-117.600001728535));
#4270=CARTESIAN_POINT('Origin',(42.,22.0000003278255,-116.000001728535));
#4271=CARTESIAN_POINT('Origin',(42.,22.0000003278255,-116.000001728535));
#4272=CARTESIAN_POINT('Origin',(42.,22.0000003278255,-116.000001728535));
#4273=CARTESIAN_POINT('Origin',(40.,22.0000003278255,-116.000001728535));
#4274=CARTESIAN_POINT('Ctrl Pts',(42.,24.7979587320222,-117.082327358087));
#4275=CARTESIAN_POINT('Ctrl Pts',(42.0231296667794,24.7932374087873,-117.094532618374));
#4276=CARTESIAN_POINT('Ctrl Pts',(42.0462539223051,24.7884318684614,-117.10671825343));
#4277=CARTESIAN_POINT('Ctrl Pts',(42.7741532559251,24.6344699997663,-117.489742613399));
#4278=CARTESIAN_POINT('Ctrl Pts',(43.4715924215764,24.4032505632031,-117.839392169839));
#4279=CARTESIAN_POINT('Ctrl Pts',(44.6134462534301,23.8901212143628,-118.352521537676));
#4280=CARTESIAN_POINT('Ctrl Pts',(45.1653927826884,23.5864318126405,-118.577157406738));
#4281=CARTESIAN_POINT('Ctrl Pts',(46.215993999461,22.8593585667696,-118.901724824969));
#4282=CARTESIAN_POINT('Ctrl Pts',(46.7147156133613,22.4353338718328,-119.000001720477));
#4283=CARTESIAN_POINT('Ctrl Pts',(47.4613949574916,21.6735686977692,-119.000001734577));
#4284=CARTESIAN_POINT('Ctrl Pts',(47.7835654780419,21.2953470648269,-118.943471463383));
#4285=CARTESIAN_POINT('Ctrl Pts',(48.3330642572634,20.5475510666989,-118.655363005641));
#4286=CARTESIAN_POINT('Ctrl Pts',(48.5611743108345,20.179273351288,-118.421915427989));
#4287=CARTESIAN_POINT('Ctrl Pts',(48.8714024287937,19.6241979737728,-117.866840071023));
#4288=CARTESIAN_POINT('Ctrl Pts',(48.9855039672204,19.3920862903365,-117.536254251745));
#4289=CARTESIAN_POINT('Ctrl Pts',(49.1315170647347,19.0798403428135,-116.79621519688));
#4290=CARTESIAN_POINT('Ctrl Pts',(49.1651511337369,19.0000003349886,-116.386978711791));
#4291=CARTESIAN_POINT('Ctrl Pts',(49.1651511337369,19.0000003209943,-115.630954407601));
#4292=CARTESIAN_POINT('Ctrl Pts',(49.1344671078065,19.0726559767288,-115.239215486212));
#4293=CARTESIAN_POINT('Ctrl Pts',(49.0010915649004,19.359514692219,-114.524883402417));
#4294=CARTESIAN_POINT('Ctrl Pts',(48.8969767826729,19.5734378986075,-114.202444345277));
#4295=CARTESIAN_POINT('Ctrl Pts',(48.6006727016385,20.1135764570017,-113.625267031214));
#4296=CARTESIAN_POINT('Ctrl Pts',(48.3702185539535,20.492586763937,-113.372860224607));
#4297=CARTESIAN_POINT('Ctrl Pts',(47.8073915191493,21.2668740106884,-113.061176915502));
#4298=CARTESIAN_POINT('Ctrl Pts',(47.4740371149743,21.6606710084213,-113.000001734816));
#4299=CARTESIAN_POINT('Ctrl Pts',(46.6525011976435,22.4988051499167,-113.000001719302));
#4300=CARTESIAN_POINT('Ctrl Pts',(46.1212369170083,22.936764169794,-113.119221767607));
#4301=CARTESIAN_POINT('Ctrl Pts',(44.9912562347916,23.6919000998941,-113.487255235997));
#4302=CARTESIAN_POINT('Ctrl Pts',(44.3928306563378,24.0082377690009,-113.738678380003));
#4303=CARTESIAN_POINT('Ctrl Pts',(43.1945787648721,24.4967034283188,-114.298240460451));
#4304=CARTESIAN_POINT('Ctrl Pts',(42.5975557043499,24.6759831387381,-114.602352697718));
#4305=CARTESIAN_POINT('Ctrl Pts',(42.0000000000003,24.7979586919537,-114.917675995401));
#4306=CARTESIAN_POINT('Origin',(40.,-20.0000002980232,5.00000007450581));
#4307=CARTESIAN_POINT('',(42.,-20.0000002980232,3.4000000745058));
#4308=CARTESIAN_POINT('',(40.,-20.0000002980232,3.40000007450581));
#4309=CARTESIAN_POINT('Origin',(42.,-20.0000002980232,5.00000007450581));
#4310=CARTESIAN_POINT('Origin',(42.,-20.0000002980232,5.00000007450581));
#4311=CARTESIAN_POINT('',(42.,-20.0000002980232,8.00000007450581));
#4312=CARTESIAN_POINT('Origin',(42.,-20.0000002980232,5.00000007450581));
#4313=CARTESIAN_POINT('Origin',(40.,-22.0000003278255,-116.000001728535));
#4314=CARTESIAN_POINT('',(40.,-25.0000001639128,-116.000001728535));
#4315=CARTESIAN_POINT('',(42.,-24.7979589711327,-114.917676717116));
#4316=CARTESIAN_POINT('Ctrl Pts',(40.,-25.0000003278255,-116.000001728535));
#4317=CARTESIAN_POINT('Ctrl Pts',(40.6497631313071,-25.0000003278255,-115.644111810316));
#4318=CARTESIAN_POINT('Ctrl Pts',(41.3252510187965,-24.935691530167,-115.273734278338));
#4319=CARTESIAN_POINT('Ctrl Pts',(42.0000000000001,-24.7979589711327,-114.917676717116));
#4320=CARTESIAN_POINT('',(42.,-24.7979589711327,-117.082326739954));
#4321=CARTESIAN_POINT('Ctrl Pts',(42.0000000000001,-24.7979589711327,-117.082326739954));
#4322=CARTESIAN_POINT('Ctrl Pts',(41.3252510187965,-24.935691530167,-116.726269178732));
#4323=CARTESIAN_POINT('Ctrl Pts',(40.6497631313071,-25.0000003278255,-116.355891646754));
#4324=CARTESIAN_POINT('Ctrl Pts',(40.,-25.0000003278255,-116.000001728535));
#4325=CARTESIAN_POINT('Origin',(42.,-22.0000003278255,-116.000001728535));
#4326=CARTESIAN_POINT('Origin',(40.,-22.0000003278255,-116.000001728535));
#4327=CARTESIAN_POINT('',(42.,-22.0000003278255,-117.600001728535));
#4328=CARTESIAN_POINT('',(40.,-22.0000003278255,-117.600001728535));
#4329=CARTESIAN_POINT('Origin',(42.,-22.0000003278255,-116.000001728535));
#4330=CARTESIAN_POINT('Origin',(42.,-22.0000003278255,-116.000001728535));
#4331=CARTESIAN_POINT('Origin',(42.,-22.0000003278255,-116.000001728535));
#4332=CARTESIAN_POINT('Origin',(40.,-22.0000003278255,-116.000001728535));
#4333=CARTESIAN_POINT('Ctrl Pts',(42.0000000000001,-24.7979589711327,-114.917676717116));
#4334=CARTESIAN_POINT('Ctrl Pts',(42.5975557585162,-24.6759834126972,-114.602353164213));
#4335=CARTESIAN_POINT('Ctrl Pts',(43.1945789367947,-24.4967036693847,-114.298240786487));
#4336=CARTESIAN_POINT('Ctrl Pts',(44.392830925884,-24.0082379382883,-113.738678520859));
#4337=CARTESIAN_POINT('Ctrl Pts',(44.9912565006523,-23.6919002537156,-113.487255334087));
#4338=CARTESIAN_POINT('Ctrl Pts',(46.1212371767288,-22.936764282866,-113.119221799594));
#4339=CARTESIAN_POINT('Ctrl Pts',(46.6525014551999,-22.4988052380405,-113.000001728535));
#4340=CARTESIAN_POINT('Ctrl Pts',(47.4740373480344,-21.6606710606965,-113.000001728535));
#4341=CARTESIAN_POINT('Ctrl Pts',(47.8073917295969,-21.2668740610185,-113.061176903211));
#4342=CARTESIAN_POINT('Ctrl Pts',(48.3702187234694,-20.4925868122045,-113.372860197208));
#4343=CARTESIAN_POINT('Ctrl Pts',(48.6006728528796,-20.1135765050325,-113.625266994573));
#4344=CARTESIAN_POINT('Ctrl Pts',(48.8969769133976,-19.5734379367024,-114.202444293166));
#4345=CARTESIAN_POINT('Ctrl Pts',(49.0010916890874,-19.3595147222315,-114.524883348198));
#4346=CARTESIAN_POINT('Ctrl Pts',(49.13446722319,-19.0726559911348,-115.23921542982));
#4347=CARTESIAN_POINT('Ctrl Pts',(49.1651512468369,-19.0000003278255,-115.630954351149));
#4348=CARTESIAN_POINT('Ctrl Pts',(49.1651512468369,-19.0000003278255,-116.369049105921));
#4349=CARTESIAN_POINT('Ctrl Pts',(49.13446722319,-19.0726559911348,-116.76078802725));
#4350=CARTESIAN_POINT('Ctrl Pts',(49.0010916890874,-19.3595147222315,-117.475120108872));
#4351=CARTESIAN_POINT('Ctrl Pts',(48.8969769133976,-19.5734379367024,-117.797559163904));
#4352=CARTESIAN_POINT('Ctrl Pts',(48.6006728528796,-20.1135765050325,-118.374736462497));
#4353=CARTESIAN_POINT('Ctrl Pts',(48.3702187234694,-20.4925868122045,-118.627143259862));
#4354=CARTESIAN_POINT('Ctrl Pts',(47.8073917295969,-21.2668740610185,-118.938826553859));
#4355=CARTESIAN_POINT('Ctrl Pts',(47.4740373480344,-21.6606710606965,-119.000001728535));
#4356=CARTESIAN_POINT('Ctrl Pts',(46.6525014551999,-22.4988052380405,-119.000001728535));
#4357=CARTESIAN_POINT('Ctrl Pts',(46.1212371767288,-22.936764282866,-118.880781657476));
#4358=CARTESIAN_POINT('Ctrl Pts',(44.9912565006523,-23.6919002537156,-118.512748122983));
#4359=CARTESIAN_POINT('Ctrl Pts',(44.392830925884,-24.0082379382883,-118.261324936211));
#4360=CARTESIAN_POINT('Ctrl Pts',(43.1945789367947,-24.4967036693847,-117.701762670583));
#4361=CARTESIAN_POINT('Ctrl Pts',(42.5975557585162,-24.6759834126972,-117.397650292857));
#4362=CARTESIAN_POINT('Ctrl Pts',(42.0000000000001,-24.7979589711327,-117.082326739954));
#4363=CARTESIAN_POINT('Origin',(50.,0.,-10.));
#4364=CARTESIAN_POINT('',(50.,-1.83697019872103E-16,-8.5));
#4365=CARTESIAN_POINT('Origin',(50.,0.,-10.));
#4366=CARTESIAN_POINT('',(50.,1.83697019872103E-16,-8.5));
#4367=CARTESIAN_POINT('Origin',(50.,6.,-25.));
#4368=CARTESIAN_POINT('',(50.,6.,-23.5));
#4369=CARTESIAN_POINT('Origin',(50.,6.,-25.));
#4370=CARTESIAN_POINT('',(50.,6.,-23.5));
#4371=CARTESIAN_POINT('Origin',(50.,-12.,-40.));
#4372=CARTESIAN_POINT('',(50.,-12.,-38.5));
#4373=CARTESIAN_POINT('Origin',(50.,-12.,-40.));
#4374=CARTESIAN_POINT('',(50.,-12.,-38.5));
#4375=CARTESIAN_POINT('Origin',(50.,12.,-40.));
#4376=CARTESIAN_POINT('',(50.,12.,-38.5));
#4377=CARTESIAN_POINT('Origin',(50.,12.,-40.));
#4378=CARTESIAN_POINT('',(50.,12.,-38.5));
#4379=CARTESIAN_POINT('Origin',(50.,-6.,-55.));
#4380=CARTESIAN_POINT('',(50.,-6.,-53.5));
#4381=CARTESIAN_POINT('Origin',(50.,-6.,-55.));
#4382=CARTESIAN_POINT('',(50.,-6.,-53.5));
#4383=CARTESIAN_POINT('Origin',(50.,0.,-70.));
#4384=CARTESIAN_POINT('',(50.,-1.83697019872103E-16,-68.5));
#4385=CARTESIAN_POINT('Origin',(50.,0.,-70.));
#4386=CARTESIAN_POINT('',(50.,1.83697019872103E-16,-68.5));
#4387=CARTESIAN_POINT('Origin',(50.,6.,-85.));
#4388=CARTESIAN_POINT('',(50.,6.,-83.5));
#4389=CARTESIAN_POINT('Origin',(50.,6.,-85.));
#4390=CARTESIAN_POINT('',(50.,6.,-83.5));
#4391=CARTESIAN_POINT('Origin',(50.,-12.,-100.));
#4392=CARTESIAN_POINT('',(50.,-12.,-98.5));
#4393=CARTESIAN_POINT('Origin',(50.,-12.,-100.));
#4394=CARTESIAN_POINT('',(50.,-12.,-98.5));
#4395=CARTESIAN_POINT('Origin',(50.,12.,-100.));
#4396=CARTESIAN_POINT('',(50.,12.,-98.5));
#4397=CARTESIAN_POINT('Origin',(50.,12.,-100.));
#4398=CARTESIAN_POINT('',(50.,12.,-98.5));
#4399=CARTESIAN_POINT('Origin',(50.,-6.,-100.));
#4400=CARTESIAN_POINT('',(50.,-6.,-98.5));
#4401=CARTESIAN_POINT('Origin',(50.,-6.,-100.));
#4402=CARTESIAN_POINT('',(50.,-6.,-98.5));
#4403=CARTESIAN_POINT('Origin',(50.,0.,-85.));
#4404=CARTESIAN_POINT('',(50.,-1.83697019872103E-16,-83.5));
#4405=CARTESIAN_POINT('Origin',(50.,0.,-85.));
#4406=CARTESIAN_POINT('',(50.,1.83697019872103E-16,-83.5));
#4407=CARTESIAN_POINT('Origin',(50.,6.,-70.));
#4408=CARTESIAN_POINT('',(50.,6.,-68.5));
#4409=CARTESIAN_POINT('Origin',(50.,6.,-70.));
#4410=CARTESIAN_POINT('',(50.,6.,-68.5));
#4411=CARTESIAN_POINT('Origin',(50.,-12.,-55.));
#4412=CARTESIAN_POINT('',(50.,-12.,-53.5));
#4413=CARTESIAN_POINT('Origin',(50.,-12.,-55.));
#4414=CARTESIAN_POINT('',(50.,-12.,-53.5));
#4415=CARTESIAN_POINT('Origin',(50.,12.,-55.));
#4416=CARTESIAN_POINT('',(50.,12.,-53.5));
#4417=CARTESIAN_POINT('Origin',(50.,12.,-55.));
#4418=CARTESIAN_POINT('',(50.,12.,-53.5));
#4419=CARTESIAN_POINT('Origin',(50.,-6.,-40.));
#4420=CARTESIAN_POINT('',(50.,-6.,-38.5));
#4421=CARTESIAN_POINT('Origin',(50.,-6.,-40.));
#4422=CARTESIAN_POINT('',(50.,-6.,-38.5));
#4423=CARTESIAN_POINT('Origin',(50.,0.,-25.));
#4424=CARTESIAN_POINT('',(50.,-1.83697019872103E-16,-23.5));
#4425=CARTESIAN_POINT('Origin',(50.,0.,-25.));
#4426=CARTESIAN_POINT('',(50.,1.83697019872103E-16,-23.5));
#4427=CARTESIAN_POINT('Origin',(50.,-6.,-10.));
#4428=CARTESIAN_POINT('',(50.,-6.,-8.5));
#4429=CARTESIAN_POINT('Origin',(50.,-6.,-10.));
#4430=CARTESIAN_POINT('',(50.,-6.,-8.5));
#4431=CARTESIAN_POINT('Origin',(50.,6.,-10.));
#4432=CARTESIAN_POINT('',(50.,6.,-8.5));
#4433=CARTESIAN_POINT('Origin',(50.,6.,-10.));
#4434=CARTESIAN_POINT('',(50.,6.,-8.5));
#4435=CARTESIAN_POINT('Origin',(50.,12.,-25.));
#4436=CARTESIAN_POINT('',(50.,12.,-23.5));
#4437=CARTESIAN_POINT('Origin',(50.,12.,-25.));
#4438=CARTESIAN_POINT('',(50.,12.,-23.5));
#4439=CARTESIAN_POINT('Origin',(50.,-12.,-25.));
#4440=CARTESIAN_POINT('',(50.,-12.,-23.5));
#4441=CARTESIAN_POINT('Origin',(50.,-12.,-25.));
#4442=CARTESIAN_POINT('',(50.,-12.,-23.5));
#4443=CARTESIAN_POINT('Origin',(50.,6.,-40.));
#4444=CARTESIAN_POINT('',(50.,6.,-38.5));
#4445=CARTESIAN_POINT('Origin',(50.,6.,-40.));
#4446=CARTESIAN_POINT('',(50.,6.,-38.5));
#4447=CARTESIAN_POINT('Origin',(50.,0.,-55.));
#4448=CARTESIAN_POINT('',(50.,-1.83697019872103E-16,-53.5));
#4449=CARTESIAN_POINT('Origin',(50.,0.,-55.));
#4450=CARTESIAN_POINT('',(50.,1.83697019872103E-16,-53.5));
#4451=CARTESIAN_POINT('Origin',(50.,-6.,-70.));
#4452=CARTESIAN_POINT('',(50.,-6.,-68.5));
#4453=CARTESIAN_POINT('Origin',(50.,-6.,-70.));
#4454=CARTESIAN_POINT('',(50.,-6.,-68.5));
#4455=CARTESIAN_POINT('Origin',(50.,12.,-85.));
#4456=CARTESIAN_POINT('',(50.,12.,-83.5));
#4457=CARTESIAN_POINT('Origin',(50.,12.,-85.));
#4458=CARTESIAN_POINT('',(50.,12.,-83.5));
#4459=CARTESIAN_POINT('Origin',(50.,-12.,-85.));
#4460=CARTESIAN_POINT('',(50.,-12.,-83.5));
#4461=CARTESIAN_POINT('Origin',(50.,-12.,-85.));
#4462=CARTESIAN_POINT('',(50.,-12.,-83.5));
#4463=CARTESIAN_POINT('Origin',(50.,6.,-100.));
#4464=CARTESIAN_POINT('',(50.,6.,-98.5));
#4465=CARTESIAN_POINT('Origin',(50.,6.,-100.));
#4466=CARTESIAN_POINT('',(50.,6.,-98.5));
#4467=CARTESIAN_POINT('Origin',(50.,0.,-100.));
#4468=CARTESIAN_POINT('',(50.,-1.83697019872103E-16,-98.5));
#4469=CARTESIAN_POINT('Origin',(50.,0.,-100.));
#4470=CARTESIAN_POINT('',(50.,1.83697019872103E-16,-98.5));
#4471=CARTESIAN_POINT('Origin',(50.,-6.,-85.));
#4472=CARTESIAN_POINT('',(50.,-6.,-83.5));
#4473=CARTESIAN_POINT('Origin',(50.,-6.,-85.));
#4474=CARTESIAN_POINT('',(50.,-6.,-83.5));
#4475=CARTESIAN_POINT('Origin',(50.,12.,-70.));
#4476=CARTESIAN_POINT('',(50.,12.,-68.5));
#4477=CARTESIAN_POINT('Origin',(50.,12.,-70.));
#4478=CARTESIAN_POINT('',(50.,12.,-68.5));
#4479=CARTESIAN_POINT('Origin',(50.,-12.,-70.));
#4480=CARTESIAN_POINT('',(50.,-12.,-68.5));
#4481=CARTESIAN_POINT('Origin',(50.,-12.,-70.));
#4482=CARTESIAN_POINT('',(50.,-12.,-68.5));
#4483=CARTESIAN_POINT('Origin',(50.,6.,-55.));
#4484=CARTESIAN_POINT('',(50.,6.,-53.5));
#4485=CARTESIAN_POINT('Origin',(50.,6.,-55.));
#4486=CARTESIAN_POINT('',(50.,6.,-53.5));
#4487=CARTESIAN_POINT('Origin',(50.,0.,-40.));
#4488=CARTESIAN_POINT('',(50.,-1.83697019872103E-16,-38.5));
#4489=CARTESIAN_POINT('Origin',(50.,0.,-40.));
#4490=CARTESIAN_POINT('',(50.,1.83697019872103E-16,-38.5));
#4491=CARTESIAN_POINT('Origin',(50.,-6.,-25.));
#4492=CARTESIAN_POINT('',(50.,-6.,-23.5));
#4493=CARTESIAN_POINT('Origin',(50.,-6.,-25.));
#4494=CARTESIAN_POINT('',(50.,-6.,-23.5));
#4495=CARTESIAN_POINT('Origin',(50.,-12.,-10.));
#4496=CARTESIAN_POINT('',(50.,-12.,-8.5));
#4497=CARTESIAN_POINT('Origin',(50.,-12.,-10.));
#4498=CARTESIAN_POINT('',(50.,-12.,-8.5));
#4499=CARTESIAN_POINT('Origin',(50.,12.,-10.));
#4500=CARTESIAN_POINT('',(50.,12.,-8.5));
#4501=CARTESIAN_POINT('Origin',(50.,12.,-10.));
#4502=CARTESIAN_POINT('',(50.,12.,-8.5));
#4503=CARTESIAN_POINT('Origin',(40.,20.0000002980232,5.00000007450581));
#4504=CARTESIAN_POINT('',(47.5643752474333,20.0000002976316,8.00000007450581));
#4505=CARTESIAN_POINT('',(40.,20.0000002980232,8.00000007450581));
#4506=CARTESIAN_POINT('',(45.076679011009,22.9104277984592,5.7276069496148));
#4507=CARTESIAN_POINT('Ctrl Pts',(45.0766790110091,22.9104277984592,5.72760694961481));
#4508=CARTESIAN_POINT('Ctrl Pts',(45.0766790110091,22.916601793171,5.70291097076769));
#4509=CARTESIAN_POINT('Ctrl Pts',(45.0771590471486,22.9224585072629,5.67814836651855));
#4510=CARTESIAN_POINT('Ctrl Pts',(45.0823404746382,22.9524042262278,5.54394018376856));
#4511=CARTESIAN_POINT('Ctrl Pts',(45.0957973805371,22.9703309156085,5.43482295322866));
#4512=CARTESIAN_POINT('Ctrl Pts',(45.1552234663805,23.0028142344317,5.13787305346556));
#4513=CARTESIAN_POINT('Ctrl Pts',(45.2170066219996,23.0047971459718,4.95501193995466));
#4514=CARTESIAN_POINT('Ctrl Pts',(45.4457542868292,22.9666883851243,4.43696902036652));
#4515=CARTESIAN_POINT('Ctrl Pts',(45.6649056422932,22.8830696140094,4.10464103762415));
#4516=CARTESIAN_POINT('Ctrl Pts',(46.2615808659647,22.5615662228082,3.37109444251287));
#4517=CARTESIAN_POINT('Ctrl Pts',(46.6786060540559,22.2706959307708,2.97603131287666));
#4518=CARTESIAN_POINT('Ctrl Pts',(47.4652492619879,21.5424914216596,2.39097500335841));
#4519=CARTESIAN_POINT('Ctrl Pts',(47.8225643328505,21.1415287237305,2.18820360625739));
#4520=CARTESIAN_POINT('Ctrl Pts',(48.4003431223844,20.3452704211688,1.99813083514974));
#4521=CARTESIAN_POINT('Ctrl Pts',(48.6327155552707,19.9682900746215,1.97499805194916));
#4522=CARTESIAN_POINT('Ctrl Pts',(49.0039406042569,19.2546075254781,2.07525497619537));
#4523=CARTESIAN_POINT('Ctrl Pts',(49.1480014615472,18.9273480448347,2.17649802993409));
#4524=CARTESIAN_POINT('Ctrl Pts',(49.3891896915923,18.2869968501781,2.50931712215962));
#4525=CARTESIAN_POINT('Ctrl Pts',(49.4791974224332,17.9869123658357,2.74295785922467));
#4526=CARTESIAN_POINT('Ctrl Pts',(49.5820941065715,17.572612654901,3.21968004610142));
#4527=CARTESIAN_POINT('Ctrl Pts',(49.6103113802868,17.4331267777605,3.42730971145429));
#4528=CARTESIAN_POINT('Ctrl Pts',(49.6424160435627,17.2321234036484,3.82621051178192));
#4529=CARTESIAN_POINT('Ctrl Pts',(49.6500353651667,17.1610772445602,4.01049950469868));
#4530=CARTESIAN_POINT('Ctrl Pts',(49.6531199945377,17.0573758885672,4.38521705166305));
#4531=CARTESIAN_POINT('Ctrl Pts',(49.6488251591277,17.0242099741171,4.57447860816222));
#4532=CARTESIAN_POINT('Ctrl Pts',(49.6263010568543,16.9911506838079,4.99462077146702));
#4533=CARTESIAN_POINT('Ctrl Pts',(49.6054347410854,16.999775831746,5.22444144836641));
#4534=CARTESIAN_POINT('Ctrl Pts',(49.5308340979752,17.0833307219953,5.77605153888126));
#4535=CARTESIAN_POINT('Ctrl Pts',(49.4671591281389,17.1856119199913,6.08698118438137));
#4536=CARTESIAN_POINT('Ctrl Pts',(49.2746263076171,17.5092924222711,6.71669884910077));
#4537=CARTESIAN_POINT('Ctrl Pts',(49.1378230972648,17.745204428754,7.01191729983989));
#4538=CARTESIAN_POINT('Ctrl Pts',(48.7688192751553,18.3408688777521,7.53623435681671));
#4539=CARTESIAN_POINT('Ctrl Pts',(48.5303305993052,18.704053328612,7.73378110571358));
#4540=CARTESIAN_POINT('Ctrl Pts',(48.0451134917379,19.3837853438518,7.95377164653742));
#4541=CARTESIAN_POINT('Ctrl Pts',(47.8088183317511,19.6955206477214,8.00000007442632));
#4542=CARTESIAN_POINT('Ctrl Pts',(47.5643752474333,20.00000029724,8.00000007450581));
#4543=CARTESIAN_POINT('Ctrl Pts',(47.5643752474333,20.0000002972401,8.00000007450581));
#4544=CARTESIAN_POINT('Ctrl Pts',(47.429091836915,20.1685100570284,8.0000000745498));
#4545=CARTESIAN_POINT('Ctrl Pts',(47.2913631765123,20.3348379606896,7.98580625258794));
#4546=CARTESIAN_POINT('Ctrl Pts',(46.7794137919443,20.9362333143446,7.88470706189246));
#4547=CARTESIAN_POINT('Ctrl Pts',(46.4114418095815,21.3340316994963,7.7178625101319));
#4548=CARTESIAN_POINT('Ctrl Pts',(45.871697991241,21.9052743212278,7.33418879522695));
#4549=CARTESIAN_POINT('Ctrl Pts',(45.6586394016955,22.1265129401683,7.13797583384891));
#4550=CARTESIAN_POINT('Ctrl Pts',(45.3807657470275,22.4326928387998,6.76455943395186));
#4551=CARTESIAN_POINT('Ctrl Pts',(45.28985147454,22.5377388243763,6.61139040318605));
#4552=CARTESIAN_POINT('Ctrl Pts',(45.165793847495,22.7017831818884,6.31251035024052));
#4553=CARTESIAN_POINT('Ctrl Pts',(45.124741268972,22.7653699028623,6.17349567893882));
#4554=CARTESIAN_POINT('Ctrl Pts',(45.0848058998986,22.8544520622065,5.92895574761109));
#4555=CARTESIAN_POINT('Ctrl Pts',(45.0766790110091,22.8850369013504,5.82917053805011));
#4556=CARTESIAN_POINT('Ctrl Pts',(45.0766790110091,22.9104277984592,5.72760694961481));
#4557=CARTESIAN_POINT('Origin',(40.,-20.0000002980232,5.00000007450581));
#4558=CARTESIAN_POINT('',(47.5643752471755,-20.0000002977922,8.00000007450581));
#4559=CARTESIAN_POINT('',(40.,-20.0000002980232,8.00000007450581));
#4560=CARTESIAN_POINT('',(45.076679011009,-22.9104277984592,5.72760694961481));
#4561=CARTESIAN_POINT('Ctrl Pts',(45.0766790110091,-22.9104277984592,5.72760694961481));
#4562=CARTESIAN_POINT('Ctrl Pts',(45.0766790110091,-22.9042538037474,5.75230292846193));
#4563=CARTESIAN_POINT('Ctrl Pts',(45.0771590471486,-22.8977685024171,5.77690838590146));
#4564=CARTESIAN_POINT('Ctrl Pts',(45.0823404746382,-22.8610344037391,5.90941947372315));
#4565=CARTESIAN_POINT('Ctrl Pts',(45.0957973805371,-22.8255027858798,6.01413547214337));
#4566=CARTESIAN_POINT('Ctrl Pts',(45.1552234663805,-22.7144234084824,6.29143635726298));
#4567=CARTESIAN_POINT('Ctrl Pts',(45.2170066219996,-22.6301207476008,6.45371753343849));
#4568=CARTESIAN_POINT('Ctrl Pts',(45.4457542868288,-22.3527104670473,6.89288069267567));
#4569=CARTESIAN_POINT('Ctrl Pts',(45.6649056422925,-22.1225395594792,7.14676125574732));
#4570=CARTESIAN_POINT('Ctrl Pts',(46.2615808659648,-21.4936616989543,7.64271253792796));
#4571=CARTESIAN_POINT('Ctrl Pts',(46.6786060540561,-21.0510993802689,7.85441751488337));
#4572=CARTESIAN_POINT('Ctrl Pts',(47.2577933662203,-20.3753045730396,7.98219226525421));
#4573=CARTESIAN_POINT('Ctrl Pts',(47.4128327563191,-20.1887624571867,8.00000007453488));
#4574=CARTESIAN_POINT('Ctrl Pts',(47.5643752471755,-20.0000002975612,8.00000007450581));
#4575=CARTESIAN_POINT('Ctrl Pts',(47.5643752471755,-20.0000002975612,8.00000007450581));
#4576=CARTESIAN_POINT('Ctrl Pts',(47.7658808112611,-19.749003859279,8.00000007446716));
#4577=CARTESIAN_POINT('Ctrl Pts',(47.9611585834156,-19.4940460780711,7.96853319187499));
#4578=CARTESIAN_POINT('Ctrl Pts',(48.4003431223844,-18.8920060587489,7.81118828482968));
#4579=CARTESIAN_POINT('Ctrl Pts',(48.6327155552707,-18.5484903255834,7.6541970481021));
#4580=CARTESIAN_POINT('Ctrl Pts',(49.0039406042569,-17.9659501583373,7.22988444475853));
#4581=CARTESIAN_POINT('Ctrl Pts',(49.1480014615472,-17.7248355830584,6.98654787703921));
#4582=CARTESIAN_POINT('Ctrl Pts',(49.3891896915923,-17.3164405723499,6.39154223347241));
#4583=CARTESIAN_POINT('Ctrl Pts',(49.4791974224332,-17.1616087271372,6.0441724140186));
#4584=CARTESIAN_POINT('Ctrl Pts',(49.5820941065715,-17.0203900113133,5.42857062045214));
#4585=CARTESIAN_POINT('Ctrl Pts',(49.6103113802868,-16.9950223151789,5.17972756178056));
#4586=CARTESIAN_POINT('Ctrl Pts',(49.6424160435627,-17.0053844205283,4.73316644426227));
#4587=CARTESIAN_POINT('Ctrl Pts',(49.6500353651667,-17.0294208650583,4.53712502270593));
#4588=CARTESIAN_POINT('Ctrl Pts',(49.6531199945377,-17.1142573377537,4.1576912549172));
#4589=CARTESIAN_POINT('Ctrl Pts',(49.6488251591277,-17.1740575574738,3.9750882747355));
#4590=CARTESIAN_POINT('Ctrl Pts',(49.6263010568543,-17.3426015546385,3.58881728814452));
#4591=CARTESIAN_POINT('Ctrl Pts',(49.6054347410853,-17.4583628860661,3.39009323108648));
#4592=CARTESIAN_POINT('Ctrl Pts',(49.5308340979752,-17.7916690082929,2.9426983936908));
#4593=CARTESIAN_POINT('Ctrl Pts',(49.4671591281389,-18.0282369573483,2.71648103495352));
#4594=CARTESIAN_POINT('Ctrl Pts',(49.274626307617,-18.6101751251102,2.31316803774453));
#4595=CARTESIAN_POINT('Ctrl Pts',(49.1378230972648,-18.9572591076489,2.16369858426082));
#4596=CARTESIAN_POINT('Ctrl Pts',(48.7688192751553,-19.7295828247538,1.98137856880979));
#4597=CARTESIAN_POINT('Ctrl Pts',(48.5303305993053,-20.1430028691111,1.97798294371721));
#4598=CARTESIAN_POINT('Ctrl Pts',(47.9236163440751,-21.0223930509584,2.13523867035321));
#4599=CARTESIAN_POINT('Ctrl Pts',(47.541323977062,-21.4646717276527,2.34130092590055));
#4600=CARTESIAN_POINT('Ctrl Pts',(46.7794137919438,-22.1835974241362,2.89525062272799));
#4601=CARTESIAN_POINT('Ctrl Pts',(46.4114418095811,-22.4560809160885,3.22966564376473));
#4602=CARTESIAN_POINT('Ctrl Pts',(45.871697991241,-22.7795661870725,3.83702133184815));
#4603=CARTESIAN_POINT('Ctrl Pts',(45.6586394016955,-22.8824412219598,4.11426270668316));
#4604=CARTESIAN_POINT('Ctrl Pts',(45.3807657470275,-22.9768745913889,4.58783242359538));
#4605=CARTESIAN_POINT('Ctrl Pts',(45.28985147454,-22.9974826818313,4.7724149733659));
#4606=CARTESIAN_POINT('Ctrl Pts',(45.165793847495,-23.0015782664853,5.11333001185304));
#4607=CARTESIAN_POINT('Ctrl Pts',(45.124741268972,-22.9922655279085,5.26591317875396));
#4608=CARTESIAN_POINT('Ctrl Pts',(45.0848058998986,-22.9557898184698,5.52360472255791));
#4609=CARTESIAN_POINT('Ctrl Pts',(45.0766790110091,-22.935818695568,5.62604336117947));
#4610=CARTESIAN_POINT('Ctrl Pts',(45.0766790110091,-22.9104277984592,5.72760694961481));
#4611=CARTESIAN_POINT('Origin',(40.,14.999998796828,-64.999999722345));
#4612=CARTESIAN_POINT('',(40.,24.9999998148966,-119.99999944469));
#4613=CARTESIAN_POINT('',(50.,14.9999998148966,-119.999999629793));
#4614=CARTESIAN_POINT('Origin',(40.,14.9999998148966,-119.999999629793));
#4615=CARTESIAN_POINT('',(40.,24.999998796828,-64.9999995372416));
#4616=CARTESIAN_POINT('',(40.,24.999997593453,0.0109693821737477));
#4617=CARTESIAN_POINT('',(40.,24.999998796828,-64.9999995372416));
#4618=CARTESIAN_POINT('',(50.,14.9999967909718,0.0109691965521771));
#4619=CARTESIAN_POINT('Origin',(40.,14.999997593453,0.0109691970703718));
#4620=CARTESIAN_POINT('',(50.,14.999998796828,-64.999999722345));
#4621=CARTESIAN_POINT('Origin',(40.,-15.,0.));
#4622=CARTESIAN_POINT('',(50.,-15.,-119.999999907448));
#4623=CARTESIAN_POINT('',(50.,-15.,-9.18319240095222E-16));
#4624=CARTESIAN_POINT('',(50.,-15.,0.));
#4625=CARTESIAN_POINT('',(40.,-25.,0.));
#4626=CARTESIAN_POINT('Origin',(40.,-15.,-9.18319240095222E-16));
#4627=CARTESIAN_POINT('',(40.,-25.,0.));
#4628=CARTESIAN_POINT('',(40.,-25.,-119.999999907448));
#4629=CARTESIAN_POINT('',(40.,-25.,0.));
#4630=CARTESIAN_POINT('Origin',(40.,-15.,-119.999999907448));
#4631=CARTESIAN_POINT('Origin',(40.,14.9999998148966,-119.999999629793));
#4632=CARTESIAN_POINT('',(40.,14.9999999074483,-129.999999629793));
#4633=CARTESIAN_POINT('Origin',(40.,14.9999998148966,-119.999999629793));
#4634=CARTESIAN_POINT('Origin',(40.,14.9999998148966,-119.999999629793));
#4635=CARTESIAN_POINT('Origin',(40.,-12.4999994909657,-119.99999988431));
#4636=CARTESIAN_POINT('',(40.,-14.9999999074483,-129.999999907448));
#4637=CARTESIAN_POINT('',(40.,-12.499999398414,-129.99999988431));
#4638=CARTESIAN_POINT('',(50.,-12.4999994909657,-119.99999988431));
#4639=CARTESIAN_POINT('Origin',(40.,-15.,-119.999999907448));
#4640=CARTESIAN_POINT('Origin',(40.,-15.,-119.999999907448));
#4641=CARTESIAN_POINT('Origin',(40.,-15.,-119.999999907448));
#4642=CARTESIAN_POINT('Origin',(50.,0.,0.));
#4643=CARTESIAN_POINT('Origin',(50.,0.,0.));
#4644=CARTESIAN_POINT('Origin',(40.,0.,0.));
#4645=CARTESIAN_POINT('Origin',(40.,0.,0.));
#4646=CARTESIAN_POINT('Origin',(20.,-15.0000002235174,-130.));
#4647=CARTESIAN_POINT('',(20.0000000000001,-15.0000002235174,-123.198445544447));
#4648=CARTESIAN_POINT('',(20.0000000000001,14.9999998148966,-123.198445544447));
#4649=CARTESIAN_POINT('',(20.,-2.04310399709584E-7,-123.198445544447));
#4650=CARTESIAN_POINT('',(20.,14.9999998408111,-129.999999812408));
#4651=CARTESIAN_POINT('',(20.,14.9999998148966,-130.));
#4652=CARTESIAN_POINT('',(20.,-15.0000000656456,-129.999999930894));
#4653=CARTESIAN_POINT('',(20.,-12.4999997570518,-129.99999988431));
#4654=CARTESIAN_POINT('',(20.,-15.0000002235174,-130.));
#4655=CARTESIAN_POINT('Origin',(22.0000000000001,3.97632113902091E-7,-72.8186330551869));
#4656=CARTESIAN_POINT('',(22.0000000000001,-15.0000002235174,-123.198445544447));
#4657=CARTESIAN_POINT('',(22.0000000000001,-15.0000002235174,-100.));
#4658=CARTESIAN_POINT('',(22.0000000000001,-15.0000002235174,-98.0085392998169));
#4659=CARTESIAN_POINT('',(22.0000000000001,14.9999998148966,-100.));
#4660=CARTESIAN_POINT('',(22.0000000000001,-7.49999991294265,-100.));
#4661=CARTESIAN_POINT('',(22.0000000000001,14.9999998148966,-123.198445544447));
#4662=CARTESIAN_POINT('',(22.0000000000001,14.9999998148966,-86.4093165275934));
#4663=CARTESIAN_POINT('',(22.0000000000001,18.8280853347624,-123.198445544447));
#4664=CARTESIAN_POINT('',(22.0000000000001,-18.8280845394982,-123.198445544447));
#4665=CARTESIAN_POINT('',(22.0000000000001,18.8280853347625,-22.4388205659268));
#4666=CARTESIAN_POINT('',(22.0000000000001,18.8280853347624,-123.198445544447));
#4667=CARTESIAN_POINT('',(22.0000000000001,14.0000012516975,-22.4388205659268));
#4668=CARTESIAN_POINT('',(22.0000000000001,18.8280853347625,-22.4388205659268));
#4669=CARTESIAN_POINT('',(22.0000000000001,14.0000012516975,-39.0000006407497));
#4670=CARTESIAN_POINT('',(22.0000000000001,14.0000012516974,-28.4093163189771));
#4671=CARTESIAN_POINT('',(22.0000000000001,10.0000012516975,-43.0000006407497));
#4672=CARTESIAN_POINT('Origin',(22.0000000000001,10.0000012516974,-39.0000006407497));
#4673=CARTESIAN_POINT('',(22.0000000000001,-9.99999916553504,-43.0000006407497));
#4674=CARTESIAN_POINT('',(22.0000000000001,5.00000082466476,-43.0000006407498));
#4675=CARTESIAN_POINT('',(22.0000000000001,-13.999999165535,-39.0000006407497));
#4676=CARTESIAN_POINT('Origin',(22.0000000000001,-9.99999916553506,-39.0000006407497));
#4677=CARTESIAN_POINT('',(22.0000000000001,-13.999999165535,-22.4388205659268));
#4678=CARTESIAN_POINT('',(22.0000000000001,-13.9999991655351,-55.9093168479683));
#4679=CARTESIAN_POINT('',(22.0000000000001,-18.8280845394982,-22.4388205659268));
#4680=CARTESIAN_POINT('',(22.0000000000001,-13.999999165535,-22.4388205659268));
#4681=CARTESIAN_POINT('',(22.0000000000001,-18.8280845394982,-123.198445544447));
#4682=CARTESIAN_POINT('',(22.0000000000001,-18.8280845394982,-22.4388205659268));
#4683=CARTESIAN_POINT('',(22.0000000000001,-18.8280845394982,-123.198445544447));
#4684=CARTESIAN_POINT('Origin',(10.0000001490116,-15.0000002235174,-130.));
#4685=CARTESIAN_POINT('',(10.0000001490116,-15.0000001117587,-130.));
#4686=CARTESIAN_POINT('',(10.,-15.,-130.));
#4687=CARTESIAN_POINT('',(10.0000001490116,-15.0000002235174,-100.));
#4688=CARTESIAN_POINT('',(10.0000001490116,-15.0000002235174,-130.));
#4689=CARTESIAN_POINT('',(22.0000000000001,-15.0000002235174,-100.));
#4690=CARTESIAN_POINT('',(22.0000000000001,-15.0000002235174,-123.198445544447));
#4691=CARTESIAN_POINT('Origin',(10.0000001490116,14.9999998148966,-130.));
#4692=CARTESIAN_POINT('',(10.0000001490116,14.9999998148966,-130.));
#4693=CARTESIAN_POINT('',(10.0000001490116,19.9999999074483,-130.));
#4694=CARTESIAN_POINT('',(10.0000001490116,14.9999998148966,-100.));
#4695=CARTESIAN_POINT('',(10.0000001490116,14.9999998148966,-130.));
#4696=CARTESIAN_POINT('',(10.0000001490116,14.9999998148966,-100.));
#4697=CARTESIAN_POINT('Origin',(20.,14.9999998148966,-130.));
#4698=CARTESIAN_POINT('',(10.,14.9999998148966,-130.));
#4699=CARTESIAN_POINT('',(22.0000000000001,14.9999998148966,-123.198445544447));
#4700=CARTESIAN_POINT('',(20.,14.9999998148966,-100.));
#4701=CARTESIAN_POINT('Origin',(15.0000000745058,-2.04310399709584E-7,-100.));
#4702=CARTESIAN_POINT('Origin',(20.,25.,-130.));
#4703=CARTESIAN_POINT('',(2.,-15.,-130.));
#4704=CARTESIAN_POINT('',(10.,-15.,-130.));
#4705=CARTESIAN_POINT('',(2.,14.9999998148966,-130.));
#4706=CARTESIAN_POINT('',(2.,12.4990295963448,-130.));
#4707=CARTESIAN_POINT('',(10.,14.9999998148966,-130.));
#4708=CARTESIAN_POINT('Origin',(22.0000000000001,0.,0.));
#4709=CARTESIAN_POINT('',(9.99999999999999,14.0000012516974,-18.2482866305983));
#4710=CARTESIAN_POINT('',(22.0000000000001,14.0000012516974,-18.2482866305983));
#4711=CARTESIAN_POINT('',(0.,23.0000001711307,0.));
#4712=CARTESIAN_POINT('',(22.0000000000001,23.0000003427267,0.));
#4713=CARTESIAN_POINT('',(7.105427357601E-14,9.99999999999988,-20.712315177208));
#4714=CARTESIAN_POINT('Origin',(0.,0.,0.));
#4715=CARTESIAN_POINT('',(1.99999999999999,9.99999999999988,-20.712315177208));
#4716=CARTESIAN_POINT('',(22.0000000000001,9.99999999999988,-20.712315177208));
#4717=CARTESIAN_POINT('',(9.99999999999999,9.99999999999988,-20.712315177208));
#4718=CARTESIAN_POINT('',(22.0000000000001,9.99999999999988,-20.712315177208));
#4719=CARTESIAN_POINT('Origin',(9.99999999999999,0.,0.));
#4720=CARTESIAN_POINT('Origin',(22.0000000000001,9.99999999999988,-20.712315177208));
#4721=CARTESIAN_POINT('',(1.99999999999999,9.99999999999988,-14.3614066163452));
#4722=CARTESIAN_POINT('',(1.99999999999999,9.9999999999999,-29.4999999999999));
#4723=CARTESIAN_POINT('',(7.105427357601E-14,9.99999999999988,-14.3614066163452));
#4724=CARTESIAN_POINT('',(0.,9.99999999999988,-10.356157588604));
#4725=CARTESIAN_POINT('',(22.0000000000001,9.99999999999988,-14.3614066163452));
#4726=CARTESIAN_POINT('Origin',(22.0000000000001,17.5,0.));
#4727=CARTESIAN_POINT('',(7.105427357601E-14,17.5,0.));
#4728=CARTESIAN_POINT('',(22.0000000000001,17.5,0.));
#4729=CARTESIAN_POINT('',(0.,8.75,0.));
#4730=CARTESIAN_POINT('Origin',(22.0000000000001,0.,0.));
#4731=CARTESIAN_POINT('',(9.99999999999999,14.0000012516974,-10.4999983310699));
#4732=CARTESIAN_POINT('',(22.0000000000001,14.0000012516974,-10.4999983310699));
#4733=CARTESIAN_POINT('',(9.99999999999999,9.99999999999987,-14.3614066163452));
#4734=CARTESIAN_POINT('Origin',(9.99999999999999,0.,0.));
#4735=CARTESIAN_POINT('',(22.0000000000001,9.99999999999987,-14.3614066163452));
#4736=CARTESIAN_POINT('Origin',(0.,0.,0.));
#4737=CARTESIAN_POINT('Origin',(22.0000000000001,-13.9999991655351,-10.5000011126198));
#4738=CARTESIAN_POINT('',(9.99999999999999,-13.9999991655351,-18.2482882310922));
#4739=CARTESIAN_POINT('',(9.99999999999999,-13.9999991655351,-10.5000011126198));
#4740=CARTESIAN_POINT('',(9.99999999999998,-13.9999991655351,16.0000004172327));
#4741=CARTESIAN_POINT('',(7.105427357601E-14,-13.9999991655351,-10.5000011126198));
#4742=CARTESIAN_POINT('',(22.0000000000001,-13.9999991655351,-10.5000011126198));
#4743=CARTESIAN_POINT('',(7.105427357601E-14,-13.9999991655351,-18.2482882310922));
#4744=CARTESIAN_POINT('',(0.,-13.9999991655351,-5.25000055630989));
#4745=CARTESIAN_POINT('',(22.0000000000001,-13.9999991655351,-18.2482882310922));
#4746=CARTESIAN_POINT('Origin',(22.0000000000001,0.,0.));
#4747=CARTESIAN_POINT('',(0.,-23.0000001711307,0.));
#4748=CARTESIAN_POINT('',(22.0000000000001,-23.0000003427267,0.));
#4749=CARTESIAN_POINT('',(22.0000000000001,-13.9999991655351,-18.2482882310922));
#4750=CARTESIAN_POINT('Origin',(0.,0.,0.));
#4751=CARTESIAN_POINT('Origin',(22.0000000000001,0.,0.));
#4752=CARTESIAN_POINT('',(22.0000000000001,-13.9999991655351,-10.5000011126198));
#4753=CARTESIAN_POINT('',(7.105427357601E-14,-17.5,0.));
#4754=CARTESIAN_POINT('',(22.0000000000001,-17.5,0.));
#4755=CARTESIAN_POINT('Origin',(0.,0.,0.));
#4756=CARTESIAN_POINT('Origin',(22.0000000000001,-23.0000003427267,0.));
#4757=CARTESIAN_POINT('',(0.,-11.5000001713634,0.));
#4758=CARTESIAN_POINT('Origin',(40.,14.0000012516974,16.0000004172327));
#4759=CARTESIAN_POINT('',(9.99999999999999,14.0000012516974,16.0000004172327));
#4760=CARTESIAN_POINT('',(40.,14.0000012516974,16.0000004172327));
#4761=CARTESIAN_POINT('',(9.99999999999999,14.0000012516974,-39.0000006407498));
#4762=CARTESIAN_POINT('Origin',(40.,14.0000012516974,16.0000004172327));
#4763=CARTESIAN_POINT('',(9.99999999999999,14.0000012516974,-39.0000006407497));
#4764=CARTESIAN_POINT('',(9.99999999999999,14.0000012516974,-39.0000006407498));
#4765=CARTESIAN_POINT('',(40.,14.0000012516974,-39.0000006407497));
#4766=CARTESIAN_POINT('',(40.,14.0000012516974,-22.4388205659268));
#4767=CARTESIAN_POINT('Origin',(9.99999999999999,1.04308114368123E-6,-11.5000001117585));
#4768=CARTESIAN_POINT('',(9.99999999999999,9.99999999999989,-29.4999999999999));
#4769=CARTESIAN_POINT('',(9.99999999999999,9.99999999999984,-1.00000005587916));
#4770=CARTESIAN_POINT('',(9.99999999999999,9.49999999999987,-29.9999999999999));
#4771=CARTESIAN_POINT('Origin',(9.99999999999999,9.49999999999989,-29.4999999999999));
#4772=CARTESIAN_POINT('',(9.99999999999998,-9.5000000000001,-29.9999999999999));
#4773=CARTESIAN_POINT('',(9.99999999999999,4.75000052154051,-29.9999999999999));
#4774=CARTESIAN_POINT('',(9.99999999999998,-10.0000000000001,-29.4999999999999));
#4775=CARTESIAN_POINT('Origin',(9.99999999999999,-9.5000000000001,-29.4999999999999));
#4776=CARTESIAN_POINT('',(9.99999999999998,-10.0000000000001,9.50000000000021));
#4777=CARTESIAN_POINT('',(9.99999999999999,-10.0000000000001,-20.5000000558792));
#4778=CARTESIAN_POINT('',(9.99999999999998,-9.50000000000012,10.0000000000002));
#4779=CARTESIAN_POINT('Origin',(9.99999999999999,-9.50000000000014,9.50000000000021));
#4780=CARTESIAN_POINT('',(9.99999999999999,9.49999999999985,10.0000000000002));
#4781=CARTESIAN_POINT('',(9.99999999999999,-4.74999947845949,10.0000000000002));
#4782=CARTESIAN_POINT('',(9.99999999999999,9.99999999999982,9.50000000000021));
#4783=CARTESIAN_POINT('Origin',(9.99999999999999,9.49999999999985,9.50000000000021));
#4784=CARTESIAN_POINT('',(9.99999999999999,9.99999999999984,-1.00000005587916));
#4785=CARTESIAN_POINT('',(9.99999999999999,10.0000012516974,20.0000004172327));
#4786=CARTESIAN_POINT('Origin',(9.99999999999999,10.0000012516974,16.0000004172327));
#4787=CARTESIAN_POINT('',(9.99999999999998,-9.9999991655351,20.0000004172327));
#4788=CARTESIAN_POINT('',(9.99999999999999,10.0000012516974,20.0000004172327));
#4789=CARTESIAN_POINT('',(9.99999999999998,-13.9999991655351,16.0000004172327));
#4790=CARTESIAN_POINT('Origin',(9.99999999999998,-9.99999916553506,16.0000004172327));
#4791=CARTESIAN_POINT('',(9.99999999999998,-13.9999991655351,16.0000004172327));
#4792=CARTESIAN_POINT('',(9.99999999999998,-13.9999991655351,-39.0000006407498));
#4793=CARTESIAN_POINT('',(9.99999999999998,-13.9999991655351,16.0000004172327));
#4794=CARTESIAN_POINT('',(9.99999999999998,-9.99999916553509,-43.0000006407498));
#4795=CARTESIAN_POINT('Origin',(9.99999999999998,-9.99999916553506,-39.0000006407497));
#4796=CARTESIAN_POINT('',(9.99999999999999,10.0000012516974,-43.0000006407498));
#4797=CARTESIAN_POINT('',(9.99999999999998,-9.99999916553509,-43.0000006407498));
#4798=CARTESIAN_POINT('Origin',(9.99999999999999,10.0000012516974,-39.0000006407497));
#4799=CARTESIAN_POINT('',(9.99999999999998,-6.60000000000013,-34.7499999999999));
#4800=CARTESIAN_POINT('Origin',(9.99999999999998,-5.10000000000012,-34.7499999999999));
#4801=CARTESIAN_POINT('',(9.99999999999999,3.59999999999988,14.7500000000002));
#4802=CARTESIAN_POINT('Origin',(9.99999999999999,5.09999999999987,14.7500000000002));
#4803=CARTESIAN_POINT('',(9.99999999999998,-6.60000000000012,14.7500000000002));
#4804=CARTESIAN_POINT('Origin',(9.99999999999998,-5.10000000000012,14.7500000000002));
#4805=CARTESIAN_POINT('',(9.99999999999999,3.59999999999988,-34.7499999999999));
#4806=CARTESIAN_POINT('Origin',(9.99999999999999,5.09999999999988,-34.7499999999999));
#4807=CARTESIAN_POINT('Origin',(40.,9.99999999999982,9.50000000000021));
#4808=CARTESIAN_POINT('',(1.99999999999999,9.99999999999982,9.50000000000021));
#4809=CARTESIAN_POINT('',(40.,9.99999999999982,9.50000000000021));
#4810=CARTESIAN_POINT('',(1.99999999999999,9.9999999999999,-29.4999999999999));
#4811=CARTESIAN_POINT('Origin',(40.,9.99999999999982,9.50000000000021));
#4812=CARTESIAN_POINT('',(1.99999999999999,9.99999999999989,-29.4999999999999));
#4813=CARTESIAN_POINT('',(1.99999999999999,9.9999999999999,-29.4999999999999));
#4814=CARTESIAN_POINT('',(40.,9.99999999999989,-29.4999999999999));
#4815=CARTESIAN_POINT('Origin',(40.,-13.9999991655351,-39.0000006407498));
#4816=CARTESIAN_POINT('',(40.,-13.9999991655351,-22.4388205659268));
#4817=CARTESIAN_POINT('',(40.,-13.9999991655351,-39.0000006407498));
#4818=CARTESIAN_POINT('Origin',(1.,-12.5009704036552,-96.));
#4819=CARTESIAN_POINT('',(0.,22.9999993891588,-97.));
#4820=CARTESIAN_POINT('',(0.,-23.,-97.));
#4821=CARTESIAN_POINT('',(0.,-12.5009704036552,-97.));
#4822=CARTESIAN_POINT('',(2.,-25.,-95.));
#4823=CARTESIAN_POINT('',(0.,-23.,-97.));
#4824=CARTESIAN_POINT('',(2.,24.9999993521382,-95.));
#4825=CARTESIAN_POINT('',(2.,-12.5009704036552,-95.));
#4826=CARTESIAN_POINT('',(2.,24.9999993521382,-95.));
#4827=CARTESIAN_POINT('Origin',(1.,23.9999992827303,-91.2503164225348));
#4828=CARTESIAN_POINT('',(2.,24.9999998148966,-119.999999814897));
#4829=CARTESIAN_POINT('',(2.,24.9999992827303,-91.2503164040245));
#4830=CARTESIAN_POINT('',(0.,22.9999998148966,-119.999999851917));
#4831=CARTESIAN_POINT('',(2.,24.9999998148966,-119.999999814897));
#4832=CARTESIAN_POINT('',(0.,22.9999992827302,-91.2503164410451));
#4833=CARTESIAN_POINT('Origin',(1.,14.9999998148966,-120.));
#4834=CARTESIAN_POINT('',(0.,14.9999998148966,-128.));
#4835=CARTESIAN_POINT('',(2.,14.9999998148966,-130.));
#4836=CARTESIAN_POINT('Origin',(0.,14.9999998148966,-120.));
#4837=CARTESIAN_POINT('Origin',(2.,14.9999998148966,-120.));
#4838=CARTESIAN_POINT('Origin',(1.,12.4990295963448,-129.));
#4839=CARTESIAN_POINT('',(0.,-15.,-128.));
#4840=CARTESIAN_POINT('',(2.,-15.,-130.));
#4841=CARTESIAN_POINT('',(0.,12.4990295963448,-128.));
#4842=CARTESIAN_POINT('Origin',(1.,-15.,-120.));
#4843=CARTESIAN_POINT('',(2.,-25.,-120.));
#4844=CARTESIAN_POINT('',(0.,-23.,-120.));
#4845=CARTESIAN_POINT('',(2.,-25.,-120.));
#4846=CARTESIAN_POINT('Origin',(0.,-15.,-120.));
#4847=CARTESIAN_POINT('Origin',(2.,-15.,-120.));
#4848=CARTESIAN_POINT('Origin',(1.,-24.,-26.2503168668009));
#4849=CARTESIAN_POINT('',(0.,-23.,-26.2503168668009));
#4850=CARTESIAN_POINT('',(2.,-25.,-26.2503168668009));
#4851=CARTESIAN_POINT('Origin',(10.,14.9999998148966,-120.));
#4852=CARTESIAN_POINT('',(20.,24.9999998148966,-119.999999630047));
#4853=CARTESIAN_POINT('',(10.,24.9999998148966,-119.999999814897));
#4854=CARTESIAN_POINT('Origin',(20.,14.9999998148966,-120.));
#4855=CARTESIAN_POINT('Origin',(0.,25.,-129.999999537242));
#4856=CARTESIAN_POINT('',(10.,24.9999993521382,-95.));
#4857=CARTESIAN_POINT('',(10.,24.9999993521382,-95.));
#4858=CARTESIAN_POINT('',(20.,24.9999991670348,-85.));
#4859=CARTESIAN_POINT('Origin',(10.,24.9999991670348,-85.));
#4860=CARTESIAN_POINT('',(20.,24.9999985098233,-49.4948961716079));
#4861=CARTESIAN_POINT('',(20.,24.9999995141036,-103.749999537242));
#4862=CARTESIAN_POINT('',(10.,24.9999980564145,-24.9999995372416));
#4863=CARTESIAN_POINT('Ctrl Pts',(10.,24.9999980564145,-24.9999995372416));
#4864=CARTESIAN_POINT('Ctrl Pts',(11.4059705450075,24.9999980975636,-27.2230340734944));
#4865=CARTESIAN_POINT('Ctrl Pts',(12.9568219563896,24.9999981427931,-29.6665070434969));
#4866=CARTESIAN_POINT('Ctrl Pts',(15.7995508303618,24.9999982356761,-34.6844030203077));
#4867=CARTESIAN_POINT('Ctrl Pts',(17.0782919956218,24.9999982834671,-37.2662566290757));
#4868=CARTESIAN_POINT('Ctrl Pts',(18.5691341710985,24.9999983562408,-41.1977741302438));
#4869=CARTESIAN_POINT('Ctrl Pts',(19.0891080851504,24.9999983867877,-42.8480363436914));
#4870=CARTESIAN_POINT('Ctrl Pts',(19.8066769180965,24.9999984489995,-46.2089607069294));
#4871=CARTESIAN_POINT('Ctrl Pts',(20.,24.9999984806813,-47.9205334894185));
#4872=CARTESIAN_POINT('Ctrl Pts',(20.,24.9999985098233,-49.4948961716079));
#4873=CARTESIAN_POINT('',(0.,24.9999980564145,-24.9999995388268));
#4874=CARTESIAN_POINT('',(0.,24.9999980564145,-24.9999995372416));
#4875=CARTESIAN_POINT('',(0.,24.999997593453,0.0109693821737477));
#4876=CARTESIAN_POINT('',(0.,24.999997593453,0.0109693821737477));
#4877=CARTESIAN_POINT('',(0.,24.999997593453,0.0109693821737477));
#4878=CARTESIAN_POINT('',(0.,24.9999998148966,-119.99999944469));
#4879=CARTESIAN_POINT('Origin',(20.,-25.,-95.));
#4880=CARTESIAN_POINT('',(10.,-25.,-95.));
#4881=CARTESIAN_POINT('',(10.,-25.,-95.));
#4882=CARTESIAN_POINT('',(10.,-12.5,-95.));
#4883=CARTESIAN_POINT('Origin',(0.,-0.00194080731034996,-52.5006337336017));
#4884=CARTESIAN_POINT('Origin',(0.,-15.,-119.999999907448));
#4885=CARTESIAN_POINT('',(20.,-25.,-119.999999953534));
#4886=CARTESIAN_POINT('Origin',(20.,-15.,-119.999999907448));
#4887=CARTESIAN_POINT('',(0.,-14.9999999074483,-129.999999907448));
#4888=CARTESIAN_POINT('',(0.,-25.,-119.999999907448));
#4889=CARTESIAN_POINT('Origin',(0.,0.,0.));
#4890=CARTESIAN_POINT('',(0.,-25.,0.));
#4891=CARTESIAN_POINT('Origin',(0.,0.,0.));
#4892=CARTESIAN_POINT('',(0.,-25.,0.));
#4893=CARTESIAN_POINT('Origin',(0.,0.,-25.));
#4894=CARTESIAN_POINT('',(10.,-24.9999987042763,-25.));
#4895=CARTESIAN_POINT('Origin',(10.,0.,-25.));
#4896=CARTESIAN_POINT('',(0.,-24.9999990277629,-25.));
#4897=CARTESIAN_POINT('',(0.,-25.,-25.));
#4898=CARTESIAN_POINT('Origin',(0.,0.,-25.));
#4899=CARTESIAN_POINT('Origin',(0.,0.,0.));
#4900=CARTESIAN_POINT('',(0.,-25.,-130.));
#4901=CARTESIAN_POINT('',(0.,3.59999999999988,-34.7499999999999));
#4902=CARTESIAN_POINT('Origin',(0.,5.09999999999988,-34.7499999999999));
#4903=CARTESIAN_POINT('',(0.,3.59999999999988,14.7500000000002));
#4904=CARTESIAN_POINT('Origin',(0.,5.09999999999987,14.7500000000002));
#4905=CARTESIAN_POINT('',(0.,-6.60000000000012,14.7500000000002));
#4906=CARTESIAN_POINT('Origin',(0.,-5.10000000000012,14.7500000000002));
#4907=CARTESIAN_POINT('',(0.,-6.60000000000013,-34.7499999999999));
#4908=CARTESIAN_POINT('Origin',(0.,-5.10000000000012,-34.7499999999999));
#4909=CARTESIAN_POINT('',(0.,-7.96020419445764E-16,6.50000000000007));
#4910=CARTESIAN_POINT('Origin',(0.,1.55424380731045E-29,7.105427357601E-14));
#4911=CARTESIAN_POINT('Origin',(0.,-25.,-130.));
#4912=CARTESIAN_POINT('',(29.1049119719441,14.9999999074483,-129.999999629793));
#4913=CARTESIAN_POINT('',(28.7999999999986,14.239845299724,-129.99999964701));
#4914=CARTESIAN_POINT('Origin',(29.899999999999,14.239845299724,-129.999999636829));
#4915=CARTESIAN_POINT('',(30.695088028054,14.9999999074483,-129.999999629793));
#4916=CARTESIAN_POINT('Origin',(29.899999999999,14.239845299724,-129.999999636829));
#4917=CARTESIAN_POINT('',(0.,14.9999999074483,-129.999999629793));
#4918=CARTESIAN_POINT('',(0.,14.9999999074483,-129.999999629793));
#4919=CARTESIAN_POINT('',(28.7999999999985,-13.5601547002856,-129.999999894122));
#4920=CARTESIAN_POINT('Origin',(29.8999999999989,-13.5601547002856,-129.999999894122));
#4921=CARTESIAN_POINT('',(27.1999999999981,0.789845299719325,-129.999999761311));
#4922=CARTESIAN_POINT('',(27.1999999999981,0.66980880324729,-129.999999762422));
#4923=CARTESIAN_POINT('',(27.1999999999981,-12.1650955669016,-129.999999881211));
#4924=CARTESIAN_POINT('',(27.0935483870949,0.493035787004365,-129.999999764058));
#4925=CARTESIAN_POINT('Origin',(26.9999999999981,0.669808803247241,-129.999999762422));
#4926=CARTESIAN_POINT('',(32.706451612903,0.493035787004696,-129.999999764058));
#4927=CARTESIAN_POINT('Origin',(29.8999999999993,-4.81015470028263,-129.99999981314));
#4928=CARTESIAN_POINT('',(32.5999999999998,0.669808803247596,-129.999999762422));
#4929=CARTESIAN_POINT('Origin',(32.7999999999998,0.669808803247566,-129.999999762422));
#4930=CARTESIAN_POINT('',(32.5999999999998,0.789845299719692,-129.999999761311));
#4931=CARTESIAN_POINT('',(32.5999999999998,-12.1050773186654,-129.999999880655));
#4932=CARTESIAN_POINT('Origin',(29.899999999999,0.789845299719508,-129.999999761311));
#4933=CARTESIAN_POINT('Origin',(40.,1.57772181044202E-29,7.105427357601E-14));
#4934=CARTESIAN_POINT('',(1.99999999999999,7.96020419445795E-16,6.50000000000007));
#4935=CARTESIAN_POINT('Origin',(1.99999999999999,1.55541770746702E-29,7.105427357601E-14));
#4936=CARTESIAN_POINT('',(40.,7.96020419445795E-16,6.50000000000007));
#4937=CARTESIAN_POINT('Origin',(1.99999999999999,-1.24344978758018E-13,
-9.99999999999982));
#4938=CARTESIAN_POINT('',(1.99999999999998,-10.0000000000001,-29.4999999999999));
#4939=CARTESIAN_POINT('',(1.99999999999998,-10.0000000000001,9.50000000000021));
#4940=CARTESIAN_POINT('',(1.99999999999998,-10.0000000000001,9.50000000000021));
#4941=CARTESIAN_POINT('',(1.99999999999998,-9.5000000000001,-29.9999999999999));
#4942=CARTESIAN_POINT('Origin',(1.99999999999998,-9.5000000000001,-29.4999999999999));
#4943=CARTESIAN_POINT('',(1.99999999999999,9.49999999999987,-29.9999999999999));
#4944=CARTESIAN_POINT('',(1.99999999999998,-9.5000000000001,-29.9999999999999));
#4945=CARTESIAN_POINT('Origin',(1.99999999999999,9.49999999999989,-29.4999999999999));
#4946=CARTESIAN_POINT('',(1.99999999999999,9.49999999999985,10.0000000000002));
#4947=CARTESIAN_POINT('Origin',(1.99999999999999,9.49999999999985,9.50000000000021));
#4948=CARTESIAN_POINT('',(1.99999999999998,-9.50000000000012,10.0000000000002));
#4949=CARTESIAN_POINT('',(1.99999999999999,9.49999999999985,10.0000000000002));
#4950=CARTESIAN_POINT('Origin',(1.99999999999998,-9.50000000000014,9.50000000000021));
#4951=CARTESIAN_POINT('Origin',(40.,9.49999999999989,-29.4999999999999));
#4952=CARTESIAN_POINT('',(40.,9.49999999999987,-29.9999999999999));
#4953=CARTESIAN_POINT('Origin',(40.,9.49999999999987,-29.9999999999999));
#4954=CARTESIAN_POINT('',(40.,-9.5000000000001,-29.9999999999999));
#4955=CARTESIAN_POINT('Origin',(40.,-9.5000000000001,-29.4999999999999));
#4956=CARTESIAN_POINT('',(40.,-10.0000000000001,-29.4999999999999));
#4957=CARTESIAN_POINT('Origin',(40.,-10.0000000000001,-29.4999999999999));
#4958=CARTESIAN_POINT('',(40.,-10.0000000000001,9.50000000000021));
#4959=CARTESIAN_POINT('Origin',(40.,-9.50000000000014,9.50000000000021));
#4960=CARTESIAN_POINT('',(40.,-9.50000000000012,10.0000000000002));
#4961=CARTESIAN_POINT('Origin',(40.,-9.50000000000012,10.0000000000002));
#4962=CARTESIAN_POINT('',(40.,9.49999999999985,10.0000000000002));
#4963=CARTESIAN_POINT('Origin',(40.,9.49999999999985,9.50000000000021));
#4964=CARTESIAN_POINT('Origin',(40.,-9.99999916553506,16.0000004172327));
#4965=CARTESIAN_POINT('',(40.,-13.9999991655351,16.0000004172327));
#4966=CARTESIAN_POINT('',(40.,-9.9999991655351,20.0000004172327));
#4967=CARTESIAN_POINT('Origin',(40.,-9.9999991655351,20.0000004172327));
#4968=CARTESIAN_POINT('',(40.,10.0000012516974,20.0000004172327));
#4969=CARTESIAN_POINT('Origin',(40.,10.0000012516974,16.0000004172327));
#4970=CARTESIAN_POINT('Origin',(40.,10.0000012516974,-39.0000006407497));
#4971=CARTESIAN_POINT('',(40.,10.0000012516974,-43.0000006407498));
#4972=CARTESIAN_POINT('Origin',(40.,10.0000012516974,-43.0000006407498));
#4973=CARTESIAN_POINT('',(40.,-9.99999916553509,-43.0000006407498));
#4974=CARTESIAN_POINT('Origin',(40.,-9.99999916553506,-39.0000006407497));
#4975=CARTESIAN_POINT('Origin',(40.,-5.10000000000012,-34.7499999999999));
#4976=CARTESIAN_POINT('',(40.,-6.60000000000012,-34.7499999999999));
#4977=CARTESIAN_POINT('Origin',(40.,-5.10000000000012,14.7500000000002));
#4978=CARTESIAN_POINT('',(40.,-6.60000000000012,14.7500000000002));
#4979=CARTESIAN_POINT('Origin',(40.,5.09999999999987,14.7500000000002));
#4980=CARTESIAN_POINT('',(40.,3.59999999999988,14.7500000000002));
#4981=CARTESIAN_POINT('Origin',(40.,5.09999999999988,-34.7499999999999));
#4982=CARTESIAN_POINT('',(40.,3.59999999999988,-34.7499999999999));
#4983=CARTESIAN_POINT('Origin',(10.,-12.5,-85.));
#4984=CARTESIAN_POINT('',(20.,-25.,-85.));
#4985=CARTESIAN_POINT('Origin',(10.,-25.,-85.));
#4986=CARTESIAN_POINT('',(20.,-12.5,-85.));
#4987=CARTESIAN_POINT('Origin',(20.,-4.44089209850063E-15,-77.5));
#4988=CARTESIAN_POINT('',(20.,-25.,-49.4948946507026));
#4989=CARTESIAN_POINT('Origin',(20.,0.,-25.));
#4990=CARTESIAN_POINT('',(20.,-25.,-38.75));
#4991=CARTESIAN_POINT('Origin',(10.,0.,-25.));
#4992=CARTESIAN_POINT('Ctrl Pts',(20.,-25.,-49.4948946507026));
#4993=CARTESIAN_POINT('Ctrl Pts',(20.,-25.,-47.9673987146642));
#4994=CARTESIAN_POINT('Ctrl Pts',(19.8295820892518,-25.,-46.1170525567936));
#4995=CARTESIAN_POINT('Ctrl Pts',(18.5148801934293,-25.,-40.5473611870236));
#4996=CARTESIAN_POINT('Ctrl Pts',(17.1094632105416,-25.,-37.2841631399687));
#4997=CARTESIAN_POINT('Ctrl Pts',(13.6487590433879,-25.,-30.7102043361482));
#4998=CARTESIAN_POINT('Ctrl Pts',(11.4719418044483,-25.,-27.329723725667));
#4999=CARTESIAN_POINT('Ctrl Pts',(10.0876156585952,-25.,-25.1382196477146));
#5000=CARTESIAN_POINT('Ctrl Pts',(10.0652793504077,-24.9999980564145,-25.1032157117201));
#5001=CARTESIAN_POINT('Ctrl Pts',(10.,-24.9999980564145,-25.));
#5002=CARTESIAN_POINT('Origin',(40.,-13.9999991655351,-39.0000006407498));
#5003=CARTESIAN_POINT('Origin',(40.0000000000001,-18.8280845394982,-22.4388205659268));
#5004=CARTESIAN_POINT('',(40.0000000000001,-18.8280845394982,-22.4388205659268));
#5005=CARTESIAN_POINT('Origin',(40.0000000000001,14.0000012516975,-22.4388205659268));
#5006=CARTESIAN_POINT('',(40.0000000000001,18.8280853347625,-22.4388205659268));
#5007=CARTESIAN_POINT('Origin',(40.0000000000001,18.8280853347625,-22.4388205659268));
#5008=CARTESIAN_POINT('',(40.0000000000001,18.8280853347624,-123.198445544447));
#5009=CARTESIAN_POINT('Origin',(40.0000000000001,18.8280853347624,-123.198445544447));
#5010=CARTESIAN_POINT('',(40.0000000000001,-18.8280845394982,-123.198445544447));
#5011=CARTESIAN_POINT('',(28.7999999999986,14.239845299724,-123.198445544447));
#5012=CARTESIAN_POINT('Origin',(29.899999999999,14.239845299724,-123.198445544447));
#5013=CARTESIAN_POINT('',(28.7999999999985,-13.5601547002856,-123.198445544447));
#5014=CARTESIAN_POINT('Origin',(29.8999999999989,-13.5601547002856,-123.198445544447));
#5015=CARTESIAN_POINT('',(35.1500000000005,-10.9101547002844,-123.198445544447));
#5016=CARTESIAN_POINT('',(24.6499999999973,-10.910154700285,-123.198445544447));
#5017=CARTESIAN_POINT('',(37.5750000000011,-10.9101547002843,-123.198445544447));
#5018=CARTESIAN_POINT('',(23.7999999999971,-10.0601547002848,-123.198445544447));
#5019=CARTESIAN_POINT('Origin',(24.6499999999973,-10.0601547002848,-123.198445544447));
#5020=CARTESIAN_POINT('',(23.7999999999971,10.7398452997224,-123.198445544447));
#5021=CARTESIAN_POINT('',(23.7999999999971,4.38396531723885,-123.198445544447));
#5022=CARTESIAN_POINT('',(24.6499999999974,11.5898452997228,-123.198445544447));
#5023=CARTESIAN_POINT('Origin',(24.6499999999974,10.7398452997225,-123.198445544447));
#5024=CARTESIAN_POINT('',(35.1500000000006,11.5898452997234,-123.198445544447));
#5025=CARTESIAN_POINT('',(32.3249999999989,11.5898452997232,-123.198445544447));
#5026=CARTESIAN_POINT('',(36.0000000000008,10.7398452997231,-123.198445544447));
#5027=CARTESIAN_POINT('Origin',(35.1500000000006,10.7398452997231,-123.198445544447));
#5028=CARTESIAN_POINT('',(36.0000000000007,-10.060154700284,-123.198445544447));
#5029=CARTESIAN_POINT('',(36.0000000000008,14.7839653172428,-123.198445544447));
#5030=CARTESIAN_POINT('Origin',(35.1500000000006,-10.0601547002842,-123.198445544447));
#5031=CARTESIAN_POINT('Origin',(40.0000000000001,-18.8280845394982,-123.198445544447));
#5032=CARTESIAN_POINT('Origin',(29.8999999999993,-4.81015470028262,-123.198445544447));
#5033=CARTESIAN_POINT('',(27.0935483870949,0.493035787004367,-127.198445544447));
#5034=CARTESIAN_POINT('',(32.706451612903,0.493035787004698,-127.198445544447));
#5035=CARTESIAN_POINT('Origin',(29.8999999999993,-4.81015470028263,-127.198445544447));
#5036=CARTESIAN_POINT('',(32.706451612903,0.4930357870047,-123.198445544447));
#5037=CARTESIAN_POINT('',(27.0935483870949,0.493035787004369,-123.198445544447));
#5038=CARTESIAN_POINT('Origin',(26.9999999999981,0.669808803247245,-123.198445544447));
#5039=CARTESIAN_POINT('',(27.1999999999981,0.669808803247291,-127.198445544447));
#5040=CARTESIAN_POINT('Origin',(26.9999999999981,0.669808803247243,-127.198445544447));
#5041=CARTESIAN_POINT('',(27.1999999999981,0.669808803247294,-123.198445544447));
#5042=CARTESIAN_POINT('Origin',(27.1999999999981,0.669808803247294,-123.198445544447));
#5043=CARTESIAN_POINT('',(27.1999999999981,0.789845299719327,-127.198445544447));
#5044=CARTESIAN_POINT('',(27.1999999999981,0.504827051483235,-127.198445544447));
#5045=CARTESIAN_POINT('',(27.1999999999981,0.789845299719329,-123.198445544447));
#5046=CARTESIAN_POINT('Origin',(29.899999999999,0.789845299719512,-123.198445544447));
#5047=CARTESIAN_POINT('',(32.5999999999998,0.789845299719693,-127.198445544447));
#5048=CARTESIAN_POINT('Origin',(29.899999999999,0.78984529971951,-127.198445544447));
#5049=CARTESIAN_POINT('',(32.5999999999998,0.789845299719696,-123.198445544447));
#5050=CARTESIAN_POINT('Origin',(32.5999999999998,0.789845299719696,-123.198445544447));
#5051=CARTESIAN_POINT('',(32.5999999999998,0.669808803247598,-127.198445544447));
#5052=CARTESIAN_POINT('',(32.5999999999998,0.564845299719435,-127.198445544447));
#5053=CARTESIAN_POINT('',(32.5999999999998,0.669808803247601,-123.198445544447));
#5054=CARTESIAN_POINT('Origin',(32.7999999999998,0.669808803247571,-123.198445544447));
#5055=CARTESIAN_POINT('Origin',(32.7999999999998,0.669808803247568,-127.198445544447));
#5056=CARTESIAN_POINT('Origin',(29.899999999999,0.339845299719178,-127.198445544447));
#5057=CARTESIAN_POINT('',(24.6499999999973,-10.910154700285,-127.198445544447));
#5058=CARTESIAN_POINT('',(23.7999999999971,-10.0601547002848,-127.198445544447));
#5059=CARTESIAN_POINT('Origin',(24.6499999999973,-10.0601547002848,-127.198445544447));
#5060=CARTESIAN_POINT('',(35.1500000000005,-10.9101547002844,-127.198445544447));
#5061=CARTESIAN_POINT('',(24.6499999999973,-10.910154700285,-127.198445544447));
#5062=CARTESIAN_POINT('',(36.0000000000007,-10.060154700284,-127.198445544447));
#5063=CARTESIAN_POINT('Origin',(35.1500000000006,-10.0601547002842,-127.198445544447));
#5064=CARTESIAN_POINT('',(36.0000000000008,10.7398452997231,-127.198445544447));
#5065=CARTESIAN_POINT('',(36.0000000000006,-14.0000002086163,-127.198445544447));
#5066=CARTESIAN_POINT('',(35.1500000000006,11.5898452997234,-127.198445544447));
#5067=CARTESIAN_POINT('Origin',(35.1500000000006,10.7398452997231,-127.198445544447));
#5068=CARTESIAN_POINT('',(24.6499999999974,11.5898452997228,-127.198445544447));
#5069=CARTESIAN_POINT('',(35.1500000000006,11.5898452997234,-127.198445544447));
#5070=CARTESIAN_POINT('',(23.7999999999971,10.7398452997224,-127.198445544447));
#5071=CARTESIAN_POINT('Origin',(24.6499999999974,10.7398452997225,-127.198445544447));
#5072=CARTESIAN_POINT('',(23.7999999999971,-12.4601547002856,-127.198445544447));
#5073=CARTESIAN_POINT('Origin',(24.6499999999973,-10.0601547002848,-123.198445544447));
#5074=CARTESIAN_POINT('',(24.6499999999973,-10.910154700285,-123.198445544447));
#5075=CARTESIAN_POINT('',(23.7999999999971,-10.0601547002848,-123.198445544447));
#5076=CARTESIAN_POINT('Origin',(23.7999999999971,-10.0601547002848,-123.198445544447));
#5077=CARTESIAN_POINT('',(23.7999999999971,10.7398452997224,-123.198445544447));
#5078=CARTESIAN_POINT('Origin',(24.6499999999974,10.7398452997225,-123.198445544447));
#5079=CARTESIAN_POINT('',(24.6499999999974,11.5898452997228,-123.198445544447));
#5080=CARTESIAN_POINT('Origin',(24.6499999999974,11.5898452997228,-123.198445544447));
#5081=CARTESIAN_POINT('',(35.1500000000006,11.5898452997234,-123.198445544447));
#5082=CARTESIAN_POINT('Origin',(35.1500000000006,10.7398452997231,-123.198445544447));
#5083=CARTESIAN_POINT('',(36.0000000000008,10.7398452997231,-123.198445544447));
#5084=CARTESIAN_POINT('Origin',(36.0000000000008,10.7398452997231,-123.198445544447));
#5085=CARTESIAN_POINT('',(36.0000000000007,-10.060154700284,-123.198445544447));
#5086=CARTESIAN_POINT('Origin',(35.1500000000006,-10.0601547002842,-123.198445544447));
#5087=CARTESIAN_POINT('',(35.1500000000005,-10.9101547002844,-123.198445544447));
#5088=CARTESIAN_POINT('Origin',(35.1500000000005,-10.9101547002844,-123.198445544447));
#5089=CARTESIAN_POINT('Origin',(0.,14.9999998148966,-119.999999629793));
#5090=CARTESIAN_POINT('Ctrl Pts',(30.695088028054,14.9999999074483,-129.999999629793));
#5091=CARTESIAN_POINT('Ctrl Pts',(30.6893761602798,15.0059742679783,-129.999999629738));
#5092=CARTESIAN_POINT('Ctrl Pts',(30.6836177643606,15.0118624539733,-129.999994275863));
#5093=CARTESIAN_POINT('Ctrl Pts',(30.580147883423,15.1153323349109,-129.999811517306));
#5094=CARTESIAN_POINT('Ctrl Pts',(30.4564591600045,15.1999834246593,-129.998157410999));
#5095=CARTESIAN_POINT('Ctrl Pts',(30.1854490719618,15.3122402074716,-129.995281436898));
#5096=CARTESIAN_POINT('Ctrl Pts',(30.038125746573,15.3398452997244,-129.994223213766));
#5097=CARTESIAN_POINT('Ctrl Pts',(29.899999999999,15.3398452997244,-129.994223213766));
#5098=CARTESIAN_POINT('Ctrl Pts',(29.7618275160014,15.3398452997244,-129.994223213766));
#5099=CARTESIAN_POINT('Ctrl Pts',(29.6144575459642,15.3122216752496,-129.995282211986));
#5100=CARTESIAN_POINT('Ctrl Pts',(29.3433762304687,15.1998950733831,-129.998159373938));
#5101=CARTESIAN_POINT('Ctrl Pts',(29.2196629216948,15.1151926970959,-129.999813692008));
#5102=CARTESIAN_POINT('Ctrl Pts',(29.1162515923955,15.0117288487498,-129.999994396612));
#5103=CARTESIAN_POINT('Ctrl Pts',(29.1105590597465,15.005906510999,-129.999999629738));
#5104=CARTESIAN_POINT('Ctrl Pts',(29.1049119719441,14.9999999074483,-129.999999629793));
#5105=CARTESIAN_POINT('Origin',(29.8999999999989,-13.5601547002856,-123.198445544447));
#5106=CARTESIAN_POINT('',(28.7999999999985,-13.5601547002856,-123.198445544447));
#5107=CARTESIAN_POINT('Origin',(29.899999999999,14.239845299724,-123.198445544447));
#5108=CARTESIAN_POINT('',(28.7999999999986,14.239845299724,-123.198445544447));
#5109=CARTESIAN_POINT('Origin',(36.,22.0000003278255,-116.000001728535));
#5110=CARTESIAN_POINT('',(36.,22.0000003278255,-114.200001728535));
#5111=CARTESIAN_POINT('Origin',(36.,22.0000003278255,-116.000001728535));
#5112=CARTESIAN_POINT('Origin',(40.,22.0000003278255,-116.000001728535));
#5113=CARTESIAN_POINT('',(40.,22.0000003278255,-114.200001728535));
#5114=CARTESIAN_POINT('Origin',(36.,20.0000002980232,5.00000007450581));
#5115=CARTESIAN_POINT('',(36.,20.0000002980232,6.80000007450581));
#5116=CARTESIAN_POINT('Origin',(36.,20.0000002980232,5.00000007450581));
#5117=CARTESIAN_POINT('Origin',(40.,20.0000002980232,5.00000007450581));
#5118=CARTESIAN_POINT('',(40.,20.0000002980232,6.80000007450581));
#5119=CARTESIAN_POINT('Origin',(36.,-22.0000003278255,-116.000001728535));
#5120=CARTESIAN_POINT('',(36.,-22.0000003278255,-114.200001728535));
#5121=CARTESIAN_POINT('Origin',(36.,-22.0000003278255,-116.000001728535));
#5122=CARTESIAN_POINT('Origin',(40.,-22.0000003278255,-116.000001728535));
#5123=CARTESIAN_POINT('',(40.,-22.0000003278255,-114.200001728535));
#5124=CARTESIAN_POINT('Origin',(36.,-20.0000002980232,5.00000007450581));
#5125=CARTESIAN_POINT('',(36.,-20.0000002980232,6.80000007450581));
#5126=CARTESIAN_POINT('Origin',(36.,-20.0000002980232,5.00000007450581));
#5127=CARTESIAN_POINT('Origin',(40.,-20.0000002980232,5.00000007450581));
#5128=CARTESIAN_POINT('',(40.,-20.0000002980232,6.80000007450581));
#5129=CARTESIAN_POINT('Origin',(10.,-15.,-120.));
#5130=CARTESIAN_POINT('',(10.,-25.,-120.));
#5131=CARTESIAN_POINT('Origin',(0.,-25.,0.));
#5132=CARTESIAN_POINT('',(0.,0.,0.));
#5133=UNCERTAINTY_MEASURE_WITH_UNIT(LENGTH_MEASURE(0.01),#5139,
'DISTANCE_ACCURACY_VALUE',
'Maximum model space distance between geometric entities at asserted c
onnectivities');
#5134=UNCERTAINTY_MEASURE_WITH_UNIT(LENGTH_MEASURE(0.01),#5139,
'DISTANCE_ACCURACY_VALUE',
'Maximum model space distance between geometric entities at asserted c
onnectivities');
#5135=UNCERTAINTY_MEASURE_WITH_UNIT(LENGTH_MEASURE(0.01),#5139,
'DISTANCE_ACCURACY_VALUE',
'Maximum model space distance between geometric entities at asserted c
onnectivities');
#5136=(
GEOMETRIC_REPRESENTATION_CONTEXT(3)
GLOBAL_UNCERTAINTY_ASSIGNED_CONTEXT((#5133))
GLOBAL_UNIT_ASSIGNED_CONTEXT((#5139,#5141,#5142))
REPRESENTATION_CONTEXT('','3D')
);
#5137=(
GEOMETRIC_REPRESENTATION_CONTEXT(3)
GLOBAL_UNCERTAINTY_ASSIGNED_CONTEXT((#5134))
GLOBAL_UNIT_ASSIGNED_CONTEXT((#5139,#5141,#5142))
REPRESENTATION_CONTEXT('','3D')
);
#5138=(
GEOMETRIC_REPRESENTATION_CONTEXT(3)
GLOBAL_UNCERTAINTY_ASSIGNED_CONTEXT((#5135))
GLOBAL_UNIT_ASSIGNED_CONTEXT((#5139,#5141,#5142))
REPRESENTATION_CONTEXT('','3D')
);
#5139=(
LENGTH_UNIT()
NAMED_UNIT(*)
SI_UNIT(.MILLI.,.METRE.)
);
#5140=(
LENGTH_UNIT()
NAMED_UNIT(*)
SI_UNIT($,.METRE.)
);
#5141=(
NAMED_UNIT(*)
PLANE_ANGLE_UNIT()
SI_UNIT($,.RADIAN.)
);
#5142=(
NAMED_UNIT(*)
SI_UNIT($,.STERADIAN.)
SOLID_ANGLE_UNIT()
);
#5143=SHAPE_DEFINITION_REPRESENTATION(#5145,#5148);
#5144=SHAPE_DEFINITION_REPRESENTATION(#5146,#5149);
#5145=PRODUCT_DEFINITION_SHAPE('',$,#5151);
#5146=PRODUCT_DEFINITION_SHAPE('',$,#5152);
#5147=PRODUCT_DEFINITION_SHAPE($,$,#16);
#5148=SHAPE_REPRESENTATION('',(#2920,#3246),#5136);
#5149=SHAPE_REPRESENTATION('',(#2921),#5137);
#5150=PRODUCT_DEFINITION_CONTEXT('part definition',#5158,'design');
#5151=PRODUCT_DEFINITION('HILAL 73 - Joint 2','(Unsaved)',#5153,#5150);
#5152=PRODUCT_DEFINITION('HILAL 73 - 3_Joint 2 Cover V2',
'HILAL 73 - 3_Joint 2 Cover V2 v4',#5154,#5150);
#5153=PRODUCT_DEFINITION_FORMATION('',$,#5160);
#5154=PRODUCT_DEFINITION_FORMATION('',$,#5161);
#5155=PRODUCT_RELATED_PRODUCT_CATEGORY('(Unsaved)','(Unsaved)',(#5160));
#5156=PRODUCT_RELATED_PRODUCT_CATEGORY(
'HILAL 73 - 3_Joint 2 Cover V2 v4','HILAL 73 - 3_Joint 2 Cover V2 v4',(#5161));
#5157=APPLICATION_PROTOCOL_DEFINITION('international standard',
'automotive_design',2009,#5158);
#5158=APPLICATION_CONTEXT(
'Core Data for Automotive Mechanical Design Process');
#5159=PRODUCT_CONTEXT('part definition',#5158,'mechanical');
#5160=PRODUCT('HILAL 73 - Joint 2','(Unsaved)',$,(#5159));
#5161=PRODUCT('HILAL 73 - 3_Joint 2 Cover V2',
'HILAL 73 - 3_Joint 2 Cover V2 v4',$,(#5159));
#5162=PRESENTATION_STYLE_ASSIGNMENT((#5165));
#5163=PRESENTATION_STYLE_ASSIGNMENT((#5166));
#5164=PRESENTATION_STYLE_ASSIGNMENT((#5167));
#5165=SURFACE_STYLE_USAGE(.BOTH.,#5168);
#5166=SURFACE_STYLE_USAGE(.BOTH.,#5169);
#5167=SURFACE_STYLE_USAGE(.BOTH.,#5170);
#5168=SURFACE_SIDE_STYLE('',(#5171));
#5169=SURFACE_SIDE_STYLE('',(#5172));
#5170=SURFACE_SIDE_STYLE('',(#5173));
#5171=SURFACE_STYLE_FILL_AREA(#5174);
#5172=SURFACE_STYLE_FILL_AREA(#5175);
#5173=SURFACE_STYLE_FILL_AREA(#5176);
#5174=FILL_AREA_STYLE('Steel - Satin',(#5177));
#5175=FILL_AREA_STYLE('Opaque(160,160,160)',(#5178));
#5176=FILL_AREA_STYLE('Opaque(55,207,210)',(#5179));
#5177=FILL_AREA_STYLE_COLOUR('Steel - Satin',#5180);
#5178=FILL_AREA_STYLE_COLOUR('Opaque(160,160,160)',#5181);
#5179=FILL_AREA_STYLE_COLOUR('Opaque(55,207,210)',#5182);
#5180=COLOUR_RGB('Steel - Satin',0.627450980392157,0.627450980392157,0.627450980392157);
#5181=COLOUR_RGB('Opaque(160,160,160)',0.627450980392157,0.627450980392157,
0.627450980392157);
#5182=COLOUR_RGB('Opaque(55,207,210)',0.215686274509804,0.811764705882353,
0.823529411764706);
ENDSEC;
END-ISO-10303-21;
