ISO-10303-21;
HEADER;
/* Generated by software containing ST-Developer
 * from STEP Tools, Inc. (www.steptools.com) 
 */

FILE_DESCRIPTION(
/* description */ (''),
/* implementation_level */ '2;1');

FILE_NAME(
/* name */ 'Joint 1 - Simplified.step',
/* time_stamp */ '2026-04-29T03:09:32+03:00',
/* author */ (''),
/* organization */ (''),
/* preprocessor_version */ 'ST-DEVELOPER v20.1',
/* originating_system */ 'Autodesk Translation Framework v15.8.0.0',
/* authorisation */ '');

FILE_SCHEMA (('AUTOMOTIVE_DESIGN { 1 0 10303 214 3 1 1 }'));
ENDSEC;

DATA;
#10=MECHANICAL_DESIGN_GEOMETRIC_PRESENTATION_REPRESENTATION('',(#13),#4072);
#11=SHAPE_REPRESENTATION_RELATIONSHIP('SRR','None',#4079,#12);
#12=ADVANCED_BREP_SHAPE_REPRESENTATION('',(#14),#4071);
#13=STYLED_ITEM('',(#4089),#14);
#14=MANIFOLD_SOLID_BREP('Body1',#2234);
#15=ELLIPSE('',#2515,14.1421356237309,10.);
#16=ELLIPSE('',#2516,14.1421356237309,10.);
#17=ELLIPSE('',#2517,14.1421356237309,10.);
#18=ELLIPSE('',#2518,14.1421356237309,10.);
#19=B_SPLINE_CURVE_WITH_KNOTS('',3,(#3821,#3822,#3823,#3824,#3825,#3826,
#3827,#3828,#3829,#3830,#3831,#3832,#3833,#3834,#3835,#3836,#3837,#3838,
#3839,#3840,#3841),.UNSPECIFIED.,.F.,.F.,(4,2,2,2,3,2,2,2,2,4),(1.74474355151899,
1.76365764192286,1.88131209601461,1.94013932306049,1.99896655010637,2.05779377715224,
2.11662100419812,2.23427545828988,2.38065402883521,2.52703259938054),
 .UNSPECIFIED.);
#20=B_SPLINE_CURVE_WITH_KNOTS('',3,(#3843,#3844,#3845,#3846,#3847,#3848,
#3849,#3850,#3851,#3852,#3853,#3854,#3855,#3856,#3857,#3858,#3859,#3860,
#3861,#3862,#3863,#3864,#3865,#3866,#3867),.UNSPECIFIED.,.F.,.F.,(4,2,2,
2,2,2,2,3,2,2,2,4),(1.22719582247158,1.34743251280167,1.47090057290926,
1.61727916264896,1.76365775238867,1.8813122103214,1.94013943928776,1.99896666825413,
2.05779389722049,2.11662112618685,2.23427558411958,2.25318988476786),
 .UNSPECIFIED.);
#21=B_SPLINE_CURVE_WITH_KNOTS('',3,(#3868,#3869,#3870,#3871,#3872,#3873),
 .UNSPECIFIED.,.F.,.F.,(4,2,4),(2.52703259938054,2.6505006523543,2.77073717083997),
 .UNSPECIFIED.);
#22=B_SPLINE_CURVE_WITH_KNOTS('',3,(#3878,#3879,#3880,#3881,#3882,#3883,
#3884,#3885,#3886,#3887,#3888,#3889),.UNSPECIFIED.,.F.,.F.,(4,2,2,2,2,4),
(-1.99155820602489,-1.98721647601914,-1.95766614386136,-1.9140417956845,
-1.81710057577203,-1.74501936732235),.UNSPECIFIED.);
#23=B_SPLINE_CURVE_WITH_KNOTS('',3,(#3890,#3891,#3892,#3893,#3894,#3895,
#3896,#3897,#3898,#3899,#3900,#3901,#3902,#3903,#3904,#3905,#3906,#3907,
#3908,#3909,#3910,#3911,#3912,#3913,#3914,#3915,#3916,#3917,#3918,#3919,
#3920,#3921,#3922,#3923,#3924,#3925,#3926,#3927,#3928,#3929,#3930,#3931,
#3932,#3933),.UNSPECIFIED.,.F.,.F.,(4,2,2,2,2,2,2,2,2,2,2,2,2,2,2,2,2,2,
2,2,2,4),(-1.74501936732235,-1.70464099647138,-1.5862085772127,-1.45431479620939,
-1.31461410246713,-1.19830167783853,-1.11100332539908,-1.04319239214653,
-1.01442477784373,-0.993629181573243,-0.972149995877353,-0.939999380263656,
-0.857785496906287,-0.749149693739699,-0.600072892727253,-0.467710469664005,
-0.354383307001325,-0.25120753568817,-0.155515465031811,-0.0686216766759705,
-0.0287012627448273,0.),.UNSPECIFIED.);
#24=B_SPLINE_CURVE_WITH_KNOTS('',3,(#3938,#3939,#3940,#3941,#3942,#3943,
#3944,#3945,#3946,#3947),.UNSPECIFIED.,.F.,.F.,(4,2,2,2,4),(0.74526011761232,
0.764174418261573,0.881828876194299,0.940656105160662,0.999483334127025),
 .UNSPECIFIED.);
#25=B_SPLINE_CURVE_WITH_KNOTS('',3,(#3949,#3950,#3951,#3952,#3953,#3954,
#3955,#3956,#3957,#3958,#3959,#3960,#3961,#3962,#3963,#3964,#3965,#3966,
#3967,#3968,#3969,#3970,#3971,#3972,#3973),.UNSPECIFIED.,.F.,.F.,(4,2,2,
2,2,2,2,3,2,2,2,4),(1.22719592937272,1.34743244785842,1.47090050083218,
1.6172790713775,1.76365764192283,1.88131209601458,1.94013932306046,1.99896655010634,
2.05779377715221,2.11662100419809,2.23427545828984,2.25318954869273),
 .UNSPECIFIED.);
#26=B_SPLINE_CURVE_WITH_KNOTS('',3,(#3974,#3975,#3976,#3977,#3978,#3979,
#3980,#3981,#3982,#3983,#3984,#3985,#3986,#3987,#3988,#3989),
 .UNSPECIFIED.,.F.,.F.,(4,2,2,2,2,2,2,4),(0.999483334127025,1.05831056309339,
1.11713779205975,1.23479224999248,1.38117083973217,1.52754942947187,1.65101748957945,
1.7712541799095),.UNSPECIFIED.);
#27=B_SPLINE_CURVE_WITH_KNOTS('',3,(#3994,#3995,#3996,#3997,#3998,#3999,
#4000,#4001,#4002,#4003,#4004,#4005,#4006,#4007,#4008,#4009,#4010,#4011,
#4012,#4013),.UNSPECIFIED.,.F.,.F.,(4,2,2,2,2,2,2,2,2,4),(-1.99155820605549,
-1.9872164760497,-1.95766614389119,-1.91404179571326,-1.81710057579839,
-1.70464099649497,-1.58620857723351,-1.45431479622729,-1.31461410248207,
-1.25526712472489),.UNSPECIFIED.);
#28=B_SPLINE_CURVE_WITH_KNOTS('',3,(#4014,#4015,#4016,#4017,#4018,#4019,
#4020,#4021,#4022,#4023,#4024,#4025,#4026,#4027,#4028,#4029,#4030,#4031,
#4032,#4033,#4034,#4035,#4036,#4037,#4038,#4039,#4040,#4041,#4042,#4043,
#4044,#4045,#4046,#4047,#4048,#4049),.UNSPECIFIED.,.F.,.F.,(4,2,2,2,2,2,
2,2,2,2,2,2,2,2,2,2,2,4),(-1.25526712472489,-1.19830167785098,-1.11100332540975,
-1.04319239215587,-1.01442477785258,-0.993629181581815,-0.97214999588573,
-0.939999380271797,-0.85778549691342,-0.749149693745615,-0.600072892731592,
-0.467710469667039,-0.354383307003418,-0.251207535689503,-0.155515465032522,
-0.068621676676187,-0.0287012627448724,0.),.UNSPECIFIED.);
#29=TOROIDAL_SURFACE('',#2401,10.,5.);
#30=TOROIDAL_SURFACE('',#2406,10.,5.00000000000001);
#31=TOROIDAL_SURFACE('',#2413,45.,5.);
#32=TOROIDAL_SURFACE('',#2421,45.,5.);
#33=TOROIDAL_SURFACE('',#2523,40.,10.);
#34=CYLINDRICAL_SURFACE('',#2255,20.);
#35=CYLINDRICAL_SURFACE('',#2257,1.7);
#36=CYLINDRICAL_SURFACE('',#2259,1.7);
#37=CYLINDRICAL_SURFACE('',#2261,1.7);
#38=CYLINDRICAL_SURFACE('',#2263,1.7);
#39=CYLINDRICAL_SURFACE('',#2265,30.);
#40=CYLINDRICAL_SURFACE('',#2267,1.8);
#41=CYLINDRICAL_SURFACE('',#2271,1.8);
#42=CYLINDRICAL_SURFACE('',#2275,11.);
#43=CYLINDRICAL_SURFACE('',#2294,1.6);
#44=CYLINDRICAL_SURFACE('',#2298,1.6);
#45=CYLINDRICAL_SURFACE('',#2315,35.);
#46=CYLINDRICAL_SURFACE('',#2317,20.);
#47=CYLINDRICAL_SURFACE('',#2320,25.);
#48=CYLINDRICAL_SURFACE('',#2341,22.5);
#49=CYLINDRICAL_SURFACE('',#2344,27.5);
#50=CYLINDRICAL_SURFACE('',#2348,3.);
#51=CYLINDRICAL_SURFACE('',#2350,3.);
#52=CYLINDRICAL_SURFACE('',#2352,4.);
#53=CYLINDRICAL_SURFACE('',#2354,1.8);
#54=CYLINDRICAL_SURFACE('',#2357,4.);
#55=CYLINDRICAL_SURFACE('',#2359,1.8);
#56=CYLINDRICAL_SURFACE('',#2361,47.);
#57=CYLINDRICAL_SURFACE('',#2363,1.8);
#58=CYLINDRICAL_SURFACE('',#2365,4.);
#59=CYLINDRICAL_SURFACE('',#2367,1.8);
#60=CYLINDRICAL_SURFACE('',#2369,4.);
#61=CYLINDRICAL_SURFACE('',#2371,47.);
#62=CYLINDRICAL_SURFACE('',#2373,47.);
#63=CYLINDRICAL_SURFACE('',#2377,0.500000000000007);
#64=CYLINDRICAL_SURFACE('',#2380,0.500000000000026);
#65=CYLINDRICAL_SURFACE('',#2382,1.50000000000007);
#66=CYLINDRICAL_SURFACE('',#2384,1.50000000000007);
#67=CYLINDRICAL_SURFACE('',#2386,1.50000000000007);
#68=CYLINDRICAL_SURFACE('',#2388,1.50000000000007);
#69=CYLINDRICAL_SURFACE('',#2391,0.499999999999967);
#70=CYLINDRICAL_SURFACE('',#2394,0.500000000000025);
#71=CYLINDRICAL_SURFACE('',#2398,6.50000000000031);
#72=CYLINDRICAL_SURFACE('',#2411,5.);
#73=CYLINDRICAL_SURFACE('',#2417,5.);
#74=CYLINDRICAL_SURFACE('',#2418,5.);
#75=CYLINDRICAL_SURFACE('',#2419,5.);
#76=CYLINDRICAL_SURFACE('',#2425,5.);
#77=CYLINDRICAL_SURFACE('',#2426,50.);
#78=CYLINDRICAL_SURFACE('',#2430,50.);
#79=CYLINDRICAL_SURFACE('',#2443,1.6);
#80=CYLINDRICAL_SURFACE('',#2447,1.6);
#81=CYLINDRICAL_SURFACE('',#2451,1.6);
#82=CYLINDRICAL_SURFACE('',#2455,1.6);
#83=CYLINDRICAL_SURFACE('',#2459,2.5);
#84=CYLINDRICAL_SURFACE('',#2462,2.5);
#85=CYLINDRICAL_SURFACE('',#2465,2.5);
#86=CYLINDRICAL_SURFACE('',#2468,2.5);
#87=CYLINDRICAL_SURFACE('',#2471,2.5);
#88=CYLINDRICAL_SURFACE('',#2474,2.5);
#89=CYLINDRICAL_SURFACE('',#2477,2.5);
#90=CYLINDRICAL_SURFACE('',#2480,2.5);
#91=CYLINDRICAL_SURFACE('',#2483,2.5);
#92=CYLINDRICAL_SURFACE('',#2486,2.5);
#93=CYLINDRICAL_SURFACE('',#2489,2.5);
#94=CYLINDRICAL_SURFACE('',#2492,2.5);
#95=CYLINDRICAL_SURFACE('',#2495,2.5);
#96=CYLINDRICAL_SURFACE('',#2498,2.5);
#97=CYLINDRICAL_SURFACE('',#2501,2.5);
#98=CYLINDRICAL_SURFACE('',#2506,38.);
#99=CYLINDRICAL_SURFACE('',#2510,3.);
#100=CYLINDRICAL_SURFACE('',#2511,3.);
#101=CYLINDRICAL_SURFACE('',#2512,3.);
#102=CYLINDRICAL_SURFACE('',#2513,3.);
#103=CYLINDRICAL_SURFACE('',#2514,10.);
#104=CYLINDRICAL_SURFACE('',#2521,10.);
#105=CYLINDRICAL_SURFACE('',#2525,10.);
#106=FACE_BOUND('',#304,.T.);
#107=FACE_BOUND('',#305,.T.);
#108=FACE_BOUND('',#306,.T.);
#109=FACE_BOUND('',#307,.T.);
#110=FACE_BOUND('',#320,.T.);
#111=FACE_BOUND('',#321,.T.);
#112=FACE_BOUND('',#322,.T.);
#113=FACE_BOUND('',#323,.T.);
#114=FACE_BOUND('',#326,.T.);
#115=FACE_BOUND('',#327,.T.);
#116=FACE_BOUND('',#329,.T.);
#117=FACE_BOUND('',#331,.T.);
#118=FACE_BOUND('',#337,.T.);
#119=FACE_BOUND('',#340,.T.);
#120=FACE_BOUND('',#352,.T.);
#121=FACE_BOUND('',#353,.T.);
#122=FACE_BOUND('',#354,.T.);
#123=FACE_BOUND('',#355,.T.);
#124=FACE_BOUND('',#356,.T.);
#125=FACE_BOUND('',#391,.T.);
#126=FACE_BOUND('',#406,.T.);
#127=FACE_BOUND('',#407,.T.);
#128=FACE_BOUND('',#409,.T.);
#129=FACE_BOUND('',#410,.T.);
#130=FACE_BOUND('',#411,.T.);
#131=FACE_BOUND('',#412,.T.);
#132=FACE_BOUND('',#413,.T.);
#133=FACE_BOUND('',#414,.T.);
#134=FACE_BOUND('',#418,.T.);
#135=FACE_BOUND('',#420,.T.);
#136=FACE_BOUND('',#422,.T.);
#137=FACE_BOUND('',#424,.T.);
#138=FACE_BOUND('',#426,.T.);
#139=FACE_BOUND('',#429,.T.);
#140=FACE_BOUND('',#432,.T.);
#141=FACE_BOUND('',#435,.T.);
#142=FACE_BOUND('',#438,.T.);
#143=FACE_BOUND('',#459,.T.);
#144=FACE_BOUND('',#460,.T.);
#145=FACE_BOUND('',#461,.T.);
#146=FACE_BOUND('',#462,.T.);
#147=FACE_BOUND('',#463,.T.);
#148=FACE_BOUND('',#464,.T.);
#149=FACE_BOUND('',#465,.T.);
#150=FACE_BOUND('',#466,.T.);
#151=FACE_BOUND('',#467,.T.);
#152=FACE_BOUND('',#468,.T.);
#153=FACE_BOUND('',#469,.T.);
#154=FACE_BOUND('',#470,.T.);
#155=FACE_BOUND('',#471,.T.);
#156=FACE_BOUND('',#472,.T.);
#157=FACE_BOUND('',#473,.T.);
#158=FACE_BOUND('',#480,.T.);
#159=FACE_BOUND('',#481,.T.);
#160=FACE_BOUND('',#482,.T.);
#161=FACE_BOUND('',#483,.T.);
#162=FACE_BOUND('',#484,.T.);
#163=FACE_BOUND('',#485,.T.);
#164=FACE_BOUND('',#486,.T.);
#165=FACE_BOUND('',#487,.T.);
#166=FACE_BOUND('',#488,.T.);
#167=FACE_BOUND('',#489,.T.);
#168=FACE_BOUND('',#490,.T.);
#169=FACE_BOUND('',#491,.T.);
#170=FACE_BOUND('',#492,.T.);
#171=FACE_BOUND('',#493,.T.);
#172=FACE_BOUND('',#494,.T.);
#173=FACE_BOUND('',#497,.T.);
#174=FACE_BOUND('',#498,.T.);
#175=FACE_OUTER_BOUND('',#303,.T.);
#176=FACE_OUTER_BOUND('',#308,.T.);
#177=FACE_OUTER_BOUND('',#309,.T.);
#178=FACE_OUTER_BOUND('',#310,.T.);
#179=FACE_OUTER_BOUND('',#311,.T.);
#180=FACE_OUTER_BOUND('',#312,.T.);
#181=FACE_OUTER_BOUND('',#313,.T.);
#182=FACE_OUTER_BOUND('',#314,.T.);
#183=FACE_OUTER_BOUND('',#315,.T.);
#184=FACE_OUTER_BOUND('',#316,.T.);
#185=FACE_OUTER_BOUND('',#317,.T.);
#186=FACE_OUTER_BOUND('',#318,.T.);
#187=FACE_OUTER_BOUND('',#319,.T.);
#188=FACE_OUTER_BOUND('',#324,.T.);
#189=FACE_OUTER_BOUND('',#325,.T.);
#190=FACE_OUTER_BOUND('',#328,.T.);
#191=FACE_OUTER_BOUND('',#330,.T.);
#192=FACE_OUTER_BOUND('',#332,.T.);
#193=FACE_OUTER_BOUND('',#333,.T.);
#194=FACE_OUTER_BOUND('',#334,.T.);
#195=FACE_OUTER_BOUND('',#335,.T.);
#196=FACE_OUTER_BOUND('',#336,.T.);
#197=FACE_OUTER_BOUND('',#338,.T.);
#198=FACE_OUTER_BOUND('',#339,.T.);
#199=FACE_OUTER_BOUND('',#341,.T.);
#200=FACE_OUTER_BOUND('',#342,.T.);
#201=FACE_OUTER_BOUND('',#343,.T.);
#202=FACE_OUTER_BOUND('',#344,.T.);
#203=FACE_OUTER_BOUND('',#345,.T.);
#204=FACE_OUTER_BOUND('',#346,.T.);
#205=FACE_OUTER_BOUND('',#347,.T.);
#206=FACE_OUTER_BOUND('',#348,.T.);
#207=FACE_OUTER_BOUND('',#349,.T.);
#208=FACE_OUTER_BOUND('',#350,.T.);
#209=FACE_OUTER_BOUND('',#351,.T.);
#210=FACE_OUTER_BOUND('',#357,.T.);
#211=FACE_OUTER_BOUND('',#358,.T.);
#212=FACE_OUTER_BOUND('',#359,.T.);
#213=FACE_OUTER_BOUND('',#360,.T.);
#214=FACE_OUTER_BOUND('',#361,.T.);
#215=FACE_OUTER_BOUND('',#362,.T.);
#216=FACE_OUTER_BOUND('',#363,.T.);
#217=FACE_OUTER_BOUND('',#364,.T.);
#218=FACE_OUTER_BOUND('',#365,.T.);
#219=FACE_OUTER_BOUND('',#366,.T.);
#220=FACE_OUTER_BOUND('',#367,.T.);
#221=FACE_OUTER_BOUND('',#368,.T.);
#222=FACE_OUTER_BOUND('',#369,.T.);
#223=FACE_OUTER_BOUND('',#370,.T.);
#224=FACE_OUTER_BOUND('',#371,.T.);
#225=FACE_OUTER_BOUND('',#372,.T.);
#226=FACE_OUTER_BOUND('',#373,.T.);
#227=FACE_OUTER_BOUND('',#374,.T.);
#228=FACE_OUTER_BOUND('',#375,.T.);
#229=FACE_OUTER_BOUND('',#376,.T.);
#230=FACE_OUTER_BOUND('',#377,.T.);
#231=FACE_OUTER_BOUND('',#378,.T.);
#232=FACE_OUTER_BOUND('',#379,.T.);
#233=FACE_OUTER_BOUND('',#380,.T.);
#234=FACE_OUTER_BOUND('',#381,.T.);
#235=FACE_OUTER_BOUND('',#382,.T.);
#236=FACE_OUTER_BOUND('',#383,.T.);
#237=FACE_OUTER_BOUND('',#384,.T.);
#238=FACE_OUTER_BOUND('',#385,.T.);
#239=FACE_OUTER_BOUND('',#386,.T.);
#240=FACE_OUTER_BOUND('',#387,.T.);
#241=FACE_OUTER_BOUND('',#388,.T.);
#242=FACE_OUTER_BOUND('',#389,.T.);
#243=FACE_OUTER_BOUND('',#390,.T.);
#244=FACE_OUTER_BOUND('',#392,.T.);
#245=FACE_OUTER_BOUND('',#393,.T.);
#246=FACE_OUTER_BOUND('',#394,.T.);
#247=FACE_OUTER_BOUND('',#395,.T.);
#248=FACE_OUTER_BOUND('',#396,.T.);
#249=FACE_OUTER_BOUND('',#397,.T.);
#250=FACE_OUTER_BOUND('',#398,.T.);
#251=FACE_OUTER_BOUND('',#399,.T.);
#252=FACE_OUTER_BOUND('',#400,.T.);
#253=FACE_OUTER_BOUND('',#401,.T.);
#254=FACE_OUTER_BOUND('',#402,.T.);
#255=FACE_OUTER_BOUND('',#403,.T.);
#256=FACE_OUTER_BOUND('',#404,.T.);
#257=FACE_OUTER_BOUND('',#405,.T.);
#258=FACE_OUTER_BOUND('',#408,.T.);
#259=FACE_OUTER_BOUND('',#415,.T.);
#260=FACE_OUTER_BOUND('',#416,.T.);
#261=FACE_OUTER_BOUND('',#417,.T.);
#262=FACE_OUTER_BOUND('',#419,.T.);
#263=FACE_OUTER_BOUND('',#421,.T.);
#264=FACE_OUTER_BOUND('',#423,.T.);
#265=FACE_OUTER_BOUND('',#425,.T.);
#266=FACE_OUTER_BOUND('',#427,.T.);
#267=FACE_OUTER_BOUND('',#428,.T.);
#268=FACE_OUTER_BOUND('',#430,.T.);
#269=FACE_OUTER_BOUND('',#431,.T.);
#270=FACE_OUTER_BOUND('',#433,.T.);
#271=FACE_OUTER_BOUND('',#434,.T.);
#272=FACE_OUTER_BOUND('',#436,.T.);
#273=FACE_OUTER_BOUND('',#437,.T.);
#274=FACE_OUTER_BOUND('',#439,.T.);
#275=FACE_OUTER_BOUND('',#440,.T.);
#276=FACE_OUTER_BOUND('',#441,.T.);
#277=FACE_OUTER_BOUND('',#442,.T.);
#278=FACE_OUTER_BOUND('',#443,.T.);
#279=FACE_OUTER_BOUND('',#444,.T.);
#280=FACE_OUTER_BOUND('',#445,.T.);
#281=FACE_OUTER_BOUND('',#446,.T.);
#282=FACE_OUTER_BOUND('',#447,.T.);
#283=FACE_OUTER_BOUND('',#448,.T.);
#284=FACE_OUTER_BOUND('',#449,.T.);
#285=FACE_OUTER_BOUND('',#450,.T.);
#286=FACE_OUTER_BOUND('',#451,.T.);
#287=FACE_OUTER_BOUND('',#452,.T.);
#288=FACE_OUTER_BOUND('',#453,.T.);
#289=FACE_OUTER_BOUND('',#454,.T.);
#290=FACE_OUTER_BOUND('',#455,.T.);
#291=FACE_OUTER_BOUND('',#456,.T.);
#292=FACE_OUTER_BOUND('',#457,.T.);
#293=FACE_OUTER_BOUND('',#458,.T.);
#294=FACE_OUTER_BOUND('',#474,.T.);
#295=FACE_OUTER_BOUND('',#475,.T.);
#296=FACE_OUTER_BOUND('',#476,.T.);
#297=FACE_OUTER_BOUND('',#477,.T.);
#298=FACE_OUTER_BOUND('',#478,.T.);
#299=FACE_OUTER_BOUND('',#479,.T.);
#300=FACE_OUTER_BOUND('',#495,.T.);
#301=FACE_OUTER_BOUND('',#496,.T.);
#302=FACE_OUTER_BOUND('',#499,.T.);
#303=EDGE_LOOP('',(#1443,#1444,#1445,#1446));
#304=EDGE_LOOP('',(#1447));
#305=EDGE_LOOP('',(#1448));
#306=EDGE_LOOP('',(#1449));
#307=EDGE_LOOP('',(#1450));
#308=EDGE_LOOP('',(#1451,#1452,#1453,#1454));
#309=EDGE_LOOP('',(#1455,#1456,#1457,#1458));
#310=EDGE_LOOP('',(#1459,#1460,#1461,#1462));
#311=EDGE_LOOP('',(#1463,#1464,#1465,#1466));
#312=EDGE_LOOP('',(#1467,#1468,#1469,#1470));
#313=EDGE_LOOP('',(#1471,#1472,#1473,#1474));
#314=EDGE_LOOP('',(#1475,#1476,#1477,#1478));
#315=EDGE_LOOP('',(#1479));
#316=EDGE_LOOP('',(#1480,#1481,#1482,#1483));
#317=EDGE_LOOP('',(#1484));
#318=EDGE_LOOP('',(#1485,#1486,#1487,#1488));
#319=EDGE_LOOP('',(#1489));
#320=EDGE_LOOP('',(#1490));
#321=EDGE_LOOP('',(#1491));
#322=EDGE_LOOP('',(#1492));
#323=EDGE_LOOP('',(#1493));
#324=EDGE_LOOP('',(#1494,#1495));
#325=EDGE_LOOP('',(#1496));
#326=EDGE_LOOP('',(#1497,#1498,#1499,#1500));
#327=EDGE_LOOP('',(#1501));
#328=EDGE_LOOP('',(#1502));
#329=EDGE_LOOP('',(#1503));
#330=EDGE_LOOP('',(#1504));
#331=EDGE_LOOP('',(#1505));
#332=EDGE_LOOP('',(#1506,#1507,#1508));
#333=EDGE_LOOP('',(#1509,#1510,#1511));
#334=EDGE_LOOP('',(#1512,#1513,#1514,#1515));
#335=EDGE_LOOP('',(#1516,#1517,#1518,#1519));
#336=EDGE_LOOP('',(#1520));
#337=EDGE_LOOP('',(#1521));
#338=EDGE_LOOP('',(#1522,#1523,#1524,#1525));
#339=EDGE_LOOP('',(#1526));
#340=EDGE_LOOP('',(#1527));
#341=EDGE_LOOP('',(#1528));
#342=EDGE_LOOP('',(#1529));
#343=EDGE_LOOP('',(#1530));
#344=EDGE_LOOP('',(#1531));
#345=EDGE_LOOP('',(#1532,#1533,#1534,#1535,#1536,#1537,#1538,#1539,#1540,
#1541));
#346=EDGE_LOOP('',(#1542,#1543,#1544,#1545,#1546,#1547));
#347=EDGE_LOOP('',(#1548,#1549,#1550,#1551,#1552,#1553,#1554,#1555));
#348=EDGE_LOOP('',(#1556,#1557,#1558,#1559));
#349=EDGE_LOOP('',(#1560,#1561,#1562,#1563,#1564,#1565,#1566,#1567,#1568,
#1569));
#350=EDGE_LOOP('',(#1570,#1571,#1572,#1573));
#351=EDGE_LOOP('',(#1574,#1575,#1576,#1577,#1578,#1579,#1580,#1581,#1582,
#1583,#1584,#1585,#1586,#1587));
#352=EDGE_LOOP('',(#1588));
#353=EDGE_LOOP('',(#1589));
#354=EDGE_LOOP('',(#1590));
#355=EDGE_LOOP('',(#1591));
#356=EDGE_LOOP('',(#1592,#1593,#1594,#1595,#1596,#1597,#1598,#1599,#1600,
#1601,#1602,#1603));
#357=EDGE_LOOP('',(#1604,#1605,#1606,#1607));
#358=EDGE_LOOP('',(#1608,#1609,#1610,#1611,#1612));
#359=EDGE_LOOP('',(#1613,#1614,#1615,#1616));
#360=EDGE_LOOP('',(#1617,#1618,#1619,#1620,#1621));
#361=EDGE_LOOP('',(#1622,#1623,#1624,#1625));
#362=EDGE_LOOP('',(#1626,#1627,#1628,#1629));
#363=EDGE_LOOP('',(#1630,#1631,#1632,#1633));
#364=EDGE_LOOP('',(#1634,#1635,#1636,#1637));
#365=EDGE_LOOP('',(#1638,#1639,#1640,#1641));
#366=EDGE_LOOP('',(#1642,#1643,#1644,#1645));
#367=EDGE_LOOP('',(#1646,#1647,#1648,#1649,#1650,#1651));
#368=EDGE_LOOP('',(#1652,#1653,#1654,#1655));
#369=EDGE_LOOP('',(#1656,#1657,#1658,#1659));
#370=EDGE_LOOP('',(#1660,#1661,#1662,#1663));
#371=EDGE_LOOP('',(#1664,#1665,#1666,#1667));
#372=EDGE_LOOP('',(#1668,#1669,#1670,#1671));
#373=EDGE_LOOP('',(#1672,#1673,#1674,#1675));
#374=EDGE_LOOP('',(#1676,#1677,#1678,#1679));
#375=EDGE_LOOP('',(#1680,#1681,#1682,#1683));
#376=EDGE_LOOP('',(#1684,#1685,#1686,#1687));
#377=EDGE_LOOP('',(#1688,#1689,#1690,#1691));
#378=EDGE_LOOP('',(#1692,#1693,#1694,#1695));
#379=EDGE_LOOP('',(#1696,#1697,#1698,#1699));
#380=EDGE_LOOP('',(#1700,#1701,#1702,#1703));
#381=EDGE_LOOP('',(#1704,#1705,#1706,#1707));
#382=EDGE_LOOP('',(#1708,#1709,#1710,#1711));
#383=EDGE_LOOP('',(#1712,#1713,#1714,#1715));
#384=EDGE_LOOP('',(#1716,#1717,#1718,#1719));
#385=EDGE_LOOP('',(#1720,#1721,#1722,#1723));
#386=EDGE_LOOP('',(#1724,#1725,#1726,#1727));
#387=EDGE_LOOP('',(#1728,#1729,#1730,#1731));
#388=EDGE_LOOP('',(#1732,#1733,#1734,#1735));
#389=EDGE_LOOP('',(#1736,#1737,#1738,#1739));
#390=EDGE_LOOP('',(#1740,#1741,#1742,#1743,#1744,#1745,#1746,#1747,#1748,
#1749));
#391=EDGE_LOOP('',(#1750));
#392=EDGE_LOOP('',(#1751,#1752,#1753,#1754));
#393=EDGE_LOOP('',(#1755,#1756,#1757,#1758));
#394=EDGE_LOOP('',(#1759,#1760,#1761,#1762));
#395=EDGE_LOOP('',(#1763,#1764,#1765,#1766));
#396=EDGE_LOOP('',(#1767,#1768,#1769,#1770));
#397=EDGE_LOOP('',(#1771,#1772,#1773,#1774));
#398=EDGE_LOOP('',(#1775,#1776,#1777,#1778));
#399=EDGE_LOOP('',(#1779,#1780,#1781,#1782));
#400=EDGE_LOOP('',(#1783,#1784,#1785,#1786));
#401=EDGE_LOOP('',(#1787,#1788,#1789,#1790));
#402=EDGE_LOOP('',(#1791,#1792,#1793,#1794));
#403=EDGE_LOOP('',(#1795,#1796,#1797,#1798,#1799,#1800,#1801,#1802,#1803));
#404=EDGE_LOOP('',(#1804,#1805,#1806,#1807,#1808,#1809,#1810));
#405=EDGE_LOOP('',(#1811,#1812,#1813,#1814));
#406=EDGE_LOOP('',(#1815));
#407=EDGE_LOOP('',(#1816));
#408=EDGE_LOOP('',(#1817,#1818,#1819,#1820));
#409=EDGE_LOOP('',(#1821,#1822,#1823,#1824));
#410=EDGE_LOOP('',(#1825));
#411=EDGE_LOOP('',(#1826));
#412=EDGE_LOOP('',(#1827));
#413=EDGE_LOOP('',(#1828));
#414=EDGE_LOOP('',(#1829));
#415=EDGE_LOOP('',(#1830,#1831,#1832,#1833));
#416=EDGE_LOOP('',(#1834,#1835,#1836,#1837,#1838,#1839,#1840));
#417=EDGE_LOOP('',(#1841,#1842,#1843,#1844,#1845,#1846,#1847,#1848,#1849,
#1850));
#418=EDGE_LOOP('',(#1851,#1852,#1853,#1854));
#419=EDGE_LOOP('',(#1855));
#420=EDGE_LOOP('',(#1856));
#421=EDGE_LOOP('',(#1857));
#422=EDGE_LOOP('',(#1858));
#423=EDGE_LOOP('',(#1859));
#424=EDGE_LOOP('',(#1860));
#425=EDGE_LOOP('',(#1861));
#426=EDGE_LOOP('',(#1862));
#427=EDGE_LOOP('',(#1863,#1864,#1865,#1866));
#428=EDGE_LOOP('',(#1867));
#429=EDGE_LOOP('',(#1868));
#430=EDGE_LOOP('',(#1869,#1870,#1871,#1872));
#431=EDGE_LOOP('',(#1873));
#432=EDGE_LOOP('',(#1874));
#433=EDGE_LOOP('',(#1875,#1876,#1877,#1878));
#434=EDGE_LOOP('',(#1879));
#435=EDGE_LOOP('',(#1880));
#436=EDGE_LOOP('',(#1881,#1882,#1883,#1884));
#437=EDGE_LOOP('',(#1885));
#438=EDGE_LOOP('',(#1886));
#439=EDGE_LOOP('',(#1887,#1888,#1889,#1890));
#440=EDGE_LOOP('',(#1891,#1892,#1893,#1894));
#441=EDGE_LOOP('',(#1895,#1896,#1897,#1898));
#442=EDGE_LOOP('',(#1899,#1900,#1901,#1902));
#443=EDGE_LOOP('',(#1903,#1904,#1905,#1906));
#444=EDGE_LOOP('',(#1907,#1908,#1909,#1910));
#445=EDGE_LOOP('',(#1911,#1912,#1913,#1914));
#446=EDGE_LOOP('',(#1915,#1916,#1917,#1918));
#447=EDGE_LOOP('',(#1919,#1920,#1921,#1922));
#448=EDGE_LOOP('',(#1923,#1924,#1925,#1926));
#449=EDGE_LOOP('',(#1927,#1928,#1929,#1930));
#450=EDGE_LOOP('',(#1931,#1932,#1933,#1934));
#451=EDGE_LOOP('',(#1935,#1936,#1937,#1938));
#452=EDGE_LOOP('',(#1939,#1940,#1941,#1942));
#453=EDGE_LOOP('',(#1943,#1944,#1945,#1946));
#454=EDGE_LOOP('',(#1947,#1948,#1949,#1950));
#455=EDGE_LOOP('',(#1951,#1952,#1953,#1954));
#456=EDGE_LOOP('',(#1955,#1956,#1957,#1958));
#457=EDGE_LOOP('',(#1959,#1960,#1961,#1962));
#458=EDGE_LOOP('',(#1963,#1964,#1965,#1966));
#459=EDGE_LOOP('',(#1967));
#460=EDGE_LOOP('',(#1968));
#461=EDGE_LOOP('',(#1969));
#462=EDGE_LOOP('',(#1970));
#463=EDGE_LOOP('',(#1971));
#464=EDGE_LOOP('',(#1972));
#465=EDGE_LOOP('',(#1973));
#466=EDGE_LOOP('',(#1974));
#467=EDGE_LOOP('',(#1975));
#468=EDGE_LOOP('',(#1976));
#469=EDGE_LOOP('',(#1977));
#470=EDGE_LOOP('',(#1978));
#471=EDGE_LOOP('',(#1979));
#472=EDGE_LOOP('',(#1980));
#473=EDGE_LOOP('',(#1981));
#474=EDGE_LOOP('',(#1982,#1983,#1984,#1985,#1986,#1987));
#475=EDGE_LOOP('',(#1988,#1989,#1990,#1991,#1992));
#476=EDGE_LOOP('',(#1993,#1994,#1995,#1996,#1997,#1998));
#477=EDGE_LOOP('',(#1999,#2000,#2001,#2002,#2003));
#478=EDGE_LOOP('',(#2004,#2005,#2006,#2007,#2008,#2009,#2010,#2011,#2012,
#2013,#2014));
#479=EDGE_LOOP('',(#2015,#2016,#2017,#2018));
#480=EDGE_LOOP('',(#2019));
#481=EDGE_LOOP('',(#2020));
#482=EDGE_LOOP('',(#2021));
#483=EDGE_LOOP('',(#2022));
#484=EDGE_LOOP('',(#2023));
#485=EDGE_LOOP('',(#2024));
#486=EDGE_LOOP('',(#2025));
#487=EDGE_LOOP('',(#2026));
#488=EDGE_LOOP('',(#2027));
#489=EDGE_LOOP('',(#2028));
#490=EDGE_LOOP('',(#2029));
#491=EDGE_LOOP('',(#2030));
#492=EDGE_LOOP('',(#2031));
#493=EDGE_LOOP('',(#2032));
#494=EDGE_LOOP('',(#2033));
#495=EDGE_LOOP('',(#2034,#2035,#2036,#2037,#2038,#2039));
#496=EDGE_LOOP('',(#2040,#2041,#2042,#2043));
#497=EDGE_LOOP('',(#2044,#2045));
#498=EDGE_LOOP('',(#2046,#2047));
#499=EDGE_LOOP('',(#2048,#2049,#2050,#2051,#2052,#2053,#2054));
#500=CIRCLE('',#2249,20.);
#501=CIRCLE('',#2250,30.);
#502=CIRCLE('',#2251,1.7);
#503=CIRCLE('',#2252,1.7);
#504=CIRCLE('',#2253,1.7);
#505=CIRCLE('',#2254,1.7);
#506=CIRCLE('',#2256,20.);
#507=CIRCLE('',#2258,1.7);
#508=CIRCLE('',#2260,1.7);
#509=CIRCLE('',#2262,1.7);
#510=CIRCLE('',#2264,1.7);
#511=CIRCLE('',#2266,30.);
#512=CIRCLE('',#2268,1.8);
#513=CIRCLE('',#2269,1.8);
#514=CIRCLE('',#2272,1.8);
#515=CIRCLE('',#2273,1.8);
#516=CIRCLE('',#2276,11.);
#517=CIRCLE('',#2277,11.);
#518=CIRCLE('',#2280,50.);
#519=CIRCLE('',#2282,50.);
#520=CIRCLE('',#2283,35.);
#521=CIRCLE('',#2285,1.6);
#522=CIRCLE('',#2287,1.6);
#523=CIRCLE('',#2289,50.);
#524=CIRCLE('',#2291,50.);
#525=CIRCLE('',#2293,25.);
#526=CIRCLE('',#2295,1.6);
#527=CIRCLE('',#2297,3.);
#528=CIRCLE('',#2299,1.6);
#529=CIRCLE('',#2301,3.);
#530=CIRCLE('',#2303,1.8);
#531=CIRCLE('',#2305,1.8);
#532=CIRCLE('',#2307,1.8);
#533=CIRCLE('',#2309,1.8);
#534=CIRCLE('',#2312,35.);
#535=CIRCLE('',#2313,20.);
#536=CIRCLE('',#2314,35.);
#537=CIRCLE('',#2316,35.);
#538=CIRCLE('',#2318,20.);
#539=CIRCLE('',#2321,25.);
#540=CIRCLE('',#2323,4.);
#541=CIRCLE('',#2324,47.);
#542=CIRCLE('',#2325,4.);
#543=CIRCLE('',#2326,47.);
#544=CIRCLE('',#2327,4.);
#545=CIRCLE('',#2328,47.);
#546=CIRCLE('',#2329,4.);
#547=CIRCLE('',#2330,1.50000000000007);
#548=CIRCLE('',#2331,1.50000000000007);
#549=CIRCLE('',#2332,1.50000000000007);
#550=CIRCLE('',#2333,1.50000000000007);
#551=CIRCLE('',#2334,27.5);
#552=CIRCLE('',#2335,0.500000000000025);
#553=CIRCLE('',#2336,0.499999999999967);
#554=CIRCLE('',#2337,0.500000000000026);
#555=CIRCLE('',#2338,0.500000000000007);
#556=CIRCLE('',#2339,22.5);
#557=CIRCLE('',#2342,22.5);
#558=CIRCLE('',#2345,27.5);
#559=CIRCLE('',#2349,3.);
#560=CIRCLE('',#2351,3.);
#561=CIRCLE('',#2353,4.);
#562=CIRCLE('',#2355,1.8);
#563=CIRCLE('',#2358,4.);
#564=CIRCLE('',#2360,1.8);
#565=CIRCLE('',#2362,47.);
#566=CIRCLE('',#2364,1.8);
#567=CIRCLE('',#2366,4.);
#568=CIRCLE('',#2368,1.8);
#569=CIRCLE('',#2370,4.);
#570=CIRCLE('',#2372,47.);
#571=CIRCLE('',#2374,47.);
#572=CIRCLE('',#2378,0.500000000000007);
#573=CIRCLE('',#2381,0.500000000000026);
#574=CIRCLE('',#2383,1.50000000000007);
#575=CIRCLE('',#2385,1.50000000000007);
#576=CIRCLE('',#2387,1.50000000000007);
#577=CIRCLE('',#2389,1.50000000000007);
#578=CIRCLE('',#2392,0.499999999999967);
#579=CIRCLE('',#2395,0.500000000000025);
#580=CIRCLE('',#2397,6.50000000000031);
#581=CIRCLE('',#2399,6.50000000000031);
#582=CIRCLE('',#2402,5.);
#583=CIRCLE('',#2403,5.);
#584=CIRCLE('',#2404,10.);
#585=CIRCLE('',#2405,5.);
#586=CIRCLE('',#2407,10.);
#587=CIRCLE('',#2408,5.);
#588=CIRCLE('',#2409,5.);
#589=CIRCLE('',#2410,5.00000000000001);
#590=CIRCLE('',#2412,5.);
#591=CIRCLE('',#2414,5.);
#592=CIRCLE('',#2415,45.);
#593=CIRCLE('',#2416,50.);
#594=CIRCLE('',#2420,5.);
#595=CIRCLE('',#2422,5.);
#596=CIRCLE('',#2423,50.);
#597=CIRCLE('',#2424,45.);
#598=CIRCLE('',#2431,50.);
#599=CIRCLE('',#2434,38.);
#600=CIRCLE('',#2436,1.6);
#601=CIRCLE('',#2438,1.6);
#602=CIRCLE('',#2440,1.6);
#603=CIRCLE('',#2442,1.6);
#604=CIRCLE('',#2444,1.6);
#605=CIRCLE('',#2446,3.);
#606=CIRCLE('',#2448,1.6);
#607=CIRCLE('',#2450,3.);
#608=CIRCLE('',#2452,1.6);
#609=CIRCLE('',#2454,3.);
#610=CIRCLE('',#2456,1.6);
#611=CIRCLE('',#2458,3.);
#612=CIRCLE('',#2460,2.5);
#613=CIRCLE('',#2461,2.5);
#614=CIRCLE('',#2463,2.5);
#615=CIRCLE('',#2464,2.5);
#616=CIRCLE('',#2466,2.5);
#617=CIRCLE('',#2467,2.5);
#618=CIRCLE('',#2469,2.5);
#619=CIRCLE('',#2470,2.5);
#620=CIRCLE('',#2472,2.5);
#621=CIRCLE('',#2473,2.5);
#622=CIRCLE('',#2475,2.5);
#623=CIRCLE('',#2476,2.5);
#624=CIRCLE('',#2478,2.5);
#625=CIRCLE('',#2479,2.5);
#626=CIRCLE('',#2481,2.5);
#627=CIRCLE('',#2482,2.5);
#628=CIRCLE('',#2484,2.5);
#629=CIRCLE('',#2485,2.5);
#630=CIRCLE('',#2487,2.5);
#631=CIRCLE('',#2488,2.5);
#632=CIRCLE('',#2490,2.5);
#633=CIRCLE('',#2491,2.5);
#634=CIRCLE('',#2493,2.5);
#635=CIRCLE('',#2494,2.5);
#636=CIRCLE('',#2496,2.5);
#637=CIRCLE('',#2497,2.5);
#638=CIRCLE('',#2499,2.5);
#639=CIRCLE('',#2500,2.5);
#640=CIRCLE('',#2502,2.5);
#641=CIRCLE('',#2503,2.5);
#642=CIRCLE('',#2507,38.);
#643=CIRCLE('',#2520,40.);
#644=CIRCLE('',#2522,10.);
#645=CIRCLE('',#2524,10.);
#646=LINE('',#3234,#792);
#647=LINE('',#3238,#793);
#648=LINE('',#3250,#794);
#649=LINE('',#3253,#795);
#650=LINE('',#3257,#796);
#651=LINE('',#3261,#797);
#652=LINE('',#3265,#798);
#653=LINE('',#3269,#799);
#654=LINE('',#3272,#800);
#655=LINE('',#3274,#801);
#656=LINE('',#3280,#802);
#657=LINE('',#3287,#803);
#658=LINE('',#3294,#804);
#659=LINE('',#3300,#805);
#660=LINE('',#3306,#806);
#661=LINE('',#3309,#807);
#662=LINE('',#3320,#808);
#663=LINE('',#3321,#809);
#664=LINE('',#3326,#810);
#665=LINE('',#3327,#811);
#666=LINE('',#3330,#812);
#667=LINE('',#3333,#813);
#668=LINE('',#3336,#814);
#669=LINE('',#3343,#815);
#670=LINE('',#3363,#816);
#671=LINE('',#3365,#817);
#672=LINE('',#3367,#818);
#673=LINE('',#3368,#819);
#674=LINE('',#3369,#820);
#675=LINE('',#3373,#821);
#676=LINE('',#3378,#822);
#677=LINE('',#3382,#823);
#678=LINE('',#3385,#824);
#679=LINE('',#3386,#825);
#680=LINE('',#3390,#826);
#681=LINE('',#3393,#827);
#682=LINE('',#3394,#828);
#683=LINE('',#3399,#829);
#684=LINE('',#3403,#830);
#685=LINE('',#3415,#831);
#686=LINE('',#3418,#832);
#687=LINE('',#3431,#833);
#688=LINE('',#3435,#834);
#689=LINE('',#3439,#835);
#690=LINE('',#3443,#836);
#691=LINE('',#3447,#837);
#692=LINE('',#3450,#838);
#693=LINE('',#3454,#839);
#694=LINE('',#3456,#840);
#695=LINE('',#3458,#841);
#696=LINE('',#3459,#842);
#697=LINE('',#3463,#843);
#698=LINE('',#3464,#844);
#699=LINE('',#3467,#845);
#700=LINE('',#3468,#846);
#701=LINE('',#3471,#847);
#702=LINE('',#3474,#848);
#703=LINE('',#3475,#849);
#704=LINE('',#3478,#850);
#705=LINE('',#3479,#851);
#706=LINE('',#3482,#852);
#707=LINE('',#3486,#853);
#708=LINE('',#3490,#854);
#709=LINE('',#3492,#855);
#710=LINE('',#3496,#856);
#711=LINE('',#3500,#857);
#712=LINE('',#3501,#858);
#713=LINE('',#3504,#859);
#714=LINE('',#3507,#860);
#715=LINE('',#3510,#861);
#716=LINE('',#3515,#862);
#717=LINE('',#3518,#863);
#718=LINE('',#3522,#864);
#719=LINE('',#3526,#865);
#720=LINE('',#3530,#866);
#721=LINE('',#3532,#867);
#722=LINE('',#3536,#868);
#723=LINE('',#3541,#869);
#724=LINE('',#3543,#870);
#725=LINE('',#3546,#871);
#726=LINE('',#3550,#872);
#727=LINE('',#3551,#873);
#728=LINE('',#3554,#874);
#729=LINE('',#3558,#875);
#730=LINE('',#3562,#876);
#731=LINE('',#3566,#877);
#732=LINE('',#3570,#878);
#733=LINE('',#3574,#879);
#734=LINE('',#3575,#880);
#735=LINE('',#3578,#881);
#736=LINE('',#3582,#882);
#737=LINE('',#3583,#883);
#738=LINE('',#3591,#884);
#739=LINE('',#3616,#885);
#740=LINE('',#3617,#886);
#741=LINE('',#3625,#887);
#742=LINE('',#3626,#888);
#743=LINE('',#3628,#889);
#744=LINE('',#3629,#890);
#745=LINE('',#3634,#891);
#746=LINE('',#3635,#892);
#747=LINE('',#3643,#893);
#748=LINE('',#3644,#894);
#749=LINE('',#3646,#895);
#750=LINE('',#3647,#896);
#751=LINE('',#3648,#897);
#752=LINE('',#3651,#898);
#753=LINE('',#3652,#899);
#754=LINE('',#3657,#900);
#755=LINE('',#3660,#901);
#756=LINE('',#3664,#902);
#757=LINE('',#3666,#903);
#758=LINE('',#3669,#904);
#759=LINE('',#3684,#905);
#760=LINE('',#3691,#906);
#761=LINE('',#3698,#907);
#762=LINE('',#3705,#908);
#763=LINE('',#3714,#909);
#764=LINE('',#3720,#910);
#765=LINE('',#3726,#911);
#766=LINE('',#3732,#912);
#767=LINE('',#3738,#913);
#768=LINE('',#3744,#914);
#769=LINE('',#3750,#915);
#770=LINE('',#3756,#916);
#771=LINE('',#3762,#917);
#772=LINE('',#3768,#918);
#773=LINE('',#3774,#919);
#774=LINE('',#3780,#920);
#775=LINE('',#3786,#921);
#776=LINE('',#3792,#922);
#777=LINE('',#3798,#923);
#778=LINE('',#3802,#924);
#779=LINE('',#3804,#925);
#780=LINE('',#3805,#926);
#781=LINE('',#3808,#927);
#782=LINE('',#3809,#928);
#783=LINE('',#3812,#929);
#784=LINE('',#3815,#930);
#785=LINE('',#3819,#931);
#786=LINE('',#3876,#932);
#787=LINE('',#3936,#933);
#788=LINE('',#3992,#934);
#789=LINE('',#4054,#935);
#790=LINE('',#4060,#936);
#791=LINE('',#4063,#937);
#792=VECTOR('',#2530,10.);
#793=VECTOR('',#2533,10.);
#794=VECTOR('',#2546,10.);
#795=VECTOR('',#2549,10.);
#796=VECTOR('',#2554,1.7);
#797=VECTOR('',#2559,1.7);
#798=VECTOR('',#2564,1.7);
#799=VECTOR('',#2569,1.7);
#800=VECTOR('',#2572,10.);
#801=VECTOR('',#2573,10.);
#802=VECTOR('',#2580,1.8);
#803=VECTOR('',#2589,1.8);
#804=VECTOR('',#2598,11.);
#805=VECTOR('',#2605,10.);
#806=VECTOR('',#2612,10.);
#807=VECTOR('',#2615,10.);
#808=VECTOR('',#2628,10.);
#809=VECTOR('',#2629,10.);
#810=VECTOR('',#2634,10.);
#811=VECTOR('',#2635,10.);
#812=VECTOR('',#2638,10.);
#813=VECTOR('',#2641,9.99999999999999);
#814=VECTOR('',#2644,1.6);
#815=VECTOR('',#2653,1.6);
#816=VECTOR('',#2678,10.);
#817=VECTOR('',#2679,10.);
#818=VECTOR('',#2680,10.);
#819=VECTOR('',#2681,10.);
#820=VECTOR('',#2682,10.);
#821=VECTOR('',#2685,10.);
#822=VECTOR('',#2690,10.);
#823=VECTOR('',#2695,10.);
#824=VECTOR('',#2698,10.);
#825=VECTOR('',#2699,10.);
#826=VECTOR('',#2704,10.);
#827=VECTOR('',#2707,10.);
#828=VECTOR('',#2708,10.);
#829=VECTOR('',#2715,10.);
#830=VECTOR('',#2718,10.);
#831=VECTOR('',#2729,10.);
#832=VECTOR('',#2732,10.);
#833=VECTOR('',#2743,10.);
#834=VECTOR('',#2746,10.);
#835=VECTOR('',#2749,10.);
#836=VECTOR('',#2752,10.);
#837=VECTOR('',#2755,10.);
#838=VECTOR('',#2758,10.);
#839=VECTOR('',#2761,10.);
#840=VECTOR('',#2762,10.);
#841=VECTOR('',#2763,10.);
#842=VECTOR('',#2764,10.);
#843=VECTOR('',#2769,10.);
#844=VECTOR('',#2770,10.);
#845=VECTOR('',#2773,10.);
#846=VECTOR('',#2774,10.);
#847=VECTOR('',#2779,10.);
#848=VECTOR('',#2782,10.);
#849=VECTOR('',#2783,10.);
#850=VECTOR('',#2786,10.);
#851=VECTOR('',#2787,10.);
#852=VECTOR('',#2790,3.);
#853=VECTOR('',#2795,3.);
#854=VECTOR('',#2800,10.);
#855=VECTOR('',#2801,10.);
#856=VECTOR('',#2806,1.8);
#857=VECTOR('',#2811,10.);
#858=VECTOR('',#2812,10.);
#859=VECTOR('',#2815,10.);
#860=VECTOR('',#2818,10.);
#861=VECTOR('',#2821,1.8);
#862=VECTOR('',#2828,10.);
#863=VECTOR('',#2831,1.8);
#864=VECTOR('',#2836,10.);
#865=VECTOR('',#2841,1.8);
#866=VECTOR('',#2846,10.);
#867=VECTOR('',#2847,10.);
#868=VECTOR('',#2852,10.);
#869=VECTOR('',#2861,10.);
#870=VECTOR('',#2864,10.);
#871=VECTOR('',#2867,10.);
#872=VECTOR('',#2872,10.);
#873=VECTOR('',#2873,10.);
#874=VECTOR('',#2876,10.);
#875=VECTOR('',#2881,1.50000000000007);
#876=VECTOR('',#2886,1.50000000000007);
#877=VECTOR('',#2891,1.50000000000007);
#878=VECTOR('',#2896,1.50000000000007);
#879=VECTOR('',#2901,10.);
#880=VECTOR('',#2902,10.);
#881=VECTOR('',#2905,10.);
#882=VECTOR('',#2910,10.);
#883=VECTOR('',#2911,10.);
#884=VECTOR('',#2922,6.50000000000031);
#885=VECTOR('',#2951,10.);
#886=VECTOR('',#2952,10.);
#887=VECTOR('',#2963,10.);
#888=VECTOR('',#2964,10.);
#889=VECTOR('',#2967,10.);
#890=VECTOR('',#2968,10.);
#891=VECTOR('',#2973,10.);
#892=VECTOR('',#2974,10.);
#893=VECTOR('',#2985,10.);
#894=VECTOR('',#2986,10.);
#895=VECTOR('',#2989,10.);
#896=VECTOR('',#2990,50.);
#897=VECTOR('',#2991,10.);
#898=VECTOR('',#2994,10.);
#899=VECTOR('',#2995,10.);
#900=VECTOR('',#3002,10.);
#901=VECTOR('',#3007,10.);
#902=VECTOR('',#3010,10.);
#903=VECTOR('',#3011,10.);
#904=VECTOR('',#3014,10.);
#905=VECTOR('',#3033,1.6);
#906=VECTOR('',#3042,1.6);
#907=VECTOR('',#3051,1.6);
#908=VECTOR('',#3060,1.6);
#909=VECTOR('',#3071,2.5);
#910=VECTOR('',#3078,2.5);
#911=VECTOR('',#3085,2.5);
#912=VECTOR('',#3092,2.5);
#913=VECTOR('',#3099,2.5);
#914=VECTOR('',#3106,2.5);
#915=VECTOR('',#3113,2.5);
#916=VECTOR('',#3120,2.5);
#917=VECTOR('',#3127,2.5);
#918=VECTOR('',#3134,2.5);
#919=VECTOR('',#3141,2.5);
#920=VECTOR('',#3148,2.5);
#921=VECTOR('',#3155,2.5);
#922=VECTOR('',#3162,2.5);
#923=VECTOR('',#3169,2.5);
#924=VECTOR('',#3174,10.);
#925=VECTOR('',#3175,10.);
#926=VECTOR('',#3176,10.);
#927=VECTOR('',#3179,10.);
#928=VECTOR('',#3180,10.);
#929=VECTOR('',#3183,10.);
#930=VECTOR('',#3188,10.);
#931=VECTOR('',#3193,3.);
#932=VECTOR('',#3196,3.);
#933=VECTOR('',#3199,3.);
#934=VECTOR('',#3202,3.);
#935=VECTOR('',#3207,10.);
#936=VECTOR('',#3216,10.);
#937=VECTOR('',#3219,10.);
#938=VERTEX_POINT('',#3232);
#939=VERTEX_POINT('',#3233);
#940=VERTEX_POINT('',#3235);
#941=VERTEX_POINT('',#3237);
#942=VERTEX_POINT('',#3240);
#943=VERTEX_POINT('',#3242);
#944=VERTEX_POINT('',#3244);
#945=VERTEX_POINT('',#3246);
#946=VERTEX_POINT('',#3249);
#947=VERTEX_POINT('',#3251);
#948=VERTEX_POINT('',#3255);
#949=VERTEX_POINT('',#3259);
#950=VERTEX_POINT('',#3263);
#951=VERTEX_POINT('',#3267);
#952=VERTEX_POINT('',#3271);
#953=VERTEX_POINT('',#3273);
#954=VERTEX_POINT('',#3277);
#955=VERTEX_POINT('',#3279);
#956=VERTEX_POINT('',#3284);
#957=VERTEX_POINT('',#3286);
#958=VERTEX_POINT('',#3291);
#959=VERTEX_POINT('',#3293);
#960=VERTEX_POINT('',#3298);
#961=VERTEX_POINT('',#3299);
#962=VERTEX_POINT('',#3303);
#963=VERTEX_POINT('',#3305);
#964=VERTEX_POINT('',#3307);
#965=VERTEX_POINT('',#3311);
#966=VERTEX_POINT('',#3314);
#967=VERTEX_POINT('',#3317);
#968=VERTEX_POINT('',#3319);
#969=VERTEX_POINT('',#3323);
#970=VERTEX_POINT('',#3325);
#971=VERTEX_POINT('',#3329);
#972=VERTEX_POINT('',#3331);
#973=VERTEX_POINT('',#3335);
#974=VERTEX_POINT('',#3339);
#975=VERTEX_POINT('',#3342);
#976=VERTEX_POINT('',#3346);
#977=VERTEX_POINT('',#3349);
#978=VERTEX_POINT('',#3352);
#979=VERTEX_POINT('',#3355);
#980=VERTEX_POINT('',#3358);
#981=VERTEX_POINT('',#3361);
#982=VERTEX_POINT('',#3362);
#983=VERTEX_POINT('',#3364);
#984=VERTEX_POINT('',#3366);
#985=VERTEX_POINT('',#3371);
#986=VERTEX_POINT('',#3372);
#987=VERTEX_POINT('',#3375);
#988=VERTEX_POINT('',#3377);
#989=VERTEX_POINT('',#3381);
#990=VERTEX_POINT('',#3383);
#991=VERTEX_POINT('',#3388);
#992=VERTEX_POINT('',#3392);
#993=VERTEX_POINT('',#3398);
#994=VERTEX_POINT('',#3400);
#995=VERTEX_POINT('',#3402);
#996=VERTEX_POINT('',#3404);
#997=VERTEX_POINT('',#3406);
#998=VERTEX_POINT('',#3408);
#999=VERTEX_POINT('',#3410);
#1000=VERTEX_POINT('',#3412);
#1001=VERTEX_POINT('',#3414);
#1002=VERTEX_POINT('',#3416);
#1003=VERTEX_POINT('',#3419);
#1004=VERTEX_POINT('',#3421);
#1005=VERTEX_POINT('',#3423);
#1006=VERTEX_POINT('',#3425);
#1007=VERTEX_POINT('',#3427);
#1008=VERTEX_POINT('',#3428);
#1009=VERTEX_POINT('',#3430);
#1010=VERTEX_POINT('',#3432);
#1011=VERTEX_POINT('',#3434);
#1012=VERTEX_POINT('',#3436);
#1013=VERTEX_POINT('',#3438);
#1014=VERTEX_POINT('',#3440);
#1015=VERTEX_POINT('',#3442);
#1016=VERTEX_POINT('',#3444);
#1017=VERTEX_POINT('',#3446);
#1018=VERTEX_POINT('',#3448);
#1019=VERTEX_POINT('',#3452);
#1020=VERTEX_POINT('',#3453);
#1021=VERTEX_POINT('',#3455);
#1022=VERTEX_POINT('',#3457);
#1023=VERTEX_POINT('',#3461);
#1024=VERTEX_POINT('',#3466);
#1025=VERTEX_POINT('',#3473);
#1026=VERTEX_POINT('',#3477);
#1027=VERTEX_POINT('',#3481);
#1028=VERTEX_POINT('',#3485);
#1029=VERTEX_POINT('',#3489);
#1030=VERTEX_POINT('',#3491);
#1031=VERTEX_POINT('',#3495);
#1032=VERTEX_POINT('',#3499);
#1033=VERTEX_POINT('',#3503);
#1034=VERTEX_POINT('',#3505);
#1035=VERTEX_POINT('',#3509);
#1036=VERTEX_POINT('',#3513);
#1037=VERTEX_POINT('',#3517);
#1038=VERTEX_POINT('',#3521);
#1039=VERTEX_POINT('',#3525);
#1040=VERTEX_POINT('',#3529);
#1041=VERTEX_POINT('',#3531);
#1042=VERTEX_POINT('',#3535);
#1043=VERTEX_POINT('',#3545);
#1044=VERTEX_POINT('',#3549);
#1045=VERTEX_POINT('',#3553);
#1046=VERTEX_POINT('',#3557);
#1047=VERTEX_POINT('',#3561);
#1048=VERTEX_POINT('',#3565);
#1049=VERTEX_POINT('',#3569);
#1050=VERTEX_POINT('',#3573);
#1051=VERTEX_POINT('',#3577);
#1052=VERTEX_POINT('',#3581);
#1053=VERTEX_POINT('',#3587);
#1054=VERTEX_POINT('',#3590);
#1055=VERTEX_POINT('',#3595);
#1056=VERTEX_POINT('',#3596);
#1057=VERTEX_POINT('',#3598);
#1058=VERTEX_POINT('',#3600);
#1059=VERTEX_POINT('',#3604);
#1060=VERTEX_POINT('',#3605);
#1061=VERTEX_POINT('',#3607);
#1062=VERTEX_POINT('',#3609);
#1063=VERTEX_POINT('',#3613);
#1064=VERTEX_POINT('',#3614);
#1065=VERTEX_POINT('',#3619);
#1066=VERTEX_POINT('',#3620);
#1067=VERTEX_POINT('',#3631);
#1068=VERTEX_POINT('',#3632);
#1069=VERTEX_POINT('',#3637);
#1070=VERTEX_POINT('',#3638);
#1071=VERTEX_POINT('',#3650);
#1072=VERTEX_POINT('',#3656);
#1073=VERTEX_POINT('',#3662);
#1074=VERTEX_POINT('',#3663);
#1075=VERTEX_POINT('',#3665);
#1076=VERTEX_POINT('',#3667);
#1077=VERTEX_POINT('',#3671);
#1078=VERTEX_POINT('',#3674);
#1079=VERTEX_POINT('',#3677);
#1080=VERTEX_POINT('',#3680);
#1081=VERTEX_POINT('',#3683);
#1082=VERTEX_POINT('',#3687);
#1083=VERTEX_POINT('',#3690);
#1084=VERTEX_POINT('',#3694);
#1085=VERTEX_POINT('',#3697);
#1086=VERTEX_POINT('',#3701);
#1087=VERTEX_POINT('',#3704);
#1088=VERTEX_POINT('',#3708);
#1089=VERTEX_POINT('',#3711);
#1090=VERTEX_POINT('',#3713);
#1091=VERTEX_POINT('',#3717);
#1092=VERTEX_POINT('',#3719);
#1093=VERTEX_POINT('',#3723);
#1094=VERTEX_POINT('',#3725);
#1095=VERTEX_POINT('',#3729);
#1096=VERTEX_POINT('',#3731);
#1097=VERTEX_POINT('',#3735);
#1098=VERTEX_POINT('',#3737);
#1099=VERTEX_POINT('',#3741);
#1100=VERTEX_POINT('',#3743);
#1101=VERTEX_POINT('',#3747);
#1102=VERTEX_POINT('',#3749);
#1103=VERTEX_POINT('',#3753);
#1104=VERTEX_POINT('',#3755);
#1105=VERTEX_POINT('',#3759);
#1106=VERTEX_POINT('',#3761);
#1107=VERTEX_POINT('',#3765);
#1108=VERTEX_POINT('',#3767);
#1109=VERTEX_POINT('',#3771);
#1110=VERTEX_POINT('',#3773);
#1111=VERTEX_POINT('',#3777);
#1112=VERTEX_POINT('',#3779);
#1113=VERTEX_POINT('',#3783);
#1114=VERTEX_POINT('',#3785);
#1115=VERTEX_POINT('',#3789);
#1116=VERTEX_POINT('',#3791);
#1117=VERTEX_POINT('',#3795);
#1118=VERTEX_POINT('',#3797);
#1119=VERTEX_POINT('',#3801);
#1120=VERTEX_POINT('',#3803);
#1121=VERTEX_POINT('',#3807);
#1122=VERTEX_POINT('',#3811);
#1123=VERTEX_POINT('',#3818);
#1124=VERTEX_POINT('',#3820);
#1125=VERTEX_POINT('',#3842);
#1126=VERTEX_POINT('',#3875);
#1127=VERTEX_POINT('',#3877);
#1128=VERTEX_POINT('',#3935);
#1129=VERTEX_POINT('',#3937);
#1130=VERTEX_POINT('',#3948);
#1131=VERTEX_POINT('',#3991);
#1132=VERTEX_POINT('',#3993);
#1133=VERTEX_POINT('',#4051);
#1134=VERTEX_POINT('',#4053);
#1135=VERTEX_POINT('',#4059);
#1136=VERTEX_POINT('',#4061);
#1137=EDGE_CURVE('',#938,#939,#646,.T.);
#1138=EDGE_CURVE('',#940,#938,#500,.T.);
#1139=EDGE_CURVE('',#941,#940,#647,.T.);
#1140=EDGE_CURVE('',#939,#941,#501,.T.);
#1141=EDGE_CURVE('',#942,#942,#502,.T.);
#1142=EDGE_CURVE('',#943,#943,#503,.T.);
#1143=EDGE_CURVE('',#944,#944,#504,.T.);
#1144=EDGE_CURVE('',#945,#945,#505,.T.);
#1145=EDGE_CURVE('',#946,#938,#648,.T.);
#1146=EDGE_CURVE('',#947,#946,#506,.T.);
#1147=EDGE_CURVE('',#947,#940,#649,.T.);
#1148=EDGE_CURVE('',#948,#948,#507,.T.);
#1149=EDGE_CURVE('',#948,#942,#650,.T.);
#1150=EDGE_CURVE('',#949,#949,#508,.T.);
#1151=EDGE_CURVE('',#949,#943,#651,.T.);
#1152=EDGE_CURVE('',#950,#950,#509,.T.);
#1153=EDGE_CURVE('',#950,#944,#652,.T.);
#1154=EDGE_CURVE('',#951,#951,#510,.T.);
#1155=EDGE_CURVE('',#951,#945,#653,.T.);
#1156=EDGE_CURVE('',#939,#952,#654,.T.);
#1157=EDGE_CURVE('',#941,#953,#655,.T.);
#1158=EDGE_CURVE('',#952,#953,#511,.T.);
#1159=EDGE_CURVE('',#954,#954,#512,.T.);
#1160=EDGE_CURVE('',#954,#955,#656,.T.);
#1161=EDGE_CURVE('',#955,#955,#513,.T.);
#1162=EDGE_CURVE('',#956,#956,#514,.T.);
#1163=EDGE_CURVE('',#956,#957,#657,.T.);
#1164=EDGE_CURVE('',#957,#957,#515,.T.);
#1165=EDGE_CURVE('',#958,#958,#516,.T.);
#1166=EDGE_CURVE('',#958,#959,#658,.T.);
#1167=EDGE_CURVE('',#959,#959,#517,.T.);
#1168=EDGE_CURVE('',#960,#961,#659,.T.);
#1169=EDGE_CURVE('',#960,#961,#518,.T.);
#1170=EDGE_CURVE('',#962,#962,#519,.T.);
#1171=EDGE_CURVE('',#946,#963,#660,.T.);
#1172=EDGE_CURVE('',#963,#964,#520,.T.);
#1173=EDGE_CURVE('',#964,#947,#661,.T.);
#1174=EDGE_CURVE('',#965,#965,#521,.T.);
#1175=EDGE_CURVE('',#966,#966,#522,.T.);
#1176=EDGE_CURVE('',#961,#967,#523,.T.);
#1177=EDGE_CURVE('',#967,#968,#662,.T.);
#1178=EDGE_CURVE('',#961,#968,#663,.T.);
#1179=EDGE_CURVE('',#969,#960,#524,.T.);
#1180=EDGE_CURVE('',#970,#960,#664,.T.);
#1181=EDGE_CURVE('',#969,#970,#665,.T.);
#1182=EDGE_CURVE('',#953,#971,#666,.T.);
#1183=EDGE_CURVE('',#971,#972,#525,.T.);
#1184=EDGE_CURVE('',#972,#952,#667,.T.);
#1185=EDGE_CURVE('',#965,#973,#668,.T.);
#1186=EDGE_CURVE('',#973,#973,#526,.T.);
#1187=EDGE_CURVE('',#974,#974,#527,.T.);
#1188=EDGE_CURVE('',#966,#975,#669,.T.);
#1189=EDGE_CURVE('',#975,#975,#528,.T.);
#1190=EDGE_CURVE('',#976,#976,#529,.T.);
#1191=EDGE_CURVE('',#977,#977,#530,.T.);
#1192=EDGE_CURVE('',#978,#978,#531,.T.);
#1193=EDGE_CURVE('',#979,#979,#532,.T.);
#1194=EDGE_CURVE('',#980,#980,#533,.T.);
#1195=EDGE_CURVE('',#981,#982,#670,.T.);
#1196=EDGE_CURVE('',#981,#983,#671,.T.);
#1197=EDGE_CURVE('',#983,#984,#672,.T.);
#1198=EDGE_CURVE('',#963,#984,#673,.T.);
#1199=EDGE_CURVE('',#982,#972,#674,.T.);
#1200=EDGE_CURVE('',#985,#986,#675,.T.);
#1201=EDGE_CURVE('',#984,#985,#534,.T.);
#1202=EDGE_CURVE('',#987,#983,#535,.T.);
#1203=EDGE_CURVE('',#988,#987,#676,.T.);
#1204=EDGE_CURVE('',#986,#988,#536,.T.);
#1205=EDGE_CURVE('',#989,#985,#677,.T.);
#1206=EDGE_CURVE('',#990,#989,#537,.T.);
#1207=EDGE_CURVE('',#986,#990,#678,.T.);
#1208=EDGE_CURVE('',#964,#988,#679,.T.);
#1209=EDGE_CURVE('',#991,#981,#538,.T.);
#1210=EDGE_CURVE('',#991,#987,#680,.T.);
#1211=EDGE_CURVE('',#992,#991,#681,.T.);
#1212=EDGE_CURVE('',#971,#992,#682,.T.);
#1213=EDGE_CURVE('',#992,#982,#539,.T.);
#1214=EDGE_CURVE('',#993,#990,#683,.T.);
#1215=EDGE_CURVE('',#993,#994,#540,.T.);
#1216=EDGE_CURVE('',#995,#994,#684,.T.);
#1217=EDGE_CURVE('',#996,#995,#541,.T.);
#1218=EDGE_CURVE('',#996,#997,#542,.T.);
#1219=EDGE_CURVE('',#998,#997,#543,.T.);
#1220=EDGE_CURVE('',#998,#999,#544,.T.);
#1221=EDGE_CURVE('',#1000,#999,#545,.T.);
#1222=EDGE_CURVE('',#1001,#1000,#685,.T.);
#1223=EDGE_CURVE('',#1001,#1002,#546,.T.);
#1224=EDGE_CURVE('',#989,#1002,#686,.T.);
#1225=EDGE_CURVE('',#1003,#1003,#547,.T.);
#1226=EDGE_CURVE('',#1004,#1004,#548,.T.);
#1227=EDGE_CURVE('',#1005,#1005,#549,.T.);
#1228=EDGE_CURVE('',#1006,#1006,#550,.T.);
#1229=EDGE_CURVE('',#1007,#1008,#551,.T.);
#1230=EDGE_CURVE('',#1009,#1008,#687,.T.);
#1231=EDGE_CURVE('',#1010,#1009,#552,.T.);
#1232=EDGE_CURVE('',#1011,#1010,#688,.T.);
#1233=EDGE_CURVE('',#1012,#1011,#553,.T.);
#1234=EDGE_CURVE('',#1013,#1012,#689,.T.);
#1235=EDGE_CURVE('',#1014,#1013,#554,.T.);
#1236=EDGE_CURVE('',#1015,#1014,#690,.T.);
#1237=EDGE_CURVE('',#1016,#1015,#555,.T.);
#1238=EDGE_CURVE('',#1017,#1016,#691,.T.);
#1239=EDGE_CURVE('',#1017,#1018,#556,.T.);
#1240=EDGE_CURVE('',#1018,#1007,#692,.T.);
#1241=EDGE_CURVE('',#1019,#1020,#693,.T.);
#1242=EDGE_CURVE('',#1020,#1021,#694,.T.);
#1243=EDGE_CURVE('',#1022,#1021,#695,.T.);
#1244=EDGE_CURVE('',#1022,#1019,#696,.T.);
#1245=EDGE_CURVE('',#1023,#1022,#557,.T.);
#1246=EDGE_CURVE('',#1023,#1018,#697,.T.);
#1247=EDGE_CURVE('',#1019,#1017,#698,.T.);
#1248=EDGE_CURVE('',#1024,#1023,#699,.T.);
#1249=EDGE_CURVE('',#1024,#1007,#700,.T.);
#1250=EDGE_CURVE('',#1021,#1024,#558,.T.);
#1251=EDGE_CURVE('',#1008,#1020,#701,.T.);
#1252=EDGE_CURVE('',#1016,#1025,#702,.T.);
#1253=EDGE_CURVE('',#1025,#1019,#703,.T.);
#1254=EDGE_CURVE('',#1020,#1026,#704,.T.);
#1255=EDGE_CURVE('',#1009,#1026,#705,.T.);
#1256=EDGE_CURVE('',#974,#1027,#706,.T.);
#1257=EDGE_CURVE('',#1027,#1027,#559,.T.);
#1258=EDGE_CURVE('',#976,#1028,#707,.T.);
#1259=EDGE_CURVE('',#1028,#1028,#560,.T.);
#1260=EDGE_CURVE('',#994,#1029,#708,.T.);
#1261=EDGE_CURVE('',#1030,#993,#709,.T.);
#1262=EDGE_CURVE('',#1029,#1030,#561,.T.);
#1263=EDGE_CURVE('',#977,#1031,#710,.T.);
#1264=EDGE_CURVE('',#1031,#1031,#562,.T.);
#1265=EDGE_CURVE('',#1002,#1032,#711,.T.);
#1266=EDGE_CURVE('',#1030,#1032,#712,.T.);
#1267=EDGE_CURVE('',#1033,#998,#713,.T.);
#1268=EDGE_CURVE('',#1034,#1033,#563,.T.);
#1269=EDGE_CURVE('',#999,#1034,#714,.T.);
#1270=EDGE_CURVE('',#979,#1035,#715,.T.);
#1271=EDGE_CURVE('',#1035,#1035,#564,.T.);
#1272=EDGE_CURVE('',#1036,#1034,#565,.T.);
#1273=EDGE_CURVE('',#1036,#1000,#716,.T.);
#1274=EDGE_CURVE('',#980,#1037,#717,.T.);
#1275=EDGE_CURVE('',#1037,#1037,#566,.T.);
#1276=EDGE_CURVE('',#1038,#1001,#718,.T.);
#1277=EDGE_CURVE('',#1032,#1038,#567,.T.);
#1278=EDGE_CURVE('',#978,#1039,#719,.T.);
#1279=EDGE_CURVE('',#1039,#1039,#568,.T.);
#1280=EDGE_CURVE('',#997,#1040,#720,.T.);
#1281=EDGE_CURVE('',#1041,#996,#721,.T.);
#1282=EDGE_CURVE('',#1040,#1041,#569,.T.);
#1283=EDGE_CURVE('',#1042,#995,#722,.T.);
#1284=EDGE_CURVE('',#1041,#1042,#570,.T.);
#1285=EDGE_CURVE('',#1033,#1040,#571,.T.);
#1286=EDGE_CURVE('',#1038,#1036,#723,.T.);
#1287=EDGE_CURVE('',#1042,#1029,#724,.T.);
#1288=EDGE_CURVE('',#1015,#1043,#725,.T.);
#1289=EDGE_CURVE('',#1043,#1025,#572,.T.);
#1290=EDGE_CURVE('',#1014,#1044,#726,.T.);
#1291=EDGE_CURVE('',#1044,#1043,#727,.T.);
#1292=EDGE_CURVE('',#1013,#1045,#728,.T.);
#1293=EDGE_CURVE('',#1045,#1044,#573,.T.);
#1294=EDGE_CURVE('',#1005,#1046,#729,.T.);
#1295=EDGE_CURVE('',#1046,#1046,#574,.T.);
#1296=EDGE_CURVE('',#1006,#1047,#730,.T.);
#1297=EDGE_CURVE('',#1047,#1047,#575,.T.);
#1298=EDGE_CURVE('',#1003,#1048,#731,.T.);
#1299=EDGE_CURVE('',#1048,#1048,#576,.T.);
#1300=EDGE_CURVE('',#1004,#1049,#732,.T.);
#1301=EDGE_CURVE('',#1049,#1049,#577,.T.);
#1302=EDGE_CURVE('',#1012,#1050,#733,.T.);
#1303=EDGE_CURVE('',#1050,#1045,#734,.T.);
#1304=EDGE_CURVE('',#1011,#1051,#735,.T.);
#1305=EDGE_CURVE('',#1051,#1050,#578,.T.);
#1306=EDGE_CURVE('',#1010,#1052,#736,.T.);
#1307=EDGE_CURVE('',#1052,#1051,#737,.T.);
#1308=EDGE_CURVE('',#1026,#1052,#579,.T.);
#1309=EDGE_CURVE('',#1053,#1053,#580,.T.);
#1310=EDGE_CURVE('',#1053,#1054,#738,.T.);
#1311=EDGE_CURVE('',#1054,#1054,#581,.T.);
#1312=EDGE_CURVE('',#1055,#1056,#582,.F.);
#1313=EDGE_CURVE('',#1057,#1055,#583,.T.);
#1314=EDGE_CURVE('',#1057,#1058,#584,.T.);
#1315=EDGE_CURVE('',#1056,#1058,#585,.T.);
#1316=EDGE_CURVE('',#1059,#1060,#586,.T.);
#1317=EDGE_CURVE('',#1061,#1060,#587,.T.);
#1318=EDGE_CURVE('',#1062,#1061,#588,.F.);
#1319=EDGE_CURVE('',#1059,#1062,#589,.T.);
#1320=EDGE_CURVE('',#1063,#1064,#590,.T.);
#1321=EDGE_CURVE('',#1064,#1061,#739,.T.);
#1322=EDGE_CURVE('',#1060,#1063,#740,.T.);
#1323=EDGE_CURVE('',#1065,#1066,#591,.T.);
#1324=EDGE_CURVE('',#1066,#1064,#592,.T.);
#1325=EDGE_CURVE('',#1063,#1065,#593,.T.);
#1326=EDGE_CURVE('',#1055,#1066,#741,.T.);
#1327=EDGE_CURVE('',#1065,#1057,#742,.T.);
#1328=EDGE_CURVE('',#1061,#1055,#743,.T.);
#1329=EDGE_CURVE('',#1056,#1062,#744,.T.);
#1330=EDGE_CURVE('',#1067,#1068,#594,.T.);
#1331=EDGE_CURVE('',#1068,#1059,#745,.T.);
#1332=EDGE_CURVE('',#1062,#1067,#746,.T.);
#1333=EDGE_CURVE('',#1069,#1070,#595,.T.);
#1334=EDGE_CURVE('',#1070,#1068,#596,.T.);
#1335=EDGE_CURVE('',#1067,#1069,#597,.T.);
#1336=EDGE_CURVE('',#1069,#1056,#747,.T.);
#1337=EDGE_CURVE('',#1058,#1070,#748,.T.);
#1338=EDGE_CURVE('',#967,#1063,#749,.T.);
#1339=EDGE_CURVE('',#967,#962,#750,.T.);
#1340=EDGE_CURVE('',#969,#1065,#751,.T.);
#1341=EDGE_CURVE('',#1071,#1068,#752,.T.);
#1342=EDGE_CURVE('',#968,#1071,#753,.T.);
#1343=EDGE_CURVE('',#1070,#1072,#754,.T.);
#1344=EDGE_CURVE('',#1071,#1072,#598,.T.);
#1345=EDGE_CURVE('',#1072,#970,#755,.T.);
#1346=EDGE_CURVE('',#1073,#1074,#756,.T.);
#1347=EDGE_CURVE('',#1074,#1075,#757,.T.);
#1348=EDGE_CURVE('',#1075,#1076,#599,.T.);
#1349=EDGE_CURVE('',#1076,#1073,#758,.T.);
#1350=EDGE_CURVE('',#1077,#1077,#600,.T.);
#1351=EDGE_CURVE('',#1078,#1078,#601,.T.);
#1352=EDGE_CURVE('',#1079,#1079,#602,.T.);
#1353=EDGE_CURVE('',#1080,#1080,#603,.T.);
#1354=EDGE_CURVE('',#1078,#1081,#759,.T.);
#1355=EDGE_CURVE('',#1081,#1081,#604,.T.);
#1356=EDGE_CURVE('',#1082,#1082,#605,.T.);
#1357=EDGE_CURVE('',#1079,#1083,#760,.T.);
#1358=EDGE_CURVE('',#1083,#1083,#606,.T.);
#1359=EDGE_CURVE('',#1084,#1084,#607,.T.);
#1360=EDGE_CURVE('',#1080,#1085,#761,.T.);
#1361=EDGE_CURVE('',#1085,#1085,#608,.T.);
#1362=EDGE_CURVE('',#1086,#1086,#609,.T.);
#1363=EDGE_CURVE('',#1077,#1087,#762,.T.);
#1364=EDGE_CURVE('',#1087,#1087,#610,.T.);
#1365=EDGE_CURVE('',#1088,#1088,#611,.T.);
#1366=EDGE_CURVE('',#1089,#1089,#612,.T.);
#1367=EDGE_CURVE('',#1089,#1090,#763,.T.);
#1368=EDGE_CURVE('',#1090,#1090,#613,.T.);
#1369=EDGE_CURVE('',#1091,#1091,#614,.T.);
#1370=EDGE_CURVE('',#1091,#1092,#764,.T.);
#1371=EDGE_CURVE('',#1092,#1092,#615,.T.);
#1372=EDGE_CURVE('',#1093,#1093,#616,.T.);
#1373=EDGE_CURVE('',#1093,#1094,#765,.T.);
#1374=EDGE_CURVE('',#1094,#1094,#617,.T.);
#1375=EDGE_CURVE('',#1095,#1095,#618,.T.);
#1376=EDGE_CURVE('',#1095,#1096,#766,.T.);
#1377=EDGE_CURVE('',#1096,#1096,#619,.T.);
#1378=EDGE_CURVE('',#1097,#1097,#620,.T.);
#1379=EDGE_CURVE('',#1097,#1098,#767,.T.);
#1380=EDGE_CURVE('',#1098,#1098,#621,.T.);
#1381=EDGE_CURVE('',#1099,#1099,#622,.T.);
#1382=EDGE_CURVE('',#1099,#1100,#768,.T.);
#1383=EDGE_CURVE('',#1100,#1100,#623,.T.);
#1384=EDGE_CURVE('',#1101,#1101,#624,.T.);
#1385=EDGE_CURVE('',#1101,#1102,#769,.T.);
#1386=EDGE_CURVE('',#1102,#1102,#625,.T.);
#1387=EDGE_CURVE('',#1103,#1103,#626,.T.);
#1388=EDGE_CURVE('',#1103,#1104,#770,.T.);
#1389=EDGE_CURVE('',#1104,#1104,#627,.T.);
#1390=EDGE_CURVE('',#1105,#1105,#628,.T.);
#1391=EDGE_CURVE('',#1105,#1106,#771,.T.);
#1392=EDGE_CURVE('',#1106,#1106,#629,.T.);
#1393=EDGE_CURVE('',#1107,#1107,#630,.T.);
#1394=EDGE_CURVE('',#1107,#1108,#772,.T.);
#1395=EDGE_CURVE('',#1108,#1108,#631,.T.);
#1396=EDGE_CURVE('',#1109,#1109,#632,.T.);
#1397=EDGE_CURVE('',#1109,#1110,#773,.T.);
#1398=EDGE_CURVE('',#1110,#1110,#633,.T.);
#1399=EDGE_CURVE('',#1111,#1111,#634,.T.);
#1400=EDGE_CURVE('',#1111,#1112,#774,.T.);
#1401=EDGE_CURVE('',#1112,#1112,#635,.T.);
#1402=EDGE_CURVE('',#1113,#1113,#636,.T.);
#1403=EDGE_CURVE('',#1113,#1114,#775,.T.);
#1404=EDGE_CURVE('',#1114,#1114,#637,.T.);
#1405=EDGE_CURVE('',#1115,#1115,#638,.T.);
#1406=EDGE_CURVE('',#1115,#1116,#776,.T.);
#1407=EDGE_CURVE('',#1116,#1116,#639,.T.);
#1408=EDGE_CURVE('',#1117,#1117,#640,.T.);
#1409=EDGE_CURVE('',#1117,#1118,#777,.T.);
#1410=EDGE_CURVE('',#1118,#1118,#641,.T.);
#1411=EDGE_CURVE('',#1073,#1119,#778,.T.);
#1412=EDGE_CURVE('',#1119,#1120,#779,.T.);
#1413=EDGE_CURVE('',#1074,#1120,#780,.T.);
#1414=EDGE_CURVE('',#1076,#1121,#781,.T.);
#1415=EDGE_CURVE('',#1121,#1119,#782,.T.);
#1416=EDGE_CURVE('',#1075,#1122,#783,.T.);
#1417=EDGE_CURVE('',#1122,#1121,#642,.T.);
#1418=EDGE_CURVE('',#1120,#1122,#784,.T.);
#1419=EDGE_CURVE('',#1086,#1123,#785,.T.);
#1420=EDGE_CURVE('',#1124,#1123,#19,.T.);
#1421=EDGE_CURVE('',#1125,#1124,#20,.T.);
#1422=EDGE_CURVE('',#1123,#1125,#21,.T.);
#1423=EDGE_CURVE('',#1088,#1126,#786,.T.);
#1424=EDGE_CURVE('',#1127,#1126,#22,.T.);
#1425=EDGE_CURVE('',#1126,#1127,#23,.T.);
#1426=EDGE_CURVE('',#1082,#1128,#787,.T.);
#1427=EDGE_CURVE('',#1129,#1128,#24,.T.);
#1428=EDGE_CURVE('',#1130,#1129,#25,.T.);
#1429=EDGE_CURVE('',#1128,#1130,#26,.T.);
#1430=EDGE_CURVE('',#1084,#1131,#788,.T.);
#1431=EDGE_CURVE('',#1132,#1131,#27,.T.);
#1432=EDGE_CURVE('',#1131,#1132,#28,.T.);
#1433=EDGE_CURVE('',#1125,#1133,#15,.T.);
#1434=EDGE_CURVE('',#1133,#1134,#789,.T.);
#1435=EDGE_CURVE('',#1134,#1130,#16,.T.);
#1436=EDGE_CURVE('',#1129,#970,#17,.T.);
#1437=EDGE_CURVE('',#968,#1124,#18,.T.);
#1438=EDGE_CURVE('',#1135,#1133,#790,.T.);
#1439=EDGE_CURVE('',#1136,#1135,#643,.T.);
#1440=EDGE_CURVE('',#1134,#1136,#791,.T.);
#1441=EDGE_CURVE('',#1135,#1071,#644,.T.);
#1442=EDGE_CURVE('',#1136,#1072,#645,.T.);
#1443=ORIENTED_EDGE('',*,*,#1137,.F.);
#1444=ORIENTED_EDGE('',*,*,#1138,.F.);
#1445=ORIENTED_EDGE('',*,*,#1139,.F.);
#1446=ORIENTED_EDGE('',*,*,#1140,.F.);
#1447=ORIENTED_EDGE('',*,*,#1141,.F.);
#1448=ORIENTED_EDGE('',*,*,#1142,.F.);
#1449=ORIENTED_EDGE('',*,*,#1143,.F.);
#1450=ORIENTED_EDGE('',*,*,#1144,.F.);
#1451=ORIENTED_EDGE('',*,*,#1138,.T.);
#1452=ORIENTED_EDGE('',*,*,#1145,.F.);
#1453=ORIENTED_EDGE('',*,*,#1146,.F.);
#1454=ORIENTED_EDGE('',*,*,#1147,.T.);
#1455=ORIENTED_EDGE('',*,*,#1148,.F.);
#1456=ORIENTED_EDGE('',*,*,#1149,.T.);
#1457=ORIENTED_EDGE('',*,*,#1141,.T.);
#1458=ORIENTED_EDGE('',*,*,#1149,.F.);
#1459=ORIENTED_EDGE('',*,*,#1150,.F.);
#1460=ORIENTED_EDGE('',*,*,#1151,.T.);
#1461=ORIENTED_EDGE('',*,*,#1142,.T.);
#1462=ORIENTED_EDGE('',*,*,#1151,.F.);
#1463=ORIENTED_EDGE('',*,*,#1152,.F.);
#1464=ORIENTED_EDGE('',*,*,#1153,.T.);
#1465=ORIENTED_EDGE('',*,*,#1143,.T.);
#1466=ORIENTED_EDGE('',*,*,#1153,.F.);
#1467=ORIENTED_EDGE('',*,*,#1154,.F.);
#1468=ORIENTED_EDGE('',*,*,#1155,.T.);
#1469=ORIENTED_EDGE('',*,*,#1144,.T.);
#1470=ORIENTED_EDGE('',*,*,#1155,.F.);
#1471=ORIENTED_EDGE('',*,*,#1156,.F.);
#1472=ORIENTED_EDGE('',*,*,#1140,.T.);
#1473=ORIENTED_EDGE('',*,*,#1157,.T.);
#1474=ORIENTED_EDGE('',*,*,#1158,.F.);
#1475=ORIENTED_EDGE('',*,*,#1159,.F.);
#1476=ORIENTED_EDGE('',*,*,#1160,.T.);
#1477=ORIENTED_EDGE('',*,*,#1161,.T.);
#1478=ORIENTED_EDGE('',*,*,#1160,.F.);
#1479=ORIENTED_EDGE('',*,*,#1161,.F.);
#1480=ORIENTED_EDGE('',*,*,#1162,.F.);
#1481=ORIENTED_EDGE('',*,*,#1163,.T.);
#1482=ORIENTED_EDGE('',*,*,#1164,.T.);
#1483=ORIENTED_EDGE('',*,*,#1163,.F.);
#1484=ORIENTED_EDGE('',*,*,#1164,.F.);
#1485=ORIENTED_EDGE('',*,*,#1165,.F.);
#1486=ORIENTED_EDGE('',*,*,#1166,.T.);
#1487=ORIENTED_EDGE('',*,*,#1167,.T.);
#1488=ORIENTED_EDGE('',*,*,#1166,.F.);
#1489=ORIENTED_EDGE('',*,*,#1167,.F.);
#1490=ORIENTED_EDGE('',*,*,#1148,.T.);
#1491=ORIENTED_EDGE('',*,*,#1150,.T.);
#1492=ORIENTED_EDGE('',*,*,#1152,.T.);
#1493=ORIENTED_EDGE('',*,*,#1154,.T.);
#1494=ORIENTED_EDGE('',*,*,#1168,.F.);
#1495=ORIENTED_EDGE('',*,*,#1169,.T.);
#1496=ORIENTED_EDGE('',*,*,#1170,.T.);
#1497=ORIENTED_EDGE('',*,*,#1171,.T.);
#1498=ORIENTED_EDGE('',*,*,#1172,.T.);
#1499=ORIENTED_EDGE('',*,*,#1173,.T.);
#1500=ORIENTED_EDGE('',*,*,#1146,.T.);
#1501=ORIENTED_EDGE('',*,*,#1165,.T.);
#1502=ORIENTED_EDGE('',*,*,#1162,.T.);
#1503=ORIENTED_EDGE('',*,*,#1174,.F.);
#1504=ORIENTED_EDGE('',*,*,#1159,.T.);
#1505=ORIENTED_EDGE('',*,*,#1175,.F.);
#1506=ORIENTED_EDGE('',*,*,#1176,.T.);
#1507=ORIENTED_EDGE('',*,*,#1177,.T.);
#1508=ORIENTED_EDGE('',*,*,#1178,.F.);
#1509=ORIENTED_EDGE('',*,*,#1179,.T.);
#1510=ORIENTED_EDGE('',*,*,#1180,.F.);
#1511=ORIENTED_EDGE('',*,*,#1181,.F.);
#1512=ORIENTED_EDGE('',*,*,#1158,.T.);
#1513=ORIENTED_EDGE('',*,*,#1182,.T.);
#1514=ORIENTED_EDGE('',*,*,#1183,.T.);
#1515=ORIENTED_EDGE('',*,*,#1184,.T.);
#1516=ORIENTED_EDGE('',*,*,#1174,.T.);
#1517=ORIENTED_EDGE('',*,*,#1185,.T.);
#1518=ORIENTED_EDGE('',*,*,#1186,.F.);
#1519=ORIENTED_EDGE('',*,*,#1185,.F.);
#1520=ORIENTED_EDGE('',*,*,#1187,.F.);
#1521=ORIENTED_EDGE('',*,*,#1186,.T.);
#1522=ORIENTED_EDGE('',*,*,#1175,.T.);
#1523=ORIENTED_EDGE('',*,*,#1188,.T.);
#1524=ORIENTED_EDGE('',*,*,#1189,.F.);
#1525=ORIENTED_EDGE('',*,*,#1188,.F.);
#1526=ORIENTED_EDGE('',*,*,#1190,.F.);
#1527=ORIENTED_EDGE('',*,*,#1189,.T.);
#1528=ORIENTED_EDGE('',*,*,#1191,.F.);
#1529=ORIENTED_EDGE('',*,*,#1192,.F.);
#1530=ORIENTED_EDGE('',*,*,#1193,.F.);
#1531=ORIENTED_EDGE('',*,*,#1194,.F.);
#1532=ORIENTED_EDGE('',*,*,#1195,.F.);
#1533=ORIENTED_EDGE('',*,*,#1196,.T.);
#1534=ORIENTED_EDGE('',*,*,#1197,.T.);
#1535=ORIENTED_EDGE('',*,*,#1198,.F.);
#1536=ORIENTED_EDGE('',*,*,#1171,.F.);
#1537=ORIENTED_EDGE('',*,*,#1145,.T.);
#1538=ORIENTED_EDGE('',*,*,#1137,.T.);
#1539=ORIENTED_EDGE('',*,*,#1156,.T.);
#1540=ORIENTED_EDGE('',*,*,#1184,.F.);
#1541=ORIENTED_EDGE('',*,*,#1199,.F.);
#1542=ORIENTED_EDGE('',*,*,#1200,.F.);
#1543=ORIENTED_EDGE('',*,*,#1201,.F.);
#1544=ORIENTED_EDGE('',*,*,#1197,.F.);
#1545=ORIENTED_EDGE('',*,*,#1202,.F.);
#1546=ORIENTED_EDGE('',*,*,#1203,.F.);
#1547=ORIENTED_EDGE('',*,*,#1204,.F.);
#1548=ORIENTED_EDGE('',*,*,#1198,.T.);
#1549=ORIENTED_EDGE('',*,*,#1201,.T.);
#1550=ORIENTED_EDGE('',*,*,#1205,.F.);
#1551=ORIENTED_EDGE('',*,*,#1206,.F.);
#1552=ORIENTED_EDGE('',*,*,#1207,.F.);
#1553=ORIENTED_EDGE('',*,*,#1204,.T.);
#1554=ORIENTED_EDGE('',*,*,#1208,.F.);
#1555=ORIENTED_EDGE('',*,*,#1172,.F.);
#1556=ORIENTED_EDGE('',*,*,#1209,.F.);
#1557=ORIENTED_EDGE('',*,*,#1210,.T.);
#1558=ORIENTED_EDGE('',*,*,#1202,.T.);
#1559=ORIENTED_EDGE('',*,*,#1196,.F.);
#1560=ORIENTED_EDGE('',*,*,#1211,.F.);
#1561=ORIENTED_EDGE('',*,*,#1212,.F.);
#1562=ORIENTED_EDGE('',*,*,#1182,.F.);
#1563=ORIENTED_EDGE('',*,*,#1157,.F.);
#1564=ORIENTED_EDGE('',*,*,#1139,.T.);
#1565=ORIENTED_EDGE('',*,*,#1147,.F.);
#1566=ORIENTED_EDGE('',*,*,#1173,.F.);
#1567=ORIENTED_EDGE('',*,*,#1208,.T.);
#1568=ORIENTED_EDGE('',*,*,#1203,.T.);
#1569=ORIENTED_EDGE('',*,*,#1210,.F.);
#1570=ORIENTED_EDGE('',*,*,#1199,.T.);
#1571=ORIENTED_EDGE('',*,*,#1183,.F.);
#1572=ORIENTED_EDGE('',*,*,#1212,.T.);
#1573=ORIENTED_EDGE('',*,*,#1213,.T.);
#1574=ORIENTED_EDGE('',*,*,#1205,.T.);
#1575=ORIENTED_EDGE('',*,*,#1200,.T.);
#1576=ORIENTED_EDGE('',*,*,#1207,.T.);
#1577=ORIENTED_EDGE('',*,*,#1214,.F.);
#1578=ORIENTED_EDGE('',*,*,#1215,.T.);
#1579=ORIENTED_EDGE('',*,*,#1216,.F.);
#1580=ORIENTED_EDGE('',*,*,#1217,.F.);
#1581=ORIENTED_EDGE('',*,*,#1218,.T.);
#1582=ORIENTED_EDGE('',*,*,#1219,.F.);
#1583=ORIENTED_EDGE('',*,*,#1220,.T.);
#1584=ORIENTED_EDGE('',*,*,#1221,.F.);
#1585=ORIENTED_EDGE('',*,*,#1222,.F.);
#1586=ORIENTED_EDGE('',*,*,#1223,.T.);
#1587=ORIENTED_EDGE('',*,*,#1224,.F.);
#1588=ORIENTED_EDGE('',*,*,#1225,.F.);
#1589=ORIENTED_EDGE('',*,*,#1226,.F.);
#1590=ORIENTED_EDGE('',*,*,#1227,.F.);
#1591=ORIENTED_EDGE('',*,*,#1228,.F.);
#1592=ORIENTED_EDGE('',*,*,#1229,.T.);
#1593=ORIENTED_EDGE('',*,*,#1230,.F.);
#1594=ORIENTED_EDGE('',*,*,#1231,.F.);
#1595=ORIENTED_EDGE('',*,*,#1232,.F.);
#1596=ORIENTED_EDGE('',*,*,#1233,.F.);
#1597=ORIENTED_EDGE('',*,*,#1234,.F.);
#1598=ORIENTED_EDGE('',*,*,#1235,.F.);
#1599=ORIENTED_EDGE('',*,*,#1236,.F.);
#1600=ORIENTED_EDGE('',*,*,#1237,.F.);
#1601=ORIENTED_EDGE('',*,*,#1238,.F.);
#1602=ORIENTED_EDGE('',*,*,#1239,.T.);
#1603=ORIENTED_EDGE('',*,*,#1240,.T.);
#1604=ORIENTED_EDGE('',*,*,#1241,.T.);
#1605=ORIENTED_EDGE('',*,*,#1242,.T.);
#1606=ORIENTED_EDGE('',*,*,#1243,.F.);
#1607=ORIENTED_EDGE('',*,*,#1244,.T.);
#1608=ORIENTED_EDGE('',*,*,#1244,.F.);
#1609=ORIENTED_EDGE('',*,*,#1245,.F.);
#1610=ORIENTED_EDGE('',*,*,#1246,.T.);
#1611=ORIENTED_EDGE('',*,*,#1239,.F.);
#1612=ORIENTED_EDGE('',*,*,#1247,.F.);
#1613=ORIENTED_EDGE('',*,*,#1246,.F.);
#1614=ORIENTED_EDGE('',*,*,#1248,.F.);
#1615=ORIENTED_EDGE('',*,*,#1249,.T.);
#1616=ORIENTED_EDGE('',*,*,#1240,.F.);
#1617=ORIENTED_EDGE('',*,*,#1249,.F.);
#1618=ORIENTED_EDGE('',*,*,#1250,.F.);
#1619=ORIENTED_EDGE('',*,*,#1242,.F.);
#1620=ORIENTED_EDGE('',*,*,#1251,.F.);
#1621=ORIENTED_EDGE('',*,*,#1229,.F.);
#1622=ORIENTED_EDGE('',*,*,#1247,.T.);
#1623=ORIENTED_EDGE('',*,*,#1238,.T.);
#1624=ORIENTED_EDGE('',*,*,#1252,.T.);
#1625=ORIENTED_EDGE('',*,*,#1253,.T.);
#1626=ORIENTED_EDGE('',*,*,#1251,.T.);
#1627=ORIENTED_EDGE('',*,*,#1254,.T.);
#1628=ORIENTED_EDGE('',*,*,#1255,.F.);
#1629=ORIENTED_EDGE('',*,*,#1230,.T.);
#1630=ORIENTED_EDGE('',*,*,#1187,.T.);
#1631=ORIENTED_EDGE('',*,*,#1256,.T.);
#1632=ORIENTED_EDGE('',*,*,#1257,.F.);
#1633=ORIENTED_EDGE('',*,*,#1256,.F.);
#1634=ORIENTED_EDGE('',*,*,#1190,.T.);
#1635=ORIENTED_EDGE('',*,*,#1258,.T.);
#1636=ORIENTED_EDGE('',*,*,#1259,.F.);
#1637=ORIENTED_EDGE('',*,*,#1258,.F.);
#1638=ORIENTED_EDGE('',*,*,#1260,.F.);
#1639=ORIENTED_EDGE('',*,*,#1215,.F.);
#1640=ORIENTED_EDGE('',*,*,#1261,.F.);
#1641=ORIENTED_EDGE('',*,*,#1262,.F.);
#1642=ORIENTED_EDGE('',*,*,#1191,.T.);
#1643=ORIENTED_EDGE('',*,*,#1263,.T.);
#1644=ORIENTED_EDGE('',*,*,#1264,.F.);
#1645=ORIENTED_EDGE('',*,*,#1263,.F.);
#1646=ORIENTED_EDGE('',*,*,#1206,.T.);
#1647=ORIENTED_EDGE('',*,*,#1224,.T.);
#1648=ORIENTED_EDGE('',*,*,#1265,.T.);
#1649=ORIENTED_EDGE('',*,*,#1266,.F.);
#1650=ORIENTED_EDGE('',*,*,#1261,.T.);
#1651=ORIENTED_EDGE('',*,*,#1214,.T.);
#1652=ORIENTED_EDGE('',*,*,#1267,.F.);
#1653=ORIENTED_EDGE('',*,*,#1268,.F.);
#1654=ORIENTED_EDGE('',*,*,#1269,.F.);
#1655=ORIENTED_EDGE('',*,*,#1220,.F.);
#1656=ORIENTED_EDGE('',*,*,#1193,.T.);
#1657=ORIENTED_EDGE('',*,*,#1270,.T.);
#1658=ORIENTED_EDGE('',*,*,#1271,.F.);
#1659=ORIENTED_EDGE('',*,*,#1270,.F.);
#1660=ORIENTED_EDGE('',*,*,#1269,.T.);
#1661=ORIENTED_EDGE('',*,*,#1272,.F.);
#1662=ORIENTED_EDGE('',*,*,#1273,.T.);
#1663=ORIENTED_EDGE('',*,*,#1221,.T.);
#1664=ORIENTED_EDGE('',*,*,#1194,.T.);
#1665=ORIENTED_EDGE('',*,*,#1274,.T.);
#1666=ORIENTED_EDGE('',*,*,#1275,.F.);
#1667=ORIENTED_EDGE('',*,*,#1274,.F.);
#1668=ORIENTED_EDGE('',*,*,#1265,.F.);
#1669=ORIENTED_EDGE('',*,*,#1223,.F.);
#1670=ORIENTED_EDGE('',*,*,#1276,.F.);
#1671=ORIENTED_EDGE('',*,*,#1277,.F.);
#1672=ORIENTED_EDGE('',*,*,#1192,.T.);
#1673=ORIENTED_EDGE('',*,*,#1278,.T.);
#1674=ORIENTED_EDGE('',*,*,#1279,.F.);
#1675=ORIENTED_EDGE('',*,*,#1278,.F.);
#1676=ORIENTED_EDGE('',*,*,#1280,.F.);
#1677=ORIENTED_EDGE('',*,*,#1218,.F.);
#1678=ORIENTED_EDGE('',*,*,#1281,.F.);
#1679=ORIENTED_EDGE('',*,*,#1282,.F.);
#1680=ORIENTED_EDGE('',*,*,#1281,.T.);
#1681=ORIENTED_EDGE('',*,*,#1217,.T.);
#1682=ORIENTED_EDGE('',*,*,#1283,.F.);
#1683=ORIENTED_EDGE('',*,*,#1284,.F.);
#1684=ORIENTED_EDGE('',*,*,#1267,.T.);
#1685=ORIENTED_EDGE('',*,*,#1219,.T.);
#1686=ORIENTED_EDGE('',*,*,#1280,.T.);
#1687=ORIENTED_EDGE('',*,*,#1285,.F.);
#1688=ORIENTED_EDGE('',*,*,#1276,.T.);
#1689=ORIENTED_EDGE('',*,*,#1222,.T.);
#1690=ORIENTED_EDGE('',*,*,#1273,.F.);
#1691=ORIENTED_EDGE('',*,*,#1286,.F.);
#1692=ORIENTED_EDGE('',*,*,#1260,.T.);
#1693=ORIENTED_EDGE('',*,*,#1287,.F.);
#1694=ORIENTED_EDGE('',*,*,#1283,.T.);
#1695=ORIENTED_EDGE('',*,*,#1216,.T.);
#1696=ORIENTED_EDGE('',*,*,#1237,.T.);
#1697=ORIENTED_EDGE('',*,*,#1288,.T.);
#1698=ORIENTED_EDGE('',*,*,#1289,.T.);
#1699=ORIENTED_EDGE('',*,*,#1252,.F.);
#1700=ORIENTED_EDGE('',*,*,#1236,.T.);
#1701=ORIENTED_EDGE('',*,*,#1290,.T.);
#1702=ORIENTED_EDGE('',*,*,#1291,.T.);
#1703=ORIENTED_EDGE('',*,*,#1288,.F.);
#1704=ORIENTED_EDGE('',*,*,#1235,.T.);
#1705=ORIENTED_EDGE('',*,*,#1292,.T.);
#1706=ORIENTED_EDGE('',*,*,#1293,.T.);
#1707=ORIENTED_EDGE('',*,*,#1290,.F.);
#1708=ORIENTED_EDGE('',*,*,#1227,.T.);
#1709=ORIENTED_EDGE('',*,*,#1294,.T.);
#1710=ORIENTED_EDGE('',*,*,#1295,.F.);
#1711=ORIENTED_EDGE('',*,*,#1294,.F.);
#1712=ORIENTED_EDGE('',*,*,#1228,.T.);
#1713=ORIENTED_EDGE('',*,*,#1296,.T.);
#1714=ORIENTED_EDGE('',*,*,#1297,.F.);
#1715=ORIENTED_EDGE('',*,*,#1296,.F.);
#1716=ORIENTED_EDGE('',*,*,#1225,.T.);
#1717=ORIENTED_EDGE('',*,*,#1298,.T.);
#1718=ORIENTED_EDGE('',*,*,#1299,.F.);
#1719=ORIENTED_EDGE('',*,*,#1298,.F.);
#1720=ORIENTED_EDGE('',*,*,#1226,.T.);
#1721=ORIENTED_EDGE('',*,*,#1300,.T.);
#1722=ORIENTED_EDGE('',*,*,#1301,.F.);
#1723=ORIENTED_EDGE('',*,*,#1300,.F.);
#1724=ORIENTED_EDGE('',*,*,#1234,.T.);
#1725=ORIENTED_EDGE('',*,*,#1302,.T.);
#1726=ORIENTED_EDGE('',*,*,#1303,.T.);
#1727=ORIENTED_EDGE('',*,*,#1292,.F.);
#1728=ORIENTED_EDGE('',*,*,#1233,.T.);
#1729=ORIENTED_EDGE('',*,*,#1304,.T.);
#1730=ORIENTED_EDGE('',*,*,#1305,.T.);
#1731=ORIENTED_EDGE('',*,*,#1302,.F.);
#1732=ORIENTED_EDGE('',*,*,#1232,.T.);
#1733=ORIENTED_EDGE('',*,*,#1306,.T.);
#1734=ORIENTED_EDGE('',*,*,#1307,.T.);
#1735=ORIENTED_EDGE('',*,*,#1304,.F.);
#1736=ORIENTED_EDGE('',*,*,#1231,.T.);
#1737=ORIENTED_EDGE('',*,*,#1255,.T.);
#1738=ORIENTED_EDGE('',*,*,#1308,.T.);
#1739=ORIENTED_EDGE('',*,*,#1306,.F.);
#1740=ORIENTED_EDGE('',*,*,#1293,.F.);
#1741=ORIENTED_EDGE('',*,*,#1303,.F.);
#1742=ORIENTED_EDGE('',*,*,#1305,.F.);
#1743=ORIENTED_EDGE('',*,*,#1307,.F.);
#1744=ORIENTED_EDGE('',*,*,#1308,.F.);
#1745=ORIENTED_EDGE('',*,*,#1254,.F.);
#1746=ORIENTED_EDGE('',*,*,#1241,.F.);
#1747=ORIENTED_EDGE('',*,*,#1253,.F.);
#1748=ORIENTED_EDGE('',*,*,#1289,.F.);
#1749=ORIENTED_EDGE('',*,*,#1291,.F.);
#1750=ORIENTED_EDGE('',*,*,#1309,.F.);
#1751=ORIENTED_EDGE('',*,*,#1309,.T.);
#1752=ORIENTED_EDGE('',*,*,#1310,.T.);
#1753=ORIENTED_EDGE('',*,*,#1311,.F.);
#1754=ORIENTED_EDGE('',*,*,#1310,.F.);
#1755=ORIENTED_EDGE('',*,*,#1195,.T.);
#1756=ORIENTED_EDGE('',*,*,#1213,.F.);
#1757=ORIENTED_EDGE('',*,*,#1211,.T.);
#1758=ORIENTED_EDGE('',*,*,#1209,.T.);
#1759=ORIENTED_EDGE('',*,*,#1312,.F.);
#1760=ORIENTED_EDGE('',*,*,#1313,.F.);
#1761=ORIENTED_EDGE('',*,*,#1314,.T.);
#1762=ORIENTED_EDGE('',*,*,#1315,.F.);
#1763=ORIENTED_EDGE('',*,*,#1316,.T.);
#1764=ORIENTED_EDGE('',*,*,#1317,.F.);
#1765=ORIENTED_EDGE('',*,*,#1318,.F.);
#1766=ORIENTED_EDGE('',*,*,#1319,.F.);
#1767=ORIENTED_EDGE('',*,*,#1320,.T.);
#1768=ORIENTED_EDGE('',*,*,#1321,.T.);
#1769=ORIENTED_EDGE('',*,*,#1317,.T.);
#1770=ORIENTED_EDGE('',*,*,#1322,.T.);
#1771=ORIENTED_EDGE('',*,*,#1323,.T.);
#1772=ORIENTED_EDGE('',*,*,#1324,.T.);
#1773=ORIENTED_EDGE('',*,*,#1320,.F.);
#1774=ORIENTED_EDGE('',*,*,#1325,.T.);
#1775=ORIENTED_EDGE('',*,*,#1313,.T.);
#1776=ORIENTED_EDGE('',*,*,#1326,.T.);
#1777=ORIENTED_EDGE('',*,*,#1323,.F.);
#1778=ORIENTED_EDGE('',*,*,#1327,.T.);
#1779=ORIENTED_EDGE('',*,*,#1318,.T.);
#1780=ORIENTED_EDGE('',*,*,#1328,.T.);
#1781=ORIENTED_EDGE('',*,*,#1312,.T.);
#1782=ORIENTED_EDGE('',*,*,#1329,.T.);
#1783=ORIENTED_EDGE('',*,*,#1330,.T.);
#1784=ORIENTED_EDGE('',*,*,#1331,.T.);
#1785=ORIENTED_EDGE('',*,*,#1319,.T.);
#1786=ORIENTED_EDGE('',*,*,#1332,.T.);
#1787=ORIENTED_EDGE('',*,*,#1333,.T.);
#1788=ORIENTED_EDGE('',*,*,#1334,.T.);
#1789=ORIENTED_EDGE('',*,*,#1330,.F.);
#1790=ORIENTED_EDGE('',*,*,#1335,.T.);
#1791=ORIENTED_EDGE('',*,*,#1333,.F.);
#1792=ORIENTED_EDGE('',*,*,#1336,.T.);
#1793=ORIENTED_EDGE('',*,*,#1315,.T.);
#1794=ORIENTED_EDGE('',*,*,#1337,.T.);
#1795=ORIENTED_EDGE('',*,*,#1325,.F.);
#1796=ORIENTED_EDGE('',*,*,#1338,.F.);
#1797=ORIENTED_EDGE('',*,*,#1339,.T.);
#1798=ORIENTED_EDGE('',*,*,#1170,.F.);
#1799=ORIENTED_EDGE('',*,*,#1339,.F.);
#1800=ORIENTED_EDGE('',*,*,#1176,.F.);
#1801=ORIENTED_EDGE('',*,*,#1169,.F.);
#1802=ORIENTED_EDGE('',*,*,#1179,.F.);
#1803=ORIENTED_EDGE('',*,*,#1340,.T.);
#1804=ORIENTED_EDGE('',*,*,#1322,.F.);
#1805=ORIENTED_EDGE('',*,*,#1316,.F.);
#1806=ORIENTED_EDGE('',*,*,#1331,.F.);
#1807=ORIENTED_EDGE('',*,*,#1341,.F.);
#1808=ORIENTED_EDGE('',*,*,#1342,.F.);
#1809=ORIENTED_EDGE('',*,*,#1177,.F.);
#1810=ORIENTED_EDGE('',*,*,#1338,.T.);
#1811=ORIENTED_EDGE('',*,*,#1321,.F.);
#1812=ORIENTED_EDGE('',*,*,#1324,.F.);
#1813=ORIENTED_EDGE('',*,*,#1326,.F.);
#1814=ORIENTED_EDGE('',*,*,#1328,.F.);
#1815=ORIENTED_EDGE('',*,*,#1257,.T.);
#1816=ORIENTED_EDGE('',*,*,#1259,.T.);
#1817=ORIENTED_EDGE('',*,*,#1329,.F.);
#1818=ORIENTED_EDGE('',*,*,#1336,.F.);
#1819=ORIENTED_EDGE('',*,*,#1335,.F.);
#1820=ORIENTED_EDGE('',*,*,#1332,.F.);
#1821=ORIENTED_EDGE('',*,*,#1243,.T.);
#1822=ORIENTED_EDGE('',*,*,#1250,.T.);
#1823=ORIENTED_EDGE('',*,*,#1248,.T.);
#1824=ORIENTED_EDGE('',*,*,#1245,.T.);
#1825=ORIENTED_EDGE('',*,*,#1295,.T.);
#1826=ORIENTED_EDGE('',*,*,#1297,.T.);
#1827=ORIENTED_EDGE('',*,*,#1299,.T.);
#1828=ORIENTED_EDGE('',*,*,#1301,.T.);
#1829=ORIENTED_EDGE('',*,*,#1311,.T.);
#1830=ORIENTED_EDGE('',*,*,#1334,.F.);
#1831=ORIENTED_EDGE('',*,*,#1343,.T.);
#1832=ORIENTED_EDGE('',*,*,#1344,.F.);
#1833=ORIENTED_EDGE('',*,*,#1341,.T.);
#1834=ORIENTED_EDGE('',*,*,#1327,.F.);
#1835=ORIENTED_EDGE('',*,*,#1340,.F.);
#1836=ORIENTED_EDGE('',*,*,#1181,.T.);
#1837=ORIENTED_EDGE('',*,*,#1345,.F.);
#1838=ORIENTED_EDGE('',*,*,#1343,.F.);
#1839=ORIENTED_EDGE('',*,*,#1337,.F.);
#1840=ORIENTED_EDGE('',*,*,#1314,.F.);
#1841=ORIENTED_EDGE('',*,*,#1282,.T.);
#1842=ORIENTED_EDGE('',*,*,#1284,.T.);
#1843=ORIENTED_EDGE('',*,*,#1287,.T.);
#1844=ORIENTED_EDGE('',*,*,#1262,.T.);
#1845=ORIENTED_EDGE('',*,*,#1266,.T.);
#1846=ORIENTED_EDGE('',*,*,#1277,.T.);
#1847=ORIENTED_EDGE('',*,*,#1286,.T.);
#1848=ORIENTED_EDGE('',*,*,#1272,.T.);
#1849=ORIENTED_EDGE('',*,*,#1268,.T.);
#1850=ORIENTED_EDGE('',*,*,#1285,.T.);
#1851=ORIENTED_EDGE('',*,*,#1346,.T.);
#1852=ORIENTED_EDGE('',*,*,#1347,.T.);
#1853=ORIENTED_EDGE('',*,*,#1348,.T.);
#1854=ORIENTED_EDGE('',*,*,#1349,.T.);
#1855=ORIENTED_EDGE('',*,*,#1279,.T.);
#1856=ORIENTED_EDGE('',*,*,#1350,.T.);
#1857=ORIENTED_EDGE('',*,*,#1275,.T.);
#1858=ORIENTED_EDGE('',*,*,#1351,.T.);
#1859=ORIENTED_EDGE('',*,*,#1271,.T.);
#1860=ORIENTED_EDGE('',*,*,#1352,.T.);
#1861=ORIENTED_EDGE('',*,*,#1264,.T.);
#1862=ORIENTED_EDGE('',*,*,#1353,.T.);
#1863=ORIENTED_EDGE('',*,*,#1351,.F.);
#1864=ORIENTED_EDGE('',*,*,#1354,.T.);
#1865=ORIENTED_EDGE('',*,*,#1355,.F.);
#1866=ORIENTED_EDGE('',*,*,#1354,.F.);
#1867=ORIENTED_EDGE('',*,*,#1356,.F.);
#1868=ORIENTED_EDGE('',*,*,#1355,.T.);
#1869=ORIENTED_EDGE('',*,*,#1352,.F.);
#1870=ORIENTED_EDGE('',*,*,#1357,.T.);
#1871=ORIENTED_EDGE('',*,*,#1358,.F.);
#1872=ORIENTED_EDGE('',*,*,#1357,.F.);
#1873=ORIENTED_EDGE('',*,*,#1359,.F.);
#1874=ORIENTED_EDGE('',*,*,#1358,.T.);
#1875=ORIENTED_EDGE('',*,*,#1353,.F.);
#1876=ORIENTED_EDGE('',*,*,#1360,.T.);
#1877=ORIENTED_EDGE('',*,*,#1361,.F.);
#1878=ORIENTED_EDGE('',*,*,#1360,.F.);
#1879=ORIENTED_EDGE('',*,*,#1362,.F.);
#1880=ORIENTED_EDGE('',*,*,#1361,.T.);
#1881=ORIENTED_EDGE('',*,*,#1350,.F.);
#1882=ORIENTED_EDGE('',*,*,#1363,.T.);
#1883=ORIENTED_EDGE('',*,*,#1364,.F.);
#1884=ORIENTED_EDGE('',*,*,#1363,.F.);
#1885=ORIENTED_EDGE('',*,*,#1365,.F.);
#1886=ORIENTED_EDGE('',*,*,#1364,.T.);
#1887=ORIENTED_EDGE('',*,*,#1366,.F.);
#1888=ORIENTED_EDGE('',*,*,#1367,.T.);
#1889=ORIENTED_EDGE('',*,*,#1368,.F.);
#1890=ORIENTED_EDGE('',*,*,#1367,.F.);
#1891=ORIENTED_EDGE('',*,*,#1369,.F.);
#1892=ORIENTED_EDGE('',*,*,#1370,.T.);
#1893=ORIENTED_EDGE('',*,*,#1371,.F.);
#1894=ORIENTED_EDGE('',*,*,#1370,.F.);
#1895=ORIENTED_EDGE('',*,*,#1372,.F.);
#1896=ORIENTED_EDGE('',*,*,#1373,.T.);
#1897=ORIENTED_EDGE('',*,*,#1374,.F.);
#1898=ORIENTED_EDGE('',*,*,#1373,.F.);
#1899=ORIENTED_EDGE('',*,*,#1375,.F.);
#1900=ORIENTED_EDGE('',*,*,#1376,.T.);
#1901=ORIENTED_EDGE('',*,*,#1377,.F.);
#1902=ORIENTED_EDGE('',*,*,#1376,.F.);
#1903=ORIENTED_EDGE('',*,*,#1378,.F.);
#1904=ORIENTED_EDGE('',*,*,#1379,.T.);
#1905=ORIENTED_EDGE('',*,*,#1380,.F.);
#1906=ORIENTED_EDGE('',*,*,#1379,.F.);
#1907=ORIENTED_EDGE('',*,*,#1381,.F.);
#1908=ORIENTED_EDGE('',*,*,#1382,.T.);
#1909=ORIENTED_EDGE('',*,*,#1383,.F.);
#1910=ORIENTED_EDGE('',*,*,#1382,.F.);
#1911=ORIENTED_EDGE('',*,*,#1384,.F.);
#1912=ORIENTED_EDGE('',*,*,#1385,.T.);
#1913=ORIENTED_EDGE('',*,*,#1386,.F.);
#1914=ORIENTED_EDGE('',*,*,#1385,.F.);
#1915=ORIENTED_EDGE('',*,*,#1387,.F.);
#1916=ORIENTED_EDGE('',*,*,#1388,.T.);
#1917=ORIENTED_EDGE('',*,*,#1389,.F.);
#1918=ORIENTED_EDGE('',*,*,#1388,.F.);
#1919=ORIENTED_EDGE('',*,*,#1390,.F.);
#1920=ORIENTED_EDGE('',*,*,#1391,.T.);
#1921=ORIENTED_EDGE('',*,*,#1392,.F.);
#1922=ORIENTED_EDGE('',*,*,#1391,.F.);
#1923=ORIENTED_EDGE('',*,*,#1393,.F.);
#1924=ORIENTED_EDGE('',*,*,#1394,.T.);
#1925=ORIENTED_EDGE('',*,*,#1395,.F.);
#1926=ORIENTED_EDGE('',*,*,#1394,.F.);
#1927=ORIENTED_EDGE('',*,*,#1396,.F.);
#1928=ORIENTED_EDGE('',*,*,#1397,.T.);
#1929=ORIENTED_EDGE('',*,*,#1398,.F.);
#1930=ORIENTED_EDGE('',*,*,#1397,.F.);
#1931=ORIENTED_EDGE('',*,*,#1399,.F.);
#1932=ORIENTED_EDGE('',*,*,#1400,.T.);
#1933=ORIENTED_EDGE('',*,*,#1401,.F.);
#1934=ORIENTED_EDGE('',*,*,#1400,.F.);
#1935=ORIENTED_EDGE('',*,*,#1402,.F.);
#1936=ORIENTED_EDGE('',*,*,#1403,.T.);
#1937=ORIENTED_EDGE('',*,*,#1404,.F.);
#1938=ORIENTED_EDGE('',*,*,#1403,.F.);
#1939=ORIENTED_EDGE('',*,*,#1405,.F.);
#1940=ORIENTED_EDGE('',*,*,#1406,.T.);
#1941=ORIENTED_EDGE('',*,*,#1407,.F.);
#1942=ORIENTED_EDGE('',*,*,#1406,.F.);
#1943=ORIENTED_EDGE('',*,*,#1408,.F.);
#1944=ORIENTED_EDGE('',*,*,#1409,.T.);
#1945=ORIENTED_EDGE('',*,*,#1410,.F.);
#1946=ORIENTED_EDGE('',*,*,#1409,.F.);
#1947=ORIENTED_EDGE('',*,*,#1346,.F.);
#1948=ORIENTED_EDGE('',*,*,#1411,.T.);
#1949=ORIENTED_EDGE('',*,*,#1412,.T.);
#1950=ORIENTED_EDGE('',*,*,#1413,.F.);
#1951=ORIENTED_EDGE('',*,*,#1349,.F.);
#1952=ORIENTED_EDGE('',*,*,#1414,.T.);
#1953=ORIENTED_EDGE('',*,*,#1415,.T.);
#1954=ORIENTED_EDGE('',*,*,#1411,.F.);
#1955=ORIENTED_EDGE('',*,*,#1348,.F.);
#1956=ORIENTED_EDGE('',*,*,#1416,.T.);
#1957=ORIENTED_EDGE('',*,*,#1417,.T.);
#1958=ORIENTED_EDGE('',*,*,#1414,.F.);
#1959=ORIENTED_EDGE('',*,*,#1347,.F.);
#1960=ORIENTED_EDGE('',*,*,#1413,.T.);
#1961=ORIENTED_EDGE('',*,*,#1418,.T.);
#1962=ORIENTED_EDGE('',*,*,#1416,.F.);
#1963=ORIENTED_EDGE('',*,*,#1418,.F.);
#1964=ORIENTED_EDGE('',*,*,#1412,.F.);
#1965=ORIENTED_EDGE('',*,*,#1415,.F.);
#1966=ORIENTED_EDGE('',*,*,#1417,.F.);
#1967=ORIENTED_EDGE('',*,*,#1368,.T.);
#1968=ORIENTED_EDGE('',*,*,#1371,.T.);
#1969=ORIENTED_EDGE('',*,*,#1374,.T.);
#1970=ORIENTED_EDGE('',*,*,#1377,.T.);
#1971=ORIENTED_EDGE('',*,*,#1380,.T.);
#1972=ORIENTED_EDGE('',*,*,#1383,.T.);
#1973=ORIENTED_EDGE('',*,*,#1386,.T.);
#1974=ORIENTED_EDGE('',*,*,#1389,.T.);
#1975=ORIENTED_EDGE('',*,*,#1392,.T.);
#1976=ORIENTED_EDGE('',*,*,#1395,.T.);
#1977=ORIENTED_EDGE('',*,*,#1398,.T.);
#1978=ORIENTED_EDGE('',*,*,#1401,.T.);
#1979=ORIENTED_EDGE('',*,*,#1404,.T.);
#1980=ORIENTED_EDGE('',*,*,#1407,.T.);
#1981=ORIENTED_EDGE('',*,*,#1410,.T.);
#1982=ORIENTED_EDGE('',*,*,#1362,.T.);
#1983=ORIENTED_EDGE('',*,*,#1419,.T.);
#1984=ORIENTED_EDGE('',*,*,#1420,.F.);
#1985=ORIENTED_EDGE('',*,*,#1421,.F.);
#1986=ORIENTED_EDGE('',*,*,#1422,.F.);
#1987=ORIENTED_EDGE('',*,*,#1419,.F.);
#1988=ORIENTED_EDGE('',*,*,#1365,.T.);
#1989=ORIENTED_EDGE('',*,*,#1423,.T.);
#1990=ORIENTED_EDGE('',*,*,#1424,.F.);
#1991=ORIENTED_EDGE('',*,*,#1425,.F.);
#1992=ORIENTED_EDGE('',*,*,#1423,.F.);
#1993=ORIENTED_EDGE('',*,*,#1356,.T.);
#1994=ORIENTED_EDGE('',*,*,#1426,.T.);
#1995=ORIENTED_EDGE('',*,*,#1427,.F.);
#1996=ORIENTED_EDGE('',*,*,#1428,.F.);
#1997=ORIENTED_EDGE('',*,*,#1429,.F.);
#1998=ORIENTED_EDGE('',*,*,#1426,.F.);
#1999=ORIENTED_EDGE('',*,*,#1359,.T.);
#2000=ORIENTED_EDGE('',*,*,#1430,.T.);
#2001=ORIENTED_EDGE('',*,*,#1431,.F.);
#2002=ORIENTED_EDGE('',*,*,#1432,.F.);
#2003=ORIENTED_EDGE('',*,*,#1430,.F.);
#2004=ORIENTED_EDGE('',*,*,#1420,.T.);
#2005=ORIENTED_EDGE('',*,*,#1422,.T.);
#2006=ORIENTED_EDGE('',*,*,#1433,.T.);
#2007=ORIENTED_EDGE('',*,*,#1434,.T.);
#2008=ORIENTED_EDGE('',*,*,#1435,.T.);
#2009=ORIENTED_EDGE('',*,*,#1428,.T.);
#2010=ORIENTED_EDGE('',*,*,#1436,.T.);
#2011=ORIENTED_EDGE('',*,*,#1180,.T.);
#2012=ORIENTED_EDGE('',*,*,#1168,.T.);
#2013=ORIENTED_EDGE('',*,*,#1178,.T.);
#2014=ORIENTED_EDGE('',*,*,#1437,.T.);
#2015=ORIENTED_EDGE('',*,*,#1434,.F.);
#2016=ORIENTED_EDGE('',*,*,#1438,.F.);
#2017=ORIENTED_EDGE('',*,*,#1439,.F.);
#2018=ORIENTED_EDGE('',*,*,#1440,.F.);
#2019=ORIENTED_EDGE('',*,*,#1366,.T.);
#2020=ORIENTED_EDGE('',*,*,#1369,.T.);
#2021=ORIENTED_EDGE('',*,*,#1372,.T.);
#2022=ORIENTED_EDGE('',*,*,#1375,.T.);
#2023=ORIENTED_EDGE('',*,*,#1378,.T.);
#2024=ORIENTED_EDGE('',*,*,#1381,.T.);
#2025=ORIENTED_EDGE('',*,*,#1384,.T.);
#2026=ORIENTED_EDGE('',*,*,#1387,.T.);
#2027=ORIENTED_EDGE('',*,*,#1390,.T.);
#2028=ORIENTED_EDGE('',*,*,#1393,.T.);
#2029=ORIENTED_EDGE('',*,*,#1396,.T.);
#2030=ORIENTED_EDGE('',*,*,#1399,.T.);
#2031=ORIENTED_EDGE('',*,*,#1402,.T.);
#2032=ORIENTED_EDGE('',*,*,#1405,.T.);
#2033=ORIENTED_EDGE('',*,*,#1408,.T.);
#2034=ORIENTED_EDGE('',*,*,#1421,.T.);
#2035=ORIENTED_EDGE('',*,*,#1437,.F.);
#2036=ORIENTED_EDGE('',*,*,#1342,.T.);
#2037=ORIENTED_EDGE('',*,*,#1441,.F.);
#2038=ORIENTED_EDGE('',*,*,#1438,.T.);
#2039=ORIENTED_EDGE('',*,*,#1433,.F.);
#2040=ORIENTED_EDGE('',*,*,#1441,.T.);
#2041=ORIENTED_EDGE('',*,*,#1344,.T.);
#2042=ORIENTED_EDGE('',*,*,#1442,.F.);
#2043=ORIENTED_EDGE('',*,*,#1439,.T.);
#2044=ORIENTED_EDGE('',*,*,#1424,.T.);
#2045=ORIENTED_EDGE('',*,*,#1425,.T.);
#2046=ORIENTED_EDGE('',*,*,#1431,.T.);
#2047=ORIENTED_EDGE('',*,*,#1432,.T.);
#2048=ORIENTED_EDGE('',*,*,#1427,.T.);
#2049=ORIENTED_EDGE('',*,*,#1429,.T.);
#2050=ORIENTED_EDGE('',*,*,#1435,.F.);
#2051=ORIENTED_EDGE('',*,*,#1440,.T.);
#2052=ORIENTED_EDGE('',*,*,#1442,.T.);
#2053=ORIENTED_EDGE('',*,*,#1345,.T.);
#2054=ORIENTED_EDGE('',*,*,#1436,.F.);
#2055=PLANE('',#2248);
#2056=PLANE('',#2270);
#2057=PLANE('',#2274);
#2058=PLANE('',#2278);
#2059=PLANE('',#2279);
#2060=PLANE('',#2281);
#2061=PLANE('',#2284);
#2062=PLANE('',#2286);
#2063=PLANE('',#2288);
#2064=PLANE('',#2290);
#2065=PLANE('',#2292);
#2066=PLANE('',#2296);
#2067=PLANE('',#2300);
#2068=PLANE('',#2302);
#2069=PLANE('',#2304);
#2070=PLANE('',#2306);
#2071=PLANE('',#2308);
#2072=PLANE('',#2310);
#2073=PLANE('',#2311);
#2074=PLANE('',#2319);
#2075=PLANE('',#2322);
#2076=PLANE('',#2340);
#2077=PLANE('',#2343);
#2078=PLANE('',#2346);
#2079=PLANE('',#2347);
#2080=PLANE('',#2356);
#2081=PLANE('',#2375);
#2082=PLANE('',#2376);
#2083=PLANE('',#2379);
#2084=PLANE('',#2390);
#2085=PLANE('',#2393);
#2086=PLANE('',#2396);
#2087=PLANE('',#2400);
#2088=PLANE('',#2427);
#2089=PLANE('',#2428);
#2090=PLANE('',#2429);
#2091=PLANE('',#2432);
#2092=PLANE('',#2433);
#2093=PLANE('',#2435);
#2094=PLANE('',#2437);
#2095=PLANE('',#2439);
#2096=PLANE('',#2441);
#2097=PLANE('',#2445);
#2098=PLANE('',#2449);
#2099=PLANE('',#2453);
#2100=PLANE('',#2457);
#2101=PLANE('',#2504);
#2102=PLANE('',#2505);
#2103=PLANE('',#2508);
#2104=PLANE('',#2509);
#2105=PLANE('',#2519);
#2106=ADVANCED_FACE('',(#175,#106,#107,#108,#109),#2055,.T.);
#2107=ADVANCED_FACE('',(#176),#34,.T.);
#2108=ADVANCED_FACE('',(#177),#35,.F.);
#2109=ADVANCED_FACE('',(#178),#36,.F.);
#2110=ADVANCED_FACE('',(#179),#37,.F.);
#2111=ADVANCED_FACE('',(#180),#38,.F.);
#2112=ADVANCED_FACE('',(#181),#39,.F.);
#2113=ADVANCED_FACE('',(#182),#40,.F.);
#2114=ADVANCED_FACE('',(#183),#2056,.T.);
#2115=ADVANCED_FACE('',(#184),#41,.F.);
#2116=ADVANCED_FACE('',(#185),#2057,.T.);
#2117=ADVANCED_FACE('',(#186),#42,.F.);
#2118=ADVANCED_FACE('',(#187,#110,#111,#112,#113),#2058,.T.);
#2119=ADVANCED_FACE('',(#188),#2059,.T.);
#2120=ADVANCED_FACE('',(#189,#114,#115),#2060,.F.);
#2121=ADVANCED_FACE('',(#190,#116),#2061,.F.);
#2122=ADVANCED_FACE('',(#191,#117),#2062,.F.);
#2123=ADVANCED_FACE('',(#192),#2063,.F.);
#2124=ADVANCED_FACE('',(#193),#2064,.F.);
#2125=ADVANCED_FACE('',(#194),#2065,.F.);
#2126=ADVANCED_FACE('',(#195),#43,.F.);
#2127=ADVANCED_FACE('',(#196,#118),#2066,.T.);
#2128=ADVANCED_FACE('',(#197),#44,.F.);
#2129=ADVANCED_FACE('',(#198,#119),#2067,.T.);
#2130=ADVANCED_FACE('',(#199),#2068,.T.);
#2131=ADVANCED_FACE('',(#200),#2069,.T.);
#2132=ADVANCED_FACE('',(#201),#2070,.T.);
#2133=ADVANCED_FACE('',(#202),#2071,.T.);
#2134=ADVANCED_FACE('',(#203),#2072,.F.);
#2135=ADVANCED_FACE('',(#204),#2073,.T.);
#2136=ADVANCED_FACE('',(#205),#45,.F.);
#2137=ADVANCED_FACE('',(#206),#46,.T.);
#2138=ADVANCED_FACE('',(#207),#2074,.F.);
#2139=ADVANCED_FACE('',(#208),#47,.F.);
#2140=ADVANCED_FACE('',(#209,#120,#121,#122,#123,#124),#2075,.T.);
#2141=ADVANCED_FACE('',(#210),#2076,.F.);
#2142=ADVANCED_FACE('',(#211),#48,.T.);
#2143=ADVANCED_FACE('',(#212),#2077,.F.);
#2144=ADVANCED_FACE('',(#213),#49,.F.);
#2145=ADVANCED_FACE('',(#214),#2078,.F.);
#2146=ADVANCED_FACE('',(#215),#2079,.F.);
#2147=ADVANCED_FACE('',(#216),#50,.F.);
#2148=ADVANCED_FACE('',(#217),#51,.F.);
#2149=ADVANCED_FACE('',(#218),#52,.T.);
#2150=ADVANCED_FACE('',(#219),#53,.F.);
#2151=ADVANCED_FACE('',(#220),#2080,.F.);
#2152=ADVANCED_FACE('',(#221),#54,.T.);
#2153=ADVANCED_FACE('',(#222),#55,.F.);
#2154=ADVANCED_FACE('',(#223),#56,.F.);
#2155=ADVANCED_FACE('',(#224),#57,.F.);
#2156=ADVANCED_FACE('',(#225),#58,.T.);
#2157=ADVANCED_FACE('',(#226),#59,.F.);
#2158=ADVANCED_FACE('',(#227),#60,.T.);
#2159=ADVANCED_FACE('',(#228),#61,.F.);
#2160=ADVANCED_FACE('',(#229),#62,.F.);
#2161=ADVANCED_FACE('',(#230),#2081,.F.);
#2162=ADVANCED_FACE('',(#231),#2082,.F.);
#2163=ADVANCED_FACE('',(#232),#63,.F.);
#2164=ADVANCED_FACE('',(#233),#2083,.F.);
#2165=ADVANCED_FACE('',(#234),#64,.F.);
#2166=ADVANCED_FACE('',(#235),#65,.F.);
#2167=ADVANCED_FACE('',(#236),#66,.F.);
#2168=ADVANCED_FACE('',(#237),#67,.F.);
#2169=ADVANCED_FACE('',(#238),#68,.F.);
#2170=ADVANCED_FACE('',(#239),#2084,.F.);
#2171=ADVANCED_FACE('',(#240),#69,.F.);
#2172=ADVANCED_FACE('',(#241),#2085,.F.);
#2173=ADVANCED_FACE('',(#242),#70,.F.);
#2174=ADVANCED_FACE('',(#243,#125),#2086,.T.);
#2175=ADVANCED_FACE('',(#244),#71,.F.);
#2176=ADVANCED_FACE('',(#245),#2087,.T.);
#2177=ADVANCED_FACE('',(#246),#29,.T.);
#2178=ADVANCED_FACE('',(#247),#30,.T.);
#2179=ADVANCED_FACE('',(#248),#72,.T.);
#2180=ADVANCED_FACE('',(#249),#31,.T.);
#2181=ADVANCED_FACE('',(#250),#73,.T.);
#2182=ADVANCED_FACE('',(#251),#74,.F.);
#2183=ADVANCED_FACE('',(#252),#75,.T.);
#2184=ADVANCED_FACE('',(#253),#32,.T.);
#2185=ADVANCED_FACE('',(#254),#76,.T.);
#2186=ADVANCED_FACE('',(#255),#77,.T.);
#2187=ADVANCED_FACE('',(#256),#2088,.T.);
#2188=ADVANCED_FACE('',(#257,#126,#127),#2089,.T.);
#2189=ADVANCED_FACE('',(#258,#128,#129,#130,#131,#132,#133),#2090,.T.);
#2190=ADVANCED_FACE('',(#259),#78,.T.);
#2191=ADVANCED_FACE('',(#260),#2091,.T.);
#2192=ADVANCED_FACE('',(#261,#134),#2092,.T.);
#2193=ADVANCED_FACE('',(#262,#135),#2093,.T.);
#2194=ADVANCED_FACE('',(#263,#136),#2094,.T.);
#2195=ADVANCED_FACE('',(#264,#137),#2095,.T.);
#2196=ADVANCED_FACE('',(#265,#138),#2096,.T.);
#2197=ADVANCED_FACE('',(#266),#79,.F.);
#2198=ADVANCED_FACE('',(#267,#139),#2097,.F.);
#2199=ADVANCED_FACE('',(#268),#80,.F.);
#2200=ADVANCED_FACE('',(#269,#140),#2098,.F.);
#2201=ADVANCED_FACE('',(#270),#81,.F.);
#2202=ADVANCED_FACE('',(#271,#141),#2099,.F.);
#2203=ADVANCED_FACE('',(#272),#82,.F.);
#2204=ADVANCED_FACE('',(#273,#142),#2100,.F.);
#2205=ADVANCED_FACE('',(#274),#83,.F.);
#2206=ADVANCED_FACE('',(#275),#84,.F.);
#2207=ADVANCED_FACE('',(#276),#85,.F.);
#2208=ADVANCED_FACE('',(#277),#86,.F.);
#2209=ADVANCED_FACE('',(#278),#87,.F.);
#2210=ADVANCED_FACE('',(#279),#88,.F.);
#2211=ADVANCED_FACE('',(#280),#89,.F.);
#2212=ADVANCED_FACE('',(#281),#90,.F.);
#2213=ADVANCED_FACE('',(#282),#91,.F.);
#2214=ADVANCED_FACE('',(#283),#92,.F.);
#2215=ADVANCED_FACE('',(#284),#93,.F.);
#2216=ADVANCED_FACE('',(#285),#94,.F.);
#2217=ADVANCED_FACE('',(#286),#95,.F.);
#2218=ADVANCED_FACE('',(#287),#96,.F.);
#2219=ADVANCED_FACE('',(#288),#97,.F.);
#2220=ADVANCED_FACE('',(#289),#2101,.F.);
#2221=ADVANCED_FACE('',(#290),#2102,.F.);
#2222=ADVANCED_FACE('',(#291),#98,.F.);
#2223=ADVANCED_FACE('',(#292),#2103,.F.);
#2224=ADVANCED_FACE('',(#293,#143,#144,#145,#146,#147,#148,#149,#150,#151,
#152,#153,#154,#155,#156,#157),#2104,.T.);
#2225=ADVANCED_FACE('',(#294),#99,.F.);
#2226=ADVANCED_FACE('',(#295),#100,.F.);
#2227=ADVANCED_FACE('',(#296),#101,.F.);
#2228=ADVANCED_FACE('',(#297),#102,.F.);
#2229=ADVANCED_FACE('',(#298),#103,.T.);
#2230=ADVANCED_FACE('',(#299,#158,#159,#160,#161,#162,#163,#164,#165,#166,
#167,#168,#169,#170,#171,#172),#2105,.T.);
#2231=ADVANCED_FACE('',(#300),#104,.T.);
#2232=ADVANCED_FACE('',(#301,#173,#174),#33,.T.);
#2233=ADVANCED_FACE('',(#302),#105,.T.);
#2234=CLOSED_SHELL('',(#2106,#2107,#2108,#2109,#2110,#2111,#2112,#2113,
#2114,#2115,#2116,#2117,#2118,#2119,#2120,#2121,#2122,#2123,#2124,#2125,
#2126,#2127,#2128,#2129,#2130,#2131,#2132,#2133,#2134,#2135,#2136,#2137,
#2138,#2139,#2140,#2141,#2142,#2143,#2144,#2145,#2146,#2147,#2148,#2149,
#2150,#2151,#2152,#2153,#2154,#2155,#2156,#2157,#2158,#2159,#2160,#2161,
#2162,#2163,#2164,#2165,#2166,#2167,#2168,#2169,#2170,#2171,#2172,#2173,
#2174,#2175,#2176,#2177,#2178,#2179,#2180,#2181,#2182,#2183,#2184,#2185,
#2186,#2187,#2188,#2189,#2190,#2191,#2192,#2193,#2194,#2195,#2196,#2197,
#2198,#2199,#2200,#2201,#2202,#2203,#2204,#2205,#2206,#2207,#2208,#2209,
#2210,#2211,#2212,#2213,#2214,#2215,#2216,#2217,#2218,#2219,#2220,#2221,
#2222,#2223,#2224,#2225,#2226,#2227,#2228,#2229,#2230,#2231,#2232,#2233));
#2235=DERIVED_UNIT_ELEMENT(#2237,1.);
#2236=DERIVED_UNIT_ELEMENT(#4074,-3.);
#2237=(
MASS_UNIT()
NAMED_UNIT(*)
SI_UNIT(.KILO.,.GRAM.)
);
#2238=DERIVED_UNIT((#2235,#2236));
#2239=MEASURE_REPRESENTATION_ITEM('density measure',
POSITIVE_RATIO_MEASURE(7850.),#2238);
#2240=PROPERTY_DEFINITION_REPRESENTATION(#2245,#2242);
#2241=PROPERTY_DEFINITION_REPRESENTATION(#2246,#2243);
#2242=REPRESENTATION('material name',(#2244),#4071);
#2243=REPRESENTATION('density',(#2239),#4071);
#2244=DESCRIPTIVE_REPRESENTATION_ITEM('Steel','Steel');
#2245=PROPERTY_DEFINITION('material property','material name',#4081);
#2246=PROPERTY_DEFINITION('material property','density of part',#4081);
#2247=AXIS2_PLACEMENT_3D('',#3230,#2526,#2527);
#2248=AXIS2_PLACEMENT_3D('',#3231,#2528,#2529);
#2249=AXIS2_PLACEMENT_3D('',#3236,#2531,#2532);
#2250=AXIS2_PLACEMENT_3D('',#3239,#2534,#2535);
#2251=AXIS2_PLACEMENT_3D('',#3241,#2536,#2537);
#2252=AXIS2_PLACEMENT_3D('',#3243,#2538,#2539);
#2253=AXIS2_PLACEMENT_3D('',#3245,#2540,#2541);
#2254=AXIS2_PLACEMENT_3D('',#3247,#2542,#2543);
#2255=AXIS2_PLACEMENT_3D('',#3248,#2544,#2545);
#2256=AXIS2_PLACEMENT_3D('',#3252,#2547,#2548);
#2257=AXIS2_PLACEMENT_3D('',#3254,#2550,#2551);
#2258=AXIS2_PLACEMENT_3D('',#3256,#2552,#2553);
#2259=AXIS2_PLACEMENT_3D('',#3258,#2555,#2556);
#2260=AXIS2_PLACEMENT_3D('',#3260,#2557,#2558);
#2261=AXIS2_PLACEMENT_3D('',#3262,#2560,#2561);
#2262=AXIS2_PLACEMENT_3D('',#3264,#2562,#2563);
#2263=AXIS2_PLACEMENT_3D('',#3266,#2565,#2566);
#2264=AXIS2_PLACEMENT_3D('',#3268,#2567,#2568);
#2265=AXIS2_PLACEMENT_3D('',#3270,#2570,#2571);
#2266=AXIS2_PLACEMENT_3D('',#3275,#2574,#2575);
#2267=AXIS2_PLACEMENT_3D('',#3276,#2576,#2577);
#2268=AXIS2_PLACEMENT_3D('',#3278,#2578,#2579);
#2269=AXIS2_PLACEMENT_3D('',#3281,#2581,#2582);
#2270=AXIS2_PLACEMENT_3D('',#3282,#2583,#2584);
#2271=AXIS2_PLACEMENT_3D('',#3283,#2585,#2586);
#2272=AXIS2_PLACEMENT_3D('',#3285,#2587,#2588);
#2273=AXIS2_PLACEMENT_3D('',#3288,#2590,#2591);
#2274=AXIS2_PLACEMENT_3D('',#3289,#2592,#2593);
#2275=AXIS2_PLACEMENT_3D('',#3290,#2594,#2595);
#2276=AXIS2_PLACEMENT_3D('',#3292,#2596,#2597);
#2277=AXIS2_PLACEMENT_3D('',#3295,#2599,#2600);
#2278=AXIS2_PLACEMENT_3D('',#3296,#2601,#2602);
#2279=AXIS2_PLACEMENT_3D('',#3297,#2603,#2604);
#2280=AXIS2_PLACEMENT_3D('',#3301,#2606,#2607);
#2281=AXIS2_PLACEMENT_3D('',#3302,#2608,#2609);
#2282=AXIS2_PLACEMENT_3D('',#3304,#2610,#2611);
#2283=AXIS2_PLACEMENT_3D('',#3308,#2613,#2614);
#2284=AXIS2_PLACEMENT_3D('',#3310,#2616,#2617);
#2285=AXIS2_PLACEMENT_3D('',#3312,#2618,#2619);
#2286=AXIS2_PLACEMENT_3D('',#3313,#2620,#2621);
#2287=AXIS2_PLACEMENT_3D('',#3315,#2622,#2623);
#2288=AXIS2_PLACEMENT_3D('',#3316,#2624,#2625);
#2289=AXIS2_PLACEMENT_3D('',#3318,#2626,#2627);
#2290=AXIS2_PLACEMENT_3D('',#3322,#2630,#2631);
#2291=AXIS2_PLACEMENT_3D('',#3324,#2632,#2633);
#2292=AXIS2_PLACEMENT_3D('',#3328,#2636,#2637);
#2293=AXIS2_PLACEMENT_3D('',#3332,#2639,#2640);
#2294=AXIS2_PLACEMENT_3D('',#3334,#2642,#2643);
#2295=AXIS2_PLACEMENT_3D('',#3337,#2645,#2646);
#2296=AXIS2_PLACEMENT_3D('',#3338,#2647,#2648);
#2297=AXIS2_PLACEMENT_3D('',#3340,#2649,#2650);
#2298=AXIS2_PLACEMENT_3D('',#3341,#2651,#2652);
#2299=AXIS2_PLACEMENT_3D('',#3344,#2654,#2655);
#2300=AXIS2_PLACEMENT_3D('',#3345,#2656,#2657);
#2301=AXIS2_PLACEMENT_3D('',#3347,#2658,#2659);
#2302=AXIS2_PLACEMENT_3D('',#3348,#2660,#2661);
#2303=AXIS2_PLACEMENT_3D('',#3350,#2662,#2663);
#2304=AXIS2_PLACEMENT_3D('',#3351,#2664,#2665);
#2305=AXIS2_PLACEMENT_3D('',#3353,#2666,#2667);
#2306=AXIS2_PLACEMENT_3D('',#3354,#2668,#2669);
#2307=AXIS2_PLACEMENT_3D('',#3356,#2670,#2671);
#2308=AXIS2_PLACEMENT_3D('',#3357,#2672,#2673);
#2309=AXIS2_PLACEMENT_3D('',#3359,#2674,#2675);
#2310=AXIS2_PLACEMENT_3D('',#3360,#2676,#2677);
#2311=AXIS2_PLACEMENT_3D('',#3370,#2683,#2684);
#2312=AXIS2_PLACEMENT_3D('',#3374,#2686,#2687);
#2313=AXIS2_PLACEMENT_3D('',#3376,#2688,#2689);
#2314=AXIS2_PLACEMENT_3D('',#3379,#2691,#2692);
#2315=AXIS2_PLACEMENT_3D('',#3380,#2693,#2694);
#2316=AXIS2_PLACEMENT_3D('',#3384,#2696,#2697);
#2317=AXIS2_PLACEMENT_3D('',#3387,#2700,#2701);
#2318=AXIS2_PLACEMENT_3D('',#3389,#2702,#2703);
#2319=AXIS2_PLACEMENT_3D('',#3391,#2705,#2706);
#2320=AXIS2_PLACEMENT_3D('',#3395,#2709,#2710);
#2321=AXIS2_PLACEMENT_3D('',#3396,#2711,#2712);
#2322=AXIS2_PLACEMENT_3D('',#3397,#2713,#2714);
#2323=AXIS2_PLACEMENT_3D('',#3401,#2716,#2717);
#2324=AXIS2_PLACEMENT_3D('',#3405,#2719,#2720);
#2325=AXIS2_PLACEMENT_3D('',#3407,#2721,#2722);
#2326=AXIS2_PLACEMENT_3D('',#3409,#2723,#2724);
#2327=AXIS2_PLACEMENT_3D('',#3411,#2725,#2726);
#2328=AXIS2_PLACEMENT_3D('',#3413,#2727,#2728);
#2329=AXIS2_PLACEMENT_3D('',#3417,#2730,#2731);
#2330=AXIS2_PLACEMENT_3D('',#3420,#2733,#2734);
#2331=AXIS2_PLACEMENT_3D('',#3422,#2735,#2736);
#2332=AXIS2_PLACEMENT_3D('',#3424,#2737,#2738);
#2333=AXIS2_PLACEMENT_3D('',#3426,#2739,#2740);
#2334=AXIS2_PLACEMENT_3D('',#3429,#2741,#2742);
#2335=AXIS2_PLACEMENT_3D('',#3433,#2744,#2745);
#2336=AXIS2_PLACEMENT_3D('',#3437,#2747,#2748);
#2337=AXIS2_PLACEMENT_3D('',#3441,#2750,#2751);
#2338=AXIS2_PLACEMENT_3D('',#3445,#2753,#2754);
#2339=AXIS2_PLACEMENT_3D('',#3449,#2756,#2757);
#2340=AXIS2_PLACEMENT_3D('',#3451,#2759,#2760);
#2341=AXIS2_PLACEMENT_3D('',#3460,#2765,#2766);
#2342=AXIS2_PLACEMENT_3D('',#3462,#2767,#2768);
#2343=AXIS2_PLACEMENT_3D('',#3465,#2771,#2772);
#2344=AXIS2_PLACEMENT_3D('',#3469,#2775,#2776);
#2345=AXIS2_PLACEMENT_3D('',#3470,#2777,#2778);
#2346=AXIS2_PLACEMENT_3D('',#3472,#2780,#2781);
#2347=AXIS2_PLACEMENT_3D('',#3476,#2784,#2785);
#2348=AXIS2_PLACEMENT_3D('',#3480,#2788,#2789);
#2349=AXIS2_PLACEMENT_3D('',#3483,#2791,#2792);
#2350=AXIS2_PLACEMENT_3D('',#3484,#2793,#2794);
#2351=AXIS2_PLACEMENT_3D('',#3487,#2796,#2797);
#2352=AXIS2_PLACEMENT_3D('',#3488,#2798,#2799);
#2353=AXIS2_PLACEMENT_3D('',#3493,#2802,#2803);
#2354=AXIS2_PLACEMENT_3D('',#3494,#2804,#2805);
#2355=AXIS2_PLACEMENT_3D('',#3497,#2807,#2808);
#2356=AXIS2_PLACEMENT_3D('',#3498,#2809,#2810);
#2357=AXIS2_PLACEMENT_3D('',#3502,#2813,#2814);
#2358=AXIS2_PLACEMENT_3D('',#3506,#2816,#2817);
#2359=AXIS2_PLACEMENT_3D('',#3508,#2819,#2820);
#2360=AXIS2_PLACEMENT_3D('',#3511,#2822,#2823);
#2361=AXIS2_PLACEMENT_3D('',#3512,#2824,#2825);
#2362=AXIS2_PLACEMENT_3D('',#3514,#2826,#2827);
#2363=AXIS2_PLACEMENT_3D('',#3516,#2829,#2830);
#2364=AXIS2_PLACEMENT_3D('',#3519,#2832,#2833);
#2365=AXIS2_PLACEMENT_3D('',#3520,#2834,#2835);
#2366=AXIS2_PLACEMENT_3D('',#3523,#2837,#2838);
#2367=AXIS2_PLACEMENT_3D('',#3524,#2839,#2840);
#2368=AXIS2_PLACEMENT_3D('',#3527,#2842,#2843);
#2369=AXIS2_PLACEMENT_3D('',#3528,#2844,#2845);
#2370=AXIS2_PLACEMENT_3D('',#3533,#2848,#2849);
#2371=AXIS2_PLACEMENT_3D('',#3534,#2850,#2851);
#2372=AXIS2_PLACEMENT_3D('',#3537,#2853,#2854);
#2373=AXIS2_PLACEMENT_3D('',#3538,#2855,#2856);
#2374=AXIS2_PLACEMENT_3D('',#3539,#2857,#2858);
#2375=AXIS2_PLACEMENT_3D('',#3540,#2859,#2860);
#2376=AXIS2_PLACEMENT_3D('',#3542,#2862,#2863);
#2377=AXIS2_PLACEMENT_3D('',#3544,#2865,#2866);
#2378=AXIS2_PLACEMENT_3D('',#3547,#2868,#2869);
#2379=AXIS2_PLACEMENT_3D('',#3548,#2870,#2871);
#2380=AXIS2_PLACEMENT_3D('',#3552,#2874,#2875);
#2381=AXIS2_PLACEMENT_3D('',#3555,#2877,#2878);
#2382=AXIS2_PLACEMENT_3D('',#3556,#2879,#2880);
#2383=AXIS2_PLACEMENT_3D('',#3559,#2882,#2883);
#2384=AXIS2_PLACEMENT_3D('',#3560,#2884,#2885);
#2385=AXIS2_PLACEMENT_3D('',#3563,#2887,#2888);
#2386=AXIS2_PLACEMENT_3D('',#3564,#2889,#2890);
#2387=AXIS2_PLACEMENT_3D('',#3567,#2892,#2893);
#2388=AXIS2_PLACEMENT_3D('',#3568,#2894,#2895);
#2389=AXIS2_PLACEMENT_3D('',#3571,#2897,#2898);
#2390=AXIS2_PLACEMENT_3D('',#3572,#2899,#2900);
#2391=AXIS2_PLACEMENT_3D('',#3576,#2903,#2904);
#2392=AXIS2_PLACEMENT_3D('',#3579,#2906,#2907);
#2393=AXIS2_PLACEMENT_3D('',#3580,#2908,#2909);
#2394=AXIS2_PLACEMENT_3D('',#3584,#2912,#2913);
#2395=AXIS2_PLACEMENT_3D('',#3585,#2914,#2915);
#2396=AXIS2_PLACEMENT_3D('',#3586,#2916,#2917);
#2397=AXIS2_PLACEMENT_3D('',#3588,#2918,#2919);
#2398=AXIS2_PLACEMENT_3D('',#3589,#2920,#2921);
#2399=AXIS2_PLACEMENT_3D('',#3592,#2923,#2924);
#2400=AXIS2_PLACEMENT_3D('',#3593,#2925,#2926);
#2401=AXIS2_PLACEMENT_3D('',#3594,#2927,#2928);
#2402=AXIS2_PLACEMENT_3D('',#3597,#2929,#2930);
#2403=AXIS2_PLACEMENT_3D('',#3599,#2931,#2932);
#2404=AXIS2_PLACEMENT_3D('',#3601,#2933,#2934);
#2405=AXIS2_PLACEMENT_3D('',#3602,#2935,#2936);
#2406=AXIS2_PLACEMENT_3D('',#3603,#2937,#2938);
#2407=AXIS2_PLACEMENT_3D('',#3606,#2939,#2940);
#2408=AXIS2_PLACEMENT_3D('',#3608,#2941,#2942);
#2409=AXIS2_PLACEMENT_3D('',#3610,#2943,#2944);
#2410=AXIS2_PLACEMENT_3D('',#3611,#2945,#2946);
#2411=AXIS2_PLACEMENT_3D('',#3612,#2947,#2948);
#2412=AXIS2_PLACEMENT_3D('',#3615,#2949,#2950);
#2413=AXIS2_PLACEMENT_3D('',#3618,#2953,#2954);
#2414=AXIS2_PLACEMENT_3D('',#3621,#2955,#2956);
#2415=AXIS2_PLACEMENT_3D('',#3622,#2957,#2958);
#2416=AXIS2_PLACEMENT_3D('',#3623,#2959,#2960);
#2417=AXIS2_PLACEMENT_3D('',#3624,#2961,#2962);
#2418=AXIS2_PLACEMENT_3D('',#3627,#2965,#2966);
#2419=AXIS2_PLACEMENT_3D('',#3630,#2969,#2970);
#2420=AXIS2_PLACEMENT_3D('',#3633,#2971,#2972);
#2421=AXIS2_PLACEMENT_3D('',#3636,#2975,#2976);
#2422=AXIS2_PLACEMENT_3D('',#3639,#2977,#2978);
#2423=AXIS2_PLACEMENT_3D('',#3640,#2979,#2980);
#2424=AXIS2_PLACEMENT_3D('',#3641,#2981,#2982);
#2425=AXIS2_PLACEMENT_3D('',#3642,#2983,#2984);
#2426=AXIS2_PLACEMENT_3D('',#3645,#2987,#2988);
#2427=AXIS2_PLACEMENT_3D('',#3649,#2992,#2993);
#2428=AXIS2_PLACEMENT_3D('',#3653,#2996,#2997);
#2429=AXIS2_PLACEMENT_3D('',#3654,#2998,#2999);
#2430=AXIS2_PLACEMENT_3D('',#3655,#3000,#3001);
#2431=AXIS2_PLACEMENT_3D('',#3658,#3003,#3004);
#2432=AXIS2_PLACEMENT_3D('',#3659,#3005,#3006);
#2433=AXIS2_PLACEMENT_3D('',#3661,#3008,#3009);
#2434=AXIS2_PLACEMENT_3D('',#3668,#3012,#3013);
#2435=AXIS2_PLACEMENT_3D('',#3670,#3015,#3016);
#2436=AXIS2_PLACEMENT_3D('',#3672,#3017,#3018);
#2437=AXIS2_PLACEMENT_3D('',#3673,#3019,#3020);
#2438=AXIS2_PLACEMENT_3D('',#3675,#3021,#3022);
#2439=AXIS2_PLACEMENT_3D('',#3676,#3023,#3024);
#2440=AXIS2_PLACEMENT_3D('',#3678,#3025,#3026);
#2441=AXIS2_PLACEMENT_3D('',#3679,#3027,#3028);
#2442=AXIS2_PLACEMENT_3D('',#3681,#3029,#3030);
#2443=AXIS2_PLACEMENT_3D('',#3682,#3031,#3032);
#2444=AXIS2_PLACEMENT_3D('',#3685,#3034,#3035);
#2445=AXIS2_PLACEMENT_3D('',#3686,#3036,#3037);
#2446=AXIS2_PLACEMENT_3D('',#3688,#3038,#3039);
#2447=AXIS2_PLACEMENT_3D('',#3689,#3040,#3041);
#2448=AXIS2_PLACEMENT_3D('',#3692,#3043,#3044);
#2449=AXIS2_PLACEMENT_3D('',#3693,#3045,#3046);
#2450=AXIS2_PLACEMENT_3D('',#3695,#3047,#3048);
#2451=AXIS2_PLACEMENT_3D('',#3696,#3049,#3050);
#2452=AXIS2_PLACEMENT_3D('',#3699,#3052,#3053);
#2453=AXIS2_PLACEMENT_3D('',#3700,#3054,#3055);
#2454=AXIS2_PLACEMENT_3D('',#3702,#3056,#3057);
#2455=AXIS2_PLACEMENT_3D('',#3703,#3058,#3059);
#2456=AXIS2_PLACEMENT_3D('',#3706,#3061,#3062);
#2457=AXIS2_PLACEMENT_3D('',#3707,#3063,#3064);
#2458=AXIS2_PLACEMENT_3D('',#3709,#3065,#3066);
#2459=AXIS2_PLACEMENT_3D('',#3710,#3067,#3068);
#2460=AXIS2_PLACEMENT_3D('',#3712,#3069,#3070);
#2461=AXIS2_PLACEMENT_3D('',#3715,#3072,#3073);
#2462=AXIS2_PLACEMENT_3D('',#3716,#3074,#3075);
#2463=AXIS2_PLACEMENT_3D('',#3718,#3076,#3077);
#2464=AXIS2_PLACEMENT_3D('',#3721,#3079,#3080);
#2465=AXIS2_PLACEMENT_3D('',#3722,#3081,#3082);
#2466=AXIS2_PLACEMENT_3D('',#3724,#3083,#3084);
#2467=AXIS2_PLACEMENT_3D('',#3727,#3086,#3087);
#2468=AXIS2_PLACEMENT_3D('',#3728,#3088,#3089);
#2469=AXIS2_PLACEMENT_3D('',#3730,#3090,#3091);
#2470=AXIS2_PLACEMENT_3D('',#3733,#3093,#3094);
#2471=AXIS2_PLACEMENT_3D('',#3734,#3095,#3096);
#2472=AXIS2_PLACEMENT_3D('',#3736,#3097,#3098);
#2473=AXIS2_PLACEMENT_3D('',#3739,#3100,#3101);
#2474=AXIS2_PLACEMENT_3D('',#3740,#3102,#3103);
#2475=AXIS2_PLACEMENT_3D('',#3742,#3104,#3105);
#2476=AXIS2_PLACEMENT_3D('',#3745,#3107,#3108);
#2477=AXIS2_PLACEMENT_3D('',#3746,#3109,#3110);
#2478=AXIS2_PLACEMENT_3D('',#3748,#3111,#3112);
#2479=AXIS2_PLACEMENT_3D('',#3751,#3114,#3115);
#2480=AXIS2_PLACEMENT_3D('',#3752,#3116,#3117);
#2481=AXIS2_PLACEMENT_3D('',#3754,#3118,#3119);
#2482=AXIS2_PLACEMENT_3D('',#3757,#3121,#3122);
#2483=AXIS2_PLACEMENT_3D('',#3758,#3123,#3124);
#2484=AXIS2_PLACEMENT_3D('',#3760,#3125,#3126);
#2485=AXIS2_PLACEMENT_3D('',#3763,#3128,#3129);
#2486=AXIS2_PLACEMENT_3D('',#3764,#3130,#3131);
#2487=AXIS2_PLACEMENT_3D('',#3766,#3132,#3133);
#2488=AXIS2_PLACEMENT_3D('',#3769,#3135,#3136);
#2489=AXIS2_PLACEMENT_3D('',#3770,#3137,#3138);
#2490=AXIS2_PLACEMENT_3D('',#3772,#3139,#3140);
#2491=AXIS2_PLACEMENT_3D('',#3775,#3142,#3143);
#2492=AXIS2_PLACEMENT_3D('',#3776,#3144,#3145);
#2493=AXIS2_PLACEMENT_3D('',#3778,#3146,#3147);
#2494=AXIS2_PLACEMENT_3D('',#3781,#3149,#3150);
#2495=AXIS2_PLACEMENT_3D('',#3782,#3151,#3152);
#2496=AXIS2_PLACEMENT_3D('',#3784,#3153,#3154);
#2497=AXIS2_PLACEMENT_3D('',#3787,#3156,#3157);
#2498=AXIS2_PLACEMENT_3D('',#3788,#3158,#3159);
#2499=AXIS2_PLACEMENT_3D('',#3790,#3160,#3161);
#2500=AXIS2_PLACEMENT_3D('',#3793,#3163,#3164);
#2501=AXIS2_PLACEMENT_3D('',#3794,#3165,#3166);
#2502=AXIS2_PLACEMENT_3D('',#3796,#3167,#3168);
#2503=AXIS2_PLACEMENT_3D('',#3799,#3170,#3171);
#2504=AXIS2_PLACEMENT_3D('',#3800,#3172,#3173);
#2505=AXIS2_PLACEMENT_3D('',#3806,#3177,#3178);
#2506=AXIS2_PLACEMENT_3D('',#3810,#3181,#3182);
#2507=AXIS2_PLACEMENT_3D('',#3813,#3184,#3185);
#2508=AXIS2_PLACEMENT_3D('',#3814,#3186,#3187);
#2509=AXIS2_PLACEMENT_3D('',#3816,#3189,#3190);
#2510=AXIS2_PLACEMENT_3D('',#3817,#3191,#3192);
#2511=AXIS2_PLACEMENT_3D('',#3874,#3194,#3195);
#2512=AXIS2_PLACEMENT_3D('',#3934,#3197,#3198);
#2513=AXIS2_PLACEMENT_3D('',#3990,#3200,#3201);
#2514=AXIS2_PLACEMENT_3D('',#4050,#3203,#3204);
#2515=AXIS2_PLACEMENT_3D('',#4052,#3205,#3206);
#2516=AXIS2_PLACEMENT_3D('',#4055,#3208,#3209);
#2517=AXIS2_PLACEMENT_3D('',#4056,#3210,#3211);
#2518=AXIS2_PLACEMENT_3D('',#4057,#3212,#3213);
#2519=AXIS2_PLACEMENT_3D('',#4058,#3214,#3215);
#2520=AXIS2_PLACEMENT_3D('',#4062,#3217,#3218);
#2521=AXIS2_PLACEMENT_3D('',#4064,#3220,#3221);
#2522=AXIS2_PLACEMENT_3D('',#4065,#3222,#3223);
#2523=AXIS2_PLACEMENT_3D('',#4066,#3224,#3225);
#2524=AXIS2_PLACEMENT_3D('',#4067,#3226,#3227);
#2525=AXIS2_PLACEMENT_3D('',#4068,#3228,#3229);
#2526=DIRECTION('axis',(0.,0.,1.));
#2527=DIRECTION('refdir',(1.,0.,0.));
#2528=DIRECTION('center_axis',(-9.64077206394492E-16,1.,3.31284709714931E-15));
#2529=DIRECTION('ref_axis',(5.55111512312525E-16,3.31284709714931E-15,-1.));
#2530=DIRECTION('',(0.707106781186547,-1.66083111719952E-15,0.707106781186547));
#2531=DIRECTION('center_axis',(9.64077206394492E-16,-1.,-3.31284709714931E-15));
#2532=DIRECTION('ref_axis',(1.,9.64077206394492E-16,3.19384037463181E-30));
#2533=DIRECTION('',(-0.707106781186547,-3.02424217765737E-15,0.707106781186548));
#2534=DIRECTION('center_axis',(9.64077206394492E-16,-1.,-3.31284709714931E-15));
#2535=DIRECTION('ref_axis',(5.55111512312525E-16,3.31284709714931E-15,-1.));
#2536=DIRECTION('center_axis',(-9.64077206394492E-16,1.,3.31284709714931E-15));
#2537=DIRECTION('ref_axis',(1.,9.64077206394492E-16,3.19384037463181E-30));
#2538=DIRECTION('center_axis',(-9.64077206394492E-16,1.,3.31284709714931E-15));
#2539=DIRECTION('ref_axis',(1.,9.64077206394492E-16,3.19384037463181E-30));
#2540=DIRECTION('center_axis',(-9.64077206394492E-16,1.,3.31284709714931E-15));
#2541=DIRECTION('ref_axis',(1.,9.64077206394492E-16,3.19384037463181E-30));
#2542=DIRECTION('center_axis',(-9.64077206394492E-16,1.,3.31284709714931E-15));
#2543=DIRECTION('ref_axis',(1.,9.64077206394492E-16,3.19384037463181E-30));
#2544=DIRECTION('center_axis',(0.,1.,0.));
#2545=DIRECTION('ref_axis',(1.,0.,0.));
#2546=DIRECTION('',(0.,1.,0.));
#2547=DIRECTION('center_axis',(9.64077206394492E-16,-1.,-3.31284709714931E-15));
#2548=DIRECTION('ref_axis',(1.,9.64077206394492E-16,3.19384037463181E-30));
#2549=DIRECTION('',(0.,1.,0.));
#2550=DIRECTION('center_axis',(0.,1.,0.));
#2551=DIRECTION('ref_axis',(1.,0.,0.));
#2552=DIRECTION('center_axis',(-9.64077206394492E-16,1.,3.31284709714931E-15));
#2553=DIRECTION('ref_axis',(1.,9.64077206394492E-16,3.19384037463181E-30));
#2554=DIRECTION('',(0.,1.,0.));
#2555=DIRECTION('center_axis',(0.,1.,0.));
#2556=DIRECTION('ref_axis',(1.,0.,0.));
#2557=DIRECTION('center_axis',(-9.64077206394492E-16,1.,3.31284709714931E-15));
#2558=DIRECTION('ref_axis',(1.,9.64077206394492E-16,3.19384037463181E-30));
#2559=DIRECTION('',(0.,1.,0.));
#2560=DIRECTION('center_axis',(0.,1.,0.));
#2561=DIRECTION('ref_axis',(1.,0.,0.));
#2562=DIRECTION('center_axis',(-9.64077206394492E-16,1.,3.31284709714931E-15));
#2563=DIRECTION('ref_axis',(1.,9.64077206394492E-16,3.19384037463181E-30));
#2564=DIRECTION('',(0.,1.,0.));
#2565=DIRECTION('center_axis',(0.,1.,0.));
#2566=DIRECTION('ref_axis',(1.,0.,0.));
#2567=DIRECTION('center_axis',(-9.64077206394492E-16,1.,3.31284709714931E-15));
#2568=DIRECTION('ref_axis',(1.,9.64077206394492E-16,3.19384037463181E-30));
#2569=DIRECTION('',(0.,1.,0.));
#2570=DIRECTION('center_axis',(9.64077206394492E-16,-1.,-3.31284709714931E-15));
#2571=DIRECTION('ref_axis',(-1.,-9.640772063945E-16,2.29312076665995E-15));
#2572=DIRECTION('',(-1.11022302462516E-15,1.,3.33066907387547E-15));
#2573=DIRECTION('',(-9.64077206394492E-16,1.,3.31284709714931E-15));
#2574=DIRECTION('center_axis',(9.64077206394492E-16,-1.,-3.31284709714931E-15));
#2575=DIRECTION('ref_axis',(-1.,-9.640772063945E-16,2.29312076665995E-15));
#2576=DIRECTION('center_axis',(0.,-1.,0.));
#2577=DIRECTION('ref_axis',(-1.,0.,0.));
#2578=DIRECTION('center_axis',(9.64077206394492E-16,-1.,-3.31284709714931E-15));
#2579=DIRECTION('ref_axis',(-1.,0.,0.));
#2580=DIRECTION('',(0.,-1.,0.));
#2581=DIRECTION('center_axis',(0.,-1.,0.));
#2582=DIRECTION('ref_axis',(-1.,0.,0.));
#2583=DIRECTION('center_axis',(0.,1.,0.));
#2584=DIRECTION('ref_axis',(-1.,0.,0.));
#2585=DIRECTION('center_axis',(0.,-1.,0.));
#2586=DIRECTION('ref_axis',(-1.,0.,0.));
#2587=DIRECTION('center_axis',(9.64077206394492E-16,-1.,-3.31284709714931E-15));
#2588=DIRECTION('ref_axis',(-1.,0.,0.));
#2589=DIRECTION('',(0.,-1.,0.));
#2590=DIRECTION('center_axis',(0.,-1.,0.));
#2591=DIRECTION('ref_axis',(-1.,0.,0.));
#2592=DIRECTION('center_axis',(0.,1.,0.));
#2593=DIRECTION('ref_axis',(-1.,0.,0.));
#2594=DIRECTION('center_axis',(-9.64077206394492E-16,1.,3.31284709714931E-15));
#2595=DIRECTION('ref_axis',(-5.55111512312525E-16,-3.31284709714931E-15,
1.));
#2596=DIRECTION('center_axis',(-9.64077206394492E-16,1.,3.31284709714931E-15));
#2597=DIRECTION('ref_axis',(-5.55111512312525E-16,-3.31284709714931E-15,
1.));
#2598=DIRECTION('',(-9.64077206394492E-16,1.,3.31284709714931E-15));
#2599=DIRECTION('center_axis',(-9.64077206394492E-16,1.,3.31284709714931E-15));
#2600=DIRECTION('ref_axis',(-5.55111512312525E-16,-3.31284709714931E-15,
1.));
#2601=DIRECTION('center_axis',(9.64077206394492E-16,-1.,-3.31284709714931E-15));
#2602=DIRECTION('ref_axis',(-5.55111512312525E-16,-3.31284709714931E-15,
1.));
#2603=DIRECTION('center_axis',(-9.64077206394492E-16,1.,3.31284709714931E-15));
#2604=DIRECTION('ref_axis',(-5.55111512312525E-16,-3.31284709714931E-15,
1.));
#2605=DIRECTION('',(5.55111512312525E-16,3.31284709714931E-15,-1.));
#2606=DIRECTION('center_axis',(-9.64077206394492E-16,1.,3.31284709714931E-15));
#2607=DIRECTION('ref_axis',(-5.55111512312525E-16,-3.31284709714931E-15,
1.));
#2608=DIRECTION('center_axis',(-9.64077206394492E-16,1.,3.31284709714931E-15));
#2609=DIRECTION('ref_axis',(-5.55111512312525E-16,-3.31284709714931E-15,
1.));
#2610=DIRECTION('center_axis',(9.64077206394492E-16,-1.,-3.31284709714931E-15));
#2611=DIRECTION('ref_axis',(-5.55111512312525E-16,-3.31284709714931E-15,
1.));
#2612=DIRECTION('',(0.707106781186547,-1.66083111719952E-15,0.707106781186547));
#2613=DIRECTION('center_axis',(-9.64077206394492E-16,1.,3.31284709714931E-15));
#2614=DIRECTION('ref_axis',(1.,9.64077206394492E-16,3.19384037463181E-30));
#2615=DIRECTION('',(-0.707106781186547,-3.02424217765737E-15,0.707106781186548));
#2616=DIRECTION('center_axis',(-9.64077206394492E-16,1.,3.31284709714931E-15));
#2617=DIRECTION('ref_axis',(-5.55111512312525E-16,-3.31284709714931E-15,
1.));
#2618=DIRECTION('center_axis',(0.,-1.,0.));
#2619=DIRECTION('ref_axis',(-1.,0.,0.));
#2620=DIRECTION('center_axis',(-9.64077206394492E-16,1.,3.31284709714931E-15));
#2621=DIRECTION('ref_axis',(-5.55111512312525E-16,-3.31284709714931E-15,
1.));
#2622=DIRECTION('center_axis',(0.,-1.,0.));
#2623=DIRECTION('ref_axis',(-1.,0.,0.));
#2624=DIRECTION('center_axis',(-9.64077206394492E-16,1.,3.31284709714931E-15));
#2625=DIRECTION('ref_axis',(-5.55111512312525E-16,-3.31284709714931E-15,
1.));
#2626=DIRECTION('center_axis',(-9.64077206394492E-16,1.,3.31284709714931E-15));
#2627=DIRECTION('ref_axis',(-5.55111512312525E-16,-3.31284709714931E-15,
1.));
#2628=DIRECTION('',(1.,9.64077206394491E-16,1.99840144432478E-16));
#2629=DIRECTION('',(5.55111512312525E-16,3.31284709714931E-15,-1.));
#2630=DIRECTION('center_axis',(-9.64077206394492E-16,1.,3.31284709714931E-15));
#2631=DIRECTION('ref_axis',(-5.55111512312525E-16,-3.31284709714931E-15,
1.));
#2632=DIRECTION('center_axis',(-9.64077206394492E-16,1.,3.31284709714931E-15));
#2633=DIRECTION('ref_axis',(-5.55111512312525E-16,-3.31284709714931E-15,
1.));
#2634=DIRECTION('',(5.55111512312525E-16,3.31284709714931E-15,-1.));
#2635=DIRECTION('',(1.,9.6407720639449E-16,5.55111512312528E-16));
#2636=DIRECTION('center_axis',(-9.64077206394492E-16,1.,3.31284709714931E-15));
#2637=DIRECTION('ref_axis',(-5.55111512312525E-16,-3.31284709714931E-15,
1.));
#2638=DIRECTION('',(-0.707106781186547,-3.02424217765737E-15,0.707106781186548));
#2639=DIRECTION('center_axis',(-9.64077206394492E-16,1.,3.31284709714931E-15));
#2640=DIRECTION('ref_axis',(-5.55111512312525E-16,-3.31284709714931E-15,
1.));
#2641=DIRECTION('',(0.707106781186547,-1.66083111719952E-15,0.707106781186547));
#2642=DIRECTION('center_axis',(0.,1.,0.));
#2643=DIRECTION('ref_axis',(-1.,0.,0.));
#2644=DIRECTION('',(0.,1.,0.));
#2645=DIRECTION('center_axis',(0.,-1.,0.));
#2646=DIRECTION('ref_axis',(-1.,0.,0.));
#2647=DIRECTION('center_axis',(0.,1.,0.));
#2648=DIRECTION('ref_axis',(-1.,0.,0.));
#2649=DIRECTION('center_axis',(0.,-1.,0.));
#2650=DIRECTION('ref_axis',(-1.,0.,0.));
#2651=DIRECTION('center_axis',(0.,1.,0.));
#2652=DIRECTION('ref_axis',(-1.,0.,0.));
#2653=DIRECTION('',(0.,1.,0.));
#2654=DIRECTION('center_axis',(0.,-1.,0.));
#2655=DIRECTION('ref_axis',(-1.,0.,0.));
#2656=DIRECTION('center_axis',(0.,1.,0.));
#2657=DIRECTION('ref_axis',(-1.,0.,0.));
#2658=DIRECTION('center_axis',(0.,-1.,0.));
#2659=DIRECTION('ref_axis',(-1.,0.,0.));
#2660=DIRECTION('center_axis',(1.,9.6407720639449E-16,5.55111512312528E-16));
#2661=DIRECTION('ref_axis',(5.55111512312525E-16,3.31284709714931E-15,-1.));
#2662=DIRECTION('center_axis',(-1.,-9.6407720639449E-16,-5.55111512312528E-16));
#2663=DIRECTION('ref_axis',(5.55111512312528E-16,5.35170356027682E-31,-1.));
#2664=DIRECTION('center_axis',(1.,9.6407720639449E-16,5.55111512312528E-16));
#2665=DIRECTION('ref_axis',(5.55111512312525E-16,3.31284709714931E-15,-1.));
#2666=DIRECTION('center_axis',(-1.,-9.6407720639449E-16,-5.55111512312528E-16));
#2667=DIRECTION('ref_axis',(5.55111512312528E-16,5.35170356027682E-31,-1.));
#2668=DIRECTION('center_axis',(1.,9.6407720639449E-16,5.55111512312528E-16));
#2669=DIRECTION('ref_axis',(5.55111512312525E-16,3.31284709714931E-15,-1.));
#2670=DIRECTION('center_axis',(-1.,-9.6407720639449E-16,-5.55111512312528E-16));
#2671=DIRECTION('ref_axis',(5.55111512312528E-16,5.35170356027682E-31,-1.));
#2672=DIRECTION('center_axis',(1.,9.6407720639449E-16,5.55111512312528E-16));
#2673=DIRECTION('ref_axis',(5.55111512312525E-16,3.31284709714931E-15,-1.));
#2674=DIRECTION('center_axis',(-1.,-9.6407720639449E-16,-5.55111512312528E-16));
#2675=DIRECTION('ref_axis',(5.55111512312528E-16,5.35170356027682E-31,-1.));
#2676=DIRECTION('center_axis',(-0.707106781186548,0.,0.707106781186548));
#2677=DIRECTION('ref_axis',(0.707106781186548,0.,0.707106781186548));
#2678=DIRECTION('',(0.707106781186547,-1.66083111719952E-15,0.707106781186547));
#2679=DIRECTION('',(0.,1.,0.));
#2680=DIRECTION('',(0.707106781186547,0.,0.707106781186547));
#2681=DIRECTION('',(0.,1.,0.));
#2682=DIRECTION('',(9.64077206394492E-16,-1.,-3.31284709714931E-15));
#2683=DIRECTION('center_axis',(0.,-1.,0.));
#2684=DIRECTION('ref_axis',(1.,0.,0.));
#2685=DIRECTION('',(5.55111512312528E-16,0.,-1.));
#2686=DIRECTION('center_axis',(0.,1.,0.));
#2687=DIRECTION('ref_axis',(1.,0.,0.));
#2688=DIRECTION('center_axis',(0.,-1.,0.));
#2689=DIRECTION('ref_axis',(1.,0.,0.));
#2690=DIRECTION('',(-0.707106781186547,0.,0.707106781186548));
#2691=DIRECTION('center_axis',(0.,1.,0.));
#2692=DIRECTION('ref_axis',(1.,0.,0.));
#2693=DIRECTION('center_axis',(0.,1.,0.));
#2694=DIRECTION('ref_axis',(1.,0.,0.));
#2695=DIRECTION('',(0.,1.,0.));
#2696=DIRECTION('center_axis',(9.64077206394492E-16,-1.,-3.30694165552896E-15));
#2697=DIRECTION('ref_axis',(1.,9.64077206394492E-16,3.18814707297194E-30));
#2698=DIRECTION('',(0.,-1.,0.));
#2699=DIRECTION('',(0.,1.,0.));
#2700=DIRECTION('center_axis',(0.,1.,0.));
#2701=DIRECTION('ref_axis',(1.,0.,0.));
#2702=DIRECTION('center_axis',(9.64077206394492E-16,-1.,-3.31284709714931E-15));
#2703=DIRECTION('ref_axis',(1.,9.64077206394492E-16,3.19384037463181E-30));
#2704=DIRECTION('',(0.,1.,0.));
#2705=DIRECTION('center_axis',(-0.707106781186548,0.,-0.707106781186547));
#2706=DIRECTION('ref_axis',(-0.707106781186547,0.,0.707106781186548));
#2707=DIRECTION('',(-0.707106781186547,-3.02424217765737E-15,0.707106781186548));
#2708=DIRECTION('',(-9.64077206394492E-16,1.,3.31284709714931E-15));
#2709=DIRECTION('center_axis',(-9.64077206394492E-16,1.,3.31284709714931E-15));
#2710=DIRECTION('ref_axis',(-1.,-9.64077206394502E-16,3.05883450644534E-15));
#2711=DIRECTION('center_axis',(-9.64077206394492E-16,1.,3.31284709714931E-15));
#2712=DIRECTION('ref_axis',(-5.55111512312525E-16,-3.31284709714931E-15,
1.));
#2713=DIRECTION('center_axis',(1.,9.6407720639449E-16,5.55111512312528E-16));
#2714=DIRECTION('ref_axis',(5.55111512312525E-16,3.31284709714931E-15,-1.));
#2715=DIRECTION('',(-5.55111512312525E-16,-3.30694165552896E-15,1.));
#2716=DIRECTION('center_axis',(-1.,-9.6407720639449E-16,-5.55111512312528E-16));
#2717=DIRECTION('ref_axis',(5.55111512312528E-16,5.35170356027682E-31,-1.));
#2718=DIRECTION('',(9.64077206394492E-16,-1.,-3.31284709714931E-15));
#2719=DIRECTION('center_axis',(-1.,-9.6407720639449E-16,-5.55111512312528E-16));
#2720=DIRECTION('ref_axis',(5.55111512312525E-16,3.31284709714931E-15,-1.));
#2721=DIRECTION('center_axis',(-1.,-9.6407720639449E-16,-5.55111512312528E-16));
#2722=DIRECTION('ref_axis',(5.55111512312528E-16,5.35170356027682E-31,-1.));
#2723=DIRECTION('center_axis',(-1.,-9.6407720639449E-16,-5.55111512312528E-16));
#2724=DIRECTION('ref_axis',(5.55111512312525E-16,3.31284709714931E-15,-1.));
#2725=DIRECTION('center_axis',(-1.,-9.6407720639449E-16,-5.55111512312528E-16));
#2726=DIRECTION('ref_axis',(5.55111512312528E-16,5.35170356027682E-31,-1.));
#2727=DIRECTION('center_axis',(-1.,-9.6407720639449E-16,-5.55111512312528E-16));
#2728=DIRECTION('ref_axis',(5.55111512312525E-16,3.31284709714931E-15,-1.));
#2729=DIRECTION('',(-9.64077206394492E-16,1.,3.97075703766792E-15));
#2730=DIRECTION('center_axis',(-1.,-9.6407720639449E-16,-5.55111512312528E-16));
#2731=DIRECTION('ref_axis',(5.55111512312528E-16,5.35170356027682E-31,-1.));
#2732=DIRECTION('',(-5.55111512312525E-16,-3.30694165552896E-15,1.));
#2733=DIRECTION('center_axis',(1.,9.6407720639449E-16,5.55111512312528E-16));
#2734=DIRECTION('ref_axis',(5.55111512312525E-16,3.31284709714931E-15,-1.));
#2735=DIRECTION('center_axis',(1.,9.6407720639449E-16,5.55111512312528E-16));
#2736=DIRECTION('ref_axis',(5.55111512312525E-16,3.31284709714931E-15,-1.));
#2737=DIRECTION('center_axis',(1.,9.6407720639449E-16,5.55111512312528E-16));
#2738=DIRECTION('ref_axis',(5.55111512312525E-16,3.31284709714931E-15,-1.));
#2739=DIRECTION('center_axis',(1.,9.6407720639449E-16,5.55111512312528E-16));
#2740=DIRECTION('ref_axis',(5.55111512312525E-16,3.31284709714931E-15,-1.));
#2741=DIRECTION('center_axis',(-1.,-9.6407720639449E-16,-5.55111512312528E-16));
#2742=DIRECTION('ref_axis',(5.55111512312528E-16,5.35170356027682E-31,-1.));
#2743=DIRECTION('',(-5.55111512312528E-16,-5.79990421149053E-16,1.));
#2744=DIRECTION('center_axis',(1.,9.6407720639449E-16,5.55111512312528E-16));
#2745=DIRECTION('ref_axis',(5.55111512312525E-16,3.31284709714931E-15,-1.));
#2746=DIRECTION('',(-9.64077206394491E-16,1.,1.44299779251747E-15));
#2747=DIRECTION('center_axis',(1.,9.6407720639449E-16,5.55111512312528E-16));
#2748=DIRECTION('ref_axis',(9.64077206394462E-16,-1.,4.99778580848617E-14));
#2749=DIRECTION('',(5.55111512312528E-16,9.21597505649084E-16,-1.));
#2750=DIRECTION('center_axis',(1.,9.6407720639449E-16,5.55111512312528E-16));
#2751=DIRECTION('ref_axis',(-5.55111512312525E-16,-3.31284709714931E-15,
1.));
#2752=DIRECTION('',(9.64077206394491E-16,-1.,-2.14419128175441E-15));
#2753=DIRECTION('center_axis',(1.,9.6407720639449E-16,5.55111512312528E-16));
#2754=DIRECTION('ref_axis',(-9.64077206394489E-16,1.,-1.12804500135126E-15));
#2755=DIRECTION('',(-5.55111512312528E-16,-5.79990421149053E-16,1.));
#2756=DIRECTION('center_axis',(1.,9.6407720639449E-16,5.55111512312528E-16));
#2757=DIRECTION('ref_axis',(5.55111512312528E-16,5.35170356027682E-31,-1.));
#2758=DIRECTION('',(4.12725335385818E-17,-0.530796765843596,0.84749914063082));
#2759=DIRECTION('center_axis',(0.,-1.,-9.10952225333418E-16));
#2760=DIRECTION('ref_axis',(2.84672570416693E-17,9.10952225333418E-16,-1.));
#2761=DIRECTION('',(5.55111512312528E-16,5.79990421149053E-16,-1.));
#2762=DIRECTION('',(-1.,0.,0.));
#2763=DIRECTION('',(5.55111512312528E-16,9.10952225333418E-16,-1.));
#2764=DIRECTION('',(1.,0.,0.));
#2765=DIRECTION('center_axis',(1.,0.,0.));
#2766=DIRECTION('ref_axis',(0.,0.872721460268994,0.488218447814045));
#2767=DIRECTION('center_axis',(-1.,-9.6407720639449E-16,-5.55111512312528E-16));
#2768=DIRECTION('ref_axis',(5.55111512312528E-16,5.35170356027682E-31,-1.));
#2769=DIRECTION('',(1.,0.,0.));
#2770=DIRECTION('',(1.,0.,0.));
#2771=DIRECTION('center_axis',(0.,-0.84749914063082,-0.530796765843596));
#2772=DIRECTION('ref_axis',(0.,0.530796765843596,-0.84749914063082));
#2773=DIRECTION('',(-4.12725335385818E-17,0.530796765843596,-0.84749914063082));
#2774=DIRECTION('',(1.,0.,0.));
#2775=DIRECTION('center_axis',(1.,0.,0.));
#2776=DIRECTION('ref_axis',(0.,0.893438070928627,0.44918639050547));
#2777=DIRECTION('center_axis',(1.,9.6407720639449E-16,5.55111512312528E-16));
#2778=DIRECTION('ref_axis',(5.55111512312528E-16,5.35170356027682E-31,-1.));
#2779=DIRECTION('',(-1.,0.,0.));
#2780=DIRECTION('center_axis',(-9.6407720639449E-16,1.,5.79990421149052E-16));
#2781=DIRECTION('ref_axis',(5.55111512312528E-16,5.79990421149053E-16,-1.));
#2782=DIRECTION('',(-1.,-9.6407720639449E-16,-5.55111512312528E-16));
#2783=DIRECTION('',(5.55111512312528E-16,5.79990421149053E-16,-1.));
#2784=DIRECTION('center_axis',(-9.6407720639449E-16,1.,5.79990421149052E-16));
#2785=DIRECTION('ref_axis',(5.55111512312528E-16,5.79990421149053E-16,-1.));
#2786=DIRECTION('',(5.55111512312528E-16,5.79990421149053E-16,-1.));
#2787=DIRECTION('',(-1.,-9.6407720639449E-16,-5.55111512312528E-16));
#2788=DIRECTION('center_axis',(0.,1.,0.));
#2789=DIRECTION('ref_axis',(-1.,0.,0.));
#2790=DIRECTION('',(0.,1.,0.));
#2791=DIRECTION('center_axis',(9.64077206394492E-16,-1.,-3.31284709714931E-15));
#2792=DIRECTION('ref_axis',(-1.,-9.64077206394492E-16,-3.19384037463181E-30));
#2793=DIRECTION('center_axis',(0.,1.,0.));
#2794=DIRECTION('ref_axis',(-1.,0.,0.));
#2795=DIRECTION('',(0.,1.,0.));
#2796=DIRECTION('center_axis',(9.64077206394492E-16,-1.,-3.31284709714931E-15));
#2797=DIRECTION('ref_axis',(-1.,-9.64077206394492E-16,-3.19384037463181E-30));
#2798=DIRECTION('center_axis',(1.,0.,0.));
#2799=DIRECTION('ref_axis',(0.,0.707106662560716,0.707106899812359));
#2800=DIRECTION('',(1.,0.,0.));
#2801=DIRECTION('',(-1.,0.,0.));
#2802=DIRECTION('center_axis',(1.,8.16047469777803E-16,5.55111512312528E-16));
#2803=DIRECTION('ref_axis',(0.,0.707106662560716,0.707106899812359));
#2804=DIRECTION('center_axis',(1.,0.,0.));
#2805=DIRECTION('ref_axis',(0.,0.,-1.));
#2806=DIRECTION('',(1.,0.,0.));
#2807=DIRECTION('center_axis',(-1.,-8.16047469777803E-16,-5.55111512312528E-16));
#2808=DIRECTION('ref_axis',(0.,0.,-1.));
#2809=DIRECTION('center_axis',(9.64077206394492E-16,-1.,-3.30694165552896E-15));
#2810=DIRECTION('ref_axis',(-5.55111512312525E-16,-3.30694165552896E-15,
1.));
#2811=DIRECTION('',(1.,0.,0.));
#2812=DIRECTION('',(-5.55111512312525E-16,-3.30694165552896E-15,1.));
#2813=DIRECTION('center_axis',(1.,0.,0.));
#2814=DIRECTION('ref_axis',(0.,-0.72953720414009,-0.683941128881324));
#2815=DIRECTION('',(-1.,0.,0.));
#2816=DIRECTION('center_axis',(1.,8.16047469777803E-16,5.55111512312528E-16));
#2817=DIRECTION('ref_axis',(0.,-0.72953720414009,-0.683941128881324));
#2818=DIRECTION('',(1.,0.,0.));
#2819=DIRECTION('center_axis',(1.,0.,0.));
#2820=DIRECTION('ref_axis',(0.,0.,-1.));
#2821=DIRECTION('',(1.,0.,0.));
#2822=DIRECTION('center_axis',(-1.,-8.16047469777803E-16,-5.55111512312528E-16));
#2823=DIRECTION('ref_axis',(0.,0.,-1.));
#2824=DIRECTION('center_axis',(-1.,-9.6407720639449E-16,-5.55111512312528E-16));
#2825=DIRECTION('ref_axis',(5.55111512312525E-16,3.31284709714931E-15,-1.));
#2826=DIRECTION('center_axis',(-1.,-8.16047469777803E-16,-5.55111512312528E-16));
#2827=DIRECTION('ref_axis',(5.55111512312525E-16,3.31284709714931E-15,-1.));
#2828=DIRECTION('',(-1.,-9.6407720639449E-16,-5.55111512312528E-16));
#2829=DIRECTION('center_axis',(1.,0.,0.));
#2830=DIRECTION('ref_axis',(0.,0.,-1.));
#2831=DIRECTION('',(1.,0.,0.));
#2832=DIRECTION('center_axis',(-1.,-8.16047469777803E-16,-5.55111512312528E-16));
#2833=DIRECTION('ref_axis',(0.,0.,-1.));
#2834=DIRECTION('center_axis',(1.,0.,0.));
#2835=DIRECTION('ref_axis',(0.,0.,-1.));
#2836=DIRECTION('',(-1.,0.,0.));
#2837=DIRECTION('center_axis',(1.,8.16047469777803E-16,5.55111512312528E-16));
#2838=DIRECTION('ref_axis',(0.,0.,-1.));
#2839=DIRECTION('center_axis',(1.,0.,0.));
#2840=DIRECTION('ref_axis',(0.,0.,-1.));
#2841=DIRECTION('',(1.,0.,0.));
#2842=DIRECTION('center_axis',(-1.,-8.16047469777803E-16,-5.55111512312528E-16));
#2843=DIRECTION('ref_axis',(0.,0.,-1.));
#2844=DIRECTION('center_axis',(1.,0.,0.));
#2845=DIRECTION('ref_axis',(0.,-0.729537204140081,0.683941128881334));
#2846=DIRECTION('',(1.,0.,0.));
#2847=DIRECTION('',(-1.,0.,0.));
#2848=DIRECTION('center_axis',(1.,8.16047469777803E-16,5.55111512312528E-16));
#2849=DIRECTION('ref_axis',(0.,-0.729537204140081,0.683941128881334));
#2850=DIRECTION('center_axis',(-1.,-9.6407720639449E-16,-5.55111512312528E-16));
#2851=DIRECTION('ref_axis',(5.55111512312525E-16,3.31284709714931E-15,-1.));
#2852=DIRECTION('',(-1.,-9.6407720639449E-16,-5.55111512312528E-16));
#2853=DIRECTION('center_axis',(-1.,-8.16047469777803E-16,-5.55111512312528E-16));
#2854=DIRECTION('ref_axis',(5.55111512312525E-16,3.31284709714931E-15,-1.));
#2855=DIRECTION('center_axis',(-1.,-9.6407720639449E-16,-5.55111512312528E-16));
#2856=DIRECTION('ref_axis',(5.55111512312525E-16,3.31284709714931E-15,-1.));
#2857=DIRECTION('center_axis',(-1.,-8.16047469777803E-16,-5.55111512312528E-16));
#2858=DIRECTION('ref_axis',(5.55111512312525E-16,3.31284709714931E-15,-1.));
#2859=DIRECTION('center_axis',(-5.55111512312525E-16,-3.97075703766792E-15,
1.));
#2860=DIRECTION('ref_axis',(-9.64077206394492E-16,1.,3.97075703766792E-15));
#2861=DIRECTION('',(-8.16047469777805E-16,1.,3.97075703766792E-15));
#2862=DIRECTION('center_axis',(5.55111512312525E-16,3.31284709714931E-15,
-1.));
#2863=DIRECTION('ref_axis',(9.64077206394492E-16,-1.,-3.31284709714931E-15));
#2864=DIRECTION('',(8.16047469777805E-16,-1.,-3.31284709714931E-15));
#2865=DIRECTION('center_axis',(-1.,-9.6407720639449E-16,-5.55111512312528E-16));
#2866=DIRECTION('ref_axis',(-9.64077206394489E-16,1.,-1.12804500135126E-15));
#2867=DIRECTION('',(-1.,-9.6407720639449E-16,-5.55111512312528E-16));
#2868=DIRECTION('center_axis',(-1.,-9.6407720639449E-16,-5.55111512312528E-16));
#2869=DIRECTION('ref_axis',(-9.64077206394489E-16,1.,-1.12804500135126E-15));
#2870=DIRECTION('center_axis',(-5.55111512312526E-16,-2.14419128175441E-15,
1.));
#2871=DIRECTION('ref_axis',(-9.64077206394491E-16,1.,2.14419128175441E-15));
#2872=DIRECTION('',(-1.,-9.6407720639449E-16,-5.55111512312528E-16));
#2873=DIRECTION('',(-9.64077206394491E-16,1.,2.14419128175441E-15));
#2874=DIRECTION('center_axis',(-1.,-9.6407720639449E-16,-5.55111512312528E-16));
#2875=DIRECTION('ref_axis',(-5.55111512312525E-16,-3.31284709714931E-15,
1.));
#2876=DIRECTION('',(-1.,-9.6407720639449E-16,-5.55111512312528E-16));
#2877=DIRECTION('center_axis',(-1.,-9.6407720639449E-16,-5.55111512312528E-16));
#2878=DIRECTION('ref_axis',(-5.55111512312525E-16,-3.31284709714931E-15,
1.));
#2879=DIRECTION('center_axis',(-1.,-9.6407720639449E-16,-5.55111512312528E-16));
#2880=DIRECTION('ref_axis',(5.55111512312525E-16,3.31284709714931E-15,-1.));
#2881=DIRECTION('',(-1.,-9.6407720639449E-16,-5.55111512312528E-16));
#2882=DIRECTION('center_axis',(1.,9.6407720639449E-16,5.55111512312528E-16));
#2883=DIRECTION('ref_axis',(5.55111512312525E-16,3.31284709714931E-15,-1.));
#2884=DIRECTION('center_axis',(-1.,-9.6407720639449E-16,-5.55111512312528E-16));
#2885=DIRECTION('ref_axis',(5.55111512312525E-16,3.31284709714931E-15,-1.));
#2886=DIRECTION('',(-1.,-9.6407720639449E-16,-5.55111512312528E-16));
#2887=DIRECTION('center_axis',(1.,9.6407720639449E-16,5.55111512312528E-16));
#2888=DIRECTION('ref_axis',(5.55111512312525E-16,3.31284709714931E-15,-1.));
#2889=DIRECTION('center_axis',(-1.,-9.6407720639449E-16,-5.55111512312528E-16));
#2890=DIRECTION('ref_axis',(5.55111512312525E-16,3.31284709714931E-15,-1.));
#2891=DIRECTION('',(-1.,-9.6407720639449E-16,-5.55111512312528E-16));
#2892=DIRECTION('center_axis',(1.,9.6407720639449E-16,5.55111512312528E-16));
#2893=DIRECTION('ref_axis',(5.55111512312525E-16,3.31284709714931E-15,-1.));
#2894=DIRECTION('center_axis',(-1.,-9.6407720639449E-16,-5.55111512312528E-16));
#2895=DIRECTION('ref_axis',(5.55111512312525E-16,3.31284709714931E-15,-1.));
#2896=DIRECTION('',(-1.,-9.6407720639449E-16,-5.55111512312528E-16));
#2897=DIRECTION('center_axis',(1.,9.6407720639449E-16,5.55111512312528E-16));
#2898=DIRECTION('ref_axis',(5.55111512312525E-16,3.31284709714931E-15,-1.));
#2899=DIRECTION('center_axis',(9.64077206394491E-16,-1.,-9.21597505649084E-16));
#2900=DIRECTION('ref_axis',(-5.55111512312528E-16,-9.21597505649084E-16,
1.));
#2901=DIRECTION('',(-1.,-9.6407720639449E-16,-5.55111512312528E-16));
#2902=DIRECTION('',(-5.55111512312528E-16,-9.21597505649084E-16,1.));
#2903=DIRECTION('center_axis',(-1.,-9.6407720639449E-16,-5.55111512312528E-16));
#2904=DIRECTION('ref_axis',(9.64077206394462E-16,-1.,4.99778580848617E-14));
#2905=DIRECTION('',(-1.,-9.6407720639449E-16,-5.55111512312528E-16));
#2906=DIRECTION('center_axis',(-1.,-9.6407720639449E-16,-5.55111512312528E-16));
#2907=DIRECTION('ref_axis',(9.64077206394462E-16,-1.,4.99778580848617E-14));
#2908=DIRECTION('center_axis',(5.55111512312527E-16,1.44299779251747E-15,
-1.));
#2909=DIRECTION('ref_axis',(9.64077206394491E-16,-1.,-1.44299779251747E-15));
#2910=DIRECTION('',(-1.,-9.6407720639449E-16,-5.55111512312528E-16));
#2911=DIRECTION('',(9.64077206394491E-16,-1.,-1.44299779251747E-15));
#2912=DIRECTION('center_axis',(-1.,-9.6407720639449E-16,-5.55111512312528E-16));
#2913=DIRECTION('ref_axis',(5.55111512312525E-16,3.31284709714931E-15,-1.));
#2914=DIRECTION('center_axis',(-1.,-9.6407720639449E-16,-5.55111512312528E-16));
#2915=DIRECTION('ref_axis',(5.55111512312525E-16,3.31284709714931E-15,-1.));
#2916=DIRECTION('center_axis',(1.,9.6407720639449E-16,5.55111512312528E-16));
#2917=DIRECTION('ref_axis',(5.55111512312525E-16,3.31284709714931E-15,-1.));
#2918=DIRECTION('center_axis',(1.,9.6407720639449E-16,5.55111512312528E-16));
#2919=DIRECTION('ref_axis',(5.55111512312525E-16,3.31284709714931E-15,-1.));
#2920=DIRECTION('center_axis',(-1.,-9.6407720639449E-16,-5.55111512312528E-16));
#2921=DIRECTION('ref_axis',(5.55111512312525E-16,3.31284709714931E-15,-1.));
#2922=DIRECTION('',(-1.,-9.6407720639449E-16,-5.55111512312528E-16));
#2923=DIRECTION('center_axis',(1.,9.6407720639449E-16,5.55111512312528E-16));
#2924=DIRECTION('ref_axis',(5.55111512312525E-16,3.31284709714931E-15,-1.));
#2925=DIRECTION('center_axis',(9.64077206394492E-16,-1.,-3.31284709714931E-15));
#2926=DIRECTION('ref_axis',(-5.55111512312525E-16,-3.31284709714931E-15,
1.));
#2927=DIRECTION('center_axis',(5.55111512312525E-16,3.31284709714931E-15,
-1.));
#2928=DIRECTION('ref_axis',(-1.,-9.473903143468E-16,-4.736951571734E-16));
#2929=DIRECTION('center_axis',(5.55111512312525E-16,3.31284709714931E-15,
-1.));
#2930=DIRECTION('ref_axis',(9.64077206394492E-16,-1.,-3.31284709714931E-15));
#2931=DIRECTION('center_axis',(-1.,-9.6407720639449E-16,-5.55111512312528E-16));
#2932=DIRECTION('ref_axis',(-5.55111512312525E-16,-3.31284709714931E-15,
1.));
#2933=DIRECTION('center_axis',(-5.55111512312525E-16,-3.31284709714931E-15,
1.));
#2934=DIRECTION('ref_axis',(0.707106781186548,-0.707106781186547,-1.95001353275754E-15));
#2935=DIRECTION('center_axis',(-9.64077206394492E-16,1.,3.31284709714931E-15));
#2936=DIRECTION('ref_axis',(-1.,-9.6407720639449E-16,-5.55111512312528E-16));
#2937=DIRECTION('center_axis',(5.55111512312525E-16,3.31284709714931E-15,
-1.));
#2938=DIRECTION('ref_axis',(-1.,-9.473903143468E-16,-4.736951571734E-16));
#2939=DIRECTION('center_axis',(1.99840144432475E-16,3.31284709714931E-15,
-1.));
#2940=DIRECTION('ref_axis',(0.707106781186548,-0.707106781186547,-2.20122832614694E-15));
#2941=DIRECTION('center_axis',(-1.,-9.6407720639449E-16,-5.55111512312528E-16));
#2942=DIRECTION('ref_axis',(-9.64077206394492E-16,1.,3.31284709714931E-15));
#2943=DIRECTION('center_axis',(-5.55111512312525E-16,-3.31284709714931E-15,
1.));
#2944=DIRECTION('ref_axis',(1.,9.6407720639449E-16,5.55111512312528E-16));
#2945=DIRECTION('center_axis',(-9.64077206394492E-16,1.,3.31284709714931E-15));
#2946=DIRECTION('ref_axis',(1.11022302462463E-16,3.31284709714931E-15,-1.));
#2947=DIRECTION('center_axis',(-1.,-9.64077206394491E-16,-1.99840144432478E-16));
#2948=DIRECTION('ref_axis',(-5.40397208947426E-16,0.70710678118655,-0.707106781186545));
#2949=DIRECTION('center_axis',(1.,9.6407720639449E-16,5.55111512312528E-16));
#2950=DIRECTION('ref_axis',(5.55111512312525E-16,3.31284709714931E-15,-1.));
#2951=DIRECTION('',(1.,9.64077206394491E-16,1.99840144432478E-16));
#2952=DIRECTION('',(-1.,-9.64077206394491E-16,-1.99840144432478E-16));
#2953=DIRECTION('center_axis',(-9.64077206394492E-16,1.,3.31284709714931E-15));
#2954=DIRECTION('ref_axis',(-1.,-9.9475983006414E-16,-5.55111512312529E-16));
#2955=DIRECTION('center_axis',(-1.,-9.64077206394488E-16,-1.16743491188621E-15));
#2956=DIRECTION('ref_axis',(-1.16743491188621E-15,-3.31284709714931E-15,
1.));
#2957=DIRECTION('center_axis',(9.64077206394492E-16,-1.,-3.31284709714931E-15));
#2958=DIRECTION('ref_axis',(-1.,-9.64077206394491E-16,-4.93879172355161E-16));
#2959=DIRECTION('center_axis',(-9.64077206394492E-16,1.,3.31284709714931E-15));
#2960=DIRECTION('ref_axis',(-1.,-9.64077206394491E-16,-4.93879172355161E-16));
#2961=DIRECTION('center_axis',(1.,9.6407720639449E-16,5.55111512312528E-16));
#2962=DIRECTION('ref_axis',(-1.07422864489983E-15,0.707106781186545,0.70710678118655));
#2963=DIRECTION('',(-1.,-9.6407720639449E-16,-5.55111512312528E-16));
#2964=DIRECTION('',(1.,9.6407720639449E-16,5.55111512312528E-16));
#2965=DIRECTION('center_axis',(5.55111512312525E-16,3.31284709714931E-15,
-1.));
#2966=DIRECTION('ref_axis',(0.707106781186548,-0.707106781186547,-1.95001353275754E-15));
#2967=DIRECTION('',(-5.55111512312525E-16,-3.31284709714931E-15,1.));
#2968=DIRECTION('',(5.55111512312525E-16,3.31284709714931E-15,-1.));
#2969=DIRECTION('center_axis',(-9.64077206394492E-16,1.,3.31284709714931E-15));
#2970=DIRECTION('ref_axis',(-0.707106781186547,1.66083111719952E-15,-0.707106781186548));
#2971=DIRECTION('center_axis',(9.64077206394492E-16,-1.,-3.31284709714931E-15));
#2972=DIRECTION('ref_axis',(-1.,-9.6407720639449E-16,-5.55111512312528E-16));
#2973=DIRECTION('',(9.64077206394492E-16,-1.,-3.31284709714931E-15));
#2974=DIRECTION('',(-9.64077206394492E-16,1.,3.31284709714931E-15));
#2975=DIRECTION('center_axis',(1.,9.6407720639449E-16,5.55111512312528E-16));
#2976=DIRECTION('ref_axis',(5.6843418860808E-16,3.26849658449646E-15,-1.));
#2977=DIRECTION('center_axis',(-9.64077206394492E-16,1.,4.20102551684943E-15));
#2978=DIRECTION('ref_axis',(-1.,-9.6407720639449E-16,-5.55111512312528E-16));
#2979=DIRECTION('center_axis',(-1.,-9.6407720639449E-16,-5.55111512312528E-16));
#2980=DIRECTION('ref_axis',(-9.64077206394492E-16,1.,3.04639357123927E-15));
#2981=DIRECTION('center_axis',(1.,9.6407720639449E-16,5.55111512312528E-16));
#2982=DIRECTION('ref_axis',(-9.64077206394492E-16,1.,3.04639357123927E-15));
#2983=DIRECTION('center_axis',(-9.64077206394492E-16,1.,3.31284709714931E-15));
#2984=DIRECTION('ref_axis',(-0.707106781186548,-3.02424217765737E-15,0.707106781186547));
#2985=DIRECTION('',(9.64077206394492E-16,-1.,-3.31284709714931E-15));
#2986=DIRECTION('',(-9.64077206394492E-16,1.,3.31284709714931E-15));
#2987=DIRECTION('center_axis',(-9.64077206394492E-16,1.,3.31284709714931E-15));
#2988=DIRECTION('ref_axis',(-5.55111512312525E-16,-3.31284709714931E-15,
1.));
#2989=DIRECTION('',(-9.64077206394492E-16,1.,3.31284709714931E-15));
#2990=DIRECTION('',(9.64077206394492E-16,-1.,-3.31284709714931E-15));
#2991=DIRECTION('',(-9.64077206394492E-16,1.,3.31284709714931E-15));
#2992=DIRECTION('center_axis',(1.99840144432475E-16,3.31284709714931E-15,
-1.));
#2993=DIRECTION('ref_axis',(-1.,-9.64077206394491E-16,-1.99840144432478E-16));
#2994=DIRECTION('',(-1.,-9.64077206394491E-16,-1.99840144432478E-16));
#2995=DIRECTION('',(-9.64077206394492E-16,1.,3.31284709714931E-15));
#2996=DIRECTION('center_axis',(-9.64077206394492E-16,1.,3.31284709714931E-15));
#2997=DIRECTION('ref_axis',(-5.55111512312525E-16,-3.31284709714931E-15,
1.));
#2998=DIRECTION('center_axis',(-1.,-9.6407720639449E-16,-5.55111512312528E-16));
#2999=DIRECTION('ref_axis',(-5.55111512312525E-16,-3.31284709714931E-15,
1.));
#3000=DIRECTION('center_axis',(1.,9.6407720639449E-16,5.55111512312528E-16));
#3001=DIRECTION('ref_axis',(-1.07422864489983E-15,0.707106781186545,0.70710678118655));
#3002=DIRECTION('',(1.,9.6407720639449E-16,5.55111512312528E-16));
#3003=DIRECTION('center_axis',(1.,9.6407720639449E-16,5.55111512312528E-16));
#3004=DIRECTION('ref_axis',(-9.64077206394492E-16,1.,4.02338983290941E-15));
#3005=DIRECTION('center_axis',(-5.55111512312525E-16,-3.31284709714931E-15,
1.));
#3006=DIRECTION('ref_axis',(1.,9.6407720639449E-16,5.55111512312528E-16));
#3007=DIRECTION('',(9.64077206394492E-16,-1.,-3.31284709714931E-15));
#3008=DIRECTION('center_axis',(-1.,-8.16047469777803E-16,-5.55111512312528E-16));
#3009=DIRECTION('ref_axis',(-5.55111512312525E-16,-3.31284709714931E-15,
1.));
#3010=DIRECTION('',(5.55111512312525E-16,3.33066907387547E-15,-1.));
#3011=DIRECTION('',(-8.16047469777805E-16,1.,4.19417587080615E-15));
#3012=DIRECTION('center_axis',(1.,8.16047469777803E-16,5.55111512312528E-16));
#3013=DIRECTION('ref_axis',(-5.55111512312526E-16,-2.80477395694776E-15,
1.));
#3014=DIRECTION('',(8.16047469777805E-16,-1.,-4.19417587080615E-15));
#3015=DIRECTION('center_axis',(-1.,-8.16047469777803E-16,-5.55111512312528E-16));
#3016=DIRECTION('ref_axis',(-5.55111512312525E-16,-3.31284709714931E-15,
1.));
#3017=DIRECTION('center_axis',(1.,0.,0.));
#3018=DIRECTION('ref_axis',(0.,0.,1.));
#3019=DIRECTION('center_axis',(-1.,-8.16047469777803E-16,-5.55111512312528E-16));
#3020=DIRECTION('ref_axis',(-5.55111512312525E-16,-3.31284709714931E-15,
1.));
#3021=DIRECTION('center_axis',(1.,0.,0.));
#3022=DIRECTION('ref_axis',(0.,0.,1.));
#3023=DIRECTION('center_axis',(-1.,-8.16047469777803E-16,-5.55111512312528E-16));
#3024=DIRECTION('ref_axis',(-5.55111512312525E-16,-3.31284709714931E-15,
1.));
#3025=DIRECTION('center_axis',(1.,0.,0.));
#3026=DIRECTION('ref_axis',(0.,0.,1.));
#3027=DIRECTION('center_axis',(-1.,-8.16047469777803E-16,-5.55111512312528E-16));
#3028=DIRECTION('ref_axis',(-5.55111512312525E-16,-3.31284709714931E-15,
1.));
#3029=DIRECTION('center_axis',(1.,0.,0.));
#3030=DIRECTION('ref_axis',(0.,0.,1.));
#3031=DIRECTION('center_axis',(1.,0.,0.));
#3032=DIRECTION('ref_axis',(0.,0.,1.));
#3033=DIRECTION('',(1.,0.,0.));
#3034=DIRECTION('center_axis',(-1.,0.,0.));
#3035=DIRECTION('ref_axis',(0.,0.,1.));
#3036=DIRECTION('center_axis',(-1.,9.86076131526265E-32,4.46689869615501E-62));
#3037=DIRECTION('ref_axis',(4.46689869615501E-62,0.,1.));
#3038=DIRECTION('center_axis',(-1.,9.86076131526265E-32,4.46689869615501E-62));
#3039=DIRECTION('ref_axis',(-4.46689869615501E-62,4.40470218622425E-93,
-1.));
#3040=DIRECTION('center_axis',(1.,0.,0.));
#3041=DIRECTION('ref_axis',(0.,0.,1.));
#3042=DIRECTION('',(1.,0.,0.));
#3043=DIRECTION('center_axis',(-1.,0.,0.));
#3044=DIRECTION('ref_axis',(0.,0.,1.));
#3045=DIRECTION('center_axis',(-1.,9.86076131526265E-32,0.));
#3046=DIRECTION('ref_axis',(0.,0.,1.));
#3047=DIRECTION('center_axis',(-1.,9.86076131526265E-32,0.));
#3048=DIRECTION('ref_axis',(0.,0.,-1.));
#3049=DIRECTION('center_axis',(1.,0.,0.));
#3050=DIRECTION('ref_axis',(0.,0.,1.));
#3051=DIRECTION('',(1.,0.,0.));
#3052=DIRECTION('center_axis',(-1.,0.,0.));
#3053=DIRECTION('ref_axis',(0.,0.,1.));
#3054=DIRECTION('center_axis',(-1.,9.86076131526265E-32,4.46689869615501E-62));
#3055=DIRECTION('ref_axis',(4.46689869615501E-62,0.,1.));
#3056=DIRECTION('center_axis',(-1.,9.86076131526265E-32,4.46689869615501E-62));
#3057=DIRECTION('ref_axis',(-4.46689869615501E-62,4.40470218622425E-93,
-1.));
#3058=DIRECTION('center_axis',(1.,0.,0.));
#3059=DIRECTION('ref_axis',(0.,0.,1.));
#3060=DIRECTION('',(1.,0.,0.));
#3061=DIRECTION('center_axis',(-1.,0.,0.));
#3062=DIRECTION('ref_axis',(0.,0.,1.));
#3063=DIRECTION('center_axis',(-1.,9.86076131526265E-32,4.46689869615501E-62));
#3064=DIRECTION('ref_axis',(4.46689869615501E-62,0.,1.));
#3065=DIRECTION('center_axis',(-1.,9.86076131526265E-32,4.46689869615501E-62));
#3066=DIRECTION('ref_axis',(-4.46689869615501E-62,4.40470218622425E-93,
-1.));
#3067=DIRECTION('center_axis',(-1.,0.,0.));
#3068=DIRECTION('ref_axis',(0.,0.,-1.));
#3069=DIRECTION('center_axis',(-1.,-9.6407720639449E-16,-5.55111512312528E-16));
#3070=DIRECTION('ref_axis',(5.55111512312528E-16,5.35170356027683E-31,-1.));
#3071=DIRECTION('',(-1.,0.,0.));
#3072=DIRECTION('center_axis',(1.,2.97775923669024E-43,9.91793059909119E-58));
#3073=DIRECTION('ref_axis',(9.91793059909119E-58,2.95332094502966E-100,
-1.));
#3074=DIRECTION('center_axis',(-1.,0.,0.));
#3075=DIRECTION('ref_axis',(0.,0.,-1.));
#3076=DIRECTION('center_axis',(-1.,-9.6407720639449E-16,-5.55111512312528E-16));
#3077=DIRECTION('ref_axis',(5.55111512312528E-16,5.35170356027683E-31,-1.));
#3078=DIRECTION('',(-1.,0.,0.));
#3079=DIRECTION('center_axis',(1.,2.97775923669024E-43,9.91793059909119E-58));
#3080=DIRECTION('ref_axis',(9.91793059909119E-58,2.95332094502966E-100,
-1.));
#3081=DIRECTION('center_axis',(-1.,0.,0.));
#3082=DIRECTION('ref_axis',(0.,0.,-1.));
#3083=DIRECTION('center_axis',(-1.,-9.6407720639449E-16,-5.55111512312528E-16));
#3084=DIRECTION('ref_axis',(5.55111512312528E-16,5.35170356027683E-31,-1.));
#3085=DIRECTION('',(-1.,0.,0.));
#3086=DIRECTION('center_axis',(1.,2.97775923669024E-43,9.91793059909119E-58));
#3087=DIRECTION('ref_axis',(9.91793059909119E-58,2.95332094502966E-100,
-1.));
#3088=DIRECTION('center_axis',(-1.,0.,0.));
#3089=DIRECTION('ref_axis',(0.,0.,-1.));
#3090=DIRECTION('center_axis',(-1.,-9.6407720639449E-16,-5.55111512312528E-16));
#3091=DIRECTION('ref_axis',(5.55111512312528E-16,5.35170356027683E-31,-1.));
#3092=DIRECTION('',(-1.,0.,0.));
#3093=DIRECTION('center_axis',(1.,2.97775923669024E-43,9.91793059909119E-58));
#3094=DIRECTION('ref_axis',(9.91793059909119E-58,2.95332094502966E-100,
-1.));
#3095=DIRECTION('center_axis',(-1.,0.,0.));
#3096=DIRECTION('ref_axis',(0.,0.,-1.));
#3097=DIRECTION('center_axis',(-1.,-9.6407720639449E-16,-5.55111512312528E-16));
#3098=DIRECTION('ref_axis',(5.55111512312528E-16,5.35170356027683E-31,-1.));
#3099=DIRECTION('',(-1.,0.,0.));
#3100=DIRECTION('center_axis',(1.,2.97775923669024E-43,9.91793059909119E-58));
#3101=DIRECTION('ref_axis',(9.91793059909119E-58,2.95332094502966E-100,
-1.));
#3102=DIRECTION('center_axis',(-1.,0.,0.));
#3103=DIRECTION('ref_axis',(0.,0.,-1.));
#3104=DIRECTION('center_axis',(-1.,-9.6407720639449E-16,-5.55111512312528E-16));
#3105=DIRECTION('ref_axis',(5.55111512312528E-16,5.35170356027683E-31,-1.));
#3106=DIRECTION('',(-1.,0.,0.));
#3107=DIRECTION('center_axis',(1.,2.97775923669024E-43,9.91793059909119E-58));
#3108=DIRECTION('ref_axis',(9.91793059909119E-58,2.95332094502966E-100,
-1.));
#3109=DIRECTION('center_axis',(-1.,0.,0.));
#3110=DIRECTION('ref_axis',(0.,0.,-1.));
#3111=DIRECTION('center_axis',(-1.,-9.6407720639449E-16,-5.55111512312528E-16));
#3112=DIRECTION('ref_axis',(5.55111512312528E-16,5.35170356027683E-31,-1.));
#3113=DIRECTION('',(-1.,0.,0.));
#3114=DIRECTION('center_axis',(1.,2.97775923669024E-43,9.91793059909119E-58));
#3115=DIRECTION('ref_axis',(9.91793059909119E-58,2.95332094502966E-100,
-1.));
#3116=DIRECTION('center_axis',(-1.,0.,0.));
#3117=DIRECTION('ref_axis',(0.,0.,-1.));
#3118=DIRECTION('center_axis',(-1.,-9.6407720639449E-16,-5.55111512312528E-16));
#3119=DIRECTION('ref_axis',(5.55111512312528E-16,5.35170356027683E-31,-1.));
#3120=DIRECTION('',(-1.,0.,0.));
#3121=DIRECTION('center_axis',(1.,2.97775923669024E-43,9.91793059909119E-58));
#3122=DIRECTION('ref_axis',(9.91793059909119E-58,2.95332094502966E-100,
-1.));
#3123=DIRECTION('center_axis',(-1.,0.,0.));
#3124=DIRECTION('ref_axis',(0.,0.,-1.));
#3125=DIRECTION('center_axis',(-1.,-9.6407720639449E-16,-5.55111512312528E-16));
#3126=DIRECTION('ref_axis',(5.55111512312528E-16,5.35170356027683E-31,-1.));
#3127=DIRECTION('',(-1.,0.,0.));
#3128=DIRECTION('center_axis',(1.,2.97775923669024E-43,9.91793059909119E-58));
#3129=DIRECTION('ref_axis',(9.91793059909119E-58,2.95332094502966E-100,
-1.));
#3130=DIRECTION('center_axis',(-1.,0.,0.));
#3131=DIRECTION('ref_axis',(0.,0.,-1.));
#3132=DIRECTION('center_axis',(-1.,-9.6407720639449E-16,-5.55111512312528E-16));
#3133=DIRECTION('ref_axis',(5.55111512312528E-16,5.35170356027683E-31,-1.));
#3134=DIRECTION('',(-1.,0.,0.));
#3135=DIRECTION('center_axis',(1.,2.97775923669024E-43,9.91793059909119E-58));
#3136=DIRECTION('ref_axis',(9.91793059909119E-58,2.95332094502966E-100,
-1.));
#3137=DIRECTION('center_axis',(-1.,0.,0.));
#3138=DIRECTION('ref_axis',(0.,0.,-1.));
#3139=DIRECTION('center_axis',(-1.,-9.6407720639449E-16,-5.55111512312528E-16));
#3140=DIRECTION('ref_axis',(5.55111512312528E-16,5.35170356027683E-31,-1.));
#3141=DIRECTION('',(-1.,0.,0.));
#3142=DIRECTION('center_axis',(1.,2.97775923669024E-43,9.91793059909119E-58));
#3143=DIRECTION('ref_axis',(9.91793059909119E-58,2.95332094502966E-100,
-1.));
#3144=DIRECTION('center_axis',(-1.,0.,0.));
#3145=DIRECTION('ref_axis',(0.,0.,-1.));
#3146=DIRECTION('center_axis',(-1.,-9.6407720639449E-16,-5.55111512312528E-16));
#3147=DIRECTION('ref_axis',(5.55111512312528E-16,5.35170356027683E-31,-1.));
#3148=DIRECTION('',(-1.,0.,0.));
#3149=DIRECTION('center_axis',(1.,2.97775923669024E-43,9.91793059909119E-58));
#3150=DIRECTION('ref_axis',(9.91793059909119E-58,2.95332094502966E-100,
-1.));
#3151=DIRECTION('center_axis',(-1.,0.,0.));
#3152=DIRECTION('ref_axis',(0.,0.,-1.));
#3153=DIRECTION('center_axis',(-1.,-9.6407720639449E-16,-5.55111512312528E-16));
#3154=DIRECTION('ref_axis',(5.55111512312528E-16,5.35170356027683E-31,-1.));
#3155=DIRECTION('',(-1.,0.,0.));
#3156=DIRECTION('center_axis',(1.,2.97775923669024E-43,9.91793059909119E-58));
#3157=DIRECTION('ref_axis',(9.91793059909119E-58,2.95332094502966E-100,
-1.));
#3158=DIRECTION('center_axis',(-1.,0.,0.));
#3159=DIRECTION('ref_axis',(0.,0.,-1.));
#3160=DIRECTION('center_axis',(-1.,-9.6407720639449E-16,-5.55111512312528E-16));
#3161=DIRECTION('ref_axis',(5.55111512312528E-16,5.35170356027683E-31,-1.));
#3162=DIRECTION('',(-1.,0.,0.));
#3163=DIRECTION('center_axis',(1.,2.97775923669024E-43,9.91793059909119E-58));
#3164=DIRECTION('ref_axis',(9.91793059909119E-58,2.95332094502966E-100,
-1.));
#3165=DIRECTION('center_axis',(-1.,0.,0.));
#3166=DIRECTION('ref_axis',(0.,0.,-1.));
#3167=DIRECTION('center_axis',(-1.,-9.6407720639449E-16,-5.55111512312528E-16));
#3168=DIRECTION('ref_axis',(5.55111512312528E-16,5.35170356027683E-31,-1.));
#3169=DIRECTION('',(-1.,0.,0.));
#3170=DIRECTION('center_axis',(1.,2.97775923669024E-43,9.91793059909119E-58));
#3171=DIRECTION('ref_axis',(9.91793059909119E-58,2.95332094502966E-100,
-1.));
#3172=DIRECTION('center_axis',(0.,-1.,-3.33066907387547E-15));
#3173=DIRECTION('ref_axis',(0.,3.33066907387547E-15,-1.));
#3174=DIRECTION('',(1.,0.,0.));
#3175=DIRECTION('',(0.,3.33066907387547E-15,-1.));
#3176=DIRECTION('',(1.,0.,0.));
#3177=DIRECTION('center_axis',(0.,-4.19417587080615E-15,1.));
#3178=DIRECTION('ref_axis',(2.97775923669024E-43,-1.,-4.19417587080615E-15));
#3179=DIRECTION('',(1.,0.,0.));
#3180=DIRECTION('',(2.97775923669024E-43,-1.,-4.19417587080615E-15));
#3181=DIRECTION('center_axis',(1.,0.,0.));
#3182=DIRECTION('ref_axis',(0.,-2.80477395694776E-15,1.));
#3183=DIRECTION('',(1.,0.,0.));
#3184=DIRECTION('center_axis',(1.,-3.95602123407452E-58,1.41045991398878E-43));
#3185=DIRECTION('ref_axis',(-1.41045991398878E-43,-2.80477395694776E-15,
1.));
#3186=DIRECTION('center_axis',(0.,4.19417587080615E-15,-1.));
#3187=DIRECTION('ref_axis',(2.26283584078789E-43,1.,4.19417587080615E-15));
#3188=DIRECTION('',(2.26283584078789E-43,1.,4.19417587080615E-15));
#3189=DIRECTION('center_axis',(-1.,-2.97775923669024E-43,-9.91793059909119E-58));
#3190=DIRECTION('ref_axis',(-9.91793059909119E-58,0.,1.));
#3191=DIRECTION('center_axis',(1.,0.,0.));
#3192=DIRECTION('ref_axis',(0.,0.,-1.));
#3193=DIRECTION('',(1.,0.,0.));
#3194=DIRECTION('center_axis',(1.,0.,0.));
#3195=DIRECTION('ref_axis',(0.,0.,-1.));
#3196=DIRECTION('',(1.,0.,0.));
#3197=DIRECTION('center_axis',(1.,0.,0.));
#3198=DIRECTION('ref_axis',(0.,0.,-1.));
#3199=DIRECTION('',(1.,0.,0.));
#3200=DIRECTION('center_axis',(1.,0.,0.));
#3201=DIRECTION('ref_axis',(0.,0.,-1.));
#3202=DIRECTION('',(1.,0.,0.));
#3203=DIRECTION('center_axis',(5.55111512312525E-16,3.31284709714931E-15,
-1.));
#3204=DIRECTION('ref_axis',(0.707106781186548,-0.707106781186547,-1.95001353275754E-15));
#3205=DIRECTION('center_axis',(2.89182415558022E-16,-0.70710678118655,0.707106781186545));
#3206=DIRECTION('ref_axis',(-1.07422864489983E-15,0.707106781186545,0.70710678118655));
#3207=DIRECTION('',(-5.55111512312525E-16,-3.31284709714931E-15,1.));
#3208=DIRECTION('center_axis',(1.07422864489983E-15,-0.707106781186545,
-0.70710678118655));
#3209=DIRECTION('ref_axis',(2.89182415558022E-16,-0.70710678118655,0.707106781186545));
#3210=DIRECTION('center_axis',(1.07422864489983E-15,-0.707106781186545,
-0.70710678118655));
#3211=DIRECTION('ref_axis',(2.89182415558022E-16,-0.70710678118655,0.707106781186545));
#3212=DIRECTION('center_axis',(2.89182415558022E-16,-0.70710678118655,0.707106781186545));
#3213=DIRECTION('ref_axis',(-1.07422864489983E-15,0.707106781186545,0.70710678118655));
#3214=DIRECTION('center_axis',(1.,9.6407720639449E-16,5.55111512312528E-16));
#3215=DIRECTION('ref_axis',(5.55111512312525E-16,3.31284709714931E-15,-1.));
#3216=DIRECTION('',(9.64077206394492E-16,-1.,-3.31284709714931E-15));
#3217=DIRECTION('center_axis',(-1.,-9.6407720639449E-16,-5.55111512312528E-16));
#3218=DIRECTION('ref_axis',(-9.64077206394492E-16,1.,4.02338983290941E-15));
#3219=DIRECTION('',(-9.64077206394492E-16,1.,3.31284709714931E-15));
#3220=DIRECTION('center_axis',(-9.64077206394492E-16,1.,3.31284709714931E-15));
#3221=DIRECTION('ref_axis',(0.707106781186548,3.02424217765737E-15,-0.707106781186547));
#3222=DIRECTION('center_axis',(-9.64077206394491E-16,1.,2.86875788729925E-15));
#3223=DIRECTION('ref_axis',(1.,9.64077206394489E-16,5.55111512312528E-16));
#3224=DIRECTION('center_axis',(-1.,-9.6407720639449E-16,-5.55111512312528E-16));
#3225=DIRECTION('ref_axis',(-5.6843418860808E-16,-3.41060513164848E-15,
1.));
#3226=DIRECTION('center_axis',(9.64077206394492E-16,-1.,-3.31284709714931E-15));
#3227=DIRECTION('ref_axis',(1.,9.6407720639449E-16,5.55111512312528E-16));
#3228=DIRECTION('center_axis',(-9.64077206394492E-16,1.,3.31284709714931E-15));
#3229=DIRECTION('ref_axis',(0.707106781186547,-1.66083111719952E-15,0.707106781186548));
#3230=CARTESIAN_POINT('',(0.,0.,0.));
#3231=CARTESIAN_POINT('Origin',(-5.00000000000027,20.9999999999998,3.15842527496999E-13));
#3232=CARTESIAN_POINT('',(9.14213562373071,20.9999999999998,14.1421356237312));
#3233=CARTESIAN_POINT('',(16.2132034355962,20.9999999999998,21.2132034355967));
#3234=CARTESIAN_POINT('',(2.07106781186524,20.9999999999998,7.07106781186574));
#3235=CARTESIAN_POINT('',(9.14213562373071,20.9999999999999,-14.1421356237307));
#3236=CARTESIAN_POINT('Origin',(-5.00000000000025,20.9999999999998,2.46344026363768E-13));
#3237=CARTESIAN_POINT('',(16.2132034355961,20.9999999999999,-21.2132034355961));
#3238=CARTESIAN_POINT('',(7.37436867076431,20.9999999999999,-12.3743686707643));
#3239=CARTESIAN_POINT('Origin',(-5.00000000000027,20.9999999999998,3.15842527496999E-13));
#3240=CARTESIAN_POINT('',(-11.6497474683057,20.9999999999998,4.94974746830566));
#3241=CARTESIAN_POINT('Origin',(-9.94974746830568,20.9999999999998,4.94974746830567));
#3242=CARTESIAN_POINT('',(-1.7502525316947,20.9999999999998,4.94974746830566));
#3243=CARTESIAN_POINT('Origin',(-0.0502525316947068,20.9999999999998,4.94974746830567));
#3244=CARTESIAN_POINT('',(-11.6497474683057,20.9999999999998,-4.94974746830535));
#3245=CARTESIAN_POINT('Origin',(-9.94974746830568,20.9999999999998,-4.94974746830534));
#3246=CARTESIAN_POINT('',(-1.7502525316947,20.9999999999998,-4.94974746830535));
#3247=CARTESIAN_POINT('Origin',(-0.0502525316947068,20.9999999999998,-4.94974746830534));
#3248=CARTESIAN_POINT('Origin',(-5.00000000000025,17.9999999999998,2.46344026363768E-13));
#3249=CARTESIAN_POINT('',(9.14213562373071,17.9999999999998,14.1421356237312));
#3250=CARTESIAN_POINT('',(9.14213562373071,17.9999999999998,14.1421356237312));
#3251=CARTESIAN_POINT('',(9.14213562373071,17.9999999999998,-14.1421356237307));
#3252=CARTESIAN_POINT('Origin',(-5.00000000000025,17.9999999999998,2.46344026363768E-13));
#3253=CARTESIAN_POINT('',(9.14213562373071,17.9999999999998,-14.1421356237307));
#3254=CARTESIAN_POINT('Origin',(-9.94974746830568,17.9999999999998,4.94974746830567));
#3255=CARTESIAN_POINT('',(-11.6497474683057,19.9999999999998,4.94974746830567));
#3256=CARTESIAN_POINT('Origin',(-9.94974746830568,19.9999999999998,4.94974746830567));
#3257=CARTESIAN_POINT('',(-11.6497474683057,17.9999999999998,4.94974746830567));
#3258=CARTESIAN_POINT('Origin',(-0.0502525316947068,17.9999999999998,4.94974746830567));
#3259=CARTESIAN_POINT('',(-1.75025253169471,19.9999999999998,4.94974746830567));
#3260=CARTESIAN_POINT('Origin',(-0.0502525316947068,19.9999999999998,4.94974746830567));
#3261=CARTESIAN_POINT('',(-1.75025253169471,17.9999999999998,4.94974746830567));
#3262=CARTESIAN_POINT('Origin',(-9.94974746830568,17.9999999999998,-4.94974746830534));
#3263=CARTESIAN_POINT('',(-11.6497474683057,19.9999999999998,-4.94974746830534));
#3264=CARTESIAN_POINT('Origin',(-9.94974746830568,19.9999999999998,-4.94974746830534));
#3265=CARTESIAN_POINT('',(-11.6497474683057,17.9999999999998,-4.94974746830534));
#3266=CARTESIAN_POINT('Origin',(-0.0502525316947068,17.9999999999998,-4.94974746830534));
#3267=CARTESIAN_POINT('',(-1.75025253169471,19.9999999999998,-4.94974746830534));
#3268=CARTESIAN_POINT('Origin',(-0.0502525316947068,19.9999999999998,-4.94974746830534));
#3269=CARTESIAN_POINT('',(-1.75025253169471,17.9999999999998,-4.94974746830534));
#3270=CARTESIAN_POINT('Origin',(-5.00000000000027,27.9999999999998,3.39103745083948E-13));
#3271=CARTESIAN_POINT('',(16.2132034355962,27.9999999999998,21.2132034355967));
#3272=CARTESIAN_POINT('',(16.2132034355962,24.9999999999998,21.2132034355967));
#3273=CARTESIAN_POINT('',(16.2132034355961,27.9999999999999,-21.2132034355961));
#3274=CARTESIAN_POINT('',(16.2132034355961,27.9999999999999,-21.2132034355961));
#3275=CARTESIAN_POINT('Origin',(-5.00000000000027,27.9999999999998,3.39103745083948E-13));
#3276=CARTESIAN_POINT('Origin',(-5.,27.9999999999999,-40.));
#3277=CARTESIAN_POINT('',(-3.2,27.9999999999999,-40.));
#3278=CARTESIAN_POINT('Origin',(-5.,27.9999999999998,-40.));
#3279=CARTESIAN_POINT('',(-3.2,23.9999999999999,-40.));
#3280=CARTESIAN_POINT('',(-3.2,27.9999999999999,-40.));
#3281=CARTESIAN_POINT('Origin',(-5.,23.9999999999999,-40.));
#3282=CARTESIAN_POINT('Origin',(-5.,23.9999999999999,-40.));
#3283=CARTESIAN_POINT('Origin',(-5.,27.9999999999999,40.));
#3284=CARTESIAN_POINT('',(-3.2,27.9999999999999,40.));
#3285=CARTESIAN_POINT('Origin',(-5.,27.9999999999998,40.));
#3286=CARTESIAN_POINT('',(-3.2,23.9999999999999,40.));
#3287=CARTESIAN_POINT('',(-3.2,27.9999999999999,40.));
#3288=CARTESIAN_POINT('Origin',(-5.,23.9999999999999,40.));
#3289=CARTESIAN_POINT('Origin',(-5.,23.9999999999999,40.));
#3290=CARTESIAN_POINT('Origin',(-5.00000000000026,17.9999999999998,3.05975274112455E-13));
#3291=CARTESIAN_POINT('',(-5.00000000000026,17.9999999999999,-10.9999999999997));
#3292=CARTESIAN_POINT('Origin',(-5.00000000000026,17.9999999999998,3.05975274112455E-13));
#3293=CARTESIAN_POINT('',(-5.00000000000026,19.9999999999999,-10.9999999999997));
#3294=CARTESIAN_POINT('',(-5.00000000000026,17.9999999999998,-10.9999999999997));
#3295=CARTESIAN_POINT('Origin',(-5.00000000000027,19.9999999999998,3.12600968306754E-13));
#3296=CARTESIAN_POINT('Origin',(-5.00000000000027,19.9999999999998,3.12600968306754E-13));
#3297=CARTESIAN_POINT('Origin',(-5.00000000000027,27.9999999999998,3.39103745083948E-13));
#3298=CARTESIAN_POINT('',(34.9999999999997,27.9999999999998,30.0000000000004));
#3299=CARTESIAN_POINT('',(34.9999999999997,28.,-29.9999999999997));
#3300=CARTESIAN_POINT('',(34.9999999999997,27.9999999999998,25.0000000000004));
#3301=CARTESIAN_POINT('Origin',(-5.00000000000027,27.9999999999998,3.39103745083948E-13));
#3302=CARTESIAN_POINT('Origin',(-5.00000000000026,17.9999999999998,3.05975274112455E-13));
#3303=CARTESIAN_POINT('',(-5.00000000000023,18.,-49.9999999999997));
#3304=CARTESIAN_POINT('Origin',(-5.00000000000026,17.9999999999998,3.05975274112455E-13));
#3305=CARTESIAN_POINT('',(19.7487373415289,17.9999999999998,24.7487373415294));
#3306=CARTESIAN_POINT('',(2.07106781186524,17.9999999999998,7.07106781186573));
#3307=CARTESIAN_POINT('',(19.7487373415289,17.9999999999998,-24.7487373415289));
#3308=CARTESIAN_POINT('Origin',(-5.00000000000025,17.9999999999998,2.46344026363768E-13));
#3309=CARTESIAN_POINT('',(7.37436867076432,17.9999999999999,-12.3743686707643));
#3310=CARTESIAN_POINT('Origin',(-5.00000000000027,27.9999999999998,3.30221960886947E-13));
#3311=CARTESIAN_POINT('',(-3.4,27.9999999999999,40.));
#3312=CARTESIAN_POINT('Origin',(-5.,27.9999999999999,40.));
#3313=CARTESIAN_POINT('Origin',(-5.00000000000027,27.9999999999998,3.30221960886947E-13));
#3314=CARTESIAN_POINT('',(-3.4,27.9999999999999,-40.));
#3315=CARTESIAN_POINT('Origin',(-5.,27.9999999999999,-40.));
#3316=CARTESIAN_POINT('Origin',(-5.00000000000027,27.9999999999998,3.30221960886947E-13));
#3317=CARTESIAN_POINT('',(-5.00000000000024,28.,-49.9999999999997));
#3318=CARTESIAN_POINT('Origin',(-5.00000000000027,27.9999999999998,3.39103745083948E-13));
#3319=CARTESIAN_POINT('',(34.9999999999998,28.,-49.9999999999997));
#3320=CARTESIAN_POINT('',(-5.00000000000024,28.,-49.9999999999997));
#3321=CARTESIAN_POINT('',(34.9999999999997,27.9999999999998,25.0000000000004));
#3322=CARTESIAN_POINT('Origin',(-5.00000000000027,27.9999999999998,3.30221960886947E-13));
#3323=CARTESIAN_POINT('',(-5.0000000000003,27.9999999999997,50.0000000000003));
#3324=CARTESIAN_POINT('Origin',(-5.00000000000027,27.9999999999998,3.39103745083948E-13));
#3325=CARTESIAN_POINT('',(34.9999999999997,27.9999999999997,50.0000000000004));
#3326=CARTESIAN_POINT('',(34.9999999999997,27.9999999999998,25.0000000000004));
#3327=CARTESIAN_POINT('',(-5.0000000000003,27.9999999999997,50.0000000000003));
#3328=CARTESIAN_POINT('Origin',(-5.00000000000027,27.9999999999998,3.30221960886947E-13));
#3329=CARTESIAN_POINT('',(12.6776695296634,27.9999999999999,-17.6776695296634));
#3330=CARTESIAN_POINT('',(7.3743686707643,27.9999999999999,-12.3743686707643));
#3331=CARTESIAN_POINT('',(12.6776695296635,27.9999999999998,17.677669529664));
#3332=CARTESIAN_POINT('Origin',(-5.00000000000027,27.9999999999998,3.39103745083948E-13));
#3333=CARTESIAN_POINT('',(2.07106781186525,27.9999999999998,7.07106781186574));
#3334=CARTESIAN_POINT('Origin',(-5.,27.9999999999999,40.));
#3335=CARTESIAN_POINT('',(-3.4,29.9999999999999,40.));
#3336=CARTESIAN_POINT('',(-3.4,27.9999999999999,40.));
#3337=CARTESIAN_POINT('Origin',(-5.,29.9999999999999,40.));
#3338=CARTESIAN_POINT('Origin',(-5.,29.9999999999999,40.));
#3339=CARTESIAN_POINT('',(-2.,29.9999999999999,40.));
#3340=CARTESIAN_POINT('Origin',(-5.,29.9999999999999,40.));
#3341=CARTESIAN_POINT('Origin',(-5.,27.9999999999999,-40.));
#3342=CARTESIAN_POINT('',(-3.4,29.9999999999999,-40.));
#3343=CARTESIAN_POINT('',(-3.4,27.9999999999999,-40.));
#3344=CARTESIAN_POINT('Origin',(-5.,29.9999999999999,-40.));
#3345=CARTESIAN_POINT('Origin',(-5.,29.9999999999999,-40.));
#3346=CARTESIAN_POINT('',(-2.,29.9999999999999,-40.));
#3347=CARTESIAN_POINT('Origin',(-5.,29.9999999999999,-40.));
#3348=CARTESIAN_POINT('Origin',(30.9999999999997,67.9999999999999,4.88270974339297E-13));
#3349=CARTESIAN_POINT('',(30.9999999999997,33.0000004917383,-43.2000006705523));
#3350=CARTESIAN_POINT('Origin',(30.9999999999997,33.0000004917383,-45.0000006705523));
#3351=CARTESIAN_POINT('Origin',(30.9999999999997,67.9999999999999,4.92711866437797E-13));
#3352=CARTESIAN_POINT('',(30.9999999999997,90.,-28.2));
#3353=CARTESIAN_POINT('Origin',(30.9999999999997,90.,-30.));
#3354=CARTESIAN_POINT('Origin',(30.9999999999997,67.9999999999999,4.92711866437797E-13));
#3355=CARTESIAN_POINT('',(30.9999999999997,90.,31.8));
#3356=CARTESIAN_POINT('Origin',(30.9999999999997,90.,30.));
#3357=CARTESIAN_POINT('Origin',(30.9999999999997,67.9999999999999,4.88270974339297E-13));
#3358=CARTESIAN_POINT('',(30.9999999999997,33.0000004917383,46.8000006705523));
#3359=CARTESIAN_POINT('Origin',(30.9999999999997,33.0000004917383,45.0000006705523));
#3360=CARTESIAN_POINT('Origin',(9.14213562373071,17.9999999999998,14.1421356237312));
#3361=CARTESIAN_POINT('',(9.14213562373071,32.9999999999998,14.1421356237312));
#3362=CARTESIAN_POINT('',(12.6776695296635,32.9999999999998,17.677669529664));
#3363=CARTESIAN_POINT('',(2.07106781186526,32.9999999999998,7.07106781186575));
#3364=CARTESIAN_POINT('',(9.14213562373071,47.9999999999998,14.1421356237312));
#3365=CARTESIAN_POINT('',(9.14213562373071,17.9999999999998,14.1421356237312));
#3366=CARTESIAN_POINT('',(19.7487373415289,47.9999999999998,24.7487373415294));
#3367=CARTESIAN_POINT('',(-5.00000000000025,47.9999999999998,2.46344026363768E-13));
#3368=CARTESIAN_POINT('',(19.7487373415289,17.9999999999998,24.7487373415294));
#3369=CARTESIAN_POINT('',(12.6776695296635,27.9999999999998,17.677669529664));
#3370=CARTESIAN_POINT('Origin',(19.5710678118652,47.9999999999998,2.48689957516035E-13));
#3371=CARTESIAN_POINT('',(24.9999999999997,47.9999999999998,18.0277563773203));
#3372=CARTESIAN_POINT('',(24.9999999999997,47.9999999999998,-18.0277563773198));
#3373=CARTESIAN_POINT('',(24.9999999999997,47.9999999999998,3.69987297306265E-13));
#3374=CARTESIAN_POINT('Origin',(-5.00000000000025,47.9999999999998,2.46344026363768E-13));
#3375=CARTESIAN_POINT('',(9.14213562373071,47.9999999999998,-14.1421356237307));
#3376=CARTESIAN_POINT('Origin',(-5.00000000000025,47.9999999999998,2.46344026363768E-13));
#3377=CARTESIAN_POINT('',(19.7487373415289,47.9999999999998,-24.7487373415289));
#3378=CARTESIAN_POINT('',(23.2842712474617,47.9999999999998,-28.2842712474617));
#3379=CARTESIAN_POINT('Origin',(-5.00000000000025,47.9999999999998,2.46344026363768E-13));
#3380=CARTESIAN_POINT('Origin',(-5.00000000000025,17.9999999999998,2.46344026363768E-13));
#3381=CARTESIAN_POINT('',(24.9999999999997,30.9999999999998,18.0277563773203));
#3382=CARTESIAN_POINT('',(24.9999999999997,17.9999999999998,18.0277563773202));
#3383=CARTESIAN_POINT('',(24.9999999999997,30.9999999999999,-18.0277563773197));
#3384=CARTESIAN_POINT('Origin',(-5.00000000000025,31.,2.46344026363768E-13));
#3385=CARTESIAN_POINT('',(24.9999999999997,17.9999999999998,-18.0277563773197));
#3386=CARTESIAN_POINT('',(19.7487373415289,17.9999999999998,-24.7487373415289));
#3387=CARTESIAN_POINT('Origin',(-5.00000000000025,17.9999999999998,2.46344026363768E-13));
#3388=CARTESIAN_POINT('',(9.14213562373071,32.9999999999999,-14.1421356237307));
#3389=CARTESIAN_POINT('Origin',(-5.00000000000025,32.9999999999998,2.46344026363768E-13));
#3390=CARTESIAN_POINT('',(9.14213562373071,17.9999999999998,-14.1421356237307));
#3391=CARTESIAN_POINT('Origin',(19.7487373415289,17.9999999999998,-24.7487373415289));
#3392=CARTESIAN_POINT('',(12.6776695296634,32.9999999999999,-17.6776695296634));
#3393=CARTESIAN_POINT('',(7.37436867076429,32.9999999999999,-12.3743686707643));
#3394=CARTESIAN_POINT('',(12.6776695296634,27.9999999999999,-17.6776695296634));
#3395=CARTESIAN_POINT('Origin',(-5.00000000000027,27.9999999999998,3.39103745083948E-13));
#3396=CARTESIAN_POINT('Origin',(-5.00000000000028,32.9999999999998,3.55667980569695E-13));
#3397=CARTESIAN_POINT('Origin',(24.9999999999997,67.9999999999999,4.88270974339297E-13));
#3398=CARTESIAN_POINT('',(24.9999999999997,31.,-41.5358993393198));
#3399=CARTESIAN_POINT('',(24.9999999999997,30.9999999999997,47.0000000000004));
#3400=CARTESIAN_POINT('',(24.9999999999997,36.4641024940197,-46.9999999999996));
#3401=CARTESIAN_POINT('Origin',(24.9999999999997,33.0000004917383,-45.0000006705523));
#3402=CARTESIAN_POINT('',(24.9999999999997,58.,-46.9999999999996));
#3403=CARTESIAN_POINT('',(24.9999999999998,31.,-46.9999999999996));
#3404=CARTESIAN_POINT('',(24.9999999999997,90.4802514024041,-33.9710651707683));
#3405=CARTESIAN_POINT('Origin',(24.9999999999997,57.9999999999999,4.55142503367803E-13));
#3406=CARTESIAN_POINT('',(24.9999999999997,93.9937610716077,-30.2233215236179));
#3407=CARTESIAN_POINT('Origin',(24.9999999999997,90.,-30.));
#3408=CARTESIAN_POINT('',(24.9999999999997,93.9937610716076,30.2233215236188));
#3409=CARTESIAN_POINT('Origin',(24.9999999999997,57.9999999999999,4.55142503367803E-13));
#3410=CARTESIAN_POINT('',(24.9999999999997,90.4802514024052,33.9710651707681));
#3411=CARTESIAN_POINT('Origin',(24.9999999999997,90.,30.));
#3412=CARTESIAN_POINT('',(24.9999999999997,57.9999999999997,47.0000000000005));
#3413=CARTESIAN_POINT('Origin',(24.9999999999997,57.9999999999999,4.55142503367803E-13));
#3414=CARTESIAN_POINT('',(24.9999999999997,36.4641024940193,47.0000000000004));
#3415=CARTESIAN_POINT('',(24.9999999999997,57.9999999999997,47.0000000000005));
#3416=CARTESIAN_POINT('',(24.9999999999997,30.9999999999997,41.5358993393199));
#3417=CARTESIAN_POINT('Origin',(24.9999999999997,33.0000004917383,45.0000006705523));
#3418=CARTESIAN_POINT('',(24.9999999999997,30.9999999999997,47.0000000000004));
#3419=CARTESIAN_POINT('',(24.9999999999997,73.0999999999999,16.2500000000013));
#3420=CARTESIAN_POINT('Origin',(24.9999999999997,73.0999999999999,14.7500000000012));
#3421=CARTESIAN_POINT('',(24.9999999999997,62.8999999999998,-33.2500000000011));
#3422=CARTESIAN_POINT('Origin',(24.9999999999997,62.8999999999998,-34.7500000000012));
#3423=CARTESIAN_POINT('',(24.9999999999997,62.8999999999998,16.2500000000013));
#3424=CARTESIAN_POINT('Origin',(24.9999999999997,62.8999999999998,14.7500000000012));
#3425=CARTESIAN_POINT('',(24.9999999999997,73.0999999999999,-33.2500000000011));
#3426=CARTESIAN_POINT('Origin',(24.9999999999997,73.0999999999999,-34.7500000000012));
#3427=CARTESIAN_POINT('',(24.9999999999997,53.403088939301,23.306226367348));
#3428=CARTESIAN_POINT('',(24.9999999999997,77.9999999999999,-25.6173769148985));
#3429=CARTESIAN_POINT('Origin',(24.9999999999997,67.9999999999998,4.65511402334482E-13));
#3430=CARTESIAN_POINT('',(24.9999999999997,77.9999999999999,-29.5000000000009));
#3431=CARTESIAN_POINT('',(24.9999999999997,77.9999999999999,4.75000000000073));
#3432=CARTESIAN_POINT('',(24.9999999999997,77.4999999999999,-30.0000000000009));
#3433=CARTESIAN_POINT('Origin',(24.9999999999997,77.4999999999999,-29.5000000000009));
#3434=CARTESIAN_POINT('',(24.9999999999997,58.4999999999999,-30.0000000000009));
#3435=CARTESIAN_POINT('',(24.9999999999997,72.7499999999999,-30.0000000000009));
#3436=CARTESIAN_POINT('',(24.9999999999997,57.9999999999999,-29.5000000000009));
#3437=CARTESIAN_POINT('Origin',(24.9999999999997,58.4999999999998,-29.500000000001));
#3438=CARTESIAN_POINT('',(24.9999999999997,57.9999999999998,9.50000000000093));
#3439=CARTESIAN_POINT('',(24.9999999999997,57.9999999999998,-14.7500000000002));
#3440=CARTESIAN_POINT('',(24.9999999999997,58.4999999999998,10.000000000001));
#3441=CARTESIAN_POINT('Origin',(24.9999999999997,58.4999999999998,9.50000000000093));
#3442=CARTESIAN_POINT('',(24.9999999999997,77.4999999999999,10.000000000001));
#3443=CARTESIAN_POINT('',(24.9999999999997,63.2499999999998,10.000000000001));
#3444=CARTESIAN_POINT('',(24.9999999999997,77.9999999999998,9.50000000000097));
#3445=CARTESIAN_POINT('Origin',(24.9999999999997,77.4999999999998,9.50000000000097));
#3446=CARTESIAN_POINT('',(24.9999999999997,77.9999999999998,-20.1556443707459));
#3447=CARTESIAN_POINT('',(24.9999999999997,77.9999999999999,4.75000000000073));
#3448=CARTESIAN_POINT('',(24.9999999999997,56.0570727685189,19.0687306641939));
#3449=CARTESIAN_POINT('Origin',(24.9999999999997,67.9999999999998,4.65511402334482E-13));
#3450=CARTESIAN_POINT('',(24.9999999999997,60.7015444696504,11.6531131836742));
#3451=CARTESIAN_POINT('Origin',(9.99999999999969,77.9999999999998,-20.1556443707459));
#3452=CARTESIAN_POINT('',(9.99999999999968,77.9999999999998,-20.1556443707459));
#3453=CARTESIAN_POINT('',(9.99999999999969,77.9999999999999,-25.6173769148985));
#3454=CARTESIAN_POINT('',(9.99999999999968,77.9999999999998,9.50000000000096));
#3455=CARTESIAN_POINT('',(4.99999999999969,77.9999999999999,-25.6173769148985));
#3456=CARTESIAN_POINT('',(9.99999999999969,77.9999999999999,-25.6173769148985));
#3457=CARTESIAN_POINT('',(4.99999999999969,77.9999999999998,-20.1556443707459));
#3458=CARTESIAN_POINT('',(4.9999999999997,77.9999999999999,-35.0778221853728));
#3459=CARTESIAN_POINT('',(9.99999999999969,77.9999999999998,-20.1556443707459));
#3460=CARTESIAN_POINT('Origin',(9.99999999999969,67.9999999999998,4.65511402334482E-13));
#3461=CARTESIAN_POINT('',(4.99999999999969,56.0570727685189,19.0687306641939));
#3462=CARTESIAN_POINT('Origin',(4.99999999999974,67.9999999999998,4.65511402334482E-13));
#3463=CARTESIAN_POINT('',(9.99999999999969,56.0570727685189,19.0687306641939));
#3464=CARTESIAN_POINT('',(9.99999999999969,77.9999999999998,-20.1556443707459));
#3465=CARTESIAN_POINT('Origin',(9.99999999999969,53.403088939301,23.306226367348));
#3466=CARTESIAN_POINT('',(4.99999999999969,53.403088939301,23.306226367348));
#3467=CARTESIAN_POINT('',(4.99999999999969,67.7216114427518,0.444490392955699));
#3468=CARTESIAN_POINT('',(9.99999999999969,53.403088939301,23.306226367348));
#3469=CARTESIAN_POINT('Origin',(9.99999999999969,67.9999999999998,4.65511402334482E-13));
#3470=CARTESIAN_POINT('Origin',(4.99999999999974,67.9999999999998,4.65511402334482E-13));
#3471=CARTESIAN_POINT('',(9.99999999999969,77.9999999999999,-25.6173769148985));
#3472=CARTESIAN_POINT('Origin',(34.9999999999997,77.9999999999999,9.50000000000097));
#3473=CARTESIAN_POINT('',(9.99999999999968,77.9999999999998,9.50000000000096));
#3474=CARTESIAN_POINT('',(34.9999999999997,77.9999999999999,9.50000000000097));
#3475=CARTESIAN_POINT('',(9.99999999999968,77.9999999999998,9.50000000000096));
#3476=CARTESIAN_POINT('Origin',(34.9999999999997,77.9999999999999,9.50000000000097));
#3477=CARTESIAN_POINT('',(9.99999999999968,77.9999999999999,-29.5000000000009));
#3478=CARTESIAN_POINT('',(9.99999999999968,77.9999999999998,9.50000000000096));
#3479=CARTESIAN_POINT('',(34.9999999999997,77.9999999999999,-29.5000000000009));
#3480=CARTESIAN_POINT('Origin',(-5.,27.9999999999999,40.));
#3481=CARTESIAN_POINT('',(-2.,37.9999999999998,40.));
#3482=CARTESIAN_POINT('',(-2.,27.9999999999999,40.));
#3483=CARTESIAN_POINT('Origin',(-5.,37.9999999999998,40.));
#3484=CARTESIAN_POINT('Origin',(-5.,27.9999999999999,-40.));
#3485=CARTESIAN_POINT('',(-2.,37.9999999999998,-40.));
#3486=CARTESIAN_POINT('',(-2.,27.9999999999999,-40.));
#3487=CARTESIAN_POINT('Origin',(-5.,37.9999999999998,-40.));
#3488=CARTESIAN_POINT('Origin',(24.9999999999997,33.0000004917383,-45.0000006705523));
#3489=CARTESIAN_POINT('',(34.9999999999997,36.4641024940197,-46.9999999999996));
#3490=CARTESIAN_POINT('',(24.9999999999997,36.4641024940197,-46.9999999999996));
#3491=CARTESIAN_POINT('',(34.9999999999997,31.,-41.5358993393198));
#3492=CARTESIAN_POINT('',(24.9999999999997,31.,-41.5358993393198));
#3493=CARTESIAN_POINT('Origin',(34.9999999999997,33.0000004917383,-45.0000006705523));
#3494=CARTESIAN_POINT('Origin',(24.9999999999997,33.0000004917383,-45.0000006705523));
#3495=CARTESIAN_POINT('',(34.9999999999997,33.0000004917383,-43.2000006705523));
#3496=CARTESIAN_POINT('',(24.9999999999997,33.0000004917383,-43.2000006705523));
#3497=CARTESIAN_POINT('Origin',(34.9999999999997,33.0000004917383,-45.0000006705523));
#3498=CARTESIAN_POINT('Origin',(34.9999999999998,31.,-46.9999999999996));
#3499=CARTESIAN_POINT('',(34.9999999999997,30.9999999999997,41.53589933932));
#3500=CARTESIAN_POINT('',(24.9999999999997,30.9999999999997,41.5358993393199));
#3501=CARTESIAN_POINT('',(34.9999999999997,30.9999999999999,-23.4999999999996));
#3502=CARTESIAN_POINT('Origin',(24.9999999999997,90.,30.));
#3503=CARTESIAN_POINT('',(34.9999999999997,93.9937610716076,30.2233215236189));
#3504=CARTESIAN_POINT('',(24.9999999999997,93.9937610716076,30.2233215236188));
#3505=CARTESIAN_POINT('',(34.9999999999997,90.4802514024053,33.9710651707681));
#3506=CARTESIAN_POINT('Origin',(34.9999999999997,90.,30.));
#3507=CARTESIAN_POINT('',(24.9999999999997,90.4802514024052,33.9710651707681));
#3508=CARTESIAN_POINT('Origin',(24.9999999999997,90.,30.));
#3509=CARTESIAN_POINT('',(34.9999999999997,90.,31.8));
#3510=CARTESIAN_POINT('',(24.9999999999997,90.,31.8));
#3511=CARTESIAN_POINT('Origin',(34.9999999999997,90.,30.));
#3512=CARTESIAN_POINT('Origin',(34.9999999999997,57.9999999999999,4.60693618490929E-13));
#3513=CARTESIAN_POINT('',(34.9999999999997,57.9999999999997,47.0000000000005));
#3514=CARTESIAN_POINT('Origin',(34.9999999999997,57.9999999999999,4.60693618490929E-13));
#3515=CARTESIAN_POINT('',(34.9999999999997,57.9999999999997,47.0000000000005));
#3516=CARTESIAN_POINT('Origin',(24.9999999999997,33.0000004917383,45.0000006705523));
#3517=CARTESIAN_POINT('',(34.9999999999997,33.0000004917383,46.8000006705523));
#3518=CARTESIAN_POINT('',(24.9999999999997,33.0000004917383,46.8000006705523));
#3519=CARTESIAN_POINT('Origin',(34.9999999999997,33.0000004917383,45.0000006705523));
#3520=CARTESIAN_POINT('Origin',(24.9999999999997,33.0000004917383,45.0000006705523));
#3521=CARTESIAN_POINT('',(34.9999999999997,36.4641024940193,47.0000000000004));
#3522=CARTESIAN_POINT('',(24.9999999999997,36.4641024940193,47.0000000000004));
#3523=CARTESIAN_POINT('Origin',(34.9999999999997,33.0000004917383,45.0000006705523));
#3524=CARTESIAN_POINT('Origin',(24.9999999999997,90.,-30.));
#3525=CARTESIAN_POINT('',(34.9999999999997,90.,-28.2));
#3526=CARTESIAN_POINT('',(24.9999999999997,90.,-28.2));
#3527=CARTESIAN_POINT('Origin',(34.9999999999997,90.,-30.));
#3528=CARTESIAN_POINT('Origin',(24.9999999999997,90.,-30.));
#3529=CARTESIAN_POINT('',(34.9999999999997,93.9937610716077,-30.2233215236179));
#3530=CARTESIAN_POINT('',(24.9999999999997,93.9937610716077,-30.2233215236179));
#3531=CARTESIAN_POINT('',(34.9999999999997,90.4802514024041,-33.9710651707683));
#3532=CARTESIAN_POINT('',(24.9999999999997,90.4802514024041,-33.9710651707683));
#3533=CARTESIAN_POINT('Origin',(34.9999999999997,90.,-30.));
#3534=CARTESIAN_POINT('Origin',(34.9999999999997,57.9999999999999,4.60693618490929E-13));
#3535=CARTESIAN_POINT('',(34.9999999999997,58.,-46.9999999999996));
#3536=CARTESIAN_POINT('',(34.9999999999997,58.,-46.9999999999996));
#3537=CARTESIAN_POINT('Origin',(34.9999999999997,57.9999999999999,4.60693618490929E-13));
#3538=CARTESIAN_POINT('Origin',(34.9999999999997,57.9999999999999,4.60693618490929E-13));
#3539=CARTESIAN_POINT('Origin',(34.9999999999997,57.9999999999999,4.60693618490929E-13));
#3540=CARTESIAN_POINT('Origin',(34.9999999999997,30.9999999999997,47.0000000000004));
#3541=CARTESIAN_POINT('',(34.9999999999997,49.4999999999997,47.0000000000005));
#3542=CARTESIAN_POINT('Origin',(34.9999999999997,58.,-46.9999999999996));
#3543=CARTESIAN_POINT('',(34.9999999999997,63.,-46.9999999999996));
#3544=CARTESIAN_POINT('Origin',(34.9999999999997,77.4999999999998,9.50000000000097));
#3545=CARTESIAN_POINT('',(9.99999999999968,77.4999999999999,10.000000000001));
#3546=CARTESIAN_POINT('',(34.9999999999997,77.4999999999999,10.000000000001));
#3547=CARTESIAN_POINT('Origin',(9.99999999999968,77.4999999999998,9.50000000000096));
#3548=CARTESIAN_POINT('Origin',(34.9999999999997,58.4999999999998,10.000000000001));
#3549=CARTESIAN_POINT('',(9.99999999999969,58.4999999999998,10.000000000001));
#3550=CARTESIAN_POINT('',(34.9999999999997,58.4999999999998,10.000000000001));
#3551=CARTESIAN_POINT('',(9.99999999999969,58.4999999999998,10.000000000001));
#3552=CARTESIAN_POINT('Origin',(34.9999999999997,58.4999999999998,9.50000000000094));
#3553=CARTESIAN_POINT('',(9.9999999999997,57.9999999999998,9.50000000000092));
#3554=CARTESIAN_POINT('',(34.9999999999997,57.9999999999998,9.50000000000094));
#3555=CARTESIAN_POINT('Origin',(9.9999999999997,58.4999999999998,9.50000000000092));
#3556=CARTESIAN_POINT('Origin',(34.9999999999997,62.8999999999998,14.7500000000012));
#3557=CARTESIAN_POINT('',(4.99999999999969,62.8999999999998,16.2500000000013));
#3558=CARTESIAN_POINT('',(34.9999999999997,62.8999999999998,16.2500000000013));
#3559=CARTESIAN_POINT('Origin',(4.99999999999969,62.8999999999998,14.7500000000012));
#3560=CARTESIAN_POINT('Origin',(34.9999999999997,73.0999999999999,-34.7500000000011));
#3561=CARTESIAN_POINT('',(4.99999999999971,73.0999999999999,-33.2500000000011));
#3562=CARTESIAN_POINT('',(34.9999999999997,73.0999999999999,-33.250000000001));
#3563=CARTESIAN_POINT('Origin',(4.99999999999971,73.0999999999999,-34.7500000000012));
#3564=CARTESIAN_POINT('Origin',(34.9999999999997,73.0999999999999,14.7500000000012));
#3565=CARTESIAN_POINT('',(4.99999999999968,73.0999999999998,16.2500000000013));
#3566=CARTESIAN_POINT('',(34.9999999999997,73.0999999999999,16.2500000000013));
#3567=CARTESIAN_POINT('Origin',(4.99999999999968,73.0999999999998,14.7500000000012));
#3568=CARTESIAN_POINT('Origin',(34.9999999999997,62.8999999999999,-34.7500000000012));
#3569=CARTESIAN_POINT('',(4.99999999999972,62.8999999999998,-33.2500000000011));
#3570=CARTESIAN_POINT('',(34.9999999999997,62.8999999999999,-33.2500000000011));
#3571=CARTESIAN_POINT('Origin',(4.99999999999972,62.8999999999998,-34.7500000000012));
#3572=CARTESIAN_POINT('Origin',(34.9999999999997,57.9999999999999,-29.5000000000009));
#3573=CARTESIAN_POINT('',(9.9999999999997,57.9999999999999,-29.5000000000009));
#3574=CARTESIAN_POINT('',(34.9999999999997,57.9999999999999,-29.5000000000009));
#3575=CARTESIAN_POINT('',(9.9999999999997,57.9999999999998,-29.5000000000009));
#3576=CARTESIAN_POINT('Origin',(34.9999999999997,58.4999999999999,-29.500000000001));
#3577=CARTESIAN_POINT('',(9.9999999999997,58.4999999999999,-30.0000000000009));
#3578=CARTESIAN_POINT('',(34.9999999999997,58.4999999999999,-30.0000000000009));
#3579=CARTESIAN_POINT('Origin',(9.9999999999997,58.4999999999998,-29.500000000001));
#3580=CARTESIAN_POINT('Origin',(34.9999999999997,77.4999999999999,-30.0000000000009));
#3581=CARTESIAN_POINT('',(9.99999999999968,77.4999999999999,-30.0000000000009));
#3582=CARTESIAN_POINT('',(34.9999999999997,77.4999999999999,-30.0000000000009));
#3583=CARTESIAN_POINT('',(9.99999999999968,77.4999999999999,-30.0000000000009));
#3584=CARTESIAN_POINT('Origin',(34.9999999999997,77.4999999999999,-29.5000000000009));
#3585=CARTESIAN_POINT('Origin',(9.99999999999968,77.4999999999999,-29.5000000000009));
#3586=CARTESIAN_POINT('Origin',(9.99999999999969,67.9999999999998,-9.99999999999999));
#3587=CARTESIAN_POINT('',(9.99999999999969,67.9999999999998,6.50000000000078));
#3588=CARTESIAN_POINT('Origin',(9.99999999999969,67.9999999999998,4.71062517457607E-13));
#3589=CARTESIAN_POINT('Origin',(34.9999999999997,67.9999999999999,4.8494030526542E-13));
#3590=CARTESIAN_POINT('',(4.99999999999969,67.9999999999998,6.50000000000078));
#3591=CARTESIAN_POINT('',(34.9999999999997,67.9999999999999,6.50000000000079));
#3592=CARTESIAN_POINT('Origin',(4.99999999999969,67.9999999999998,4.68286959896045E-13));
#3593=CARTESIAN_POINT('Origin',(-5.00000000000028,32.9999999999998,3.55667980569695E-13));
#3594=CARTESIAN_POINT('Origin',(-3.15858450505857E-13,42.9999999999997,
45.0000000000004));
#3595=CARTESIAN_POINT('',(-3.10307335382731E-13,37.9999999999997,45.0000000000004));
#3596=CARTESIAN_POINT('',(4.99999999999969,42.9999999999997,45.0000000000004));
#3597=CARTESIAN_POINT('Origin',(-3.15858450505857E-13,42.9999999999997,
45.0000000000004));
#3598=CARTESIAN_POINT('',(-3.06421554796543E-13,32.9999999999997,50.0000000000004));
#3599=CARTESIAN_POINT('Origin',(-3.05866443284231E-13,32.9999999999997,
45.0000000000004));
#3600=CARTESIAN_POINT('',(9.99999999999968,42.9999999999997,50.0000000000004));
#3601=CARTESIAN_POINT('Origin',(-3.1641356201817E-13,42.9999999999997,50.0000000000004));
#3602=CARTESIAN_POINT('Origin',(9.99999999999968,42.9999999999997,45.0000000000004));
#3603=CARTESIAN_POINT('Origin',(-2.60902410786912E-13,43.,-44.9999999999996));
#3604=CARTESIAN_POINT('',(9.99999999999974,43.,-49.9999999999996));
#3605=CARTESIAN_POINT('',(-2.48689957516035E-13,33.,-49.9999999999996));
#3606=CARTESIAN_POINT('Origin',(-2.58681964737661E-13,43.,-49.9999999999996));
#3607=CARTESIAN_POINT('',(-2.55351295663786E-13,38.,-44.9999999999996));
#3608=CARTESIAN_POINT('Origin',(-2.50910403565285E-13,33.,-44.9999999999996));
#3609=CARTESIAN_POINT('',(4.99999999999974,43.,-44.9999999999996));
#3610=CARTESIAN_POINT('Origin',(-2.60902410786912E-13,43.,-44.9999999999996));
#3611=CARTESIAN_POINT('Origin',(9.99999999999974,43.,-44.9999999999996));
#3612=CARTESIAN_POINT('Origin',(19.9999999999997,33.,-44.9999999999996));
#3613=CARTESIAN_POINT('',(-5.00000000000025,33.,-49.9999999999996));
#3614=CARTESIAN_POINT('',(-5.00000000000026,38.,-44.9999999999996));
#3615=CARTESIAN_POINT('Origin',(-5.00000000000025,33.,-44.9999999999996));
#3616=CARTESIAN_POINT('',(19.9999999999997,38.,-44.9999999999996));
#3617=CARTESIAN_POINT('',(19.9999999999997,33.,-49.9999999999996));
#3618=CARTESIAN_POINT('Origin',(-5.00000000000028,32.9999999999998,3.55667980569695E-13));
#3619=CARTESIAN_POINT('',(-5.00000000000031,32.9999999999997,50.0000000000004));
#3620=CARTESIAN_POINT('',(-5.00000000000031,37.9999999999997,45.0000000000004));
#3621=CARTESIAN_POINT('Origin',(-5.0000000000003,32.9999999999997,45.0000000000004));
#3622=CARTESIAN_POINT('Origin',(-5.00000000000028,37.9999999999998,3.72232216055441E-13));
#3623=CARTESIAN_POINT('Origin',(-5.00000000000028,32.9999999999998,3.55667980569695E-13));
#3624=CARTESIAN_POINT('Origin',(-5.0000000000003,32.9999999999997,45.0000000000004));
#3625=CARTESIAN_POINT('',(-5.00000000000031,37.9999999999997,45.0000000000004));
#3626=CARTESIAN_POINT('',(-5.00000000000031,32.9999999999997,50.0000000000004));
#3627=CARTESIAN_POINT('Origin',(-2.83106871279415E-13,42.9999999999999,
-24.9999999999996));
#3628=CARTESIAN_POINT('',(-2.77555756156289E-13,37.9999999999999,-24.9999999999996));
#3629=CARTESIAN_POINT('',(4.99999999999972,42.9999999999999,-24.9999999999996));
#3630=CARTESIAN_POINT('Origin',(9.99999999999975,33.,-44.9999999999996));
#3631=CARTESIAN_POINT('',(4.99999999999973,58.,-44.9999999999996));
#3632=CARTESIAN_POINT('',(9.99999999999973,58.,-49.9999999999995));
#3633=CARTESIAN_POINT('Origin',(9.99999999999973,58.,-44.9999999999995));
#3634=CARTESIAN_POINT('',(9.99999999999975,33.,-49.9999999999996));
#3635=CARTESIAN_POINT('',(4.99999999999975,33.,-44.9999999999996));
#3636=CARTESIAN_POINT('Origin',(9.9999999999997,57.9999999999998,4.46815830683115E-13));
#3637=CARTESIAN_POINT('',(4.99999999999967,57.9999999999997,45.0000000000004));
#3638=CARTESIAN_POINT('',(9.99999999999967,57.9999999999997,50.0000000000005));
#3639=CARTESIAN_POINT('Origin',(9.99999999999967,57.9999999999997,45.0000000000005));
#3640=CARTESIAN_POINT('Origin',(9.9999999999997,57.9999999999998,4.46815830683115E-13));
#3641=CARTESIAN_POINT('Origin',(4.9999999999997,57.9999999999998,4.44040273121553E-13));
#3642=CARTESIAN_POINT('Origin',(9.9999999999997,32.9999999999997,45.0000000000004));
#3643=CARTESIAN_POINT('',(4.99999999999969,32.9999999999997,45.0000000000004));
#3644=CARTESIAN_POINT('',(9.9999999999997,32.9999999999997,50.0000000000004));
#3645=CARTESIAN_POINT('Origin',(-5.00000000000027,27.9999999999998,3.39103745083948E-13));
#3646=CARTESIAN_POINT('',(-5.00000000000024,28.,-49.9999999999997));
#3647=CARTESIAN_POINT('',(-5.00000000000025,28.,-49.9999999999997));
#3648=CARTESIAN_POINT('',(-5.0000000000003,27.9999999999997,50.0000000000003));
#3649=CARTESIAN_POINT('Origin',(44.9999999999998,28.,-49.9999999999997));
#3650=CARTESIAN_POINT('',(34.9999999999997,58.,-49.9999999999996));
#3651=CARTESIAN_POINT('',(34.9999999999997,58.,-49.9999999999996));
#3652=CARTESIAN_POINT('',(34.9999999999998,28.,-49.9999999999997));
#3653=CARTESIAN_POINT('Origin',(-5.00000000000028,37.9999999999998,3.6335043185844E-13));
#3654=CARTESIAN_POINT('Origin',(4.99999999999974,38.,-49.9999999999996));
#3655=CARTESIAN_POINT('Origin',(9.9999999999997,57.9999999999998,4.46815830683115E-13));
#3656=CARTESIAN_POINT('',(34.9999999999997,57.9999999999997,50.0000000000005));
#3657=CARTESIAN_POINT('',(9.99999999999967,57.9999999999997,50.0000000000005));
#3658=CARTESIAN_POINT('Origin',(34.9999999999997,57.9999999999999,4.60693618490929E-13));
#3659=CARTESIAN_POINT('Origin',(-5.0000000000003,27.9999999999997,50.0000000000003));
#3660=CARTESIAN_POINT('',(34.9999999999997,27.9999999999997,50.0000000000004));
#3661=CARTESIAN_POINT('Origin',(34.9999999999997,67.9999999999999,4.8494030526542E-13));
#3662=CARTESIAN_POINT('',(34.9999999999997,39.9999999999997,38.0000000000004));
#3663=CARTESIAN_POINT('',(34.9999999999997,40.,-37.9999999999996));
#3664=CARTESIAN_POINT('',(34.9999999999997,39.9999999999998,19.0000000000004));
#3665=CARTESIAN_POINT('',(34.9999999999997,57.9999999999999,-37.9999999999996));
#3666=CARTESIAN_POINT('',(34.9999999999997,54.,-37.9999999999996));
#3667=CARTESIAN_POINT('',(34.9999999999997,57.9999999999997,38.0000000000004));
#3668=CARTESIAN_POINT('Origin',(34.9999999999997,57.9999999999998,4.44089209850063E-13));
#3669=CARTESIAN_POINT('',(34.9999999999997,62.9999999999997,38.0000000000005));
#3670=CARTESIAN_POINT('Origin',(34.9999999999997,67.9999999999999,4.8494030526542E-13));
#3671=CARTESIAN_POINT('',(34.9999999999997,90.,-31.6));
#3672=CARTESIAN_POINT('Origin',(34.9999999999997,90.,-30.));
#3673=CARTESIAN_POINT('Origin',(34.9999999999997,67.9999999999999,4.8494030526542E-13));
#3674=CARTESIAN_POINT('',(34.9999999999997,33.0000004917383,43.4000006705522));
#3675=CARTESIAN_POINT('Origin',(34.9999999999997,33.0000004917383,45.0000006705522));
#3676=CARTESIAN_POINT('Origin',(34.9999999999997,67.9999999999999,4.8494030526542E-13));
#3677=CARTESIAN_POINT('',(34.9999999999997,90.,28.4));
#3678=CARTESIAN_POINT('Origin',(34.9999999999997,90.,30.));
#3679=CARTESIAN_POINT('Origin',(34.9999999999997,67.9999999999999,4.8494030526542E-13));
#3680=CARTESIAN_POINT('',(34.9999999999997,33.0000004917383,-46.6000006705523));
#3681=CARTESIAN_POINT('Origin',(34.9999999999997,33.0000004917383,-45.0000006705523));
#3682=CARTESIAN_POINT('Origin',(34.9999999999997,33.0000004917383,45.0000006705522));
#3683=CARTESIAN_POINT('',(36.9999999999997,33.0000004917383,43.4000006705522));
#3684=CARTESIAN_POINT('',(34.9999999999997,33.0000004917383,43.4000006705522));
#3685=CARTESIAN_POINT('Origin',(36.9999999999997,33.0000004917383,45.0000006705522));
#3686=CARTESIAN_POINT('Origin',(36.9999999999997,33.0000004917383,45.0000006705522));
#3687=CARTESIAN_POINT('',(36.9999999999997,33.0000004917383,48.0000006705523));
#3688=CARTESIAN_POINT('Origin',(36.9999999999997,33.0000004917383,45.0000006705523));
#3689=CARTESIAN_POINT('Origin',(34.9999999999997,90.,30.));
#3690=CARTESIAN_POINT('',(36.9999999999997,90.,28.4));
#3691=CARTESIAN_POINT('',(34.9999999999997,90.,28.4));
#3692=CARTESIAN_POINT('Origin',(36.9999999999997,90.,30.));
#3693=CARTESIAN_POINT('Origin',(36.9999999999997,90.,30.));
#3694=CARTESIAN_POINT('',(36.9999999999997,90.,33.));
#3695=CARTESIAN_POINT('Origin',(36.9999999999997,90.,30.));
#3696=CARTESIAN_POINT('Origin',(34.9999999999997,33.0000004917383,-45.0000006705523));
#3697=CARTESIAN_POINT('',(36.9999999999997,33.0000004917383,-46.6000006705523));
#3698=CARTESIAN_POINT('',(34.9999999999997,33.0000004917383,-46.6000006705523));
#3699=CARTESIAN_POINT('Origin',(36.9999999999997,33.0000004917383,-45.0000006705523));
#3700=CARTESIAN_POINT('Origin',(36.9999999999997,33.0000004917383,-45.0000006705523));
#3701=CARTESIAN_POINT('',(36.9999999999997,33.0000004917383,-42.0000006705523));
#3702=CARTESIAN_POINT('Origin',(36.9999999999997,33.0000004917383,-45.0000006705523));
#3703=CARTESIAN_POINT('Origin',(34.9999999999997,90.,-30.));
#3704=CARTESIAN_POINT('',(36.9999999999997,90.,-31.6));
#3705=CARTESIAN_POINT('',(34.9999999999997,90.,-31.6));
#3706=CARTESIAN_POINT('Origin',(36.9999999999997,90.,-30.));
#3707=CARTESIAN_POINT('Origin',(36.9999999999997,90.,-30.));
#3708=CARTESIAN_POINT('',(36.9999999999997,90.,-27.));
#3709=CARTESIAN_POINT('Origin',(36.9999999999997,90.,-30.));
#3710=CARTESIAN_POINT('Origin',(44.9999999999997,50.,-2.22044604925011E-14));
#3711=CARTESIAN_POINT('',(44.9999999999997,50.,2.49999999999998));
#3712=CARTESIAN_POINT('Origin',(44.9999999999997,50.,-2.22044604925011E-14));
#3713=CARTESIAN_POINT('',(39.9999999999997,50.,2.49999999999998));
#3714=CARTESIAN_POINT('',(44.9999999999997,50.,2.49999999999998));
#3715=CARTESIAN_POINT('Origin',(39.9999999999997,50.,-2.22044604925011E-14));
#3716=CARTESIAN_POINT('Origin',(44.9999999999997,50.,17.3333333333333));
#3717=CARTESIAN_POINT('',(44.9999999999997,50.,19.8333333333333));
#3718=CARTESIAN_POINT('Origin',(44.9999999999997,50.,17.3333333333333));
#3719=CARTESIAN_POINT('',(39.9999999999997,50.,19.8333333333333));
#3720=CARTESIAN_POINT('',(44.9999999999997,50.,19.8333333333333));
#3721=CARTESIAN_POINT('Origin',(39.9999999999997,50.,17.3333333333333));
#3722=CARTESIAN_POINT('Origin',(44.9999999999997,62.5,-17.3333333333333));
#3723=CARTESIAN_POINT('',(44.9999999999997,62.5,-14.8333333333333));
#3724=CARTESIAN_POINT('Origin',(44.9999999999997,62.5,-17.3333333333333));
#3725=CARTESIAN_POINT('',(39.9999999999997,62.5,-14.8333333333333));
#3726=CARTESIAN_POINT('',(44.9999999999997,62.5,-14.8333333333333));
#3727=CARTESIAN_POINT('Origin',(39.9999999999997,62.5,-17.3333333333333));
#3728=CARTESIAN_POINT('Origin',(44.9999999999997,50.,-8.66666666666667));
#3729=CARTESIAN_POINT('',(44.9999999999997,50.,-6.16666666666666));
#3730=CARTESIAN_POINT('Origin',(44.9999999999997,50.,-8.66666666666667));
#3731=CARTESIAN_POINT('',(39.9999999999997,50.,-6.16666666666666));
#3732=CARTESIAN_POINT('',(44.9999999999997,50.,-6.16666666666667));
#3733=CARTESIAN_POINT('Origin',(39.9999999999997,50.,-8.66666666666667));
#3734=CARTESIAN_POINT('Origin',(44.9999999999997,62.5,-8.66666666666667));
#3735=CARTESIAN_POINT('',(44.9999999999997,62.5,-6.16666666666666));
#3736=CARTESIAN_POINT('Origin',(44.9999999999997,62.5,-8.66666666666667));
#3737=CARTESIAN_POINT('',(39.9999999999997,62.5,-6.16666666666666));
#3738=CARTESIAN_POINT('',(44.9999999999997,62.5,-6.16666666666667));
#3739=CARTESIAN_POINT('Origin',(39.9999999999997,62.5,-8.66666666666667));
#3740=CARTESIAN_POINT('Origin',(44.9999999999997,62.5,-2.22044604925011E-14));
#3741=CARTESIAN_POINT('',(44.9999999999997,62.5,2.49999999999998));
#3742=CARTESIAN_POINT('Origin',(44.9999999999997,62.5,-2.22044604925011E-14));
#3743=CARTESIAN_POINT('',(39.9999999999997,62.5,2.49999999999998));
#3744=CARTESIAN_POINT('',(44.9999999999997,62.5,2.49999999999998));
#3745=CARTESIAN_POINT('Origin',(39.9999999999997,62.5,-2.22044604925011E-14));
#3746=CARTESIAN_POINT('Origin',(44.9999999999997,75.,-2.22044604925011E-14));
#3747=CARTESIAN_POINT('',(44.9999999999997,75.,2.49999999999998));
#3748=CARTESIAN_POINT('Origin',(44.9999999999997,75.,-2.22044604925011E-14));
#3749=CARTESIAN_POINT('',(39.9999999999997,75.,2.49999999999998));
#3750=CARTESIAN_POINT('',(44.9999999999997,75.,2.49999999999998));
#3751=CARTESIAN_POINT('Origin',(39.9999999999997,75.,-2.22044604925011E-14));
#3752=CARTESIAN_POINT('Origin',(44.9999999999997,75.,8.66666666666664));
#3753=CARTESIAN_POINT('',(44.9999999999997,75.,11.1666666666667));
#3754=CARTESIAN_POINT('Origin',(44.9999999999997,75.,8.66666666666664));
#3755=CARTESIAN_POINT('',(39.9999999999997,75.,11.1666666666667));
#3756=CARTESIAN_POINT('',(44.9999999999997,75.,11.1666666666666));
#3757=CARTESIAN_POINT('Origin',(39.9999999999997,75.,8.66666666666664));
#3758=CARTESIAN_POINT('Origin',(44.9999999999997,50.,8.66666666666664));
#3759=CARTESIAN_POINT('',(44.9999999999997,50.,11.1666666666667));
#3760=CARTESIAN_POINT('Origin',(44.9999999999997,50.,8.66666666666664));
#3761=CARTESIAN_POINT('',(39.9999999999997,50.,11.1666666666667));
#3762=CARTESIAN_POINT('',(44.9999999999997,50.,11.1666666666666));
#3763=CARTESIAN_POINT('Origin',(39.9999999999997,50.,8.66666666666664));
#3764=CARTESIAN_POINT('Origin',(44.9999999999997,75.,-8.66666666666667));
#3765=CARTESIAN_POINT('',(44.9999999999997,75.,-6.16666666666666));
#3766=CARTESIAN_POINT('Origin',(44.9999999999997,75.,-8.66666666666667));
#3767=CARTESIAN_POINT('',(39.9999999999997,75.,-6.16666666666666));
#3768=CARTESIAN_POINT('',(44.9999999999997,75.,-6.16666666666667));
#3769=CARTESIAN_POINT('Origin',(39.9999999999997,75.,-8.66666666666667));
#3770=CARTESIAN_POINT('Origin',(44.9999999999997,50.,-17.3333333333333));
#3771=CARTESIAN_POINT('',(44.9999999999997,50.,-14.8333333333333));
#3772=CARTESIAN_POINT('Origin',(44.9999999999997,50.,-17.3333333333333));
#3773=CARTESIAN_POINT('',(39.9999999999997,50.,-14.8333333333333));
#3774=CARTESIAN_POINT('',(44.9999999999997,50.,-14.8333333333333));
#3775=CARTESIAN_POINT('Origin',(39.9999999999997,50.,-17.3333333333333));
#3776=CARTESIAN_POINT('Origin',(44.9999999999997,50.,-26.));
#3777=CARTESIAN_POINT('',(44.9999999999997,50.,-23.5));
#3778=CARTESIAN_POINT('Origin',(44.9999999999997,50.,-26.));
#3779=CARTESIAN_POINT('',(39.9999999999997,50.,-23.5));
#3780=CARTESIAN_POINT('',(44.9999999999997,50.,-23.5));
#3781=CARTESIAN_POINT('Origin',(39.9999999999997,50.,-26.));
#3782=CARTESIAN_POINT('Origin',(44.9999999999997,50.,26.));
#3783=CARTESIAN_POINT('',(44.9999999999997,50.,28.5));
#3784=CARTESIAN_POINT('Origin',(44.9999999999997,50.,26.));
#3785=CARTESIAN_POINT('',(39.9999999999997,50.,28.5));
#3786=CARTESIAN_POINT('',(44.9999999999997,50.,28.5));
#3787=CARTESIAN_POINT('Origin',(39.9999999999997,50.,26.));
#3788=CARTESIAN_POINT('Origin',(44.9999999999997,62.5,8.66666666666664));
#3789=CARTESIAN_POINT('',(44.9999999999997,62.5,11.1666666666667));
#3790=CARTESIAN_POINT('Origin',(44.9999999999997,62.5,8.66666666666664));
#3791=CARTESIAN_POINT('',(39.9999999999997,62.5,11.1666666666667));
#3792=CARTESIAN_POINT('',(44.9999999999997,62.5,11.1666666666666));
#3793=CARTESIAN_POINT('Origin',(39.9999999999997,62.5,8.66666666666664));
#3794=CARTESIAN_POINT('Origin',(44.9999999999997,62.5,17.3333333333333));
#3795=CARTESIAN_POINT('',(44.9999999999997,62.5,19.8333333333333));
#3796=CARTESIAN_POINT('Origin',(44.9999999999997,62.5,17.3333333333333));
#3797=CARTESIAN_POINT('',(39.9999999999997,62.5,19.8333333333333));
#3798=CARTESIAN_POINT('',(44.9999999999997,62.5,19.8333333333333));
#3799=CARTESIAN_POINT('Origin',(39.9999999999997,62.5,17.3333333333333));
#3800=CARTESIAN_POINT('Origin',(34.9999999999997,39.9999999999997,38.0000000000004));
#3801=CARTESIAN_POINT('',(39.9999999999997,39.9999999999997,38.0000000000004));
#3802=CARTESIAN_POINT('',(34.9999999999997,39.9999999999997,38.0000000000004));
#3803=CARTESIAN_POINT('',(39.9999999999997,40.,-37.9999999999996));
#3804=CARTESIAN_POINT('',(39.9999999999997,40.,-37.9999999999996));
#3805=CARTESIAN_POINT('',(34.9999999999997,40.,-37.9999999999996));
#3806=CARTESIAN_POINT('Origin',(34.9999999999997,57.9999999999997,38.0000000000004));
#3807=CARTESIAN_POINT('',(39.9999999999997,57.9999999999997,38.0000000000004));
#3808=CARTESIAN_POINT('',(34.9999999999997,57.9999999999997,38.0000000000004));
#3809=CARTESIAN_POINT('',(39.9999999999997,39.9999999999997,38.0000000000004));
#3810=CARTESIAN_POINT('Origin',(34.9999999999997,57.9999999999998,4.44089209850063E-13));
#3811=CARTESIAN_POINT('',(39.9999999999997,57.9999999999999,-37.9999999999996));
#3812=CARTESIAN_POINT('',(34.9999999999997,57.9999999999999,-37.9999999999996));
#3813=CARTESIAN_POINT('Origin',(39.9999999999997,57.9999999999998,4.44089209850063E-13));
#3814=CARTESIAN_POINT('Origin',(34.9999999999997,40.,-37.9999999999996));
#3815=CARTESIAN_POINT('',(39.9999999999997,57.9999999999999,-37.9999999999996));
#3816=CARTESIAN_POINT('Origin',(39.9999999999997,67.9999999999998,4.04121180963557E-13));
#3817=CARTESIAN_POINT('Origin',(24.9999999999997,33.0000004917383,-45.0000006705523));
#3818=CARTESIAN_POINT('',(43.6602543217493,33.0000004917383,-42.0000006705523));
#3819=CARTESIAN_POINT('',(24.9999999999997,33.0000004917383,-42.0000006705523));
#3820=CARTESIAN_POINT('',(42.0204554902803,30.8786795670333,-47.1213204329664));
#3821=CARTESIAN_POINT('Ctrl Pts',(42.0204554902864,30.8786795670393,-47.1213204329724));
#3822=CARTESIAN_POINT('Ctrl Pts',(41.9830502997665,30.8418041760746,-47.0844450218035));
#3823=CARTESIAN_POINT('Ctrl Pts',(41.9462041984185,30.8060615423433,-47.0467783327466));
#3824=CARTESIAN_POINT('Ctrl Pts',(41.6850659852972,30.5564285519886,-46.7697888486833));
#3825=CARTESIAN_POINT('Ctrl Pts',(41.4532367355816,30.3577008722942,-46.4682920264922));
#3826=CARTESIAN_POINT('Ctrl Pts',(41.1948634302889,30.1491454202429,-45.9523825705075));
#3827=CARTESIAN_POINT('Ctrl Pts',(41.1236610156833,30.0940184157326,-45.7696772739335));
#3828=CARTESIAN_POINT('Ctrl Pts',(41.0261293185567,30.0194276837516,-45.3915611651599));
#3829=CARTESIAN_POINT('Ctrl Pts',(41.0000006556507,30.0000004917383,-45.1960914273719));
#3830=CARTESIAN_POINT('Ctrl Pts',(41.0000006556507,30.0000004917383,-45.0000006705523));
#3831=CARTESIAN_POINT('Ctrl Pts',(41.0000006556507,30.0000004917383,-44.8039099137327));
#3832=CARTESIAN_POINT('Ctrl Pts',(41.0261293185567,30.0194276837516,-44.6084401759447));
#3833=CARTESIAN_POINT('Ctrl Pts',(41.1236610156833,30.0940184157326,-44.2303240671712));
#3834=CARTESIAN_POINT('Ctrl Pts',(41.1948634302889,30.1491454202429,-44.0476187705971));
#3835=CARTESIAN_POINT('Ctrl Pts',(41.4532367355816,30.3577008722942,-43.5317093146125));
#3836=CARTESIAN_POINT('Ctrl Pts',(41.6850659852972,30.5564285519886,-43.2302124924213));
#3837=CARTESIAN_POINT('Ctrl Pts',(42.1899341634959,31.0390532569379,-42.6946984650881));
#3838=CARTESIAN_POINT('Ctrl Pts',(42.5099684786726,31.3786569319368,-42.440849269753));
#3839=CARTESIAN_POINT('Ctrl Pts',(43.1233652016565,32.1474151365945,-42.0929215855599));
#3840=CARTESIAN_POINT('Ctrl Pts',(43.4162900615004,32.5774419423461,-42.0000006705523));
#3841=CARTESIAN_POINT('Ctrl Pts',(43.6602543217493,33.0000004917383,-42.0000006705523));
#3842=CARTESIAN_POINT('',(44.5767010458112,35.1213202541524,-42.8786797458472));
#3843=CARTESIAN_POINT('Ctrl Pts',(44.5767010458112,35.1213202541524,-42.8786797458472));
#3844=CARTESIAN_POINT('Ctrl Pts',(44.4931275594016,35.3993500469347,-43.1567093862945));
#3845=CARTESIAN_POINT('Ctrl Pts',(44.3747213957922,35.6299090765148,-43.5032469057952));
#3846=CARTESIAN_POINT('Ctrl Pts',(44.0627952392635,35.9321354176868,-44.2464688682023));
#3847=CARTESIAN_POINT('Ctrl Pts',(43.8660337784769,36.0000004917383,-44.6435790977884));
#3848=CARTESIAN_POINT('Ctrl Pts',(43.4162893017493,36.0000004917383,-45.4225592426115));
#3849=CARTESIAN_POINT('Ctrl Pts',(43.1233643415016,35.9070795674155,-45.8525860632201));
#3850=CARTESIAN_POINT('Ctrl Pts',(42.5099674118162,35.5591518608921,-46.6213442833336));
#3851=CARTESIAN_POINT('Ctrl Pts',(42.1899329899609,35.3053026532301,-46.9609479590723));
#3852=CARTESIAN_POINT('Ctrl Pts',(41.6850646583286,34.7697886234435,-47.4435726408175));
#3853=CARTESIAN_POINT('Ctrl Pts',(41.4532353442515,34.4682918188508,-47.642300303667));
#3854=CARTESIAN_POINT('Ctrl Pts',(41.1948619555255,33.9523823850721,-47.8508557437158));
#3855=CARTESIAN_POINT('Ctrl Pts',(41.1236595155345,33.7696770951322,-47.9059827463366));
#3856=CARTESIAN_POINT('Ctrl Pts',(41.0261277808714,33.391560992892,-47.9805734774665));
#3857=CARTESIAN_POINT('Ctrl Pts',(40.9999991059294,33.1960912549595,-48.0000006705523));
#3858=CARTESIAN_POINT('Ctrl Pts',(40.9999991059294,33.0000004917383,-48.0000006705523));
#3859=CARTESIAN_POINT('Ctrl Pts',(40.9999991059294,32.8039097285171,-48.0000006705523));
#3860=CARTESIAN_POINT('Ctrl Pts',(41.0261277808714,32.6084399905847,-47.9805734774665));
#3861=CARTESIAN_POINT('Ctrl Pts',(41.1236595155345,32.2303238883445,-47.9059827463366));
#3862=CARTESIAN_POINT('Ctrl Pts',(41.1948619555255,32.0476185984045,-47.8508557437158));
#3863=CARTESIAN_POINT('Ctrl Pts',(41.4532353442515,31.5317091646258,-47.642300303667));
#3864=CARTESIAN_POINT('Ctrl Pts',(41.6850646583286,31.2302123600331,-47.4435726408175));
#3865=CARTESIAN_POINT('Ctrl Pts',(41.9462033373906,30.9532224646568,-47.1939392929183));
#3866=CARTESIAN_POINT('Ctrl Pts',(41.9830498637033,30.9155553676742,-47.1581962538119));
#3867=CARTESIAN_POINT('Ctrl Pts',(42.0204554902803,30.8786795670333,-47.1213204329664));
#3868=CARTESIAN_POINT('Ctrl Pts',(43.6602543217493,33.0000004917383,-42.0000006705523));
#3869=CARTESIAN_POINT('Ctrl Pts',(43.866034389801,33.3564220715263,-42.0000006705523));
#3870=CARTESIAN_POINT('Ctrl Pts',(44.0627957864496,33.7535323021467,-42.0678657473095));
#3871=CARTESIAN_POINT('Ctrl Pts',(44.3747216177131,34.4967537529031,-42.3700918815494));
#3872=CARTESIAN_POINT('Ctrl Pts',(44.4931276225529,34.8432908237948,-42.6006504678245));
#3873=CARTESIAN_POINT('Ctrl Pts',(44.5767010458112,35.1213202541524,-42.8786797458472));
#3874=CARTESIAN_POINT('Origin',(24.9999999999997,90.,-30.));
#3875=CARTESIAN_POINT('',(44.8238193424617,90.,-27.));
#3876=CARTESIAN_POINT('',(24.9999999999997,90.,-27.));
#3877=CARTESIAN_POINT('',(44.9626551836013,87.8113883875798,-27.948176613356));
#3878=CARTESIAN_POINT('Ctrl Pts',(44.9626551836013,87.8113883875798,-27.948176613356));
#3879=CARTESIAN_POINT('Ctrl Pts',(44.9626551836013,87.8212866799845,-27.9376184347909));
#3880=CARTESIAN_POINT('Ctrl Pts',(44.9626454429685,87.8312612519788,-27.9271320124576));
#3881=CARTESIAN_POINT('Ctrl Pts',(44.962493288362,87.9097130878442,-27.8458405176584));
#3882=CARTESIAN_POINT('Ctrl Pts',(44.9619128844005,87.9815633119064,-27.7783760542976));
#3883=CARTESIAN_POINT('Ctrl Pts',(44.9592958685496,88.1673528835403,-27.6203900079312));
#3884=CARTESIAN_POINT('Ctrl Pts',(44.9567095242243,88.2848071727765,-27.5343894304663));
#3885=CARTESIAN_POINT('Ctrl Pts',(44.9442293672858,88.6817212290171,-27.2858808032782));
#3886=CARTESIAN_POINT('Ctrl Pts',(44.9295566107773,88.9810536014621,-27.1600394011095));
#3887=CARTESIAN_POINT('Ctrl Pts',(44.8839020050664,89.526559872216,-27.0279387987002));
#3888=CARTESIAN_POINT('Ctrl Pts',(44.858188621316,89.763615504392,-27.));
#3889=CARTESIAN_POINT('Ctrl Pts',(44.8238193424617,90.,-27.));
#3890=CARTESIAN_POINT('Ctrl Pts',(44.8238193424617,89.9999999999999,-27.));
#3891=CARTESIAN_POINT('Ctrl Pts',(44.8045663982157,90.1324176027617,-27.));
#3892=CARTESIAN_POINT('Ctrl Pts',(44.7825957030272,90.2646243805642,-27.0087683698729));
#3893=CARTESIAN_POINT('Ctrl Pts',(44.6839139343327,90.7802664391038,-27.0773860951783));
#3894=CARTESIAN_POINT('Ctrl Pts',(44.5852966842068,91.1434630906046,-27.2012794898553));
#3895=CARTESIAN_POINT('Ctrl Pts',(44.3176859100905,91.8337164424568,-27.5892853037806));
#3896=CARTESIAN_POINT('Ctrl Pts',(44.146160134792,92.1407747367955,-27.8611730674373));
#3897=CARTESIAN_POINT('Ctrl Pts',(43.7505725808017,92.6375605161514,-28.5100442149512));
#3898=CARTESIAN_POINT('Ctrl Pts',(43.5257919811057,92.8169137348415,-28.8894704401697));
#3899=CARTESIAN_POINT('Ctrl Pts',(43.1191511985868,92.995339460638,-29.6197480910328));
#3900=CARTESIAN_POINT('Ctrl Pts',(42.9348424975746,93.020342149231,-29.9678962556436));
#3901=CARTESIAN_POINT('Ctrl Pts',(42.650320380673,92.9552668994294,-30.5796264603624));
#3902=CARTESIAN_POINT('Ctrl Pts',(42.54010949575,92.8921133618977,-30.8441539937705));
#3903=CARTESIAN_POINT('Ctrl Pts',(42.3876450700078,92.7110884929839,-31.3024623508546));
#3904=CARTESIAN_POINT('Ctrl Pts',(42.336339152052,92.6092270864171,-31.497273283016));
#3905=CARTESIAN_POINT('Ctrl Pts',(42.2925503538603,92.4308399513133,-31.760680718238));
#3906=CARTESIAN_POINT('Ctrl Pts',(42.2832854721634,92.3738351696697,-31.8368523954331));
#3907=CARTESIAN_POINT('Ctrl Pts',(42.2741810353516,92.2690552276449,-31.9637092910437));
#3908=CARTESIAN_POINT('Ctrl Pts',(42.2724533103111,92.223249187593,-32.0154261287429));
#3909=CARTESIAN_POINT('Ctrl Pts',(42.2732349103194,92.1264848715578,-32.1173476104198));
#3910=CARTESIAN_POINT('Ctrl Pts',(42.2758841940427,92.0755612084751,-32.1672840291847));
#3911=CARTESIAN_POINT('Ctrl Pts',(42.2880375140894,91.9442216775934,-32.287219096306));
#3912=CARTESIAN_POINT('Ctrl Pts',(42.3002556333131,91.8621568912984,-32.3544657494582));
#3913=CARTESIAN_POINT('Ctrl Pts',(42.3600858784106,91.559714262273,-32.5768426385769));
#3914=CARTESIAN_POINT('Ctrl Pts',(42.4324299321847,91.3270579797418,-32.7028132585998));
#3915=CARTESIAN_POINT('Ctrl Pts',(42.6452981476176,90.7700290349231,-32.9193813349851));
#3916=CARTESIAN_POINT('Ctrl Pts',(42.798945818234,90.4424922837546,-32.9846835590411));
#3917=CARTESIAN_POINT('Ctrl Pts',(43.1875987837119,89.6775761838021,-33.0153176534411));
#3918=CARTESIAN_POINT('Ctrl Pts',(43.4341447962493,89.2381503878193,-32.9349915114928));
#3919=CARTESIAN_POINT('Ctrl Pts',(43.8727273591345,88.4710897420867,-32.6107154186371));
#3920=CARTESIAN_POINT('Ctrl Pts',(44.0682267400126,88.1359908701502,-32.3859035228384));
#3921=CARTESIAN_POINT('Ctrl Pts',(44.3826746106461,87.6066546199793,-31.8423807385289));
#3922=CARTESIAN_POINT('Ctrl Pts',(44.5062353790917,87.4032655563915,-31.5460177704058));
#3923=CARTESIAN_POINT('Ctrl Pts',(44.6966415963887,87.1215405194972,-30.9082275874809));
#3924=CARTESIAN_POINT('Ctrl Pts',(44.7654441545229,87.0371609673456,-30.580811166303));
#3925=CARTESIAN_POINT('Ctrl Pts',(44.8641398273697,86.984329659959,-29.9271599839967));
#3926=CARTESIAN_POINT('Ctrl Pts',(44.8957164033332,87.0085993776046,-29.6090938300472));
#3927=CARTESIAN_POINT('Ctrl Pts',(44.9370099782768,87.1503640372176,-29.0186278306629));
#3928=CARTESIAN_POINT('Ctrl Pts',(44.9483511585832,87.2582140993515,-28.7484067236546));
#3929=CARTESIAN_POINT('Ctrl Pts',(44.9581165143348,87.4698679965825,-28.382552902575));
#3930=CARTESIAN_POINT('Ctrl Pts',(44.9601663202348,87.5440967284805,-28.2719236837247));
#3931=CARTESIAN_POINT('Ctrl Pts',(44.962232976644,87.6838933262819,-28.0908631314749));
#3932=CARTESIAN_POINT('Ctrl Pts',(44.9626551836013,87.745955140773,-28.0179720766165));
#3933=CARTESIAN_POINT('Ctrl Pts',(44.9626551836013,87.8113883875798,-27.948176613356));
#3934=CARTESIAN_POINT('Origin',(24.9999999999997,33.0000004917383,45.0000006705523));
#3935=CARTESIAN_POINT('',(40.9999991059304,33.0000004917383,48.0000006705523));
#3936=CARTESIAN_POINT('',(24.9999999999997,33.0000004917383,48.0000006705523));
#3937=CARTESIAN_POINT('',(42.0204554902808,30.8786795670335,47.1213204329666));
#3938=CARTESIAN_POINT('Ctrl Pts',(42.0204554902869,30.8786795670275,47.1213204329606));
#3939=CARTESIAN_POINT('Ctrl Pts',(41.9830498637079,30.9155553676703,47.1581962538082));
#3940=CARTESIAN_POINT('Ctrl Pts',(41.9462033373932,30.9532224646548,47.1939392929165));
#3941=CARTESIAN_POINT('Ctrl Pts',(41.6850646583294,31.2302123600331,47.4435726408175));
#3942=CARTESIAN_POINT('Ctrl Pts',(41.4532353442523,31.5317091646258,47.642300303667));
#3943=CARTESIAN_POINT('Ctrl Pts',(41.1948619555264,32.0476185984045,47.8508557437158));
#3944=CARTESIAN_POINT('Ctrl Pts',(41.1236595155354,32.2303238883444,47.9059827463366));
#3945=CARTESIAN_POINT('Ctrl Pts',(41.0261277808724,32.6084399905846,47.9805734774665));
#3946=CARTESIAN_POINT('Ctrl Pts',(40.9999991059304,32.8039097285171,48.0000006705523));
#3947=CARTESIAN_POINT('Ctrl Pts',(40.9999991059304,33.0000004917383,48.0000006705523));
#3948=CARTESIAN_POINT('',(44.5767010458113,35.1213202541526,42.8786797458475));
#3949=CARTESIAN_POINT('Ctrl Pts',(44.5767010458113,35.1213202541526,42.8786797458475));
#3950=CARTESIAN_POINT('Ctrl Pts',(44.493127622553,34.843290823795,42.6006504678247));
#3951=CARTESIAN_POINT('Ctrl Pts',(44.3747216177132,34.4967537529032,42.3700918815495));
#3952=CARTESIAN_POINT('Ctrl Pts',(44.0627957864497,33.7535323021467,42.0678657473095));
#3953=CARTESIAN_POINT('Ctrl Pts',(43.866034389801,33.3564220715263,42.0000006705523));
#3954=CARTESIAN_POINT('Ctrl Pts',(43.4162900615006,32.5774419423461,42.0000006705523));
#3955=CARTESIAN_POINT('Ctrl Pts',(43.1233652016566,32.1474151365946,42.0929215855599));
#3956=CARTESIAN_POINT('Ctrl Pts',(42.5099684786728,31.3786569319369,42.440849269753));
#3957=CARTESIAN_POINT('Ctrl Pts',(42.1899341634961,31.0390532569379,42.6946984650881));
#3958=CARTESIAN_POINT('Ctrl Pts',(41.6850659852974,30.5564285519886,43.2302124924213));
#3959=CARTESIAN_POINT('Ctrl Pts',(41.4532367355819,30.3577008722942,43.5317093146124));
#3960=CARTESIAN_POINT('Ctrl Pts',(41.1948634302892,30.1491454202429,44.0476187705971));
#3961=CARTESIAN_POINT('Ctrl Pts',(41.1236610156837,30.0940184157326,44.2303240671711));
#3962=CARTESIAN_POINT('Ctrl Pts',(41.026129318557,30.0194276837516,44.6084401759447));
#3963=CARTESIAN_POINT('Ctrl Pts',(41.0000006556511,30.0000004917383,44.8039099137327));
#3964=CARTESIAN_POINT('Ctrl Pts',(41.0000006556511,30.0000004917383,45.0000006705523));
#3965=CARTESIAN_POINT('Ctrl Pts',(41.0000006556511,30.0000004917383,45.1960914273719));
#3966=CARTESIAN_POINT('Ctrl Pts',(41.026129318557,30.0194276837516,45.3915611651599));
#3967=CARTESIAN_POINT('Ctrl Pts',(41.1236610156837,30.0940184157326,45.7696772739335));
#3968=CARTESIAN_POINT('Ctrl Pts',(41.1948634302892,30.1491454202429,45.9523825705075));
#3969=CARTESIAN_POINT('Ctrl Pts',(41.453236735582,30.3577008722942,46.4682920264922));
#3970=CARTESIAN_POINT('Ctrl Pts',(41.6850659852974,30.5564285519886,46.7697888486833));
#3971=CARTESIAN_POINT('Ctrl Pts',(41.9462041984169,30.8060615423415,47.0467783327446));
#3972=CARTESIAN_POINT('Ctrl Pts',(41.9830502997629,30.8418041760708,47.0844450217996));
#3973=CARTESIAN_POINT('Ctrl Pts',(42.0204554902808,30.8786795670335,47.1213204329666));
#3974=CARTESIAN_POINT('Ctrl Pts',(40.9999991059304,33.0000004917383,48.0000006705523));
#3975=CARTESIAN_POINT('Ctrl Pts',(40.9999991059304,33.1960912549595,48.0000006705523));
#3976=CARTESIAN_POINT('Ctrl Pts',(41.0261277808724,33.3915609928919,47.9805734774665));
#3977=CARTESIAN_POINT('Ctrl Pts',(41.1236595155354,33.7696770951321,47.9059827463366));
#3978=CARTESIAN_POINT('Ctrl Pts',(41.1948619555264,33.9523823850721,47.8508557437158));
#3979=CARTESIAN_POINT('Ctrl Pts',(41.4532353442523,34.4682918188508,47.642300303667));
#3980=CARTESIAN_POINT('Ctrl Pts',(41.6850646583294,34.7697886234435,47.4435726408175));
#3981=CARTESIAN_POINT('Ctrl Pts',(42.1899329899616,35.3053026532302,46.9609479590723));
#3982=CARTESIAN_POINT('Ctrl Pts',(42.5099674118168,35.5591518608922,46.6213442833335));
#3983=CARTESIAN_POINT('Ctrl Pts',(43.1233643415022,35.9070795674155,45.8525860632201));
#3984=CARTESIAN_POINT('Ctrl Pts',(43.4162893017498,36.0000004917383,45.4225592426115));
#3985=CARTESIAN_POINT('Ctrl Pts',(43.8660337784773,36.0000004917383,44.6435790977884));
#3986=CARTESIAN_POINT('Ctrl Pts',(44.0627952392639,35.9321354176868,44.2464688682023));
#3987=CARTESIAN_POINT('Ctrl Pts',(44.3747213957924,35.6299090765149,43.5032469057953));
#3988=CARTESIAN_POINT('Ctrl Pts',(44.4931275594018,35.3993500469348,43.1567093862947));
#3989=CARTESIAN_POINT('Ctrl Pts',(44.5767010458113,35.1213202541526,42.8786797458475));
#3990=CARTESIAN_POINT('Origin',(24.9999999999997,90.,30.));
#3991=CARTESIAN_POINT('',(43.0243615982449,90.0000000000118,33.));
#3992=CARTESIAN_POINT('',(24.9999999999997,90.,33.));
#3993=CARTESIAN_POINT('',(44.9626551836013,87.8113883875797,27.948176613356));
#3994=CARTESIAN_POINT('Ctrl Pts',(44.9626551836013,87.8113883875797,27.948176613356));
#3995=CARTESIAN_POINT('Ctrl Pts',(44.9626551836013,87.8014900951749,27.9587347919212));
#3996=CARTESIAN_POINT('Ctrl Pts',(44.9626454429685,87.7916683259688,27.9693644668682));
#3997=CARTESIAN_POINT('Ctrl Pts',(44.962493288362,87.7156019837826,28.0528923619907));
#3998=CARTESIAN_POINT('Ctrl Pts',(44.9619128844006,87.6529084589025,28.128941230835));
#3999=CARTESIAN_POINT('Ctrl Pts',(44.9592958685497,87.5072248299309,28.3245265984478));
#4000=CARTESIAN_POINT('Ctrl Pts',(44.9567095242243,87.4289728669023,28.447279356732));
#4001=CARTESIAN_POINT('Ctrl Pts',(44.9442293672859,87.2065616292583,28.8593843763538));
#4002=CARTESIAN_POINT('Ctrl Pts',(44.9295566107774,87.1002735429898,29.1662047968123));
#4003=CARTESIAN_POINT('Ctrl Pts',(44.8729954134485,86.980511441029,29.85117160938));
#4004=CARTESIAN_POINT('Ctrl Pts',(44.8273854879945,86.9858787347621,30.2253099361944));
#4005=CARTESIAN_POINT('Ctrl Pts',(44.6839139343333,87.1337496575832,30.9670039954644));
#4006=CARTESIAN_POINT('Ctrl Pts',(44.5852966842075,87.2807931620351,31.3214607469934));
#4007=CARTESIAN_POINT('Ctrl Pts',(44.3176859100915,87.7124784938258,31.985272448984));
#4008=CARTESIAN_POINT('Ctrl Pts',(44.1461601347932,88.0035906220577,32.2741694564878));
#4009=CARTESIAN_POINT('Ctrl Pts',(43.7505725808032,88.6831301438178,32.7281032787707));
#4010=CARTESIAN_POINT('Ctrl Pts',(43.5257919811072,89.0733266882756,32.8826299565039));
#4011=CARTESIAN_POINT('Ctrl Pts',(43.2096327881264,89.6488705746642,32.9844726625934));
#4012=CARTESIAN_POINT('Ctrl Pts',(43.1155657133615,89.8238263226105,33.));
#4013=CARTESIAN_POINT('Ctrl Pts',(43.0243615982449,90.0000000000235,33.));
#4014=CARTESIAN_POINT('Ctrl Pts',(43.0243615982449,90.0000000000235,33.));
#4015=CARTESIAN_POINT('Ctrl Pts',(42.9368174069364,90.1691040157716,33.));
#4016=CARTESIAN_POINT('Ctrl Pts',(42.8519120751985,90.3393307247777,32.9857122463421));
#4017=CARTESIAN_POINT('Ctrl Pts',(42.6503203806742,90.7688856026102,32.9117665103016));
#4018=CARTESIAN_POINT('Ctrl Pts',(42.540109495751,91.028792996316,32.8316957170566));
#4019=CARTESIAN_POINT('Ctrl Pts',(42.3876450700086,91.4744816459299,32.6215096543784));
#4020=CARTESIAN_POINT('Ctrl Pts',(42.3363391520527,91.662322693402,32.5073046355654));
#4021=CARTESIAN_POINT('Ctrl Pts',(42.2925503538609,91.9136856200515,32.3123120049172));
#4022=CARTESIAN_POINT('Ctrl Pts',(42.283285472164,91.9860250313255,32.2505165430003));
#4023=CARTESIAN_POINT('Ctrl Pts',(42.2741810353521,92.1058652219498,32.1377786304518));
#4024=CARTESIAN_POINT('Ctrl Pts',(42.2724533103117,92.1545223838085,32.0887347194464));
#4025=CARTESIAN_POINT('Ctrl Pts',(42.27323491032,92.2499956008726,31.9856028324841));
#4026=CARTESIAN_POINT('Ctrl Pts',(42.2758841940432,92.296546219275,31.9315666843315));
#4027=CARTESIAN_POINT('Ctrl Pts',(42.2880375140899,92.4077672312523,31.7927705057366));
#4028=CARTESIAN_POINT('Ctrl Pts',(42.3002556333137,92.4695850797719,31.7065423484196));
#4029=CARTESIAN_POINT('Ctrl Pts',(42.3600858784111,92.6720075023852,31.3903965157907));
#4030=CARTESIAN_POINT('Ctrl Pts',(42.4324299321851,92.7827217494798,31.1501052375461));
#4031=CARTESIAN_POINT('Ctrl Pts',(42.6452981476179,92.9629395860196,30.5802767471492));
#4032=CARTESIAN_POINT('Ctrl Pts',(42.7989458182343,93.0069966094305,30.2492122783204));
#4033=CARTESIAN_POINT('Ctrl Pts',(43.187598783712,92.9882688884608,29.4839121018059));
#4034=CARTESIAN_POINT('Ctrl Pts',(43.4341447962493,92.8797891632828,29.0505768176658));
#4035=CARTESIAN_POINT('Ctrl Pts',(43.8727273591346,92.5067509001052,28.306010183418));
#4036=CARTESIAN_POINT('Ctrl Pts',(44.0682267400127,92.2608095799111,27.9860968990941));
#4037=CARTESIAN_POINT('Ctrl Pts',(44.382674610646,91.6843015544979,27.4928906750435));
#4038=CARTESIAN_POINT('Ctrl Pts',(44.5062353790917,91.3754464907342,27.3090247737743));
#4039=CARTESIAN_POINT('Ctrl Pts',(44.6966415963887,90.7208253598657,27.0689904244216));
#4040=CARTESIAN_POINT('Ctrl Pts',(44.7654441545229,90.3886514549134,27.0058879795645));
#4041=CARTESIAN_POINT('Ctrl Pts',(44.8641398273697,89.7329542864394,26.9952937157514));
#4042=CARTESIAN_POINT('Ctrl Pts',(44.8957164033332,89.4171135532819,27.0400120426585));
#4043=CARTESIAN_POINT('Ctrl Pts',(44.9370099782768,88.8370117336218,27.2195369544986));
#4044=CARTESIAN_POINT('Ctrl Pts',(44.9483511585832,88.574303252462,27.3445782936702));
#4045=CARTESIAN_POINT('Ctrl Pts',(44.9581165143348,88.2228509379004,27.5793710985025));
#4046=CARTESIAN_POINT('Ctrl Pts',(44.9601663202349,88.1172356897523,27.6605754583682));
#4047=CARTESIAN_POINT('Ctrl Pts',(44.9622329766441,87.9455613227084,27.8117506019534));
#4048=CARTESIAN_POINT('Ctrl Pts',(44.9626551836013,87.8768216343865,27.8783811500954));
#4049=CARTESIAN_POINT('Ctrl Pts',(44.9626551836013,87.8113883875797,27.948176613356));
#4050=CARTESIAN_POINT('Origin',(34.9999999999997,37.9999999999998,25.0000000000004));
#4051=CARTESIAN_POINT('',(44.9999999999997,38.,-39.9999999999996));
#4052=CARTESIAN_POINT('Origin',(34.9999999999997,38.,-39.9999999999996));
#4053=CARTESIAN_POINT('',(44.9999999999997,37.9999999999997,40.0000000000004));
#4054=CARTESIAN_POINT('',(44.9999999999997,37.9999999999998,25.0000000000004));
#4055=CARTESIAN_POINT('Origin',(34.9999999999997,37.9999999999997,40.0000000000004));
#4056=CARTESIAN_POINT('Origin',(34.9999999999997,37.9999999999997,40.0000000000004));
#4057=CARTESIAN_POINT('Origin',(34.9999999999997,38.,-39.9999999999996));
#4058=CARTESIAN_POINT('Origin',(44.9999999999997,27.9999999999997,50.0000000000004));
#4059=CARTESIAN_POINT('',(44.9999999999997,58.,-39.9999999999995));
#4060=CARTESIAN_POINT('',(44.9999999999997,28.,-39.9999999999997));
#4061=CARTESIAN_POINT('',(44.9999999999997,57.9999999999997,40.0000000000005));
#4062=CARTESIAN_POINT('Origin',(44.9999999999997,57.9999999999999,4.66244733614054E-13));
#4063=CARTESIAN_POINT('',(44.9999999999997,27.9999999999997,40.0000000000004));
#4064=CARTESIAN_POINT('Origin',(34.9999999999997,28.,-39.9999999999997));
#4065=CARTESIAN_POINT('Origin',(34.9999999999997,58.,-39.9999999999995));
#4066=CARTESIAN_POINT('Origin',(34.9999999999997,57.9999999999999,4.60693618490929E-13));
#4067=CARTESIAN_POINT('Origin',(34.9999999999997,57.9999999999997,40.0000000000005));
#4068=CARTESIAN_POINT('Origin',(34.9999999999997,27.9999999999997,40.0000000000004));
#4069=UNCERTAINTY_MEASURE_WITH_UNIT(LENGTH_MEASURE(0.01),#4073,
'DISTANCE_ACCURACY_VALUE',
'Maximum model space distance between geometric entities at asserted c
onnectivities');
#4070=UNCERTAINTY_MEASURE_WITH_UNIT(LENGTH_MEASURE(0.01),#4073,
'DISTANCE_ACCURACY_VALUE',
'Maximum model space distance between geometric entities at asserted c
onnectivities');
#4071=(
GEOMETRIC_REPRESENTATION_CONTEXT(3)
GLOBAL_UNCERTAINTY_ASSIGNED_CONTEXT((#4069))
GLOBAL_UNIT_ASSIGNED_CONTEXT((#4073,#4075,#4076))
REPRESENTATION_CONTEXT('','3D')
);
#4072=(
GEOMETRIC_REPRESENTATION_CONTEXT(3)
GLOBAL_UNCERTAINTY_ASSIGNED_CONTEXT((#4070))
GLOBAL_UNIT_ASSIGNED_CONTEXT((#4073,#4075,#4076))
REPRESENTATION_CONTEXT('','3D')
);
#4073=(
LENGTH_UNIT()
NAMED_UNIT(*)
SI_UNIT(.MILLI.,.METRE.)
);
#4074=(
LENGTH_UNIT()
NAMED_UNIT(*)
SI_UNIT($,.METRE.)
);
#4075=(
NAMED_UNIT(*)
PLANE_ANGLE_UNIT()
SI_UNIT($,.RADIAN.)
);
#4076=(
NAMED_UNIT(*)
SI_UNIT($,.STERADIAN.)
SOLID_ANGLE_UNIT()
);
#4077=SHAPE_DEFINITION_REPRESENTATION(#4078,#4079);
#4078=PRODUCT_DEFINITION_SHAPE('',$,#4081);
#4079=SHAPE_REPRESENTATION('',(#2247),#4071);
#4080=PRODUCT_DEFINITION_CONTEXT('part definition',#4085,'design');
#4081=PRODUCT_DEFINITION('HILAL Platform Joint V2','(Unsaved)',#4082,#4080);
#4082=PRODUCT_DEFINITION_FORMATION('',$,#4087);
#4083=PRODUCT_RELATED_PRODUCT_CATEGORY('(Unsaved)','(Unsaved)',(#4087));
#4084=APPLICATION_PROTOCOL_DEFINITION('international standard',
'automotive_design',2009,#4085);
#4085=APPLICATION_CONTEXT(
'Core Data for Automotive Mechanical Design Process');
#4086=PRODUCT_CONTEXT('part definition',#4085,'mechanical');
#4087=PRODUCT('HILAL Platform Joint V2','(Unsaved)',$,(#4086));
#4088=PRESENTATION_STYLE_ASSIGNMENT((#4090));
#4089=PRESENTATION_STYLE_ASSIGNMENT((#4091));
#4090=SURFACE_STYLE_USAGE(.BOTH.,#4092);
#4091=SURFACE_STYLE_USAGE(.BOTH.,#4093);
#4092=SURFACE_SIDE_STYLE('',(#4094));
#4093=SURFACE_SIDE_STYLE('',(#4095));
#4094=SURFACE_STYLE_FILL_AREA(#4096);
#4095=SURFACE_STYLE_FILL_AREA(#4097);
#4096=FILL_AREA_STYLE('Steel - Satin',(#4098));
#4097=FILL_AREA_STYLE('Opaque(63,63,63)',(#4099));
#4098=FILL_AREA_STYLE_COLOUR('Steel - Satin',#4100);
#4099=FILL_AREA_STYLE_COLOUR('Opaque(63,63,63)',#4101);
#4100=COLOUR_RGB('Steel - Satin',0.627450980392157,0.627450980392157,0.627450980392157);
#4101=COLOUR_RGB('Opaque(63,63,63)',0.250980392156863,0.250980392156863,
0.250980392156863);
ENDSEC;
END-ISO-10303-21;
