ISO-10303-21;
HEADER;
/* Generated by software containing ST-Developer
 * from STEP Tools, Inc. (www.steptools.com) 
 */

FILE_DESCRIPTION(
/* description */ (''),
/* implementation_level */ '2;1');

FILE_NAME(
/* name */ 'Joint 2.step',
/* time_stamp */ '2026-04-29T03:11:59+03:00',
/* author */ (''),
/* organization */ (''),
/* preprocessor_version */ 'ST-DEVELOPER v20.1',
/* originating_system */ 'Autodesk Translation Framework v15.8.0.0',
/* authorisation */ '');

FILE_SCHEMA (('AUTOMOTIVE_DESIGN { 1 0 10303 214 3 1 1 }'));
ENDSEC;

DATA;
#10=MECHANICAL_DESIGN_GEOMETRIC_PRESENTATION_REPRESENTATION('',(#13),#2836);
#11=SHAPE_REPRESENTATION_RELATIONSHIP('SRR','None',#2843,#12);
#12=ADVANCED_BREP_SHAPE_REPRESENTATION('',(#14),#2835);
#13=STYLED_ITEM('',(#2853),#14);
#14=MANIFOLD_SOLID_BREP('Body1',#1528);
#15=TOROIDAL_SURFACE('',#1741,15.,10.);
#16=TOROIDAL_SURFACE('',#1742,15.,10.);
#17=B_SPLINE_CURVE_WITH_KNOTS('',3,(#2607,#2608,#2609,#2610,#2611,#2612,
#2613,#2614,#2615,#2616),.UNSPECIFIED.,.F.,.F.,(4,2,2,2,4),(0.,0.112240559648259,
0.224481119296518,0.347949175288437,0.471417231280356),.UNSPECIFIED.);
#18=B_SPLINE_CURVE_WITH_KNOTS('',3,(#2618,#2619,#2620,#2621,#2622,#2623,
#2624,#2625,#2626,#2627,#2628,#2629,#2630,#2631,#2632,#2633,#2634,#2635,
#2636,#2637,#2638,#2639,#2640,#2641),.UNSPECIFIED.,.F.,.F.,(4,2,2,2,2,2,
2,2,2,2,2,4),(-1.87572373802696,-1.86476848021476,-1.82341818414417,-1.75174298013154,
-1.63104469163333,-1.4783741530192,-1.35076156037375,-1.24562385046221,
-1.15207458277266,-1.05777750015492,-0.994148170880737,-0.944508601147538),
 .UNSPECIFIED.);
#19=B_SPLINE_CURVE_WITH_KNOTS('',3,(#2642,#2643,#2644,#2645,#2646,#2647,
#2648,#2649,#2650,#2651,#2652,#2653),.UNSPECIFIED.,.F.,.F.,(4,2,2,2,2,4),
(0.471417231280356,0.61779580994638,0.764174388612403,0.881828844329184,
0.940656072187574,0.999483300045964),.UNSPECIFIED.);
#20=B_SPLINE_CURVE_WITH_KNOTS('',3,(#2658,#2659,#2660,#2661,#2662,#2663,
#2664,#2665,#2666,#2667,#2668,#2669,#2670,#2671),.UNSPECIFIED.,.F.,.F.,
(4,2,2,2,2,2,4),(-0.944508600667803,-0.941061788963362,-0.887037491819347,
-0.81992362179847,-0.720542568580476,-0.611643966859101,-0.50233967215989),
 .UNSPECIFIED.);
#21=B_SPLINE_CURVE_WITH_KNOTS('',3,(#2673,#2674,#2675,#2676,#2677,#2678,
#2679,#2680,#2681,#2682,#2683,#2684,#2685,#2686,#2687,#2688,#2689,#2690,
#2691,#2692),.UNSPECIFIED.,.F.,.F.,(4,2,2,2,2,2,2,2,2,4),(0.999483300045969,
1.05831052790436,1.11713775576275,1.23479221147953,1.38117079014556,1.52754936881158,
1.6510174248035,1.77448548079542,1.88672604044368,1.99896660009194),
 .UNSPECIFIED.);
#22=B_SPLINE_CURVE_WITH_KNOTS('',3,(#2693,#2694,#2695,#2696,#2697,#2698,
#2699,#2700,#2701,#2702,#2703,#2704,#2705,#2706),.UNSPECIFIED.,.F.,.F.,
(4,2,2,2,2,2,4),(-0.50233967215989,-0.484098084124558,-0.334149704052086,
-0.211270323944055,-0.0948769775992644,-0.0382436338197403,0.),
 .UNSPECIFIED.);
#23=B_SPLINE_CURVE_WITH_KNOTS('',3,(#2711,#2712,#2713,#2714,#2715,#2716,
#2717,#2718,#2719,#2720,#2721,#2722),.UNSPECIFIED.,.F.,.F.,(4,2,2,2,2,4),
(0.999483300045965,1.05831052790436,1.11713775576275,1.23479221147953,1.38117079014555,
1.52754936881157),.UNSPECIFIED.);
#24=B_SPLINE_CURVE_WITH_KNOTS('',3,(#2724,#2725,#2726,#2727,#2728,#2729,
#2730,#2731,#2732,#2733,#2734,#2735,#2736,#2737,#2738,#2739,#2740,#2741,
#2742,#2743,#2744,#2745,#2746,#2747),.UNSPECIFIED.,.F.,.F.,(4,2,2,2,2,2,
2,2,2,2,2,4),(-0.944508601146481,-0.941061789439021,-0.887037492249687,
-0.819923622177441,-0.72054256889071,-0.611643967102039,-0.484098084298059,
-0.334149704155031,-0.211270323998193,-0.0948769776161524,-0.0382436338228194,
0.),.UNSPECIFIED.);
#25=B_SPLINE_CURVE_WITH_KNOTS('',3,(#2748,#2749,#2750,#2751,#2752,#2753,
#2754,#2755,#2756,#2757),.UNSPECIFIED.,.F.,.F.,(4,2,2,2,4),(1.52754936881157,
1.65101742480349,1.77448548079541,1.88672604044367,1.99896660009193),
 .UNSPECIFIED.);
#26=B_SPLINE_CURVE_WITH_KNOTS('',3,(#2762,#2763,#2764,#2765,#2766,#2767,
#2768,#2769,#2770,#2771,#2772,#2773,#2774,#2775),.UNSPECIFIED.,.F.,.F.,
(4,2,2,2,2,2,4),(-1.87572373640118,-1.86476847859481,-1.82341818258884,
-1.75174297868301,-1.63104469035604,-1.47837415194737,-1.37544179607217),
 .UNSPECIFIED.);
#27=B_SPLINE_CURVE_WITH_KNOTS('',3,(#2777,#2778,#2779,#2780,#2781,#2782,
#2783,#2784,#2785,#2786,#2787,#2788,#2789,#2790,#2791,#2792,#2793,#2794,
#2795,#2796),.UNSPECIFIED.,.F.,.F.,(4,2,2,2,2,2,2,2,2,4),(0.,0.112240559648259,
0.224481119296519,0.347949175288438,0.471417231280358,0.617795809946382,
0.764174388612406,0.881828844329187,0.940656072187578,0.999483300045968),
 .UNSPECIFIED.);
#28=B_SPLINE_CURVE_WITH_KNOTS('',3,(#2797,#2798,#2799,#2800,#2801,#2802,
#2803,#2804,#2805,#2806,#2807,#2808,#2809,#2810),.UNSPECIFIED.,.F.,.F.,
(4,2,2,2,2,2,4),(-1.37544179607217,-1.35076155946411,-1.2456238496785,-1.15207458209409,
-1.0577774995754,-0.994148170363402,-0.944508600675194),.UNSPECIFIED.);
#29=LINE('',#2260,#112);
#30=LINE('',#2264,#113);
#31=LINE('',#2265,#114);
#32=LINE('',#2266,#115);
#33=LINE('',#2270,#116);
#34=LINE('',#2274,#117);
#35=LINE('',#2275,#118);
#36=LINE('',#2276,#119);
#37=LINE('',#2279,#120);
#38=LINE('',#2282,#121);
#39=LINE('',#2287,#122);
#40=LINE('',#2292,#123);
#41=LINE('',#2295,#124);
#42=LINE('',#2296,#125);
#43=LINE('',#2300,#126);
#44=LINE('',#2302,#127);
#45=LINE('',#2303,#128);
#46=LINE('',#2305,#129);
#47=LINE('',#2308,#130);
#48=LINE('',#2310,#131);
#49=LINE('',#2315,#132);
#50=LINE('',#2316,#133);
#51=LINE('',#2318,#134);
#52=LINE('',#2319,#135);
#53=LINE('',#2323,#136);
#54=LINE('',#2326,#137);
#55=LINE('',#2327,#138);
#56=LINE('',#2334,#139);
#57=LINE('',#2336,#140);
#58=LINE('',#2337,#141);
#59=LINE('',#2342,#142);
#60=LINE('',#2349,#143);
#61=LINE('',#2356,#144);
#62=LINE('',#2363,#145);
#63=LINE('',#2369,#146);
#64=LINE('',#2373,#147);
#65=LINE('',#2377,#148);
#66=LINE('',#2381,#149);
#67=LINE('',#2385,#150);
#68=LINE('',#2389,#151);
#69=LINE('',#2393,#152);
#70=LINE('',#2397,#153);
#71=LINE('',#2402,#154);
#72=LINE('',#2409,#155);
#73=LINE('',#2417,#156);
#74=LINE('',#2420,#157);
#75=LINE('',#2422,#158);
#76=LINE('',#2424,#159);
#77=LINE('',#2429,#160);
#78=LINE('',#2430,#161);
#79=LINE('',#2433,#162);
#80=LINE('',#2434,#163);
#81=LINE('',#2437,#164);
#82=LINE('',#2438,#165);
#83=LINE('',#2494,#166);
#84=LINE('',#2501,#167);
#85=LINE('',#2508,#168);
#86=LINE('',#2515,#169);
#87=LINE('',#2523,#170);
#88=LINE('',#2527,#171);
#89=LINE('',#2531,#172);
#90=LINE('',#2535,#173);
#91=LINE('',#2539,#174);
#92=LINE('',#2543,#175);
#93=LINE('',#2547,#176);
#94=LINE('',#2551,#177);
#95=LINE('',#2555,#178);
#96=LINE('',#2559,#179);
#97=LINE('',#2563,#180);
#98=LINE('',#2566,#181);
#99=LINE('',#2571,#182);
#100=LINE('',#2576,#183);
#101=LINE('',#2581,#184);
#102=LINE('',#2586,#185);
#103=LINE('',#2591,#186);
#104=LINE('',#2596,#187);
#105=LINE('',#2601,#188);
#106=LINE('',#2654,#189);
#107=LINE('',#2707,#190);
#108=LINE('',#2758,#191);
#109=LINE('',#2811,#192);
#110=LINE('',#2818,#193);
#111=LINE('',#2824,#194);
#112=VECTOR('',#1775,10.);
#113=VECTOR('',#1778,10.);
#114=VECTOR('',#1779,10.);
#115=VECTOR('',#1780,10.);
#116=VECTOR('',#1783,10.);
#117=VECTOR('',#1786,10.);
#118=VECTOR('',#1787,10.);
#119=VECTOR('',#1788,10.);
#120=VECTOR('',#1791,10.);
#121=VECTOR('',#1794,10.);
#122=VECTOR('',#1799,10.);
#123=VECTOR('',#1804,10.);
#124=VECTOR('',#1807,10.);
#125=VECTOR('',#1808,10.);
#126=VECTOR('',#1813,10.);
#127=VECTOR('',#1816,10.);
#128=VECTOR('',#1817,10.);
#129=VECTOR('',#1820,10.);
#130=VECTOR('',#1823,10.);
#131=VECTOR('',#1824,10.);
#132=VECTOR('',#1829,10.);
#133=VECTOR('',#1830,10.);
#134=VECTOR('',#1831,10.);
#135=VECTOR('',#1832,10.);
#136=VECTOR('',#1837,10.);
#137=VECTOR('',#1840,10.);
#138=VECTOR('',#1841,10.);
#139=VECTOR('',#1852,10.);
#140=VECTOR('',#1855,10.);
#141=VECTOR('',#1856,10.);
#142=VECTOR('',#1861,1.8);
#143=VECTOR('',#1870,1.8);
#144=VECTOR('',#1879,1.8);
#145=VECTOR('',#1888,1.8);
#146=VECTOR('',#1897,1.7);
#147=VECTOR('',#1902,1.7);
#148=VECTOR('',#1907,1.7);
#149=VECTOR('',#1912,1.7);
#150=VECTOR('',#1917,1.7);
#151=VECTOR('',#1922,1.7);
#152=VECTOR('',#1927,1.7);
#153=VECTOR('',#1932,1.7);
#154=VECTOR('',#1937,10.);
#155=VECTOR('',#1946,10.);
#156=VECTOR('',#1955,10.);
#157=VECTOR('',#1958,10.);
#158=VECTOR('',#1961,10.);
#159=VECTOR('',#1964,10.);
#160=VECTOR('',#1969,10.);
#161=VECTOR('',#1970,10.);
#162=VECTOR('',#1973,10.);
#163=VECTOR('',#1974,10.);
#164=VECTOR('',#1977,10.);
#165=VECTOR('',#1978,10.);
#166=VECTOR('',#2041,1.6);
#167=VECTOR('',#2050,1.6);
#168=VECTOR('',#2059,1.6);
#169=VECTOR('',#2068,1.6);
#170=VECTOR('',#2079,2.5);
#171=VECTOR('',#2084,2.5);
#172=VECTOR('',#2089,2.5);
#173=VECTOR('',#2094,2.5);
#174=VECTOR('',#2099,2.5);
#175=VECTOR('',#2104,2.5);
#176=VECTOR('',#2109,2.5);
#177=VECTOR('',#2114,2.5);
#178=VECTOR('',#2119,2.5);
#179=VECTOR('',#2124,2.5);
#180=VECTOR('',#2129,2.5);
#181=VECTOR('',#2132,1.7);
#182=VECTOR('',#2139,1.7);
#183=VECTOR('',#2146,1.7);
#184=VECTOR('',#2153,1.7);
#185=VECTOR('',#2160,1.7);
#186=VECTOR('',#2167,1.7);
#187=VECTOR('',#2174,1.7);
#188=VECTOR('',#2181,1.7);
#189=VECTOR('',#2188,3.);
#190=VECTOR('',#2191,3.00000000000001);
#191=VECTOR('',#2194,3.);
#192=VECTOR('',#2197,3.00000000000001);
#193=VECTOR('',#2206,10.);
#194=VECTOR('',#2213,10.);
#195=CYLINDRICAL_SURFACE('',#1556,15.);
#196=CYLINDRICAL_SURFACE('',#1558,15.);
#197=CYLINDRICAL_SURFACE('',#1562,20.);
#198=CYLINDRICAL_SURFACE('',#1567,15.);
#199=CYLINDRICAL_SURFACE('',#1574,15.);
#200=CYLINDRICAL_SURFACE('',#1577,20.);
#201=CYLINDRICAL_SURFACE('',#1583,1.8);
#202=CYLINDRICAL_SURFACE('',#1587,1.8);
#203=CYLINDRICAL_SURFACE('',#1591,1.8);
#204=CYLINDRICAL_SURFACE('',#1595,1.8);
#205=CYLINDRICAL_SURFACE('',#1599,1.7);
#206=CYLINDRICAL_SURFACE('',#1601,1.7);
#207=CYLINDRICAL_SURFACE('',#1603,1.7);
#208=CYLINDRICAL_SURFACE('',#1605,1.7);
#209=CYLINDRICAL_SURFACE('',#1607,1.7);
#210=CYLINDRICAL_SURFACE('',#1609,1.7);
#211=CYLINDRICAL_SURFACE('',#1611,1.7);
#212=CYLINDRICAL_SURFACE('',#1613,1.7);
#213=CYLINDRICAL_SURFACE('',#1615,10.);
#214=CYLINDRICAL_SURFACE('',#1619,10.);
#215=CYLINDRICAL_SURFACE('',#1628,25.);
#216=CYLINDRICAL_SURFACE('',#1632,25.);
#217=CYLINDRICAL_SURFACE('',#1662,1.6);
#218=CYLINDRICAL_SURFACE('',#1666,1.6);
#219=CYLINDRICAL_SURFACE('',#1670,1.6);
#220=CYLINDRICAL_SURFACE('',#1674,1.6);
#221=CYLINDRICAL_SURFACE('',#1678,2.5);
#222=CYLINDRICAL_SURFACE('',#1680,2.5);
#223=CYLINDRICAL_SURFACE('',#1682,2.5);
#224=CYLINDRICAL_SURFACE('',#1684,2.5);
#225=CYLINDRICAL_SURFACE('',#1686,2.5);
#226=CYLINDRICAL_SURFACE('',#1688,2.5);
#227=CYLINDRICAL_SURFACE('',#1690,2.5);
#228=CYLINDRICAL_SURFACE('',#1692,2.5);
#229=CYLINDRICAL_SURFACE('',#1694,2.5);
#230=CYLINDRICAL_SURFACE('',#1696,2.5);
#231=CYLINDRICAL_SURFACE('',#1698,2.5);
#232=CYLINDRICAL_SURFACE('',#1700,1.7);
#233=CYLINDRICAL_SURFACE('',#1703,1.7);
#234=CYLINDRICAL_SURFACE('',#1706,1.7);
#235=CYLINDRICAL_SURFACE('',#1709,1.7);
#236=CYLINDRICAL_SURFACE('',#1712,1.7);
#237=CYLINDRICAL_SURFACE('',#1715,1.7);
#238=CYLINDRICAL_SURFACE('',#1718,1.7);
#239=CYLINDRICAL_SURFACE('',#1721,1.7);
#240=CYLINDRICAL_SURFACE('',#1724,3.);
#241=CYLINDRICAL_SURFACE('',#1725,3.00000000000001);
#242=CYLINDRICAL_SURFACE('',#1726,3.);
#243=CYLINDRICAL_SURFACE('',#1727,3.00000000000001);
#244=CYLINDRICAL_SURFACE('',#1728,10.);
#245=CYLINDRICAL_SURFACE('',#1733,10.);
#246=FACE_BOUND('',#398,.T.);
#247=FACE_BOUND('',#399,.T.);
#248=FACE_BOUND('',#400,.T.);
#249=FACE_BOUND('',#401,.T.);
#250=FACE_BOUND('',#403,.T.);
#251=FACE_BOUND('',#404,.T.);
#252=FACE_BOUND('',#405,.T.);
#253=FACE_BOUND('',#406,.T.);
#254=FACE_BOUND('',#440,.T.);
#255=FACE_BOUND('',#441,.T.);
#256=FACE_BOUND('',#442,.T.);
#257=FACE_BOUND('',#443,.T.);
#258=FACE_BOUND('',#446,.T.);
#259=FACE_BOUND('',#447,.T.);
#260=FACE_BOUND('',#448,.T.);
#261=FACE_BOUND('',#449,.T.);
#262=FACE_BOUND('',#451,.T.);
#263=FACE_BOUND('',#452,.T.);
#264=FACE_BOUND('',#453,.T.);
#265=FACE_BOUND('',#454,.T.);
#266=FACE_BOUND('',#462,.T.);
#267=FACE_BOUND('',#464,.T.);
#268=FACE_BOUND('',#466,.T.);
#269=FACE_BOUND('',#468,.T.);
#270=FACE_BOUND('',#470,.T.);
#271=FACE_BOUND('',#471,.T.);
#272=FACE_BOUND('',#472,.T.);
#273=FACE_BOUND('',#473,.T.);
#274=FACE_BOUND('',#474,.T.);
#275=FACE_BOUND('',#475,.T.);
#276=FACE_BOUND('',#476,.T.);
#277=FACE_BOUND('',#477,.T.);
#278=FACE_BOUND('',#478,.T.);
#279=FACE_BOUND('',#479,.T.);
#280=FACE_BOUND('',#480,.T.);
#281=FACE_BOUND('',#481,.T.);
#282=FACE_BOUND('',#482,.T.);
#283=FACE_BOUND('',#483,.T.);
#284=FACE_BOUND('',#484,.T.);
#285=FACE_BOUND('',#485,.T.);
#286=FACE_BOUND('',#486,.T.);
#287=FACE_BOUND('',#487,.T.);
#288=FACE_BOUND('',#488,.T.);
#289=FACE_BOUND('',#491,.T.);
#290=FACE_BOUND('',#494,.T.);
#291=FACE_BOUND('',#497,.T.);
#292=FACE_BOUND('',#500,.T.);
#293=FACE_BOUND('',#535,.T.);
#294=FACE_BOUND('',#536,.T.);
#295=FACE_BOUND('',#537,.T.);
#296=FACE_BOUND('',#538,.T.);
#297=FACE_BOUND('',#539,.T.);
#298=FACE_BOUND('',#540,.T.);
#299=FACE_BOUND('',#541,.T.);
#300=FACE_BOUND('',#542,.T.);
#301=FACE_BOUND('',#543,.T.);
#302=FACE_BOUND('',#544,.T.);
#303=FACE_BOUND('',#545,.T.);
#304=FACE_OUTER_BOUND('',#397,.T.);
#305=FACE_OUTER_BOUND('',#402,.T.);
#306=FACE_OUTER_BOUND('',#407,.T.);
#307=FACE_OUTER_BOUND('',#408,.T.);
#308=FACE_OUTER_BOUND('',#409,.T.);
#309=FACE_OUTER_BOUND('',#410,.T.);
#310=FACE_OUTER_BOUND('',#411,.T.);
#311=FACE_OUTER_BOUND('',#412,.T.);
#312=FACE_OUTER_BOUND('',#413,.T.);
#313=FACE_OUTER_BOUND('',#414,.T.);
#314=FACE_OUTER_BOUND('',#415,.T.);
#315=FACE_OUTER_BOUND('',#416,.T.);
#316=FACE_OUTER_BOUND('',#417,.T.);
#317=FACE_OUTER_BOUND('',#418,.T.);
#318=FACE_OUTER_BOUND('',#419,.T.);
#319=FACE_OUTER_BOUND('',#420,.T.);
#320=FACE_OUTER_BOUND('',#421,.T.);
#321=FACE_OUTER_BOUND('',#422,.T.);
#322=FACE_OUTER_BOUND('',#423,.T.);
#323=FACE_OUTER_BOUND('',#424,.T.);
#324=FACE_OUTER_BOUND('',#425,.T.);
#325=FACE_OUTER_BOUND('',#426,.T.);
#326=FACE_OUTER_BOUND('',#427,.T.);
#327=FACE_OUTER_BOUND('',#428,.T.);
#328=FACE_OUTER_BOUND('',#429,.T.);
#329=FACE_OUTER_BOUND('',#430,.T.);
#330=FACE_OUTER_BOUND('',#431,.T.);
#331=FACE_OUTER_BOUND('',#432,.T.);
#332=FACE_OUTER_BOUND('',#433,.T.);
#333=FACE_OUTER_BOUND('',#434,.T.);
#334=FACE_OUTER_BOUND('',#435,.T.);
#335=FACE_OUTER_BOUND('',#436,.T.);
#336=FACE_OUTER_BOUND('',#437,.T.);
#337=FACE_OUTER_BOUND('',#438,.T.);
#338=FACE_OUTER_BOUND('',#439,.T.);
#339=FACE_OUTER_BOUND('',#444,.T.);
#340=FACE_OUTER_BOUND('',#445,.T.);
#341=FACE_OUTER_BOUND('',#450,.T.);
#342=FACE_OUTER_BOUND('',#455,.T.);
#343=FACE_OUTER_BOUND('',#456,.T.);
#344=FACE_OUTER_BOUND('',#457,.T.);
#345=FACE_OUTER_BOUND('',#458,.T.);
#346=FACE_OUTER_BOUND('',#459,.T.);
#347=FACE_OUTER_BOUND('',#460,.T.);
#348=FACE_OUTER_BOUND('',#461,.T.);
#349=FACE_OUTER_BOUND('',#463,.T.);
#350=FACE_OUTER_BOUND('',#465,.T.);
#351=FACE_OUTER_BOUND('',#467,.T.);
#352=FACE_OUTER_BOUND('',#469,.T.);
#353=FACE_OUTER_BOUND('',#489,.T.);
#354=FACE_OUTER_BOUND('',#490,.T.);
#355=FACE_OUTER_BOUND('',#492,.T.);
#356=FACE_OUTER_BOUND('',#493,.T.);
#357=FACE_OUTER_BOUND('',#495,.T.);
#358=FACE_OUTER_BOUND('',#496,.T.);
#359=FACE_OUTER_BOUND('',#498,.T.);
#360=FACE_OUTER_BOUND('',#499,.T.);
#361=FACE_OUTER_BOUND('',#501,.T.);
#362=FACE_OUTER_BOUND('',#502,.T.);
#363=FACE_OUTER_BOUND('',#503,.T.);
#364=FACE_OUTER_BOUND('',#504,.T.);
#365=FACE_OUTER_BOUND('',#505,.T.);
#366=FACE_OUTER_BOUND('',#506,.T.);
#367=FACE_OUTER_BOUND('',#507,.T.);
#368=FACE_OUTER_BOUND('',#508,.T.);
#369=FACE_OUTER_BOUND('',#509,.T.);
#370=FACE_OUTER_BOUND('',#510,.T.);
#371=FACE_OUTER_BOUND('',#511,.T.);
#372=FACE_OUTER_BOUND('',#512,.T.);
#373=FACE_OUTER_BOUND('',#513,.T.);
#374=FACE_OUTER_BOUND('',#514,.T.);
#375=FACE_OUTER_BOUND('',#515,.T.);
#376=FACE_OUTER_BOUND('',#516,.T.);
#377=FACE_OUTER_BOUND('',#517,.T.);
#378=FACE_OUTER_BOUND('',#518,.T.);
#379=FACE_OUTER_BOUND('',#519,.T.);
#380=FACE_OUTER_BOUND('',#520,.T.);
#381=FACE_OUTER_BOUND('',#521,.T.);
#382=FACE_OUTER_BOUND('',#522,.T.);
#383=FACE_OUTER_BOUND('',#523,.T.);
#384=FACE_OUTER_BOUND('',#524,.T.);
#385=FACE_OUTER_BOUND('',#525,.T.);
#386=FACE_OUTER_BOUND('',#526,.T.);
#387=FACE_OUTER_BOUND('',#527,.T.);
#388=FACE_OUTER_BOUND('',#528,.T.);
#389=FACE_OUTER_BOUND('',#529,.T.);
#390=FACE_OUTER_BOUND('',#530,.T.);
#391=FACE_OUTER_BOUND('',#531,.T.);
#392=FACE_OUTER_BOUND('',#532,.T.);
#393=FACE_OUTER_BOUND('',#533,.T.);
#394=FACE_OUTER_BOUND('',#534,.T.);
#395=FACE_OUTER_BOUND('',#546,.T.);
#396=FACE_OUTER_BOUND('',#547,.T.);
#397=EDGE_LOOP('',(#989,#990));
#398=EDGE_LOOP('',(#991));
#399=EDGE_LOOP('',(#992));
#400=EDGE_LOOP('',(#993));
#401=EDGE_LOOP('',(#994));
#402=EDGE_LOOP('',(#995,#996));
#403=EDGE_LOOP('',(#997));
#404=EDGE_LOOP('',(#998));
#405=EDGE_LOOP('',(#999));
#406=EDGE_LOOP('',(#1000));
#407=EDGE_LOOP('',(#1001,#1002,#1003,#1004,#1005,#1006));
#408=EDGE_LOOP('',(#1007,#1008,#1009,#1010,#1011,#1012));
#409=EDGE_LOOP('',(#1013,#1014,#1015));
#410=EDGE_LOOP('',(#1016,#1017,#1018,#1019,#1020,#1021));
#411=EDGE_LOOP('',(#1022,#1023,#1024,#1025,#1026));
#412=EDGE_LOOP('',(#1027,#1028,#1029,#1030));
#413=EDGE_LOOP('',(#1031,#1032,#1033,#1034,#1035));
#414=EDGE_LOOP('',(#1036,#1037,#1038));
#415=EDGE_LOOP('',(#1039,#1040,#1041));
#416=EDGE_LOOP('',(#1042,#1043,#1044,#1045,#1046));
#417=EDGE_LOOP('',(#1047,#1048,#1049,#1050));
#418=EDGE_LOOP('',(#1051,#1052,#1053,#1054,#1055));
#419=EDGE_LOOP('',(#1056,#1057,#1058,#1059,#1060,#1061));
#420=EDGE_LOOP('',(#1062,#1063,#1064));
#421=EDGE_LOOP('',(#1065,#1066,#1067,#1068));
#422=EDGE_LOOP('',(#1069,#1070,#1071,#1072));
#423=EDGE_LOOP('',(#1073));
#424=EDGE_LOOP('',(#1074,#1075,#1076,#1077));
#425=EDGE_LOOP('',(#1078));
#426=EDGE_LOOP('',(#1079,#1080,#1081,#1082));
#427=EDGE_LOOP('',(#1083));
#428=EDGE_LOOP('',(#1084,#1085,#1086,#1087));
#429=EDGE_LOOP('',(#1088));
#430=EDGE_LOOP('',(#1089,#1090,#1091,#1092));
#431=EDGE_LOOP('',(#1093,#1094,#1095,#1096));
#432=EDGE_LOOP('',(#1097,#1098,#1099,#1100));
#433=EDGE_LOOP('',(#1101,#1102,#1103,#1104));
#434=EDGE_LOOP('',(#1105,#1106,#1107,#1108));
#435=EDGE_LOOP('',(#1109,#1110,#1111,#1112));
#436=EDGE_LOOP('',(#1113,#1114,#1115,#1116));
#437=EDGE_LOOP('',(#1117,#1118,#1119,#1120));
#438=EDGE_LOOP('',(#1121,#1122,#1123,#1124));
#439=EDGE_LOOP('',(#1125));
#440=EDGE_LOOP('',(#1126));
#441=EDGE_LOOP('',(#1127));
#442=EDGE_LOOP('',(#1128));
#443=EDGE_LOOP('',(#1129));
#444=EDGE_LOOP('',(#1130,#1131,#1132,#1133));
#445=EDGE_LOOP('',(#1134));
#446=EDGE_LOOP('',(#1135));
#447=EDGE_LOOP('',(#1136));
#448=EDGE_LOOP('',(#1137));
#449=EDGE_LOOP('',(#1138));
#450=EDGE_LOOP('',(#1139,#1140,#1141,#1142));
#451=EDGE_LOOP('',(#1143,#1144,#1145,#1146));
#452=EDGE_LOOP('',(#1147,#1148,#1149,#1150));
#453=EDGE_LOOP('',(#1151));
#454=EDGE_LOOP('',(#1152));
#455=EDGE_LOOP('',(#1153,#1154,#1155,#1156,#1157,#1158));
#456=EDGE_LOOP('',(#1159,#1160,#1161,#1162,#1163,#1164));
#457=EDGE_LOOP('',(#1165,#1166,#1167,#1168));
#458=EDGE_LOOP('',(#1169,#1170,#1171,#1172));
#459=EDGE_LOOP('',(#1173,#1174,#1175,#1176));
#460=EDGE_LOOP('',(#1177,#1178,#1179,#1180));
#461=EDGE_LOOP('',(#1181));
#462=EDGE_LOOP('',(#1182));
#463=EDGE_LOOP('',(#1183));
#464=EDGE_LOOP('',(#1184));
#465=EDGE_LOOP('',(#1185));
#466=EDGE_LOOP('',(#1186));
#467=EDGE_LOOP('',(#1187));
#468=EDGE_LOOP('',(#1188));
#469=EDGE_LOOP('',(#1189,#1190,#1191,#1192));
#470=EDGE_LOOP('',(#1193));
#471=EDGE_LOOP('',(#1194));
#472=EDGE_LOOP('',(#1195));
#473=EDGE_LOOP('',(#1196));
#474=EDGE_LOOP('',(#1197));
#475=EDGE_LOOP('',(#1198));
#476=EDGE_LOOP('',(#1199));
#477=EDGE_LOOP('',(#1200));
#478=EDGE_LOOP('',(#1201));
#479=EDGE_LOOP('',(#1202));
#480=EDGE_LOOP('',(#1203));
#481=EDGE_LOOP('',(#1204));
#482=EDGE_LOOP('',(#1205));
#483=EDGE_LOOP('',(#1206));
#484=EDGE_LOOP('',(#1207));
#485=EDGE_LOOP('',(#1208));
#486=EDGE_LOOP('',(#1209));
#487=EDGE_LOOP('',(#1210));
#488=EDGE_LOOP('',(#1211));
#489=EDGE_LOOP('',(#1212,#1213,#1214,#1215));
#490=EDGE_LOOP('',(#1216));
#491=EDGE_LOOP('',(#1217));
#492=EDGE_LOOP('',(#1218,#1219,#1220,#1221));
#493=EDGE_LOOP('',(#1222));
#494=EDGE_LOOP('',(#1223));
#495=EDGE_LOOP('',(#1224,#1225,#1226,#1227));
#496=EDGE_LOOP('',(#1228));
#497=EDGE_LOOP('',(#1229));
#498=EDGE_LOOP('',(#1230,#1231,#1232,#1233));
#499=EDGE_LOOP('',(#1234));
#500=EDGE_LOOP('',(#1235));
#501=EDGE_LOOP('',(#1236,#1237,#1238,#1239));
#502=EDGE_LOOP('',(#1240,#1241,#1242,#1243));
#503=EDGE_LOOP('',(#1244,#1245,#1246,#1247));
#504=EDGE_LOOP('',(#1248,#1249,#1250,#1251));
#505=EDGE_LOOP('',(#1252,#1253,#1254,#1255));
#506=EDGE_LOOP('',(#1256,#1257,#1258,#1259));
#507=EDGE_LOOP('',(#1260,#1261,#1262,#1263));
#508=EDGE_LOOP('',(#1264,#1265,#1266,#1267));
#509=EDGE_LOOP('',(#1268,#1269,#1270,#1271));
#510=EDGE_LOOP('',(#1272,#1273,#1274,#1275));
#511=EDGE_LOOP('',(#1276,#1277,#1278,#1279));
#512=EDGE_LOOP('',(#1280,#1281,#1282,#1283));
#513=EDGE_LOOP('',(#1284));
#514=EDGE_LOOP('',(#1285,#1286,#1287,#1288));
#515=EDGE_LOOP('',(#1289));
#516=EDGE_LOOP('',(#1290,#1291,#1292,#1293));
#517=EDGE_LOOP('',(#1294));
#518=EDGE_LOOP('',(#1295,#1296,#1297,#1298));
#519=EDGE_LOOP('',(#1299));
#520=EDGE_LOOP('',(#1300,#1301,#1302,#1303));
#521=EDGE_LOOP('',(#1304));
#522=EDGE_LOOP('',(#1305,#1306,#1307,#1308));
#523=EDGE_LOOP('',(#1309));
#524=EDGE_LOOP('',(#1310,#1311,#1312,#1313));
#525=EDGE_LOOP('',(#1314));
#526=EDGE_LOOP('',(#1315,#1316,#1317,#1318));
#527=EDGE_LOOP('',(#1319));
#528=EDGE_LOOP('',(#1320,#1321,#1322,#1323,#1324,#1325));
#529=EDGE_LOOP('',(#1326,#1327,#1328,#1329,#1330,#1331));
#530=EDGE_LOOP('',(#1332,#1333,#1334,#1335,#1336,#1337));
#531=EDGE_LOOP('',(#1338,#1339,#1340,#1341,#1342,#1343));
#532=EDGE_LOOP('',(#1344,#1345,#1346,#1347,#1348,#1349,#1350,#1351,#1352));
#533=EDGE_LOOP('',(#1353,#1354,#1355,#1356,#1357,#1358,#1359,#1360,#1361));
#534=EDGE_LOOP('',(#1362,#1363,#1364,#1365));
#535=EDGE_LOOP('',(#1366));
#536=EDGE_LOOP('',(#1367));
#537=EDGE_LOOP('',(#1368));
#538=EDGE_LOOP('',(#1369));
#539=EDGE_LOOP('',(#1370));
#540=EDGE_LOOP('',(#1371));
#541=EDGE_LOOP('',(#1372));
#542=EDGE_LOOP('',(#1373));
#543=EDGE_LOOP('',(#1374));
#544=EDGE_LOOP('',(#1375));
#545=EDGE_LOOP('',(#1376));
#546=EDGE_LOOP('',(#1377,#1378,#1379,#1380,#1381,#1382,#1383,#1384));
#547=EDGE_LOOP('',(#1385,#1386,#1387,#1388,#1389,#1390,#1391,#1392,#1393,
#1394));
#548=CIRCLE('',#1543,15.);
#549=CIRCLE('',#1544,15.);
#550=CIRCLE('',#1545,1.7);
#551=CIRCLE('',#1546,1.7);
#552=CIRCLE('',#1547,1.7);
#553=CIRCLE('',#1548,1.7);
#554=CIRCLE('',#1550,15.);
#555=CIRCLE('',#1551,15.);
#556=CIRCLE('',#1552,1.7);
#557=CIRCLE('',#1553,1.7);
#558=CIRCLE('',#1554,1.7);
#559=CIRCLE('',#1555,1.7);
#560=CIRCLE('',#1557,15.);
#561=CIRCLE('',#1559,15.);
#562=CIRCLE('',#1561,20.);
#563=CIRCLE('',#1563,20.);
#564=CIRCLE('',#1564,20.);
#565=CIRCLE('',#1565,20.);
#566=CIRCLE('',#1568,15.);
#567=CIRCLE('',#1572,20.);
#568=CIRCLE('',#1575,15.);
#569=CIRCLE('',#1578,20.);
#570=CIRCLE('',#1579,20.);
#571=CIRCLE('',#1580,20.);
#572=CIRCLE('',#1584,1.8);
#573=CIRCLE('',#1585,1.8);
#574=CIRCLE('',#1588,1.8);
#575=CIRCLE('',#1589,1.8);
#576=CIRCLE('',#1592,1.8);
#577=CIRCLE('',#1593,1.8);
#578=CIRCLE('',#1596,1.8);
#579=CIRCLE('',#1597,1.8);
#580=CIRCLE('',#1600,1.7);
#581=CIRCLE('',#1602,1.7);
#582=CIRCLE('',#1604,1.7);
#583=CIRCLE('',#1606,1.7);
#584=CIRCLE('',#1608,1.7);
#585=CIRCLE('',#1610,1.7);
#586=CIRCLE('',#1612,1.7);
#587=CIRCLE('',#1614,1.7);
#588=CIRCLE('',#1616,10.);
#589=CIRCLE('',#1617,10.);
#590=CIRCLE('',#1620,10.);
#591=CIRCLE('',#1621,10.);
#592=CIRCLE('',#1624,25.);
#593=CIRCLE('',#1625,25.);
#594=CIRCLE('',#1629,25.);
#595=CIRCLE('',#1633,25.);
#596=CIRCLE('',#1635,1.6);
#597=CIRCLE('',#1637,1.6);
#598=CIRCLE('',#1639,1.6);
#599=CIRCLE('',#1641,1.6);
#600=CIRCLE('',#1643,1.7);
#601=CIRCLE('',#1644,1.7);
#602=CIRCLE('',#1645,1.7);
#603=CIRCLE('',#1646,1.7);
#604=CIRCLE('',#1647,1.7);
#605=CIRCLE('',#1648,1.7);
#606=CIRCLE('',#1649,1.7);
#607=CIRCLE('',#1650,1.7);
#608=CIRCLE('',#1651,2.5);
#609=CIRCLE('',#1652,2.5);
#610=CIRCLE('',#1653,2.5);
#611=CIRCLE('',#1654,2.5);
#612=CIRCLE('',#1655,2.5);
#613=CIRCLE('',#1656,2.5);
#614=CIRCLE('',#1657,2.5);
#615=CIRCLE('',#1658,2.5);
#616=CIRCLE('',#1659,2.5);
#617=CIRCLE('',#1660,2.5);
#618=CIRCLE('',#1661,2.5);
#619=CIRCLE('',#1663,1.6);
#620=CIRCLE('',#1665,3.00000000000001);
#621=CIRCLE('',#1667,1.6);
#622=CIRCLE('',#1669,3.);
#623=CIRCLE('',#1671,1.6);
#624=CIRCLE('',#1673,3.00000000000001);
#625=CIRCLE('',#1675,1.6);
#626=CIRCLE('',#1677,3.);
#627=CIRCLE('',#1679,2.5);
#628=CIRCLE('',#1681,2.5);
#629=CIRCLE('',#1683,2.5);
#630=CIRCLE('',#1685,2.5);
#631=CIRCLE('',#1687,2.5);
#632=CIRCLE('',#1689,2.5);
#633=CIRCLE('',#1691,2.5);
#634=CIRCLE('',#1693,2.5);
#635=CIRCLE('',#1695,2.5);
#636=CIRCLE('',#1697,2.5);
#637=CIRCLE('',#1699,2.5);
#638=CIRCLE('',#1701,1.7);
#639=CIRCLE('',#1704,1.7);
#640=CIRCLE('',#1707,1.7);
#641=CIRCLE('',#1710,1.7);
#642=CIRCLE('',#1713,1.7);
#643=CIRCLE('',#1716,1.7);
#644=CIRCLE('',#1719,1.7);
#645=CIRCLE('',#1722,1.7);
#646=CIRCLE('',#1729,10.);
#647=CIRCLE('',#1730,10.);
#648=CIRCLE('',#1731,10.);
#649=CIRCLE('',#1732,10.);
#650=CIRCLE('',#1734,10.);
#651=CIRCLE('',#1735,10.);
#652=CIRCLE('',#1736,10.);
#653=CIRCLE('',#1737,10.);
#654=CIRCLE('',#1739,15.);
#655=CIRCLE('',#1740,15.);
#656=VERTEX_POINT('',#2232);
#657=VERTEX_POINT('',#2233);
#658=VERTEX_POINT('',#2236);
#659=VERTEX_POINT('',#2238);
#660=VERTEX_POINT('',#2240);
#661=VERTEX_POINT('',#2242);
#662=VERTEX_POINT('',#2245);
#663=VERTEX_POINT('',#2246);
#664=VERTEX_POINT('',#2249);
#665=VERTEX_POINT('',#2251);
#666=VERTEX_POINT('',#2253);
#667=VERTEX_POINT('',#2255);
#668=VERTEX_POINT('',#2258);
#669=VERTEX_POINT('',#2259);
#670=VERTEX_POINT('',#2261);
#671=VERTEX_POINT('',#2263);
#672=VERTEX_POINT('',#2268);
#673=VERTEX_POINT('',#2269);
#674=VERTEX_POINT('',#2271);
#675=VERTEX_POINT('',#2273);
#676=VERTEX_POINT('',#2278);
#677=VERTEX_POINT('',#2280);
#678=VERTEX_POINT('',#2284);
#679=VERTEX_POINT('',#2285);
#680=VERTEX_POINT('',#2288);
#681=VERTEX_POINT('',#2290);
#682=VERTEX_POINT('',#2294);
#683=VERTEX_POINT('',#2298);
#684=VERTEX_POINT('',#2307);
#685=VERTEX_POINT('',#2309);
#686=VERTEX_POINT('',#2313);
#687=VERTEX_POINT('',#2314);
#688=VERTEX_POINT('',#2317);
#689=VERTEX_POINT('',#2321);
#690=VERTEX_POINT('',#2325);
#691=VERTEX_POINT('',#2330);
#692=VERTEX_POINT('',#2339);
#693=VERTEX_POINT('',#2341);
#694=VERTEX_POINT('',#2346);
#695=VERTEX_POINT('',#2348);
#696=VERTEX_POINT('',#2353);
#697=VERTEX_POINT('',#2355);
#698=VERTEX_POINT('',#2360);
#699=VERTEX_POINT('',#2362);
#700=VERTEX_POINT('',#2367);
#701=VERTEX_POINT('',#2371);
#702=VERTEX_POINT('',#2375);
#703=VERTEX_POINT('',#2379);
#704=VERTEX_POINT('',#2383);
#705=VERTEX_POINT('',#2387);
#706=VERTEX_POINT('',#2391);
#707=VERTEX_POINT('',#2395);
#708=VERTEX_POINT('',#2399);
#709=VERTEX_POINT('',#2401);
#710=VERTEX_POINT('',#2406);
#711=VERTEX_POINT('',#2408);
#712=VERTEX_POINT('',#2413);
#713=VERTEX_POINT('',#2414);
#714=VERTEX_POINT('',#2416);
#715=VERTEX_POINT('',#2418);
#716=VERTEX_POINT('',#2426);
#717=VERTEX_POINT('',#2427);
#718=VERTEX_POINT('',#2432);
#719=VERTEX_POINT('',#2436);
#720=VERTEX_POINT('',#2442);
#721=VERTEX_POINT('',#2445);
#722=VERTEX_POINT('',#2448);
#723=VERTEX_POINT('',#2451);
#724=VERTEX_POINT('',#2454);
#725=VERTEX_POINT('',#2456);
#726=VERTEX_POINT('',#2458);
#727=VERTEX_POINT('',#2460);
#728=VERTEX_POINT('',#2462);
#729=VERTEX_POINT('',#2464);
#730=VERTEX_POINT('',#2466);
#731=VERTEX_POINT('',#2468);
#732=VERTEX_POINT('',#2470);
#733=VERTEX_POINT('',#2472);
#734=VERTEX_POINT('',#2474);
#735=VERTEX_POINT('',#2476);
#736=VERTEX_POINT('',#2478);
#737=VERTEX_POINT('',#2480);
#738=VERTEX_POINT('',#2482);
#739=VERTEX_POINT('',#2484);
#740=VERTEX_POINT('',#2486);
#741=VERTEX_POINT('',#2488);
#742=VERTEX_POINT('',#2490);
#743=VERTEX_POINT('',#2493);
#744=VERTEX_POINT('',#2497);
#745=VERTEX_POINT('',#2500);
#746=VERTEX_POINT('',#2504);
#747=VERTEX_POINT('',#2507);
#748=VERTEX_POINT('',#2511);
#749=VERTEX_POINT('',#2514);
#750=VERTEX_POINT('',#2518);
#751=VERTEX_POINT('',#2521);
#752=VERTEX_POINT('',#2525);
#753=VERTEX_POINT('',#2529);
#754=VERTEX_POINT('',#2533);
#755=VERTEX_POINT('',#2537);
#756=VERTEX_POINT('',#2541);
#757=VERTEX_POINT('',#2545);
#758=VERTEX_POINT('',#2549);
#759=VERTEX_POINT('',#2553);
#760=VERTEX_POINT('',#2557);
#761=VERTEX_POINT('',#2561);
#762=VERTEX_POINT('',#2565);
#763=VERTEX_POINT('',#2570);
#764=VERTEX_POINT('',#2575);
#765=VERTEX_POINT('',#2580);
#766=VERTEX_POINT('',#2585);
#767=VERTEX_POINT('',#2590);
#768=VERTEX_POINT('',#2595);
#769=VERTEX_POINT('',#2600);
#770=VERTEX_POINT('',#2605);
#771=VERTEX_POINT('',#2606);
#772=VERTEX_POINT('',#2617);
#773=VERTEX_POINT('',#2656);
#774=VERTEX_POINT('',#2657);
#775=VERTEX_POINT('',#2672);
#776=VERTEX_POINT('',#2709);
#777=VERTEX_POINT('',#2710);
#778=VERTEX_POINT('',#2723);
#779=VERTEX_POINT('',#2760);
#780=VERTEX_POINT('',#2761);
#781=VERTEX_POINT('',#2776);
#782=VERTEX_POINT('',#2815);
#783=VERTEX_POINT('',#2817);
#784=VERTEX_POINT('',#2821);
#785=VERTEX_POINT('',#2823);
#786=EDGE_CURVE('',#656,#657,#548,.T.);
#787=EDGE_CURVE('',#657,#656,#549,.T.);
#788=EDGE_CURVE('',#658,#658,#550,.T.);
#789=EDGE_CURVE('',#659,#659,#551,.T.);
#790=EDGE_CURVE('',#660,#660,#552,.T.);
#791=EDGE_CURVE('',#661,#661,#553,.T.);
#792=EDGE_CURVE('',#662,#663,#554,.T.);
#793=EDGE_CURVE('',#663,#662,#555,.T.);
#794=EDGE_CURVE('',#664,#664,#556,.T.);
#795=EDGE_CURVE('',#665,#665,#557,.T.);
#796=EDGE_CURVE('',#666,#666,#558,.T.);
#797=EDGE_CURVE('',#667,#667,#559,.T.);
#798=EDGE_CURVE('',#668,#669,#29,.T.);
#799=EDGE_CURVE('',#670,#668,#560,.T.);
#800=EDGE_CURVE('',#670,#671,#30,.T.);
#801=EDGE_CURVE('',#663,#671,#31,.T.);
#802=EDGE_CURVE('',#662,#669,#32,.T.);
#803=EDGE_CURVE('',#672,#673,#33,.T.);
#804=EDGE_CURVE('',#674,#672,#561,.T.);
#805=EDGE_CURVE('',#674,#675,#34,.T.);
#806=EDGE_CURVE('',#657,#675,#35,.T.);
#807=EDGE_CURVE('',#656,#673,#36,.T.);
#808=EDGE_CURVE('',#676,#671,#37,.T.);
#809=EDGE_CURVE('',#677,#676,#562,.T.);
#810=EDGE_CURVE('',#671,#677,#38,.T.);
#811=EDGE_CURVE('',#678,#679,#563,.T.);
#812=EDGE_CURVE('',#678,#677,#39,.T.);
#813=EDGE_CURVE('',#680,#676,#564,.T.);
#814=EDGE_CURVE('',#680,#681,#565,.T.);
#815=EDGE_CURVE('',#679,#681,#40,.T.);
#816=EDGE_CURVE('',#682,#678,#41,.T.);
#817=EDGE_CURVE('',#682,#663,#42,.T.);
#818=EDGE_CURVE('',#683,#682,#566,.T.);
#819=EDGE_CURVE('',#683,#662,#43,.T.);
#820=EDGE_CURVE('',#679,#683,#44,.T.);
#821=EDGE_CURVE('',#681,#669,#45,.T.);
#822=EDGE_CURVE('',#669,#680,#46,.T.);
#823=EDGE_CURVE('',#673,#684,#47,.T.);
#824=EDGE_CURVE('',#685,#673,#48,.T.);
#825=EDGE_CURVE('',#684,#685,#567,.T.);
#826=EDGE_CURVE('',#686,#687,#49,.T.);
#827=EDGE_CURVE('',#686,#657,#50,.T.);
#828=EDGE_CURVE('',#675,#688,#51,.T.);
#829=EDGE_CURVE('',#687,#688,#52,.T.);
#830=EDGE_CURVE('',#689,#686,#568,.T.);
#831=EDGE_CURVE('',#689,#656,#53,.T.);
#832=EDGE_CURVE('',#690,#689,#54,.T.);
#833=EDGE_CURVE('',#690,#685,#55,.T.);
#834=EDGE_CURVE('',#687,#690,#569,.T.);
#835=EDGE_CURVE('',#688,#691,#570,.T.);
#836=EDGE_CURVE('',#684,#691,#571,.T.);
#837=EDGE_CURVE('',#691,#675,#56,.T.);
#838=EDGE_CURVE('',#684,#676,#57,.T.);
#839=EDGE_CURVE('',#680,#691,#58,.T.);
#840=EDGE_CURVE('',#692,#692,#572,.T.);
#841=EDGE_CURVE('',#692,#693,#59,.T.);
#842=EDGE_CURVE('',#693,#693,#573,.T.);
#843=EDGE_CURVE('',#694,#694,#574,.T.);
#844=EDGE_CURVE('',#694,#695,#60,.T.);
#845=EDGE_CURVE('',#695,#695,#575,.T.);
#846=EDGE_CURVE('',#696,#696,#576,.T.);
#847=EDGE_CURVE('',#696,#697,#61,.T.);
#848=EDGE_CURVE('',#697,#697,#577,.T.);
#849=EDGE_CURVE('',#698,#698,#578,.T.);
#850=EDGE_CURVE('',#698,#699,#62,.T.);
#851=EDGE_CURVE('',#699,#699,#579,.T.);
#852=EDGE_CURVE('',#700,#700,#580,.T.);
#853=EDGE_CURVE('',#700,#658,#63,.T.);
#854=EDGE_CURVE('',#701,#701,#581,.T.);
#855=EDGE_CURVE('',#701,#659,#64,.T.);
#856=EDGE_CURVE('',#702,#702,#582,.T.);
#857=EDGE_CURVE('',#702,#664,#65,.T.);
#858=EDGE_CURVE('',#703,#703,#583,.T.);
#859=EDGE_CURVE('',#703,#665,#66,.T.);
#860=EDGE_CURVE('',#704,#704,#584,.T.);
#861=EDGE_CURVE('',#704,#666,#67,.T.);
#862=EDGE_CURVE('',#705,#705,#585,.T.);
#863=EDGE_CURVE('',#705,#667,#68,.T.);
#864=EDGE_CURVE('',#706,#706,#586,.T.);
#865=EDGE_CURVE('',#706,#660,#69,.T.);
#866=EDGE_CURVE('',#707,#707,#587,.T.);
#867=EDGE_CURVE('',#707,#661,#70,.T.);
#868=EDGE_CURVE('',#708,#708,#588,.T.);
#869=EDGE_CURVE('',#708,#709,#71,.T.);
#870=EDGE_CURVE('',#709,#709,#589,.T.);
#871=EDGE_CURVE('',#710,#710,#590,.T.);
#872=EDGE_CURVE('',#710,#711,#72,.T.);
#873=EDGE_CURVE('',#711,#711,#591,.T.);
#874=EDGE_CURVE('',#712,#713,#592,.T.);
#875=EDGE_CURVE('',#712,#714,#73,.T.);
#876=EDGE_CURVE('',#715,#714,#593,.T.);
#877=EDGE_CURVE('',#713,#715,#74,.T.);
#878=EDGE_CURVE('',#668,#674,#75,.T.);
#879=EDGE_CURVE('',#672,#670,#76,.T.);
#880=EDGE_CURVE('',#716,#717,#594,.T.);
#881=EDGE_CURVE('',#715,#716,#77,.T.);
#882=EDGE_CURVE('',#714,#717,#78,.T.);
#883=EDGE_CURVE('',#718,#716,#79,.T.);
#884=EDGE_CURVE('',#713,#718,#80,.T.);
#885=EDGE_CURVE('',#717,#719,#81,.T.);
#886=EDGE_CURVE('',#712,#719,#82,.T.);
#887=EDGE_CURVE('',#719,#718,#595,.T.);
#888=EDGE_CURVE('',#720,#720,#596,.T.);
#889=EDGE_CURVE('',#721,#721,#597,.T.);
#890=EDGE_CURVE('',#722,#722,#598,.T.);
#891=EDGE_CURVE('',#723,#723,#599,.T.);
#892=EDGE_CURVE('',#724,#724,#600,.T.);
#893=EDGE_CURVE('',#725,#725,#601,.T.);
#894=EDGE_CURVE('',#726,#726,#602,.T.);
#895=EDGE_CURVE('',#727,#727,#603,.T.);
#896=EDGE_CURVE('',#728,#728,#604,.T.);
#897=EDGE_CURVE('',#729,#729,#605,.T.);
#898=EDGE_CURVE('',#730,#730,#606,.T.);
#899=EDGE_CURVE('',#731,#731,#607,.T.);
#900=EDGE_CURVE('',#732,#732,#608,.T.);
#901=EDGE_CURVE('',#733,#733,#609,.T.);
#902=EDGE_CURVE('',#734,#734,#610,.T.);
#903=EDGE_CURVE('',#735,#735,#611,.T.);
#904=EDGE_CURVE('',#736,#736,#612,.T.);
#905=EDGE_CURVE('',#737,#737,#613,.T.);
#906=EDGE_CURVE('',#738,#738,#614,.T.);
#907=EDGE_CURVE('',#739,#739,#615,.T.);
#908=EDGE_CURVE('',#740,#740,#616,.T.);
#909=EDGE_CURVE('',#741,#741,#617,.T.);
#910=EDGE_CURVE('',#742,#742,#618,.T.);
#911=EDGE_CURVE('',#720,#743,#83,.T.);
#912=EDGE_CURVE('',#743,#743,#619,.T.);
#913=EDGE_CURVE('',#744,#744,#620,.T.);
#914=EDGE_CURVE('',#723,#745,#84,.T.);
#915=EDGE_CURVE('',#745,#745,#621,.T.);
#916=EDGE_CURVE('',#746,#746,#622,.T.);
#917=EDGE_CURVE('',#722,#747,#85,.T.);
#918=EDGE_CURVE('',#747,#747,#623,.T.);
#919=EDGE_CURVE('',#748,#748,#624,.T.);
#920=EDGE_CURVE('',#721,#749,#86,.T.);
#921=EDGE_CURVE('',#749,#749,#625,.T.);
#922=EDGE_CURVE('',#750,#750,#626,.T.);
#923=EDGE_CURVE('',#751,#751,#627,.T.);
#924=EDGE_CURVE('',#751,#742,#87,.T.);
#925=EDGE_CURVE('',#752,#752,#628,.T.);
#926=EDGE_CURVE('',#752,#741,#88,.T.);
#927=EDGE_CURVE('',#753,#753,#629,.T.);
#928=EDGE_CURVE('',#753,#740,#89,.T.);
#929=EDGE_CURVE('',#754,#754,#630,.T.);
#930=EDGE_CURVE('',#754,#739,#90,.T.);
#931=EDGE_CURVE('',#755,#755,#631,.T.);
#932=EDGE_CURVE('',#755,#738,#91,.T.);
#933=EDGE_CURVE('',#756,#756,#632,.T.);
#934=EDGE_CURVE('',#756,#737,#92,.T.);
#935=EDGE_CURVE('',#757,#757,#633,.T.);
#936=EDGE_CURVE('',#757,#736,#93,.T.);
#937=EDGE_CURVE('',#758,#758,#634,.T.);
#938=EDGE_CURVE('',#758,#735,#94,.T.);
#939=EDGE_CURVE('',#759,#759,#635,.T.);
#940=EDGE_CURVE('',#759,#734,#95,.T.);
#941=EDGE_CURVE('',#760,#760,#636,.T.);
#942=EDGE_CURVE('',#760,#733,#96,.T.);
#943=EDGE_CURVE('',#761,#761,#637,.T.);
#944=EDGE_CURVE('',#761,#732,#97,.T.);
#945=EDGE_CURVE('',#731,#762,#98,.T.);
#946=EDGE_CURVE('',#762,#762,#638,.T.);
#947=EDGE_CURVE('',#730,#763,#99,.T.);
#948=EDGE_CURVE('',#763,#763,#639,.T.);
#949=EDGE_CURVE('',#729,#764,#100,.T.);
#950=EDGE_CURVE('',#764,#764,#640,.T.);
#951=EDGE_CURVE('',#728,#765,#101,.T.);
#952=EDGE_CURVE('',#765,#765,#641,.T.);
#953=EDGE_CURVE('',#727,#766,#102,.T.);
#954=EDGE_CURVE('',#766,#766,#642,.T.);
#955=EDGE_CURVE('',#726,#767,#103,.T.);
#956=EDGE_CURVE('',#767,#767,#643,.T.);
#957=EDGE_CURVE('',#725,#768,#104,.T.);
#958=EDGE_CURVE('',#768,#768,#644,.T.);
#959=EDGE_CURVE('',#724,#769,#105,.T.);
#960=EDGE_CURVE('',#769,#769,#645,.T.);
#961=EDGE_CURVE('',#770,#771,#17,.T.);
#962=EDGE_CURVE('',#772,#770,#18,.T.);
#963=EDGE_CURVE('',#771,#772,#19,.T.);
#964=EDGE_CURVE('',#771,#746,#106,.T.);
#965=EDGE_CURVE('',#773,#774,#20,.T.);
#966=EDGE_CURVE('',#775,#773,#21,.T.);
#967=EDGE_CURVE('',#774,#775,#22,.T.);
#968=EDGE_CURVE('',#774,#748,#107,.T.);
#969=EDGE_CURVE('',#776,#777,#23,.T.);
#970=EDGE_CURVE('',#778,#776,#24,.T.);
#971=EDGE_CURVE('',#777,#778,#25,.T.);
#972=EDGE_CURVE('',#777,#750,#108,.T.);
#973=EDGE_CURVE('',#779,#780,#26,.T.);
#974=EDGE_CURVE('',#781,#779,#27,.T.);
#975=EDGE_CURVE('',#780,#781,#28,.T.);
#976=EDGE_CURVE('',#780,#744,#109,.T.);
#977=EDGE_CURVE('',#772,#718,#646,.T.);
#978=EDGE_CURVE('',#716,#775,#647,.T.);
#979=EDGE_CURVE('',#773,#782,#648,.T.);
#980=EDGE_CURVE('',#782,#783,#110,.T.);
#981=EDGE_CURVE('',#783,#770,#649,.T.);
#982=EDGE_CURVE('',#778,#784,#650,.T.);
#983=EDGE_CURVE('',#784,#785,#111,.T.);
#984=EDGE_CURVE('',#781,#785,#651,.T.);
#985=EDGE_CURVE('',#717,#779,#652,.T.);
#986=EDGE_CURVE('',#719,#776,#653,.T.);
#987=EDGE_CURVE('',#785,#782,#654,.T.);
#988=EDGE_CURVE('',#783,#784,#655,.T.);
#989=ORIENTED_EDGE('',*,*,#786,.F.);
#990=ORIENTED_EDGE('',*,*,#787,.F.);
#991=ORIENTED_EDGE('',*,*,#788,.F.);
#992=ORIENTED_EDGE('',*,*,#789,.F.);
#993=ORIENTED_EDGE('',*,*,#790,.F.);
#994=ORIENTED_EDGE('',*,*,#791,.F.);
#995=ORIENTED_EDGE('',*,*,#792,.F.);
#996=ORIENTED_EDGE('',*,*,#793,.F.);
#997=ORIENTED_EDGE('',*,*,#794,.F.);
#998=ORIENTED_EDGE('',*,*,#795,.F.);
#999=ORIENTED_EDGE('',*,*,#796,.F.);
#1000=ORIENTED_EDGE('',*,*,#797,.F.);
#1001=ORIENTED_EDGE('',*,*,#798,.F.);
#1002=ORIENTED_EDGE('',*,*,#799,.F.);
#1003=ORIENTED_EDGE('',*,*,#800,.T.);
#1004=ORIENTED_EDGE('',*,*,#801,.F.);
#1005=ORIENTED_EDGE('',*,*,#793,.T.);
#1006=ORIENTED_EDGE('',*,*,#802,.T.);
#1007=ORIENTED_EDGE('',*,*,#803,.F.);
#1008=ORIENTED_EDGE('',*,*,#804,.F.);
#1009=ORIENTED_EDGE('',*,*,#805,.T.);
#1010=ORIENTED_EDGE('',*,*,#806,.F.);
#1011=ORIENTED_EDGE('',*,*,#787,.T.);
#1012=ORIENTED_EDGE('',*,*,#807,.T.);
#1013=ORIENTED_EDGE('',*,*,#808,.F.);
#1014=ORIENTED_EDGE('',*,*,#809,.F.);
#1015=ORIENTED_EDGE('',*,*,#810,.F.);
#1016=ORIENTED_EDGE('',*,*,#811,.F.);
#1017=ORIENTED_EDGE('',*,*,#812,.T.);
#1018=ORIENTED_EDGE('',*,*,#809,.T.);
#1019=ORIENTED_EDGE('',*,*,#813,.F.);
#1020=ORIENTED_EDGE('',*,*,#814,.T.);
#1021=ORIENTED_EDGE('',*,*,#815,.F.);
#1022=ORIENTED_EDGE('',*,*,#816,.F.);
#1023=ORIENTED_EDGE('',*,*,#817,.T.);
#1024=ORIENTED_EDGE('',*,*,#801,.T.);
#1025=ORIENTED_EDGE('',*,*,#810,.T.);
#1026=ORIENTED_EDGE('',*,*,#812,.F.);
#1027=ORIENTED_EDGE('',*,*,#792,.T.);
#1028=ORIENTED_EDGE('',*,*,#817,.F.);
#1029=ORIENTED_EDGE('',*,*,#818,.F.);
#1030=ORIENTED_EDGE('',*,*,#819,.T.);
#1031=ORIENTED_EDGE('',*,*,#820,.F.);
#1032=ORIENTED_EDGE('',*,*,#815,.T.);
#1033=ORIENTED_EDGE('',*,*,#821,.T.);
#1034=ORIENTED_EDGE('',*,*,#802,.F.);
#1035=ORIENTED_EDGE('',*,*,#819,.F.);
#1036=ORIENTED_EDGE('',*,*,#822,.F.);
#1037=ORIENTED_EDGE('',*,*,#821,.F.);
#1038=ORIENTED_EDGE('',*,*,#814,.F.);
#1039=ORIENTED_EDGE('',*,*,#823,.F.);
#1040=ORIENTED_EDGE('',*,*,#824,.F.);
#1041=ORIENTED_EDGE('',*,*,#825,.F.);
#1042=ORIENTED_EDGE('',*,*,#826,.F.);
#1043=ORIENTED_EDGE('',*,*,#827,.T.);
#1044=ORIENTED_EDGE('',*,*,#806,.T.);
#1045=ORIENTED_EDGE('',*,*,#828,.T.);
#1046=ORIENTED_EDGE('',*,*,#829,.F.);
#1047=ORIENTED_EDGE('',*,*,#786,.T.);
#1048=ORIENTED_EDGE('',*,*,#827,.F.);
#1049=ORIENTED_EDGE('',*,*,#830,.F.);
#1050=ORIENTED_EDGE('',*,*,#831,.T.);
#1051=ORIENTED_EDGE('',*,*,#832,.F.);
#1052=ORIENTED_EDGE('',*,*,#833,.T.);
#1053=ORIENTED_EDGE('',*,*,#824,.T.);
#1054=ORIENTED_EDGE('',*,*,#807,.F.);
#1055=ORIENTED_EDGE('',*,*,#831,.F.);
#1056=ORIENTED_EDGE('',*,*,#834,.F.);
#1057=ORIENTED_EDGE('',*,*,#829,.T.);
#1058=ORIENTED_EDGE('',*,*,#835,.T.);
#1059=ORIENTED_EDGE('',*,*,#836,.F.);
#1060=ORIENTED_EDGE('',*,*,#825,.T.);
#1061=ORIENTED_EDGE('',*,*,#833,.F.);
#1062=ORIENTED_EDGE('',*,*,#837,.F.);
#1063=ORIENTED_EDGE('',*,*,#835,.F.);
#1064=ORIENTED_EDGE('',*,*,#828,.F.);
#1065=ORIENTED_EDGE('',*,*,#813,.T.);
#1066=ORIENTED_EDGE('',*,*,#838,.F.);
#1067=ORIENTED_EDGE('',*,*,#836,.T.);
#1068=ORIENTED_EDGE('',*,*,#839,.F.);
#1069=ORIENTED_EDGE('',*,*,#840,.F.);
#1070=ORIENTED_EDGE('',*,*,#841,.T.);
#1071=ORIENTED_EDGE('',*,*,#842,.T.);
#1072=ORIENTED_EDGE('',*,*,#841,.F.);
#1073=ORIENTED_EDGE('',*,*,#842,.F.);
#1074=ORIENTED_EDGE('',*,*,#843,.F.);
#1075=ORIENTED_EDGE('',*,*,#844,.T.);
#1076=ORIENTED_EDGE('',*,*,#845,.T.);
#1077=ORIENTED_EDGE('',*,*,#844,.F.);
#1078=ORIENTED_EDGE('',*,*,#845,.F.);
#1079=ORIENTED_EDGE('',*,*,#846,.F.);
#1080=ORIENTED_EDGE('',*,*,#847,.T.);
#1081=ORIENTED_EDGE('',*,*,#848,.T.);
#1082=ORIENTED_EDGE('',*,*,#847,.F.);
#1083=ORIENTED_EDGE('',*,*,#848,.F.);
#1084=ORIENTED_EDGE('',*,*,#849,.F.);
#1085=ORIENTED_EDGE('',*,*,#850,.T.);
#1086=ORIENTED_EDGE('',*,*,#851,.T.);
#1087=ORIENTED_EDGE('',*,*,#850,.F.);
#1088=ORIENTED_EDGE('',*,*,#851,.F.);
#1089=ORIENTED_EDGE('',*,*,#852,.T.);
#1090=ORIENTED_EDGE('',*,*,#853,.T.);
#1091=ORIENTED_EDGE('',*,*,#788,.T.);
#1092=ORIENTED_EDGE('',*,*,#853,.F.);
#1093=ORIENTED_EDGE('',*,*,#854,.T.);
#1094=ORIENTED_EDGE('',*,*,#855,.T.);
#1095=ORIENTED_EDGE('',*,*,#789,.T.);
#1096=ORIENTED_EDGE('',*,*,#855,.F.);
#1097=ORIENTED_EDGE('',*,*,#856,.T.);
#1098=ORIENTED_EDGE('',*,*,#857,.T.);
#1099=ORIENTED_EDGE('',*,*,#794,.T.);
#1100=ORIENTED_EDGE('',*,*,#857,.F.);
#1101=ORIENTED_EDGE('',*,*,#858,.T.);
#1102=ORIENTED_EDGE('',*,*,#859,.T.);
#1103=ORIENTED_EDGE('',*,*,#795,.T.);
#1104=ORIENTED_EDGE('',*,*,#859,.F.);
#1105=ORIENTED_EDGE('',*,*,#860,.T.);
#1106=ORIENTED_EDGE('',*,*,#861,.T.);
#1107=ORIENTED_EDGE('',*,*,#796,.T.);
#1108=ORIENTED_EDGE('',*,*,#861,.F.);
#1109=ORIENTED_EDGE('',*,*,#862,.T.);
#1110=ORIENTED_EDGE('',*,*,#863,.T.);
#1111=ORIENTED_EDGE('',*,*,#797,.T.);
#1112=ORIENTED_EDGE('',*,*,#863,.F.);
#1113=ORIENTED_EDGE('',*,*,#864,.T.);
#1114=ORIENTED_EDGE('',*,*,#865,.T.);
#1115=ORIENTED_EDGE('',*,*,#790,.T.);
#1116=ORIENTED_EDGE('',*,*,#865,.F.);
#1117=ORIENTED_EDGE('',*,*,#866,.T.);
#1118=ORIENTED_EDGE('',*,*,#867,.T.);
#1119=ORIENTED_EDGE('',*,*,#791,.T.);
#1120=ORIENTED_EDGE('',*,*,#867,.F.);
#1121=ORIENTED_EDGE('',*,*,#868,.F.);
#1122=ORIENTED_EDGE('',*,*,#869,.T.);
#1123=ORIENTED_EDGE('',*,*,#870,.T.);
#1124=ORIENTED_EDGE('',*,*,#869,.F.);
#1125=ORIENTED_EDGE('',*,*,#870,.F.);
#1126=ORIENTED_EDGE('',*,*,#862,.F.);
#1127=ORIENTED_EDGE('',*,*,#858,.F.);
#1128=ORIENTED_EDGE('',*,*,#860,.F.);
#1129=ORIENTED_EDGE('',*,*,#856,.F.);
#1130=ORIENTED_EDGE('',*,*,#871,.F.);
#1131=ORIENTED_EDGE('',*,*,#872,.T.);
#1132=ORIENTED_EDGE('',*,*,#873,.T.);
#1133=ORIENTED_EDGE('',*,*,#872,.F.);
#1134=ORIENTED_EDGE('',*,*,#873,.F.);
#1135=ORIENTED_EDGE('',*,*,#864,.F.);
#1136=ORIENTED_EDGE('',*,*,#854,.F.);
#1137=ORIENTED_EDGE('',*,*,#866,.F.);
#1138=ORIENTED_EDGE('',*,*,#852,.F.);
#1139=ORIENTED_EDGE('',*,*,#874,.F.);
#1140=ORIENTED_EDGE('',*,*,#875,.T.);
#1141=ORIENTED_EDGE('',*,*,#876,.F.);
#1142=ORIENTED_EDGE('',*,*,#877,.F.);
#1143=ORIENTED_EDGE('',*,*,#811,.T.);
#1144=ORIENTED_EDGE('',*,*,#820,.T.);
#1145=ORIENTED_EDGE('',*,*,#818,.T.);
#1146=ORIENTED_EDGE('',*,*,#816,.T.);
#1147=ORIENTED_EDGE('',*,*,#826,.T.);
#1148=ORIENTED_EDGE('',*,*,#834,.T.);
#1149=ORIENTED_EDGE('',*,*,#832,.T.);
#1150=ORIENTED_EDGE('',*,*,#830,.T.);
#1151=ORIENTED_EDGE('',*,*,#868,.T.);
#1152=ORIENTED_EDGE('',*,*,#871,.T.);
#1153=ORIENTED_EDGE('',*,*,#878,.F.);
#1154=ORIENTED_EDGE('',*,*,#798,.T.);
#1155=ORIENTED_EDGE('',*,*,#822,.T.);
#1156=ORIENTED_EDGE('',*,*,#839,.T.);
#1157=ORIENTED_EDGE('',*,*,#837,.T.);
#1158=ORIENTED_EDGE('',*,*,#805,.F.);
#1159=ORIENTED_EDGE('',*,*,#879,.F.);
#1160=ORIENTED_EDGE('',*,*,#803,.T.);
#1161=ORIENTED_EDGE('',*,*,#823,.T.);
#1162=ORIENTED_EDGE('',*,*,#838,.T.);
#1163=ORIENTED_EDGE('',*,*,#808,.T.);
#1164=ORIENTED_EDGE('',*,*,#800,.F.);
#1165=ORIENTED_EDGE('',*,*,#880,.F.);
#1166=ORIENTED_EDGE('',*,*,#881,.F.);
#1167=ORIENTED_EDGE('',*,*,#876,.T.);
#1168=ORIENTED_EDGE('',*,*,#882,.T.);
#1169=ORIENTED_EDGE('',*,*,#883,.F.);
#1170=ORIENTED_EDGE('',*,*,#884,.F.);
#1171=ORIENTED_EDGE('',*,*,#877,.T.);
#1172=ORIENTED_EDGE('',*,*,#881,.T.);
#1173=ORIENTED_EDGE('',*,*,#885,.F.);
#1174=ORIENTED_EDGE('',*,*,#882,.F.);
#1175=ORIENTED_EDGE('',*,*,#875,.F.);
#1176=ORIENTED_EDGE('',*,*,#886,.T.);
#1177=ORIENTED_EDGE('',*,*,#887,.F.);
#1178=ORIENTED_EDGE('',*,*,#886,.F.);
#1179=ORIENTED_EDGE('',*,*,#874,.T.);
#1180=ORIENTED_EDGE('',*,*,#884,.T.);
#1181=ORIENTED_EDGE('',*,*,#849,.T.);
#1182=ORIENTED_EDGE('',*,*,#888,.T.);
#1183=ORIENTED_EDGE('',*,*,#846,.T.);
#1184=ORIENTED_EDGE('',*,*,#889,.T.);
#1185=ORIENTED_EDGE('',*,*,#843,.T.);
#1186=ORIENTED_EDGE('',*,*,#890,.T.);
#1187=ORIENTED_EDGE('',*,*,#840,.T.);
#1188=ORIENTED_EDGE('',*,*,#891,.T.);
#1189=ORIENTED_EDGE('',*,*,#804,.T.);
#1190=ORIENTED_EDGE('',*,*,#879,.T.);
#1191=ORIENTED_EDGE('',*,*,#799,.T.);
#1192=ORIENTED_EDGE('',*,*,#878,.T.);
#1193=ORIENTED_EDGE('',*,*,#892,.T.);
#1194=ORIENTED_EDGE('',*,*,#893,.T.);
#1195=ORIENTED_EDGE('',*,*,#894,.T.);
#1196=ORIENTED_EDGE('',*,*,#895,.T.);
#1197=ORIENTED_EDGE('',*,*,#896,.T.);
#1198=ORIENTED_EDGE('',*,*,#897,.T.);
#1199=ORIENTED_EDGE('',*,*,#898,.T.);
#1200=ORIENTED_EDGE('',*,*,#899,.T.);
#1201=ORIENTED_EDGE('',*,*,#900,.T.);
#1202=ORIENTED_EDGE('',*,*,#901,.T.);
#1203=ORIENTED_EDGE('',*,*,#902,.T.);
#1204=ORIENTED_EDGE('',*,*,#903,.T.);
#1205=ORIENTED_EDGE('',*,*,#904,.T.);
#1206=ORIENTED_EDGE('',*,*,#905,.T.);
#1207=ORIENTED_EDGE('',*,*,#906,.T.);
#1208=ORIENTED_EDGE('',*,*,#907,.T.);
#1209=ORIENTED_EDGE('',*,*,#908,.T.);
#1210=ORIENTED_EDGE('',*,*,#909,.T.);
#1211=ORIENTED_EDGE('',*,*,#910,.T.);
#1212=ORIENTED_EDGE('',*,*,#888,.F.);
#1213=ORIENTED_EDGE('',*,*,#911,.T.);
#1214=ORIENTED_EDGE('',*,*,#912,.F.);
#1215=ORIENTED_EDGE('',*,*,#911,.F.);
#1216=ORIENTED_EDGE('',*,*,#913,.F.);
#1217=ORIENTED_EDGE('',*,*,#912,.T.);
#1218=ORIENTED_EDGE('',*,*,#891,.F.);
#1219=ORIENTED_EDGE('',*,*,#914,.T.);
#1220=ORIENTED_EDGE('',*,*,#915,.F.);
#1221=ORIENTED_EDGE('',*,*,#914,.F.);
#1222=ORIENTED_EDGE('',*,*,#916,.F.);
#1223=ORIENTED_EDGE('',*,*,#915,.T.);
#1224=ORIENTED_EDGE('',*,*,#890,.F.);
#1225=ORIENTED_EDGE('',*,*,#917,.T.);
#1226=ORIENTED_EDGE('',*,*,#918,.F.);
#1227=ORIENTED_EDGE('',*,*,#917,.F.);
#1228=ORIENTED_EDGE('',*,*,#919,.F.);
#1229=ORIENTED_EDGE('',*,*,#918,.T.);
#1230=ORIENTED_EDGE('',*,*,#889,.F.);
#1231=ORIENTED_EDGE('',*,*,#920,.T.);
#1232=ORIENTED_EDGE('',*,*,#921,.F.);
#1233=ORIENTED_EDGE('',*,*,#920,.F.);
#1234=ORIENTED_EDGE('',*,*,#922,.F.);
#1235=ORIENTED_EDGE('',*,*,#921,.T.);
#1236=ORIENTED_EDGE('',*,*,#923,.F.);
#1237=ORIENTED_EDGE('',*,*,#924,.T.);
#1238=ORIENTED_EDGE('',*,*,#910,.F.);
#1239=ORIENTED_EDGE('',*,*,#924,.F.);
#1240=ORIENTED_EDGE('',*,*,#925,.F.);
#1241=ORIENTED_EDGE('',*,*,#926,.T.);
#1242=ORIENTED_EDGE('',*,*,#909,.F.);
#1243=ORIENTED_EDGE('',*,*,#926,.F.);
#1244=ORIENTED_EDGE('',*,*,#927,.F.);
#1245=ORIENTED_EDGE('',*,*,#928,.T.);
#1246=ORIENTED_EDGE('',*,*,#908,.F.);
#1247=ORIENTED_EDGE('',*,*,#928,.F.);
#1248=ORIENTED_EDGE('',*,*,#929,.F.);
#1249=ORIENTED_EDGE('',*,*,#930,.T.);
#1250=ORIENTED_EDGE('',*,*,#907,.F.);
#1251=ORIENTED_EDGE('',*,*,#930,.F.);
#1252=ORIENTED_EDGE('',*,*,#931,.F.);
#1253=ORIENTED_EDGE('',*,*,#932,.T.);
#1254=ORIENTED_EDGE('',*,*,#906,.F.);
#1255=ORIENTED_EDGE('',*,*,#932,.F.);
#1256=ORIENTED_EDGE('',*,*,#933,.F.);
#1257=ORIENTED_EDGE('',*,*,#934,.T.);
#1258=ORIENTED_EDGE('',*,*,#905,.F.);
#1259=ORIENTED_EDGE('',*,*,#934,.F.);
#1260=ORIENTED_EDGE('',*,*,#935,.F.);
#1261=ORIENTED_EDGE('',*,*,#936,.T.);
#1262=ORIENTED_EDGE('',*,*,#904,.F.);
#1263=ORIENTED_EDGE('',*,*,#936,.F.);
#1264=ORIENTED_EDGE('',*,*,#937,.F.);
#1265=ORIENTED_EDGE('',*,*,#938,.T.);
#1266=ORIENTED_EDGE('',*,*,#903,.F.);
#1267=ORIENTED_EDGE('',*,*,#938,.F.);
#1268=ORIENTED_EDGE('',*,*,#939,.F.);
#1269=ORIENTED_EDGE('',*,*,#940,.T.);
#1270=ORIENTED_EDGE('',*,*,#902,.F.);
#1271=ORIENTED_EDGE('',*,*,#940,.F.);
#1272=ORIENTED_EDGE('',*,*,#941,.F.);
#1273=ORIENTED_EDGE('',*,*,#942,.T.);
#1274=ORIENTED_EDGE('',*,*,#901,.F.);
#1275=ORIENTED_EDGE('',*,*,#942,.F.);
#1276=ORIENTED_EDGE('',*,*,#943,.F.);
#1277=ORIENTED_EDGE('',*,*,#944,.T.);
#1278=ORIENTED_EDGE('',*,*,#900,.F.);
#1279=ORIENTED_EDGE('',*,*,#944,.F.);
#1280=ORIENTED_EDGE('',*,*,#899,.F.);
#1281=ORIENTED_EDGE('',*,*,#945,.T.);
#1282=ORIENTED_EDGE('',*,*,#946,.T.);
#1283=ORIENTED_EDGE('',*,*,#945,.F.);
#1284=ORIENTED_EDGE('',*,*,#946,.F.);
#1285=ORIENTED_EDGE('',*,*,#898,.F.);
#1286=ORIENTED_EDGE('',*,*,#947,.T.);
#1287=ORIENTED_EDGE('',*,*,#948,.T.);
#1288=ORIENTED_EDGE('',*,*,#947,.F.);
#1289=ORIENTED_EDGE('',*,*,#948,.F.);
#1290=ORIENTED_EDGE('',*,*,#897,.F.);
#1291=ORIENTED_EDGE('',*,*,#949,.T.);
#1292=ORIENTED_EDGE('',*,*,#950,.T.);
#1293=ORIENTED_EDGE('',*,*,#949,.F.);
#1294=ORIENTED_EDGE('',*,*,#950,.F.);
#1295=ORIENTED_EDGE('',*,*,#896,.F.);
#1296=ORIENTED_EDGE('',*,*,#951,.T.);
#1297=ORIENTED_EDGE('',*,*,#952,.T.);
#1298=ORIENTED_EDGE('',*,*,#951,.F.);
#1299=ORIENTED_EDGE('',*,*,#952,.F.);
#1300=ORIENTED_EDGE('',*,*,#895,.F.);
#1301=ORIENTED_EDGE('',*,*,#953,.T.);
#1302=ORIENTED_EDGE('',*,*,#954,.T.);
#1303=ORIENTED_EDGE('',*,*,#953,.F.);
#1304=ORIENTED_EDGE('',*,*,#954,.F.);
#1305=ORIENTED_EDGE('',*,*,#894,.F.);
#1306=ORIENTED_EDGE('',*,*,#955,.T.);
#1307=ORIENTED_EDGE('',*,*,#956,.T.);
#1308=ORIENTED_EDGE('',*,*,#955,.F.);
#1309=ORIENTED_EDGE('',*,*,#956,.F.);
#1310=ORIENTED_EDGE('',*,*,#893,.F.);
#1311=ORIENTED_EDGE('',*,*,#957,.T.);
#1312=ORIENTED_EDGE('',*,*,#958,.T.);
#1313=ORIENTED_EDGE('',*,*,#957,.F.);
#1314=ORIENTED_EDGE('',*,*,#958,.F.);
#1315=ORIENTED_EDGE('',*,*,#892,.F.);
#1316=ORIENTED_EDGE('',*,*,#959,.T.);
#1317=ORIENTED_EDGE('',*,*,#960,.T.);
#1318=ORIENTED_EDGE('',*,*,#959,.F.);
#1319=ORIENTED_EDGE('',*,*,#960,.F.);
#1320=ORIENTED_EDGE('',*,*,#961,.F.);
#1321=ORIENTED_EDGE('',*,*,#962,.F.);
#1322=ORIENTED_EDGE('',*,*,#963,.F.);
#1323=ORIENTED_EDGE('',*,*,#964,.T.);
#1324=ORIENTED_EDGE('',*,*,#916,.T.);
#1325=ORIENTED_EDGE('',*,*,#964,.F.);
#1326=ORIENTED_EDGE('',*,*,#965,.F.);
#1327=ORIENTED_EDGE('',*,*,#966,.F.);
#1328=ORIENTED_EDGE('',*,*,#967,.F.);
#1329=ORIENTED_EDGE('',*,*,#968,.T.);
#1330=ORIENTED_EDGE('',*,*,#919,.T.);
#1331=ORIENTED_EDGE('',*,*,#968,.F.);
#1332=ORIENTED_EDGE('',*,*,#969,.F.);
#1333=ORIENTED_EDGE('',*,*,#970,.F.);
#1334=ORIENTED_EDGE('',*,*,#971,.F.);
#1335=ORIENTED_EDGE('',*,*,#972,.T.);
#1336=ORIENTED_EDGE('',*,*,#922,.T.);
#1337=ORIENTED_EDGE('',*,*,#972,.F.);
#1338=ORIENTED_EDGE('',*,*,#973,.F.);
#1339=ORIENTED_EDGE('',*,*,#974,.F.);
#1340=ORIENTED_EDGE('',*,*,#975,.F.);
#1341=ORIENTED_EDGE('',*,*,#976,.T.);
#1342=ORIENTED_EDGE('',*,*,#913,.T.);
#1343=ORIENTED_EDGE('',*,*,#976,.F.);
#1344=ORIENTED_EDGE('',*,*,#961,.T.);
#1345=ORIENTED_EDGE('',*,*,#963,.T.);
#1346=ORIENTED_EDGE('',*,*,#977,.T.);
#1347=ORIENTED_EDGE('',*,*,#883,.T.);
#1348=ORIENTED_EDGE('',*,*,#978,.T.);
#1349=ORIENTED_EDGE('',*,*,#966,.T.);
#1350=ORIENTED_EDGE('',*,*,#979,.T.);
#1351=ORIENTED_EDGE('',*,*,#980,.T.);
#1352=ORIENTED_EDGE('',*,*,#981,.T.);
#1353=ORIENTED_EDGE('',*,*,#969,.T.);
#1354=ORIENTED_EDGE('',*,*,#971,.T.);
#1355=ORIENTED_EDGE('',*,*,#982,.T.);
#1356=ORIENTED_EDGE('',*,*,#983,.T.);
#1357=ORIENTED_EDGE('',*,*,#984,.F.);
#1358=ORIENTED_EDGE('',*,*,#974,.T.);
#1359=ORIENTED_EDGE('',*,*,#985,.F.);
#1360=ORIENTED_EDGE('',*,*,#885,.T.);
#1361=ORIENTED_EDGE('',*,*,#986,.T.);
#1362=ORIENTED_EDGE('',*,*,#980,.F.);
#1363=ORIENTED_EDGE('',*,*,#987,.F.);
#1364=ORIENTED_EDGE('',*,*,#983,.F.);
#1365=ORIENTED_EDGE('',*,*,#988,.F.);
#1366=ORIENTED_EDGE('',*,*,#923,.T.);
#1367=ORIENTED_EDGE('',*,*,#925,.T.);
#1368=ORIENTED_EDGE('',*,*,#927,.T.);
#1369=ORIENTED_EDGE('',*,*,#929,.T.);
#1370=ORIENTED_EDGE('',*,*,#931,.T.);
#1371=ORIENTED_EDGE('',*,*,#933,.T.);
#1372=ORIENTED_EDGE('',*,*,#935,.T.);
#1373=ORIENTED_EDGE('',*,*,#937,.T.);
#1374=ORIENTED_EDGE('',*,*,#939,.T.);
#1375=ORIENTED_EDGE('',*,*,#941,.T.);
#1376=ORIENTED_EDGE('',*,*,#943,.T.);
#1377=ORIENTED_EDGE('',*,*,#962,.T.);
#1378=ORIENTED_EDGE('',*,*,#981,.F.);
#1379=ORIENTED_EDGE('',*,*,#988,.T.);
#1380=ORIENTED_EDGE('',*,*,#982,.F.);
#1381=ORIENTED_EDGE('',*,*,#970,.T.);
#1382=ORIENTED_EDGE('',*,*,#986,.F.);
#1383=ORIENTED_EDGE('',*,*,#887,.T.);
#1384=ORIENTED_EDGE('',*,*,#977,.F.);
#1385=ORIENTED_EDGE('',*,*,#965,.T.);
#1386=ORIENTED_EDGE('',*,*,#967,.T.);
#1387=ORIENTED_EDGE('',*,*,#978,.F.);
#1388=ORIENTED_EDGE('',*,*,#880,.T.);
#1389=ORIENTED_EDGE('',*,*,#985,.T.);
#1390=ORIENTED_EDGE('',*,*,#973,.T.);
#1391=ORIENTED_EDGE('',*,*,#975,.T.);
#1392=ORIENTED_EDGE('',*,*,#984,.T.);
#1393=ORIENTED_EDGE('',*,*,#987,.T.);
#1394=ORIENTED_EDGE('',*,*,#979,.F.);
#1395=PLANE('',#1542);
#1396=PLANE('',#1549);
#1397=PLANE('',#1560);
#1398=PLANE('',#1566);
#1399=PLANE('',#1569);
#1400=PLANE('',#1570);
#1401=PLANE('',#1571);
#1402=PLANE('',#1573);
#1403=PLANE('',#1576);
#1404=PLANE('',#1581);
#1405=PLANE('',#1582);
#1406=PLANE('',#1586);
#1407=PLANE('',#1590);
#1408=PLANE('',#1594);
#1409=PLANE('',#1598);
#1410=PLANE('',#1618);
#1411=PLANE('',#1622);
#1412=PLANE('',#1623);
#1413=PLANE('',#1626);
#1414=PLANE('',#1627);
#1415=PLANE('',#1630);
#1416=PLANE('',#1631);
#1417=PLANE('',#1634);
#1418=PLANE('',#1636);
#1419=PLANE('',#1638);
#1420=PLANE('',#1640);
#1421=PLANE('',#1642);
#1422=PLANE('',#1664);
#1423=PLANE('',#1668);
#1424=PLANE('',#1672);
#1425=PLANE('',#1676);
#1426=PLANE('',#1702);
#1427=PLANE('',#1705);
#1428=PLANE('',#1708);
#1429=PLANE('',#1711);
#1430=PLANE('',#1714);
#1431=PLANE('',#1717);
#1432=PLANE('',#1720);
#1433=PLANE('',#1723);
#1434=PLANE('',#1738);
#1435=ADVANCED_FACE('',(#304,#246,#247,#248,#249),#1395,.T.);
#1436=ADVANCED_FACE('',(#305,#250,#251,#252,#253),#1396,.T.);
#1437=ADVANCED_FACE('',(#306),#195,.F.);
#1438=ADVANCED_FACE('',(#307),#196,.F.);
#1439=ADVANCED_FACE('',(#308),#1397,.T.);
#1440=ADVANCED_FACE('',(#309),#197,.F.);
#1441=ADVANCED_FACE('',(#310),#1398,.F.);
#1442=ADVANCED_FACE('',(#311),#198,.T.);
#1443=ADVANCED_FACE('',(#312),#1399,.F.);
#1444=ADVANCED_FACE('',(#313),#1400,.T.);
#1445=ADVANCED_FACE('',(#314),#1401,.T.);
#1446=ADVANCED_FACE('',(#315),#1402,.F.);
#1447=ADVANCED_FACE('',(#316),#199,.T.);
#1448=ADVANCED_FACE('',(#317),#1403,.F.);
#1449=ADVANCED_FACE('',(#318),#200,.F.);
#1450=ADVANCED_FACE('',(#319),#1404,.T.);
#1451=ADVANCED_FACE('',(#320),#1405,.T.);
#1452=ADVANCED_FACE('',(#321),#201,.F.);
#1453=ADVANCED_FACE('',(#322),#1406,.T.);
#1454=ADVANCED_FACE('',(#323),#202,.F.);
#1455=ADVANCED_FACE('',(#324),#1407,.T.);
#1456=ADVANCED_FACE('',(#325),#203,.F.);
#1457=ADVANCED_FACE('',(#326),#1408,.T.);
#1458=ADVANCED_FACE('',(#327),#204,.F.);
#1459=ADVANCED_FACE('',(#328),#1409,.T.);
#1460=ADVANCED_FACE('',(#329),#205,.F.);
#1461=ADVANCED_FACE('',(#330),#206,.F.);
#1462=ADVANCED_FACE('',(#331),#207,.F.);
#1463=ADVANCED_FACE('',(#332),#208,.F.);
#1464=ADVANCED_FACE('',(#333),#209,.F.);
#1465=ADVANCED_FACE('',(#334),#210,.F.);
#1466=ADVANCED_FACE('',(#335),#211,.F.);
#1467=ADVANCED_FACE('',(#336),#212,.F.);
#1468=ADVANCED_FACE('',(#337),#213,.F.);
#1469=ADVANCED_FACE('',(#338,#254,#255,#256,#257),#1410,.T.);
#1470=ADVANCED_FACE('',(#339),#214,.F.);
#1471=ADVANCED_FACE('',(#340,#258,#259,#260,#261),#1411,.T.);
#1472=ADVANCED_FACE('',(#341,#262,#263,#264,#265),#1412,.F.);
#1473=ADVANCED_FACE('',(#342),#1413,.F.);
#1474=ADVANCED_FACE('',(#343),#1414,.F.);
#1475=ADVANCED_FACE('',(#344),#215,.T.);
#1476=ADVANCED_FACE('',(#345),#1415,.T.);
#1477=ADVANCED_FACE('',(#346),#1416,.T.);
#1478=ADVANCED_FACE('',(#347),#216,.T.);
#1479=ADVANCED_FACE('',(#348,#266),#1417,.T.);
#1480=ADVANCED_FACE('',(#349,#267),#1418,.T.);
#1481=ADVANCED_FACE('',(#350,#268),#1419,.T.);
#1482=ADVANCED_FACE('',(#351,#269),#1420,.T.);
#1483=ADVANCED_FACE('',(#352,#270,#271,#272,#273,#274,#275,#276,#277,#278,
#279,#280,#281,#282,#283,#284,#285,#286,#287,#288),#1421,.T.);
#1484=ADVANCED_FACE('',(#353),#217,.F.);
#1485=ADVANCED_FACE('',(#354,#289),#1422,.F.);
#1486=ADVANCED_FACE('',(#355),#218,.F.);
#1487=ADVANCED_FACE('',(#356,#290),#1423,.F.);
#1488=ADVANCED_FACE('',(#357),#219,.F.);
#1489=ADVANCED_FACE('',(#358,#291),#1424,.F.);
#1490=ADVANCED_FACE('',(#359),#220,.F.);
#1491=ADVANCED_FACE('',(#360,#292),#1425,.F.);
#1492=ADVANCED_FACE('',(#361),#221,.F.);
#1493=ADVANCED_FACE('',(#362),#222,.F.);
#1494=ADVANCED_FACE('',(#363),#223,.F.);
#1495=ADVANCED_FACE('',(#364),#224,.F.);
#1496=ADVANCED_FACE('',(#365),#225,.F.);
#1497=ADVANCED_FACE('',(#366),#226,.F.);
#1498=ADVANCED_FACE('',(#367),#227,.F.);
#1499=ADVANCED_FACE('',(#368),#228,.F.);
#1500=ADVANCED_FACE('',(#369),#229,.F.);
#1501=ADVANCED_FACE('',(#370),#230,.F.);
#1502=ADVANCED_FACE('',(#371),#231,.F.);
#1503=ADVANCED_FACE('',(#372),#232,.F.);
#1504=ADVANCED_FACE('',(#373),#1426,.F.);
#1505=ADVANCED_FACE('',(#374),#233,.F.);
#1506=ADVANCED_FACE('',(#375),#1427,.F.);
#1507=ADVANCED_FACE('',(#376),#234,.F.);
#1508=ADVANCED_FACE('',(#377),#1428,.F.);
#1509=ADVANCED_FACE('',(#378),#235,.F.);
#1510=ADVANCED_FACE('',(#379),#1429,.F.);
#1511=ADVANCED_FACE('',(#380),#236,.F.);
#1512=ADVANCED_FACE('',(#381),#1430,.F.);
#1513=ADVANCED_FACE('',(#382),#237,.F.);
#1514=ADVANCED_FACE('',(#383),#1431,.F.);
#1515=ADVANCED_FACE('',(#384),#238,.F.);
#1516=ADVANCED_FACE('',(#385),#1432,.F.);
#1517=ADVANCED_FACE('',(#386),#239,.F.);
#1518=ADVANCED_FACE('',(#387),#1433,.F.);
#1519=ADVANCED_FACE('',(#388),#240,.F.);
#1520=ADVANCED_FACE('',(#389),#241,.F.);
#1521=ADVANCED_FACE('',(#390),#242,.F.);
#1522=ADVANCED_FACE('',(#391),#243,.F.);
#1523=ADVANCED_FACE('',(#392),#244,.T.);
#1524=ADVANCED_FACE('',(#393),#245,.T.);
#1525=ADVANCED_FACE('',(#394,#293,#294,#295,#296,#297,#298,#299,#300,#301,
#302,#303),#1434,.T.);
#1526=ADVANCED_FACE('',(#395),#15,.T.);
#1527=ADVANCED_FACE('',(#396),#16,.T.);
#1528=CLOSED_SHELL('',(#1435,#1436,#1437,#1438,#1439,#1440,#1441,#1442,
#1443,#1444,#1445,#1446,#1447,#1448,#1449,#1450,#1451,#1452,#1453,#1454,
#1455,#1456,#1457,#1458,#1459,#1460,#1461,#1462,#1463,#1464,#1465,#1466,
#1467,#1468,#1469,#1470,#1471,#1472,#1473,#1474,#1475,#1476,#1477,#1478,
#1479,#1480,#1481,#1482,#1483,#1484,#1485,#1486,#1487,#1488,#1489,#1490,
#1491,#1492,#1493,#1494,#1495,#1496,#1497,#1498,#1499,#1500,#1501,#1502,
#1503,#1504,#1505,#1506,#1507,#1508,#1509,#1510,#1511,#1512,#1513,#1514,
#1515,#1516,#1517,#1518,#1519,#1520,#1521,#1522,#1523,#1524,#1525,#1526,
#1527));
#1529=DERIVED_UNIT_ELEMENT(#1531,1.);
#1530=DERIVED_UNIT_ELEMENT(#2838,-3.);
#1531=(
MASS_UNIT()
NAMED_UNIT(*)
SI_UNIT(.KILO.,.GRAM.)
);
#1532=DERIVED_UNIT((#1529,#1530));
#1533=MEASURE_REPRESENTATION_ITEM('density measure',
POSITIVE_RATIO_MEASURE(7850.),#1532);
#1534=PROPERTY_DEFINITION_REPRESENTATION(#1539,#1536);
#1535=PROPERTY_DEFINITION_REPRESENTATION(#1540,#1537);
#1536=REPRESENTATION('material name',(#1538),#2835);
#1537=REPRESENTATION('density',(#1533),#2835);
#1538=DESCRIPTIVE_REPRESENTATION_ITEM('Steel','Steel');
#1539=PROPERTY_DEFINITION('material property','material name',#2845);
#1540=PROPERTY_DEFINITION('material property','density of part',#2845);
#1541=AXIS2_PLACEMENT_3D('',#2230,#1743,#1744);
#1542=AXIS2_PLACEMENT_3D('',#2231,#1745,#1746);
#1543=AXIS2_PLACEMENT_3D('',#2234,#1747,#1748);
#1544=AXIS2_PLACEMENT_3D('',#2235,#1749,#1750);
#1545=AXIS2_PLACEMENT_3D('',#2237,#1751,#1752);
#1546=AXIS2_PLACEMENT_3D('',#2239,#1753,#1754);
#1547=AXIS2_PLACEMENT_3D('',#2241,#1755,#1756);
#1548=AXIS2_PLACEMENT_3D('',#2243,#1757,#1758);
#1549=AXIS2_PLACEMENT_3D('',#2244,#1759,#1760);
#1550=AXIS2_PLACEMENT_3D('',#2247,#1761,#1762);
#1551=AXIS2_PLACEMENT_3D('',#2248,#1763,#1764);
#1552=AXIS2_PLACEMENT_3D('',#2250,#1765,#1766);
#1553=AXIS2_PLACEMENT_3D('',#2252,#1767,#1768);
#1554=AXIS2_PLACEMENT_3D('',#2254,#1769,#1770);
#1555=AXIS2_PLACEMENT_3D('',#2256,#1771,#1772);
#1556=AXIS2_PLACEMENT_3D('',#2257,#1773,#1774);
#1557=AXIS2_PLACEMENT_3D('',#2262,#1776,#1777);
#1558=AXIS2_PLACEMENT_3D('',#2267,#1781,#1782);
#1559=AXIS2_PLACEMENT_3D('',#2272,#1784,#1785);
#1560=AXIS2_PLACEMENT_3D('',#2277,#1789,#1790);
#1561=AXIS2_PLACEMENT_3D('',#2281,#1792,#1793);
#1562=AXIS2_PLACEMENT_3D('',#2283,#1795,#1796);
#1563=AXIS2_PLACEMENT_3D('',#2286,#1797,#1798);
#1564=AXIS2_PLACEMENT_3D('',#2289,#1800,#1801);
#1565=AXIS2_PLACEMENT_3D('',#2291,#1802,#1803);
#1566=AXIS2_PLACEMENT_3D('',#2293,#1805,#1806);
#1567=AXIS2_PLACEMENT_3D('',#2297,#1809,#1810);
#1568=AXIS2_PLACEMENT_3D('',#2299,#1811,#1812);
#1569=AXIS2_PLACEMENT_3D('',#2301,#1814,#1815);
#1570=AXIS2_PLACEMENT_3D('',#2304,#1818,#1819);
#1571=AXIS2_PLACEMENT_3D('',#2306,#1821,#1822);
#1572=AXIS2_PLACEMENT_3D('',#2311,#1825,#1826);
#1573=AXIS2_PLACEMENT_3D('',#2312,#1827,#1828);
#1574=AXIS2_PLACEMENT_3D('',#2320,#1833,#1834);
#1575=AXIS2_PLACEMENT_3D('',#2322,#1835,#1836);
#1576=AXIS2_PLACEMENT_3D('',#2324,#1838,#1839);
#1577=AXIS2_PLACEMENT_3D('',#2328,#1842,#1843);
#1578=AXIS2_PLACEMENT_3D('',#2329,#1844,#1845);
#1579=AXIS2_PLACEMENT_3D('',#2331,#1846,#1847);
#1580=AXIS2_PLACEMENT_3D('',#2332,#1848,#1849);
#1581=AXIS2_PLACEMENT_3D('',#2333,#1850,#1851);
#1582=AXIS2_PLACEMENT_3D('',#2335,#1853,#1854);
#1583=AXIS2_PLACEMENT_3D('',#2338,#1857,#1858);
#1584=AXIS2_PLACEMENT_3D('',#2340,#1859,#1860);
#1585=AXIS2_PLACEMENT_3D('',#2343,#1862,#1863);
#1586=AXIS2_PLACEMENT_3D('',#2344,#1864,#1865);
#1587=AXIS2_PLACEMENT_3D('',#2345,#1866,#1867);
#1588=AXIS2_PLACEMENT_3D('',#2347,#1868,#1869);
#1589=AXIS2_PLACEMENT_3D('',#2350,#1871,#1872);
#1590=AXIS2_PLACEMENT_3D('',#2351,#1873,#1874);
#1591=AXIS2_PLACEMENT_3D('',#2352,#1875,#1876);
#1592=AXIS2_PLACEMENT_3D('',#2354,#1877,#1878);
#1593=AXIS2_PLACEMENT_3D('',#2357,#1880,#1881);
#1594=AXIS2_PLACEMENT_3D('',#2358,#1882,#1883);
#1595=AXIS2_PLACEMENT_3D('',#2359,#1884,#1885);
#1596=AXIS2_PLACEMENT_3D('',#2361,#1886,#1887);
#1597=AXIS2_PLACEMENT_3D('',#2364,#1889,#1890);
#1598=AXIS2_PLACEMENT_3D('',#2365,#1891,#1892);
#1599=AXIS2_PLACEMENT_3D('',#2366,#1893,#1894);
#1600=AXIS2_PLACEMENT_3D('',#2368,#1895,#1896);
#1601=AXIS2_PLACEMENT_3D('',#2370,#1898,#1899);
#1602=AXIS2_PLACEMENT_3D('',#2372,#1900,#1901);
#1603=AXIS2_PLACEMENT_3D('',#2374,#1903,#1904);
#1604=AXIS2_PLACEMENT_3D('',#2376,#1905,#1906);
#1605=AXIS2_PLACEMENT_3D('',#2378,#1908,#1909);
#1606=AXIS2_PLACEMENT_3D('',#2380,#1910,#1911);
#1607=AXIS2_PLACEMENT_3D('',#2382,#1913,#1914);
#1608=AXIS2_PLACEMENT_3D('',#2384,#1915,#1916);
#1609=AXIS2_PLACEMENT_3D('',#2386,#1918,#1919);
#1610=AXIS2_PLACEMENT_3D('',#2388,#1920,#1921);
#1611=AXIS2_PLACEMENT_3D('',#2390,#1923,#1924);
#1612=AXIS2_PLACEMENT_3D('',#2392,#1925,#1926);
#1613=AXIS2_PLACEMENT_3D('',#2394,#1928,#1929);
#1614=AXIS2_PLACEMENT_3D('',#2396,#1930,#1931);
#1615=AXIS2_PLACEMENT_3D('',#2398,#1933,#1934);
#1616=AXIS2_PLACEMENT_3D('',#2400,#1935,#1936);
#1617=AXIS2_PLACEMENT_3D('',#2403,#1938,#1939);
#1618=AXIS2_PLACEMENT_3D('',#2404,#1940,#1941);
#1619=AXIS2_PLACEMENT_3D('',#2405,#1942,#1943);
#1620=AXIS2_PLACEMENT_3D('',#2407,#1944,#1945);
#1621=AXIS2_PLACEMENT_3D('',#2410,#1947,#1948);
#1622=AXIS2_PLACEMENT_3D('',#2411,#1949,#1950);
#1623=AXIS2_PLACEMENT_3D('',#2412,#1951,#1952);
#1624=AXIS2_PLACEMENT_3D('',#2415,#1953,#1954);
#1625=AXIS2_PLACEMENT_3D('',#2419,#1956,#1957);
#1626=AXIS2_PLACEMENT_3D('',#2421,#1959,#1960);
#1627=AXIS2_PLACEMENT_3D('',#2423,#1962,#1963);
#1628=AXIS2_PLACEMENT_3D('',#2425,#1965,#1966);
#1629=AXIS2_PLACEMENT_3D('',#2428,#1967,#1968);
#1630=AXIS2_PLACEMENT_3D('',#2431,#1971,#1972);
#1631=AXIS2_PLACEMENT_3D('',#2435,#1975,#1976);
#1632=AXIS2_PLACEMENT_3D('',#2439,#1979,#1980);
#1633=AXIS2_PLACEMENT_3D('',#2440,#1981,#1982);
#1634=AXIS2_PLACEMENT_3D('',#2441,#1983,#1984);
#1635=AXIS2_PLACEMENT_3D('',#2443,#1985,#1986);
#1636=AXIS2_PLACEMENT_3D('',#2444,#1987,#1988);
#1637=AXIS2_PLACEMENT_3D('',#2446,#1989,#1990);
#1638=AXIS2_PLACEMENT_3D('',#2447,#1991,#1992);
#1639=AXIS2_PLACEMENT_3D('',#2449,#1993,#1994);
#1640=AXIS2_PLACEMENT_3D('',#2450,#1995,#1996);
#1641=AXIS2_PLACEMENT_3D('',#2452,#1997,#1998);
#1642=AXIS2_PLACEMENT_3D('',#2453,#1999,#2000);
#1643=AXIS2_PLACEMENT_3D('',#2455,#2001,#2002);
#1644=AXIS2_PLACEMENT_3D('',#2457,#2003,#2004);
#1645=AXIS2_PLACEMENT_3D('',#2459,#2005,#2006);
#1646=AXIS2_PLACEMENT_3D('',#2461,#2007,#2008);
#1647=AXIS2_PLACEMENT_3D('',#2463,#2009,#2010);
#1648=AXIS2_PLACEMENT_3D('',#2465,#2011,#2012);
#1649=AXIS2_PLACEMENT_3D('',#2467,#2013,#2014);
#1650=AXIS2_PLACEMENT_3D('',#2469,#2015,#2016);
#1651=AXIS2_PLACEMENT_3D('',#2471,#2017,#2018);
#1652=AXIS2_PLACEMENT_3D('',#2473,#2019,#2020);
#1653=AXIS2_PLACEMENT_3D('',#2475,#2021,#2022);
#1654=AXIS2_PLACEMENT_3D('',#2477,#2023,#2024);
#1655=AXIS2_PLACEMENT_3D('',#2479,#2025,#2026);
#1656=AXIS2_PLACEMENT_3D('',#2481,#2027,#2028);
#1657=AXIS2_PLACEMENT_3D('',#2483,#2029,#2030);
#1658=AXIS2_PLACEMENT_3D('',#2485,#2031,#2032);
#1659=AXIS2_PLACEMENT_3D('',#2487,#2033,#2034);
#1660=AXIS2_PLACEMENT_3D('',#2489,#2035,#2036);
#1661=AXIS2_PLACEMENT_3D('',#2491,#2037,#2038);
#1662=AXIS2_PLACEMENT_3D('',#2492,#2039,#2040);
#1663=AXIS2_PLACEMENT_3D('',#2495,#2042,#2043);
#1664=AXIS2_PLACEMENT_3D('',#2496,#2044,#2045);
#1665=AXIS2_PLACEMENT_3D('',#2498,#2046,#2047);
#1666=AXIS2_PLACEMENT_3D('',#2499,#2048,#2049);
#1667=AXIS2_PLACEMENT_3D('',#2502,#2051,#2052);
#1668=AXIS2_PLACEMENT_3D('',#2503,#2053,#2054);
#1669=AXIS2_PLACEMENT_3D('',#2505,#2055,#2056);
#1670=AXIS2_PLACEMENT_3D('',#2506,#2057,#2058);
#1671=AXIS2_PLACEMENT_3D('',#2509,#2060,#2061);
#1672=AXIS2_PLACEMENT_3D('',#2510,#2062,#2063);
#1673=AXIS2_PLACEMENT_3D('',#2512,#2064,#2065);
#1674=AXIS2_PLACEMENT_3D('',#2513,#2066,#2067);
#1675=AXIS2_PLACEMENT_3D('',#2516,#2069,#2070);
#1676=AXIS2_PLACEMENT_3D('',#2517,#2071,#2072);
#1677=AXIS2_PLACEMENT_3D('',#2519,#2073,#2074);
#1678=AXIS2_PLACEMENT_3D('',#2520,#2075,#2076);
#1679=AXIS2_PLACEMENT_3D('',#2522,#2077,#2078);
#1680=AXIS2_PLACEMENT_3D('',#2524,#2080,#2081);
#1681=AXIS2_PLACEMENT_3D('',#2526,#2082,#2083);
#1682=AXIS2_PLACEMENT_3D('',#2528,#2085,#2086);
#1683=AXIS2_PLACEMENT_3D('',#2530,#2087,#2088);
#1684=AXIS2_PLACEMENT_3D('',#2532,#2090,#2091);
#1685=AXIS2_PLACEMENT_3D('',#2534,#2092,#2093);
#1686=AXIS2_PLACEMENT_3D('',#2536,#2095,#2096);
#1687=AXIS2_PLACEMENT_3D('',#2538,#2097,#2098);
#1688=AXIS2_PLACEMENT_3D('',#2540,#2100,#2101);
#1689=AXIS2_PLACEMENT_3D('',#2542,#2102,#2103);
#1690=AXIS2_PLACEMENT_3D('',#2544,#2105,#2106);
#1691=AXIS2_PLACEMENT_3D('',#2546,#2107,#2108);
#1692=AXIS2_PLACEMENT_3D('',#2548,#2110,#2111);
#1693=AXIS2_PLACEMENT_3D('',#2550,#2112,#2113);
#1694=AXIS2_PLACEMENT_3D('',#2552,#2115,#2116);
#1695=AXIS2_PLACEMENT_3D('',#2554,#2117,#2118);
#1696=AXIS2_PLACEMENT_3D('',#2556,#2120,#2121);
#1697=AXIS2_PLACEMENT_3D('',#2558,#2122,#2123);
#1698=AXIS2_PLACEMENT_3D('',#2560,#2125,#2126);
#1699=AXIS2_PLACEMENT_3D('',#2562,#2127,#2128);
#1700=AXIS2_PLACEMENT_3D('',#2564,#2130,#2131);
#1701=AXIS2_PLACEMENT_3D('',#2567,#2133,#2134);
#1702=AXIS2_PLACEMENT_3D('',#2568,#2135,#2136);
#1703=AXIS2_PLACEMENT_3D('',#2569,#2137,#2138);
#1704=AXIS2_PLACEMENT_3D('',#2572,#2140,#2141);
#1705=AXIS2_PLACEMENT_3D('',#2573,#2142,#2143);
#1706=AXIS2_PLACEMENT_3D('',#2574,#2144,#2145);
#1707=AXIS2_PLACEMENT_3D('',#2577,#2147,#2148);
#1708=AXIS2_PLACEMENT_3D('',#2578,#2149,#2150);
#1709=AXIS2_PLACEMENT_3D('',#2579,#2151,#2152);
#1710=AXIS2_PLACEMENT_3D('',#2582,#2154,#2155);
#1711=AXIS2_PLACEMENT_3D('',#2583,#2156,#2157);
#1712=AXIS2_PLACEMENT_3D('',#2584,#2158,#2159);
#1713=AXIS2_PLACEMENT_3D('',#2587,#2161,#2162);
#1714=AXIS2_PLACEMENT_3D('',#2588,#2163,#2164);
#1715=AXIS2_PLACEMENT_3D('',#2589,#2165,#2166);
#1716=AXIS2_PLACEMENT_3D('',#2592,#2168,#2169);
#1717=AXIS2_PLACEMENT_3D('',#2593,#2170,#2171);
#1718=AXIS2_PLACEMENT_3D('',#2594,#2172,#2173);
#1719=AXIS2_PLACEMENT_3D('',#2597,#2175,#2176);
#1720=AXIS2_PLACEMENT_3D('',#2598,#2177,#2178);
#1721=AXIS2_PLACEMENT_3D('',#2599,#2179,#2180);
#1722=AXIS2_PLACEMENT_3D('',#2602,#2182,#2183);
#1723=AXIS2_PLACEMENT_3D('',#2603,#2184,#2185);
#1724=AXIS2_PLACEMENT_3D('',#2604,#2186,#2187);
#1725=AXIS2_PLACEMENT_3D('',#2655,#2189,#2190);
#1726=AXIS2_PLACEMENT_3D('',#2708,#2192,#2193);
#1727=AXIS2_PLACEMENT_3D('',#2759,#2195,#2196);
#1728=AXIS2_PLACEMENT_3D('',#2812,#2198,#2199);
#1729=AXIS2_PLACEMENT_3D('',#2813,#2200,#2201);
#1730=AXIS2_PLACEMENT_3D('',#2814,#2202,#2203);
#1731=AXIS2_PLACEMENT_3D('',#2816,#2204,#2205);
#1732=AXIS2_PLACEMENT_3D('',#2819,#2207,#2208);
#1733=AXIS2_PLACEMENT_3D('',#2820,#2209,#2210);
#1734=AXIS2_PLACEMENT_3D('',#2822,#2211,#2212);
#1735=AXIS2_PLACEMENT_3D('',#2825,#2214,#2215);
#1736=AXIS2_PLACEMENT_3D('',#2826,#2216,#2217);
#1737=AXIS2_PLACEMENT_3D('',#2827,#2218,#2219);
#1738=AXIS2_PLACEMENT_3D('',#2828,#2220,#2221);
#1739=AXIS2_PLACEMENT_3D('',#2829,#2222,#2223);
#1740=AXIS2_PLACEMENT_3D('',#2830,#2224,#2225);
#1741=AXIS2_PLACEMENT_3D('',#2831,#2226,#2227);
#1742=AXIS2_PLACEMENT_3D('',#2832,#2228,#2229);
#1743=DIRECTION('axis',(0.,0.,1.));
#1744=DIRECTION('refdir',(1.,0.,0.));
#1745=DIRECTION('center_axis',(0.,1.,0.));
#1746=DIRECTION('ref_axis',(-1.,0.,0.));
#1747=DIRECTION('center_axis',(0.,-1.,0.));
#1748=DIRECTION('ref_axis',(1.,0.,0.));
#1749=DIRECTION('center_axis',(0.,-1.,0.));
#1750=DIRECTION('ref_axis',(-1.,0.,0.));
#1751=DIRECTION('center_axis',(0.,1.,0.));
#1752=DIRECTION('ref_axis',(1.,0.,-3.6361557350031E-31));
#1753=DIRECTION('center_axis',(0.,1.,0.));
#1754=DIRECTION('ref_axis',(1.,0.,-3.6361557350031E-31));
#1755=DIRECTION('center_axis',(0.,1.,0.));
#1756=DIRECTION('ref_axis',(1.,0.,-3.6361557350031E-31));
#1757=DIRECTION('center_axis',(0.,1.,0.));
#1758=DIRECTION('ref_axis',(1.,0.,-3.6361557350031E-31));
#1759=DIRECTION('center_axis',(0.,1.,0.));
#1760=DIRECTION('ref_axis',(-1.,0.,0.));
#1761=DIRECTION('center_axis',(0.,-1.,0.));
#1762=DIRECTION('ref_axis',(1.,0.,0.));
#1763=DIRECTION('center_axis',(0.,-1.,0.));
#1764=DIRECTION('ref_axis',(-1.,0.,0.));
#1765=DIRECTION('center_axis',(0.,1.,0.));
#1766=DIRECTION('ref_axis',(1.,0.,-3.6361557350031E-31));
#1767=DIRECTION('center_axis',(0.,1.,0.));
#1768=DIRECTION('ref_axis',(1.,0.,-3.6361557350031E-31));
#1769=DIRECTION('center_axis',(0.,1.,0.));
#1770=DIRECTION('ref_axis',(1.,0.,-3.6361557350031E-31));
#1771=DIRECTION('center_axis',(0.,1.,0.));
#1772=DIRECTION('ref_axis',(1.,0.,-3.6361557350031E-31));
#1773=DIRECTION('center_axis',(0.,-1.,0.));
#1774=DIRECTION('ref_axis',(1.,0.,1.22464679914735E-16));
#1775=DIRECTION('',(0.,-1.,0.));
#1776=DIRECTION('center_axis',(0.,-1.,0.));
#1777=DIRECTION('ref_axis',(1.,0.,1.22464679914735E-16));
#1778=DIRECTION('',(0.,-1.,0.));
#1779=DIRECTION('',(0.,1.,0.));
#1780=DIRECTION('',(0.,1.,0.));
#1781=DIRECTION('center_axis',(0.,-1.,0.));
#1782=DIRECTION('ref_axis',(-1.,0.,0.));
#1783=DIRECTION('',(0.,-1.,0.));
#1784=DIRECTION('center_axis',(0.,-1.,0.));
#1785=DIRECTION('ref_axis',(-1.,0.,0.));
#1786=DIRECTION('',(0.,-1.,0.));
#1787=DIRECTION('',(0.,1.,0.));
#1788=DIRECTION('',(0.,1.,0.));
#1789=DIRECTION('center_axis',(0.,-1.,0.));
#1790=DIRECTION('ref_axis',(1.,0.,0.));
#1791=DIRECTION('',(1.,0.,0.));
#1792=DIRECTION('center_axis',(0.,1.,0.));
#1793=DIRECTION('ref_axis',(1.,0.,0.));
#1794=DIRECTION('',(0.,0.,-1.));
#1795=DIRECTION('center_axis',(0.,1.,0.));
#1796=DIRECTION('ref_axis',(-1.,0.,-1.22464679914735E-16));
#1797=DIRECTION('center_axis',(0.,1.,0.));
#1798=DIRECTION('ref_axis',(1.,0.,0.));
#1799=DIRECTION('',(0.,1.,0.));
#1800=DIRECTION('center_axis',(0.,-1.,0.));
#1801=DIRECTION('ref_axis',(1.,0.,0.));
#1802=DIRECTION('center_axis',(0.,1.,0.));
#1803=DIRECTION('ref_axis',(1.,0.,0.));
#1804=DIRECTION('',(0.,1.,0.));
#1805=DIRECTION('center_axis',(1.,0.,0.));
#1806=DIRECTION('ref_axis',(0.,0.,-1.));
#1807=DIRECTION('',(0.,0.,-1.));
#1808=DIRECTION('',(0.,1.,0.));
#1809=DIRECTION('center_axis',(0.,1.,0.));
#1810=DIRECTION('ref_axis',(-1.,0.,-1.22464679914735E-16));
#1811=DIRECTION('center_axis',(0.,-1.,0.));
#1812=DIRECTION('ref_axis',(1.,0.,0.));
#1813=DIRECTION('',(0.,1.,0.));
#1814=DIRECTION('center_axis',(1.,0.,0.));
#1815=DIRECTION('ref_axis',(0.,0.,-1.));
#1816=DIRECTION('',(0.,0.,-1.));
#1817=DIRECTION('',(0.,0.,-1.));
#1818=DIRECTION('center_axis',(0.,-1.,0.));
#1819=DIRECTION('ref_axis',(1.,0.,0.));
#1820=DIRECTION('',(-1.,0.,-1.70803542250024E-17));
#1821=DIRECTION('center_axis',(0.,-1.,0.));
#1822=DIRECTION('ref_axis',(1.,0.,0.));
#1823=DIRECTION('',(1.,0.,0.));
#1824=DIRECTION('',(0.,0.,1.));
#1825=DIRECTION('center_axis',(0.,1.,0.));
#1826=DIRECTION('ref_axis',(1.,0.,0.));
#1827=DIRECTION('center_axis',(-1.,0.,0.));
#1828=DIRECTION('ref_axis',(0.,0.,1.));
#1829=DIRECTION('',(0.,0.,1.));
#1830=DIRECTION('',(0.,1.,0.));
#1831=DIRECTION('',(0.,0.,1.));
#1832=DIRECTION('',(0.,1.,0.));
#1833=DIRECTION('center_axis',(0.,1.,0.));
#1834=DIRECTION('ref_axis',(1.,0.,0.));
#1835=DIRECTION('center_axis',(0.,-1.,0.));
#1836=DIRECTION('ref_axis',(1.,0.,0.));
#1837=DIRECTION('',(0.,1.,0.));
#1838=DIRECTION('center_axis',(-1.,0.,0.));
#1839=DIRECTION('ref_axis',(0.,0.,1.));
#1840=DIRECTION('',(0.,0.,1.));
#1841=DIRECTION('',(0.,1.,0.));
#1842=DIRECTION('center_axis',(0.,1.,0.));
#1843=DIRECTION('ref_axis',(1.,0.,0.));
#1844=DIRECTION('center_axis',(0.,1.,0.));
#1845=DIRECTION('ref_axis',(1.,0.,0.));
#1846=DIRECTION('center_axis',(0.,1.,0.));
#1847=DIRECTION('ref_axis',(1.,0.,0.));
#1848=DIRECTION('center_axis',(0.,-1.,0.));
#1849=DIRECTION('ref_axis',(1.,0.,0.));
#1850=DIRECTION('center_axis',(0.,-1.,0.));
#1851=DIRECTION('ref_axis',(1.,0.,0.));
#1852=DIRECTION('',(-1.,0.,-1.70803542250024E-17));
#1853=DIRECTION('center_axis',(0.,1.,0.));
#1854=DIRECTION('ref_axis',(-1.,0.,0.));
#1855=DIRECTION('',(1.,0.,0.));
#1856=DIRECTION('',(-1.,0.,-1.70803542250024E-17));
#1857=DIRECTION('center_axis',(0.,-1.,0.));
#1858=DIRECTION('ref_axis',(-1.,0.,0.));
#1859=DIRECTION('center_axis',(0.,-1.,0.));
#1860=DIRECTION('ref_axis',(-1.,0.,0.));
#1861=DIRECTION('',(0.,-1.,0.));
#1862=DIRECTION('center_axis',(0.,-1.,0.));
#1863=DIRECTION('ref_axis',(-1.,0.,0.));
#1864=DIRECTION('center_axis',(0.,1.,0.));
#1865=DIRECTION('ref_axis',(-1.,0.,0.));
#1866=DIRECTION('center_axis',(0.,-1.,0.));
#1867=DIRECTION('ref_axis',(-1.,0.,0.));
#1868=DIRECTION('center_axis',(0.,-1.,0.));
#1869=DIRECTION('ref_axis',(-1.,0.,0.));
#1870=DIRECTION('',(0.,-1.,0.));
#1871=DIRECTION('center_axis',(0.,-1.,0.));
#1872=DIRECTION('ref_axis',(-1.,0.,0.));
#1873=DIRECTION('center_axis',(0.,1.,0.));
#1874=DIRECTION('ref_axis',(-1.,0.,0.));
#1875=DIRECTION('center_axis',(0.,-1.,0.));
#1876=DIRECTION('ref_axis',(-1.,0.,0.));
#1877=DIRECTION('center_axis',(0.,-1.,0.));
#1878=DIRECTION('ref_axis',(-1.,0.,0.));
#1879=DIRECTION('',(0.,-1.,0.));
#1880=DIRECTION('center_axis',(0.,-1.,0.));
#1881=DIRECTION('ref_axis',(-1.,0.,0.));
#1882=DIRECTION('center_axis',(0.,1.,0.));
#1883=DIRECTION('ref_axis',(-1.,0.,0.));
#1884=DIRECTION('center_axis',(0.,-1.,0.));
#1885=DIRECTION('ref_axis',(-1.,0.,0.));
#1886=DIRECTION('center_axis',(0.,-1.,0.));
#1887=DIRECTION('ref_axis',(-1.,0.,0.));
#1888=DIRECTION('',(0.,-1.,0.));
#1889=DIRECTION('center_axis',(0.,-1.,0.));
#1890=DIRECTION('ref_axis',(-1.,0.,0.));
#1891=DIRECTION('center_axis',(0.,1.,0.));
#1892=DIRECTION('ref_axis',(-1.,0.,0.));
#1893=DIRECTION('center_axis',(0.,1.,0.));
#1894=DIRECTION('ref_axis',(1.,0.,-3.6361557350031E-31));
#1895=DIRECTION('center_axis',(-1.11022302462515E-16,-1.,-3.10766276891795E-16));
#1896=DIRECTION('ref_axis',(1.,-1.11022302462515E-16,-3.94430452610506E-31));
#1897=DIRECTION('',(0.,1.,0.));
#1898=DIRECTION('center_axis',(0.,1.,0.));
#1899=DIRECTION('ref_axis',(1.,0.,-3.6361557350031E-31));
#1900=DIRECTION('center_axis',(-1.11022302462515E-16,-1.,-3.10766276891795E-16));
#1901=DIRECTION('ref_axis',(1.,-1.11022302462515E-16,-3.94430452610506E-31));
#1902=DIRECTION('',(0.,1.,0.));
#1903=DIRECTION('center_axis',(0.,1.,0.));
#1904=DIRECTION('ref_axis',(1.,0.,-3.6361557350031E-31));
#1905=DIRECTION('center_axis',(-1.11022302462515E-16,-1.,-3.10766276891795E-16));
#1906=DIRECTION('ref_axis',(1.,-1.11022302462515E-16,-3.94430452610506E-31));
#1907=DIRECTION('',(0.,1.,0.));
#1908=DIRECTION('center_axis',(0.,1.,0.));
#1909=DIRECTION('ref_axis',(1.,0.,-3.6361557350031E-31));
#1910=DIRECTION('center_axis',(-1.11022302462515E-16,-1.,-3.10766276891795E-16));
#1911=DIRECTION('ref_axis',(1.,-1.11022302462515E-16,-3.94430452610506E-31));
#1912=DIRECTION('',(0.,1.,0.));
#1913=DIRECTION('center_axis',(0.,1.,0.));
#1914=DIRECTION('ref_axis',(1.,0.,-3.6361557350031E-31));
#1915=DIRECTION('center_axis',(-1.11022302462515E-16,-1.,-3.10766276891795E-16));
#1916=DIRECTION('ref_axis',(1.,-1.11022302462515E-16,-3.94430452610506E-31));
#1917=DIRECTION('',(0.,1.,0.));
#1918=DIRECTION('center_axis',(0.,1.,0.));
#1919=DIRECTION('ref_axis',(1.,0.,-3.6361557350031E-31));
#1920=DIRECTION('center_axis',(-1.11022302462515E-16,-1.,-3.10766276891795E-16));
#1921=DIRECTION('ref_axis',(1.,-1.11022302462515E-16,-3.94430452610506E-31));
#1922=DIRECTION('',(0.,1.,0.));
#1923=DIRECTION('center_axis',(0.,1.,0.));
#1924=DIRECTION('ref_axis',(1.,0.,-3.6361557350031E-31));
#1925=DIRECTION('center_axis',(-1.11022302462515E-16,-1.,-3.10766276891795E-16));
#1926=DIRECTION('ref_axis',(1.,-1.11022302462515E-16,-3.94430452610506E-31));
#1927=DIRECTION('',(0.,1.,0.));
#1928=DIRECTION('center_axis',(0.,1.,0.));
#1929=DIRECTION('ref_axis',(1.,0.,-3.6361557350031E-31));
#1930=DIRECTION('center_axis',(-1.11022302462515E-16,-1.,-3.10766276891795E-16));
#1931=DIRECTION('ref_axis',(1.,-1.11022302462515E-16,-3.94430452610506E-31));
#1932=DIRECTION('',(0.,1.,0.));
#1933=DIRECTION('center_axis',(0.,1.,2.77555756156289E-16));
#1934=DIRECTION('ref_axis',(1.,1.00923595453081E-46,-3.6361557350031E-31));
#1935=DIRECTION('center_axis',(0.,1.,0.));
#1936=DIRECTION('ref_axis',(1.,0.,-3.6361557350031E-31));
#1937=DIRECTION('',(0.,1.,2.77555756156289E-16));
#1938=DIRECTION('center_axis',(1.11022302462515E-16,1.,3.10766276891795E-16));
#1939=DIRECTION('ref_axis',(1.,-1.11022302462515E-16,-3.94430452610506E-31));
#1940=DIRECTION('center_axis',(-1.11022302462515E-16,-1.,-3.10766276891795E-16));
#1941=DIRECTION('ref_axis',(1.,-1.11022302462515E-16,-3.94430452610506E-31));
#1942=DIRECTION('center_axis',(0.,1.,2.77555756156289E-16));
#1943=DIRECTION('ref_axis',(1.,1.00923595453081E-46,-3.6361557350031E-31));
#1944=DIRECTION('center_axis',(0.,1.,0.));
#1945=DIRECTION('ref_axis',(1.,0.,-3.6361557350031E-31));
#1946=DIRECTION('',(0.,1.,2.77555756156289E-16));
#1947=DIRECTION('center_axis',(1.11022302462515E-16,1.,3.10766276891795E-16));
#1948=DIRECTION('ref_axis',(1.,-1.11022302462515E-16,-3.94430452610506E-31));
#1949=DIRECTION('center_axis',(-1.11022302462515E-16,-1.,-3.10766276891795E-16));
#1950=DIRECTION('ref_axis',(1.,-1.11022302462515E-16,-3.94430452610506E-31));
#1951=DIRECTION('center_axis',(0.,1.,0.));
#1952=DIRECTION('ref_axis',(1.,0.,0.));
#1953=DIRECTION('center_axis',(0.,1.,0.));
#1954=DIRECTION('ref_axis',(1.,0.,0.));
#1955=DIRECTION('',(1.,0.,0.));
#1956=DIRECTION('center_axis',(0.,1.,0.));
#1957=DIRECTION('ref_axis',(1.,0.,0.));
#1958=DIRECTION('',(1.,0.,0.));
#1959=DIRECTION('center_axis',(-1.70803542250024E-17,0.,1.));
#1960=DIRECTION('ref_axis',(-1.,0.,-1.70803542250024E-17));
#1961=DIRECTION('',(-1.,0.,-1.70803542250024E-17));
#1962=DIRECTION('center_axis',(0.,0.,-1.));
#1963=DIRECTION('ref_axis',(1.,0.,0.));
#1964=DIRECTION('',(1.,0.,0.));
#1965=DIRECTION('center_axis',(0.,1.,0.));
#1966=DIRECTION('ref_axis',(1.,0.,0.));
#1967=DIRECTION('center_axis',(0.,1.,0.));
#1968=DIRECTION('ref_axis',(1.,0.,0.));
#1969=DIRECTION('',(0.,1.,0.));
#1970=DIRECTION('',(0.,1.,0.));
#1971=DIRECTION('center_axis',(0.,0.,1.));
#1972=DIRECTION('ref_axis',(1.,0.,0.));
#1973=DIRECTION('',(1.,0.,0.));
#1974=DIRECTION('',(0.,1.,0.));
#1975=DIRECTION('center_axis',(0.,0.,-1.));
#1976=DIRECTION('ref_axis',(-1.,0.,0.));
#1977=DIRECTION('',(-1.,0.,0.));
#1978=DIRECTION('',(0.,1.,0.));
#1979=DIRECTION('center_axis',(0.,1.,0.));
#1980=DIRECTION('ref_axis',(-1.,0.,-1.22464679914735E-16));
#1981=DIRECTION('center_axis',(0.,1.,0.));
#1982=DIRECTION('ref_axis',(-1.,0.,-1.22464679914735E-16));
#1983=DIRECTION('center_axis',(0.,-1.,0.));
#1984=DIRECTION('ref_axis',(0.,0.,-1.));
#1985=DIRECTION('center_axis',(0.,1.,0.));
#1986=DIRECTION('ref_axis',(1.,0.,0.));
#1987=DIRECTION('center_axis',(0.,-1.,0.));
#1988=DIRECTION('ref_axis',(0.,0.,-1.));
#1989=DIRECTION('center_axis',(0.,1.,0.));
#1990=DIRECTION('ref_axis',(1.,0.,0.));
#1991=DIRECTION('center_axis',(0.,-1.,0.));
#1992=DIRECTION('ref_axis',(0.,0.,-1.));
#1993=DIRECTION('center_axis',(0.,1.,0.));
#1994=DIRECTION('ref_axis',(1.,0.,0.));
#1995=DIRECTION('center_axis',(0.,-1.,0.));
#1996=DIRECTION('ref_axis',(0.,0.,-1.));
#1997=DIRECTION('center_axis',(0.,1.,0.));
#1998=DIRECTION('ref_axis',(1.,0.,0.));
#1999=DIRECTION('center_axis',(0.,-1.,0.));
#2000=DIRECTION('ref_axis',(0.,0.,-1.));
#2001=DIRECTION('center_axis',(0.,1.,0.));
#2002=DIRECTION('ref_axis',(1.,0.,-3.6361557350031E-31));
#2003=DIRECTION('center_axis',(0.,1.,0.));
#2004=DIRECTION('ref_axis',(1.,0.,-3.6361557350031E-31));
#2005=DIRECTION('center_axis',(0.,1.,0.));
#2006=DIRECTION('ref_axis',(1.,0.,-3.6361557350031E-31));
#2007=DIRECTION('center_axis',(0.,1.,0.));
#2008=DIRECTION('ref_axis',(1.,0.,-3.6361557350031E-31));
#2009=DIRECTION('center_axis',(0.,1.,0.));
#2010=DIRECTION('ref_axis',(1.,0.,-3.6361557350031E-31));
#2011=DIRECTION('center_axis',(0.,1.,0.));
#2012=DIRECTION('ref_axis',(1.,0.,-3.6361557350031E-31));
#2013=DIRECTION('center_axis',(0.,1.,0.));
#2014=DIRECTION('ref_axis',(1.,0.,-3.6361557350031E-31));
#2015=DIRECTION('center_axis',(0.,1.,0.));
#2016=DIRECTION('ref_axis',(1.,0.,-3.6361557350031E-31));
#2017=DIRECTION('center_axis',(0.,1.,0.));
#2018=DIRECTION('ref_axis',(-1.,0.,0.));
#2019=DIRECTION('center_axis',(0.,1.,0.));
#2020=DIRECTION('ref_axis',(-1.,0.,0.));
#2021=DIRECTION('center_axis',(0.,1.,0.));
#2022=DIRECTION('ref_axis',(-1.,0.,0.));
#2023=DIRECTION('center_axis',(0.,1.,0.));
#2024=DIRECTION('ref_axis',(-1.,0.,0.));
#2025=DIRECTION('center_axis',(0.,1.,0.));
#2026=DIRECTION('ref_axis',(-1.,0.,0.));
#2027=DIRECTION('center_axis',(0.,1.,0.));
#2028=DIRECTION('ref_axis',(-1.,0.,0.));
#2029=DIRECTION('center_axis',(0.,1.,0.));
#2030=DIRECTION('ref_axis',(-1.,0.,0.));
#2031=DIRECTION('center_axis',(0.,1.,0.));
#2032=DIRECTION('ref_axis',(-1.,0.,0.));
#2033=DIRECTION('center_axis',(0.,1.,0.));
#2034=DIRECTION('ref_axis',(-1.,0.,0.));
#2035=DIRECTION('center_axis',(0.,1.,0.));
#2036=DIRECTION('ref_axis',(-1.,0.,0.));
#2037=DIRECTION('center_axis',(0.,1.,0.));
#2038=DIRECTION('ref_axis',(-1.,0.,0.));
#2039=DIRECTION('center_axis',(0.,1.,0.));
#2040=DIRECTION('ref_axis',(1.,0.,0.));
#2041=DIRECTION('',(0.,1.,0.));
#2042=DIRECTION('center_axis',(0.,-1.,0.));
#2043=DIRECTION('ref_axis',(1.,0.,0.));
#2044=DIRECTION('center_axis',(0.,-1.,0.));
#2045=DIRECTION('ref_axis',(1.,0.,0.));
#2046=DIRECTION('center_axis',(0.,-1.,0.));
#2047=DIRECTION('ref_axis',(-1.,0.,0.));
#2048=DIRECTION('center_axis',(0.,1.,0.));
#2049=DIRECTION('ref_axis',(1.,0.,0.));
#2050=DIRECTION('',(0.,1.,0.));
#2051=DIRECTION('center_axis',(0.,-1.,0.));
#2052=DIRECTION('ref_axis',(1.,0.,0.));
#2053=DIRECTION('center_axis',(0.,-1.,0.));
#2054=DIRECTION('ref_axis',(1.,0.,0.));
#2055=DIRECTION('center_axis',(0.,-1.,0.));
#2056=DIRECTION('ref_axis',(-1.,0.,0.));
#2057=DIRECTION('center_axis',(0.,1.,0.));
#2058=DIRECTION('ref_axis',(1.,0.,0.));
#2059=DIRECTION('',(0.,1.,0.));
#2060=DIRECTION('center_axis',(0.,-1.,0.));
#2061=DIRECTION('ref_axis',(1.,0.,0.));
#2062=DIRECTION('center_axis',(0.,-1.,0.));
#2063=DIRECTION('ref_axis',(1.,0.,0.));
#2064=DIRECTION('center_axis',(0.,-1.,0.));
#2065=DIRECTION('ref_axis',(-1.,0.,0.));
#2066=DIRECTION('center_axis',(0.,1.,0.));
#2067=DIRECTION('ref_axis',(1.,0.,0.));
#2068=DIRECTION('',(0.,1.,0.));
#2069=DIRECTION('center_axis',(0.,-1.,0.));
#2070=DIRECTION('ref_axis',(1.,0.,0.));
#2071=DIRECTION('center_axis',(0.,-1.,0.));
#2072=DIRECTION('ref_axis',(1.,0.,0.));
#2073=DIRECTION('center_axis',(0.,-1.,0.));
#2074=DIRECTION('ref_axis',(-1.,0.,0.));
#2075=DIRECTION('center_axis',(0.,-1.,0.));
#2076=DIRECTION('ref_axis',(-1.,0.,0.));
#2077=DIRECTION('center_axis',(0.,-1.,0.));
#2078=DIRECTION('ref_axis',(-1.,0.,0.));
#2079=DIRECTION('',(0.,-1.,0.));
#2080=DIRECTION('center_axis',(0.,-1.,0.));
#2081=DIRECTION('ref_axis',(-1.,0.,0.));
#2082=DIRECTION('center_axis',(0.,-1.,0.));
#2083=DIRECTION('ref_axis',(-1.,0.,0.));
#2084=DIRECTION('',(0.,-1.,0.));
#2085=DIRECTION('center_axis',(0.,-1.,0.));
#2086=DIRECTION('ref_axis',(-1.,0.,0.));
#2087=DIRECTION('center_axis',(0.,-1.,0.));
#2088=DIRECTION('ref_axis',(-1.,0.,0.));
#2089=DIRECTION('',(0.,-1.,0.));
#2090=DIRECTION('center_axis',(0.,-1.,0.));
#2091=DIRECTION('ref_axis',(-1.,0.,0.));
#2092=DIRECTION('center_axis',(0.,-1.,0.));
#2093=DIRECTION('ref_axis',(-1.,0.,0.));
#2094=DIRECTION('',(0.,-1.,0.));
#2095=DIRECTION('center_axis',(0.,-1.,0.));
#2096=DIRECTION('ref_axis',(-1.,0.,0.));
#2097=DIRECTION('center_axis',(0.,-1.,0.));
#2098=DIRECTION('ref_axis',(-1.,0.,0.));
#2099=DIRECTION('',(0.,-1.,0.));
#2100=DIRECTION('center_axis',(0.,-1.,0.));
#2101=DIRECTION('ref_axis',(-1.,0.,0.));
#2102=DIRECTION('center_axis',(0.,-1.,0.));
#2103=DIRECTION('ref_axis',(-1.,0.,0.));
#2104=DIRECTION('',(0.,-1.,0.));
#2105=DIRECTION('center_axis',(0.,-1.,0.));
#2106=DIRECTION('ref_axis',(-1.,0.,0.));
#2107=DIRECTION('center_axis',(0.,-1.,0.));
#2108=DIRECTION('ref_axis',(-1.,0.,0.));
#2109=DIRECTION('',(0.,-1.,0.));
#2110=DIRECTION('center_axis',(0.,-1.,0.));
#2111=DIRECTION('ref_axis',(-1.,0.,0.));
#2112=DIRECTION('center_axis',(0.,-1.,0.));
#2113=DIRECTION('ref_axis',(-1.,0.,0.));
#2114=DIRECTION('',(0.,-1.,0.));
#2115=DIRECTION('center_axis',(0.,-1.,0.));
#2116=DIRECTION('ref_axis',(-1.,0.,0.));
#2117=DIRECTION('center_axis',(0.,-1.,0.));
#2118=DIRECTION('ref_axis',(-1.,0.,0.));
#2119=DIRECTION('',(0.,-1.,0.));
#2120=DIRECTION('center_axis',(0.,-1.,0.));
#2121=DIRECTION('ref_axis',(-1.,0.,0.));
#2122=DIRECTION('center_axis',(0.,-1.,0.));
#2123=DIRECTION('ref_axis',(-1.,0.,0.));
#2124=DIRECTION('',(0.,-1.,0.));
#2125=DIRECTION('center_axis',(0.,-1.,0.));
#2126=DIRECTION('ref_axis',(-1.,0.,0.));
#2127=DIRECTION('center_axis',(0.,-1.,0.));
#2128=DIRECTION('ref_axis',(-1.,0.,0.));
#2129=DIRECTION('',(0.,-1.,0.));
#2130=DIRECTION('center_axis',(0.,1.,0.));
#2131=DIRECTION('ref_axis',(1.,0.,-3.6361557350031E-31));
#2132=DIRECTION('',(0.,1.,0.));
#2133=DIRECTION('center_axis',(0.,1.,0.));
#2134=DIRECTION('ref_axis',(1.,0.,-3.6361557350031E-31));
#2135=DIRECTION('center_axis',(0.,1.,0.));
#2136=DIRECTION('ref_axis',(1.,0.,0.));
#2137=DIRECTION('center_axis',(0.,1.,0.));
#2138=DIRECTION('ref_axis',(1.,0.,-3.6361557350031E-31));
#2139=DIRECTION('',(0.,1.,0.));
#2140=DIRECTION('center_axis',(0.,1.,0.));
#2141=DIRECTION('ref_axis',(1.,0.,-3.6361557350031E-31));
#2142=DIRECTION('center_axis',(0.,1.,0.));
#2143=DIRECTION('ref_axis',(1.,0.,0.));
#2144=DIRECTION('center_axis',(0.,1.,0.));
#2145=DIRECTION('ref_axis',(1.,0.,-3.6361557350031E-31));
#2146=DIRECTION('',(0.,1.,0.));
#2147=DIRECTION('center_axis',(0.,1.,0.));
#2148=DIRECTION('ref_axis',(1.,0.,-3.6361557350031E-31));
#2149=DIRECTION('center_axis',(0.,1.,0.));
#2150=DIRECTION('ref_axis',(1.,0.,0.));
#2151=DIRECTION('center_axis',(0.,1.,0.));
#2152=DIRECTION('ref_axis',(1.,0.,-3.6361557350031E-31));
#2153=DIRECTION('',(0.,1.,0.));
#2154=DIRECTION('center_axis',(0.,1.,0.));
#2155=DIRECTION('ref_axis',(1.,0.,-3.6361557350031E-31));
#2156=DIRECTION('center_axis',(0.,1.,0.));
#2157=DIRECTION('ref_axis',(1.,0.,0.));
#2158=DIRECTION('center_axis',(0.,1.,0.));
#2159=DIRECTION('ref_axis',(1.,0.,-3.6361557350031E-31));
#2160=DIRECTION('',(0.,1.,0.));
#2161=DIRECTION('center_axis',(0.,1.,0.));
#2162=DIRECTION('ref_axis',(1.,0.,-3.6361557350031E-31));
#2163=DIRECTION('center_axis',(0.,1.,0.));
#2164=DIRECTION('ref_axis',(1.,0.,0.));
#2165=DIRECTION('center_axis',(0.,1.,0.));
#2166=DIRECTION('ref_axis',(1.,0.,-3.6361557350031E-31));
#2167=DIRECTION('',(0.,1.,0.));
#2168=DIRECTION('center_axis',(0.,1.,0.));
#2169=DIRECTION('ref_axis',(1.,0.,-3.6361557350031E-31));
#2170=DIRECTION('center_axis',(0.,1.,0.));
#2171=DIRECTION('ref_axis',(1.,0.,0.));
#2172=DIRECTION('center_axis',(0.,1.,0.));
#2173=DIRECTION('ref_axis',(1.,0.,-3.6361557350031E-31));
#2174=DIRECTION('',(0.,1.,0.));
#2175=DIRECTION('center_axis',(0.,1.,0.));
#2176=DIRECTION('ref_axis',(1.,0.,-3.6361557350031E-31));
#2177=DIRECTION('center_axis',(0.,1.,0.));
#2178=DIRECTION('ref_axis',(1.,0.,0.));
#2179=DIRECTION('center_axis',(0.,1.,0.));
#2180=DIRECTION('ref_axis',(1.,0.,-3.6361557350031E-31));
#2181=DIRECTION('',(0.,1.,0.));
#2182=DIRECTION('center_axis',(0.,1.,0.));
#2183=DIRECTION('ref_axis',(1.,0.,-3.6361557350031E-31));
#2184=DIRECTION('center_axis',(0.,1.,0.));
#2185=DIRECTION('ref_axis',(1.,0.,0.));
#2186=DIRECTION('center_axis',(0.,-1.,0.));
#2187=DIRECTION('ref_axis',(-1.,0.,0.));
#2188=DIRECTION('',(0.,-1.,0.));
#2189=DIRECTION('center_axis',(0.,-1.,0.));
#2190=DIRECTION('ref_axis',(-1.,0.,0.));
#2191=DIRECTION('',(0.,-1.,0.));
#2192=DIRECTION('center_axis',(0.,-1.,0.));
#2193=DIRECTION('ref_axis',(-1.,0.,0.));
#2194=DIRECTION('',(0.,-1.,0.));
#2195=DIRECTION('center_axis',(0.,-1.,0.));
#2196=DIRECTION('ref_axis',(-1.,0.,0.));
#2197=DIRECTION('',(0.,-1.,0.));
#2198=DIRECTION('center_axis',(1.,0.,0.));
#2199=DIRECTION('ref_axis',(0.,0.707106781186548,0.707106781186548));
#2200=DIRECTION('center_axis',(1.,0.,0.));
#2201=DIRECTION('ref_axis',(0.,1.,0.));
#2202=DIRECTION('center_axis',(-1.,0.,0.));
#2203=DIRECTION('ref_axis',(0.,0.,1.));
#2204=DIRECTION('center_axis',(-1.,0.,0.));
#2205=DIRECTION('ref_axis',(0.,0.,1.));
#2206=DIRECTION('',(-1.,0.,0.));
#2207=DIRECTION('center_axis',(1.,0.,0.));
#2208=DIRECTION('ref_axis',(0.,1.,0.));
#2209=DIRECTION('center_axis',(-1.,0.,0.));
#2210=DIRECTION('ref_axis',(0.,0.707106781186548,-0.707106781186548));
#2211=DIRECTION('center_axis',(1.,0.,0.));
#2212=DIRECTION('ref_axis',(0.,0.,-1.));
#2213=DIRECTION('',(1.,0.,0.));
#2214=DIRECTION('center_axis',(1.,0.,0.));
#2215=DIRECTION('ref_axis',(0.,0.,-1.));
#2216=DIRECTION('center_axis',(1.,0.,0.));
#2217=DIRECTION('ref_axis',(0.,0.,-1.));
#2218=DIRECTION('center_axis',(1.,0.,0.));
#2219=DIRECTION('ref_axis',(0.,0.,-1.));
#2220=DIRECTION('center_axis',(0.,1.,0.));
#2221=DIRECTION('ref_axis',(1.,0.,0.));
#2222=DIRECTION('center_axis',(0.,-1.,0.));
#2223=DIRECTION('ref_axis',(1.,0.,0.));
#2224=DIRECTION('center_axis',(0.,-1.,0.));
#2225=DIRECTION('ref_axis',(-1.,0.,-1.22464679914735E-16));
#2226=DIRECTION('center_axis',(0.,1.,0.));
#2227=DIRECTION('ref_axis',(0.,0.,1.));
#2228=DIRECTION('center_axis',(0.,1.,0.));
#2229=DIRECTION('ref_axis',(0.,0.,1.));
#2230=CARTESIAN_POINT('',(0.,0.,0.));
#2231=CARTESIAN_POINT('Origin',(65.,4.,0.));
#2232=CARTESIAN_POINT('',(0.,4.,-15.));
#2233=CARTESIAN_POINT('',(0.,4.,15.));
#2234=CARTESIAN_POINT('Origin',(1.94773373336554E-16,4.,5.99366072130859E-16));
#2235=CARTESIAN_POINT('Origin',(0.,4.,0.));
#2236=CARTESIAN_POINT('',(3.24974746830545,4.,4.94974746830559));
#2237=CARTESIAN_POINT('Origin',(4.94974746830545,4.,4.94974746830559));
#2238=CARTESIAN_POINT('',(3.24974746830545,4.,-4.94974746830541));
#2239=CARTESIAN_POINT('Origin',(4.94974746830545,4.,-4.94974746830541));
#2240=CARTESIAN_POINT('',(-6.64974746830555,4.,-4.94974746830541));
#2241=CARTESIAN_POINT('Origin',(-4.94974746830555,4.,-4.94974746830541));
#2242=CARTESIAN_POINT('',(-6.64974746830555,4.,4.94974746830559));
#2243=CARTESIAN_POINT('Origin',(-4.94974746830555,4.,4.94974746830559));
#2244=CARTESIAN_POINT('Origin',(65.,4.,0.));
#2245=CARTESIAN_POINT('',(130.,4.,15.));
#2246=CARTESIAN_POINT('',(130.,4.,-15.));
#2247=CARTESIAN_POINT('Origin',(130.,4.,5.99366072130859E-16));
#2248=CARTESIAN_POINT('Origin',(130.,4.,0.));
#2249=CARTESIAN_POINT('',(133.249747468306,4.,4.94974746830541));
#2250=CARTESIAN_POINT('Origin',(134.949747468306,4.,4.94974746830541));
#2251=CARTESIAN_POINT('',(133.249747468306,4.,-4.94974746830558));
#2252=CARTESIAN_POINT('Origin',(134.949747468306,4.,-4.94974746830559));
#2253=CARTESIAN_POINT('',(123.350252531695,4.,-4.94974746830558));
#2254=CARTESIAN_POINT('Origin',(125.050252531695,4.,-4.94974746830559));
#2255=CARTESIAN_POINT('',(123.350252531695,4.,4.94974746830541));
#2256=CARTESIAN_POINT('Origin',(125.050252531695,4.,4.94974746830541));
#2257=CARTESIAN_POINT('Origin',(130.,10.,0.));
#2258=CARTESIAN_POINT('',(130.,10.,15.));
#2259=CARTESIAN_POINT('',(130.,5.,15.));
#2260=CARTESIAN_POINT('',(130.,10.,15.));
#2261=CARTESIAN_POINT('',(130.,10.,-15.));
#2262=CARTESIAN_POINT('Origin',(130.,10.,0.));
#2263=CARTESIAN_POINT('',(130.,5.,-15.));
#2264=CARTESIAN_POINT('',(130.,10.,-15.));
#2265=CARTESIAN_POINT('',(130.,0.,-15.));
#2266=CARTESIAN_POINT('',(130.,0.,15.));
#2267=CARTESIAN_POINT('Origin',(0.,10.,0.));
#2268=CARTESIAN_POINT('',(0.,10.,-15.));
#2269=CARTESIAN_POINT('',(0.,5.,-15.));
#2270=CARTESIAN_POINT('',(0.,10.,-15.));
#2271=CARTESIAN_POINT('',(0.,10.,15.));
#2272=CARTESIAN_POINT('Origin',(0.,10.,0.));
#2273=CARTESIAN_POINT('',(0.,5.,15.));
#2274=CARTESIAN_POINT('',(0.,10.,15.));
#2275=CARTESIAN_POINT('',(0.,0.,15.));
#2276=CARTESIAN_POINT('',(0.,0.,-15.));
#2277=CARTESIAN_POINT('Origin',(120.,5.,0.));
#2278=CARTESIAN_POINT('',(116.771243444677,5.,-15.));
#2279=CARTESIAN_POINT('',(0.,5.,-15.));
#2280=CARTESIAN_POINT('',(130.,5.,-20.));
#2281=CARTESIAN_POINT('Origin',(130.,5.,5.99366072130859E-16));
#2282=CARTESIAN_POINT('',(130.,5.,-20.));
#2283=CARTESIAN_POINT('Origin',(130.,0.,5.99366072130859E-16));
#2284=CARTESIAN_POINT('',(130.,0.,-20.));
#2285=CARTESIAN_POINT('',(130.,0.,20.));
#2286=CARTESIAN_POINT('Origin',(130.,0.,5.99366072130859E-16));
#2287=CARTESIAN_POINT('',(130.,0.,-20.));
#2288=CARTESIAN_POINT('',(116.771243444677,5.,15.));
#2289=CARTESIAN_POINT('Origin',(130.,5.,5.99366072130859E-16));
#2290=CARTESIAN_POINT('',(130.,5.,20.));
#2291=CARTESIAN_POINT('Origin',(130.,5.,5.99366072130859E-16));
#2292=CARTESIAN_POINT('',(130.,0.,20.));
#2293=CARTESIAN_POINT('Origin',(130.,0.,-15.));
#2294=CARTESIAN_POINT('',(130.,0.,-15.));
#2295=CARTESIAN_POINT('',(130.,0.,-7.5));
#2296=CARTESIAN_POINT('',(130.,0.,-15.));
#2297=CARTESIAN_POINT('Origin',(130.,0.,5.99366072130859E-16));
#2298=CARTESIAN_POINT('',(130.,0.,15.));
#2299=CARTESIAN_POINT('Origin',(130.,0.,5.99366072130859E-16));
#2300=CARTESIAN_POINT('',(130.,0.,15.));
#2301=CARTESIAN_POINT('Origin',(130.,0.,20.));
#2302=CARTESIAN_POINT('',(130.,0.,10.));
#2303=CARTESIAN_POINT('',(130.,5.,-20.));
#2304=CARTESIAN_POINT('Origin',(120.,5.,0.));
#2305=CARTESIAN_POINT('',(130.,5.,15.));
#2306=CARTESIAN_POINT('Origin',(10.,5.,0.));
#2307=CARTESIAN_POINT('',(13.2287565553229,5.,-15.));
#2308=CARTESIAN_POINT('',(0.,5.,-15.));
#2309=CARTESIAN_POINT('',(0.,5.,-20.));
#2310=CARTESIAN_POINT('',(0.,5.,-20.));
#2311=CARTESIAN_POINT('Origin',(1.94773373336554E-16,5.,5.99366072130859E-16));
#2312=CARTESIAN_POINT('Origin',(0.,0.,15.));
#2313=CARTESIAN_POINT('',(0.,0.,15.));
#2314=CARTESIAN_POINT('',(0.,0.,20.));
#2315=CARTESIAN_POINT('',(0.,0.,7.5));
#2316=CARTESIAN_POINT('',(0.,0.,15.));
#2317=CARTESIAN_POINT('',(0.,5.,20.));
#2318=CARTESIAN_POINT('',(0.,5.,-20.));
#2319=CARTESIAN_POINT('',(0.,0.,20.));
#2320=CARTESIAN_POINT('Origin',(1.94773373336554E-16,0.,5.99366072130859E-16));
#2321=CARTESIAN_POINT('',(0.,0.,-15.));
#2322=CARTESIAN_POINT('Origin',(1.94773373336554E-16,0.,5.99366072130859E-16));
#2323=CARTESIAN_POINT('',(0.,0.,-15.));
#2324=CARTESIAN_POINT('Origin',(0.,0.,-20.));
#2325=CARTESIAN_POINT('',(0.,0.,-20.));
#2326=CARTESIAN_POINT('',(0.,0.,-10.));
#2327=CARTESIAN_POINT('',(0.,0.,-20.));
#2328=CARTESIAN_POINT('Origin',(1.94773373336554E-16,0.,5.99366072130859E-16));
#2329=CARTESIAN_POINT('Origin',(1.94773373336554E-16,0.,5.99366072130859E-16));
#2330=CARTESIAN_POINT('',(13.2287565553229,5.,15.));
#2331=CARTESIAN_POINT('Origin',(1.94773373336554E-16,5.,5.99366072130859E-16));
#2332=CARTESIAN_POINT('Origin',(1.94773373336554E-16,5.,5.99366072130859E-16));
#2333=CARTESIAN_POINT('Origin',(10.,5.,0.));
#2334=CARTESIAN_POINT('',(130.,5.,15.));
#2335=CARTESIAN_POINT('Origin',(65.,5.,0.));
#2336=CARTESIAN_POINT('',(0.,5.,-15.));
#2337=CARTESIAN_POINT('',(130.,5.,15.));
#2338=CARTESIAN_POINT('Origin',(0.,10.,20.));
#2339=CARTESIAN_POINT('',(1.8,10.,20.));
#2340=CARTESIAN_POINT('Origin',(0.,10.,20.));
#2341=CARTESIAN_POINT('',(1.8,6.,20.));
#2342=CARTESIAN_POINT('',(1.8,10.,20.));
#2343=CARTESIAN_POINT('Origin',(0.,6.,20.));
#2344=CARTESIAN_POINT('Origin',(0.,6.,20.));
#2345=CARTESIAN_POINT('Origin',(130.,10.,20.));
#2346=CARTESIAN_POINT('',(131.8,10.,20.));
#2347=CARTESIAN_POINT('Origin',(130.,10.,20.));
#2348=CARTESIAN_POINT('',(131.8,6.,20.));
#2349=CARTESIAN_POINT('',(131.8,10.,20.));
#2350=CARTESIAN_POINT('Origin',(130.,6.,20.));
#2351=CARTESIAN_POINT('Origin',(130.,6.,20.));
#2352=CARTESIAN_POINT('Origin',(0.,10.,-20.0000002980232));
#2353=CARTESIAN_POINT('',(1.8,10.,-20.0000002980232));
#2354=CARTESIAN_POINT('Origin',(0.,10.,-20.0000002980232));
#2355=CARTESIAN_POINT('',(1.8,6.,-20.0000002980232));
#2356=CARTESIAN_POINT('',(1.8,10.,-20.0000002980232));
#2357=CARTESIAN_POINT('Origin',(0.,6.,-20.0000002980232));
#2358=CARTESIAN_POINT('Origin',(0.,6.,-20.0000002980232));
#2359=CARTESIAN_POINT('Origin',(130.000001937151,10.,-20.0000002980232));
#2360=CARTESIAN_POINT('',(131.800001937151,10.,-20.0000002980232));
#2361=CARTESIAN_POINT('Origin',(130.000001937151,10.,-20.0000002980232));
#2362=CARTESIAN_POINT('',(131.800001937151,6.,-20.0000002980232));
#2363=CARTESIAN_POINT('',(131.800001937151,10.,-20.0000002980232));
#2364=CARTESIAN_POINT('Origin',(130.000001937151,6.,-20.0000002980232));
#2365=CARTESIAN_POINT('Origin',(130.000001937151,6.,-20.0000002980232));
#2366=CARTESIAN_POINT('Origin',(4.94974746830545,-1.37383090134823E-15,
4.94974746830559));
#2367=CARTESIAN_POINT('',(3.24974746830545,2.,4.94974746830559));
#2368=CARTESIAN_POINT('Origin',(4.94974746830545,2.,4.94974746830559));
#2369=CARTESIAN_POINT('',(3.24974746830545,-1.37383090134823E-15,4.94974746830559));
#2370=CARTESIAN_POINT('Origin',(4.94974746830545,1.37383090134819E-15,-4.94974746830541));
#2371=CARTESIAN_POINT('',(3.24974746830545,2.,-4.94974746830541));
#2372=CARTESIAN_POINT('Origin',(4.94974746830545,2.,-4.94974746830541));
#2373=CARTESIAN_POINT('',(3.24974746830545,1.37383090134819E-15,-4.94974746830541));
#2374=CARTESIAN_POINT('Origin',(134.949747468306,-1.37383090134819E-15,
4.94974746830541));
#2375=CARTESIAN_POINT('',(133.249747468306,1.99999999999998,4.94974746830541));
#2376=CARTESIAN_POINT('Origin',(134.949747468306,1.99999999999998,4.94974746830541));
#2377=CARTESIAN_POINT('',(133.249747468306,-1.37383090134819E-15,4.94974746830541));
#2378=CARTESIAN_POINT('Origin',(134.949747468306,1.37383090134824E-15,-4.94974746830559));
#2379=CARTESIAN_POINT('',(133.249747468306,1.99999999999999,-4.94974746830558));
#2380=CARTESIAN_POINT('Origin',(134.949747468306,1.99999999999999,-4.94974746830558));
#2381=CARTESIAN_POINT('',(133.249747468306,1.37383090134824E-15,-4.94974746830559));
#2382=CARTESIAN_POINT('Origin',(125.050252531695,1.37383090134824E-15,-4.94974746830559));
#2383=CARTESIAN_POINT('',(123.350252531695,1.99999999999999,-4.94974746830558));
#2384=CARTESIAN_POINT('Origin',(125.050252531695,1.99999999999999,-4.94974746830558));
#2385=CARTESIAN_POINT('',(123.350252531695,1.37383090134824E-15,-4.94974746830559));
#2386=CARTESIAN_POINT('Origin',(125.050252531695,-1.37383090134819E-15,
4.94974746830541));
#2387=CARTESIAN_POINT('',(123.350252531695,1.99999999999998,4.94974746830541));
#2388=CARTESIAN_POINT('Origin',(125.050252531695,1.99999999999998,4.94974746830541));
#2389=CARTESIAN_POINT('',(123.350252531695,-1.37383090134819E-15,4.94974746830541));
#2390=CARTESIAN_POINT('Origin',(-4.94974746830555,1.37383090134819E-15,
-4.94974746830541));
#2391=CARTESIAN_POINT('',(-6.64974746830555,2.,-4.94974746830541));
#2392=CARTESIAN_POINT('Origin',(-4.94974746830555,2.,-4.94974746830541));
#2393=CARTESIAN_POINT('',(-6.64974746830555,1.37383090134819E-15,-4.94974746830541));
#2394=CARTESIAN_POINT('Origin',(-4.94974746830555,-1.37383090134823E-15,
4.94974746830559));
#2395=CARTESIAN_POINT('',(-6.64974746830555,2.,4.94974746830559));
#2396=CARTESIAN_POINT('Origin',(-4.94974746830555,2.,4.94974746830559));
#2397=CARTESIAN_POINT('',(-6.64974746830555,-1.37383090134823E-15,4.94974746830559));
#2398=CARTESIAN_POINT('Origin',(130.,-1.4432899320127E-14,7.65871573737373E-16));
#2399=CARTESIAN_POINT('',(120.,-1.33226762955019E-14,-4.58775278847794E-16));
#2400=CARTESIAN_POINT('Origin',(130.,0.,7.65871573737377E-16));
#2401=CARTESIAN_POINT('',(120.,1.99999999999999,0.));
#2402=CARTESIAN_POINT('',(120.,-1.4432899320127E-14,1.99051837288473E-15));
#2403=CARTESIAN_POINT('Origin',(130.,1.99999999999999,1.32098308604995E-15));
#2404=CARTESIAN_POINT('Origin',(130.,1.99999999999999,1.11022302462516E-15));
#2405=CARTESIAN_POINT('Origin',(1.94773373336554E-16,1.17549435082229E-37,
5.99366072130859E-16));
#2406=CARTESIAN_POINT('',(-10.,1.11022302462515E-15,-6.25280780454309E-16));
#2407=CARTESIAN_POINT('Origin',(1.94773373336554E-16,-1.66357503364706E-31,
5.99366072130859E-16));
#2408=CARTESIAN_POINT('',(-10.,2.,0.));
#2409=CARTESIAN_POINT('',(-10.,-3.39907650812288E-31,1.82401287127822E-15));
#2410=CARTESIAN_POINT('Origin',(1.94773373336554E-16,2.,1.15447758444344E-15));
#2411=CARTESIAN_POINT('Origin',(0.,2.,1.11022302462516E-15));
#2412=CARTESIAN_POINT('Origin',(65.,0.,0.));
#2413=CARTESIAN_POINT('',(0.,0.,-25.));
#2414=CARTESIAN_POINT('',(0.,0.,25.));
#2415=CARTESIAN_POINT('Origin',(0.,0.,0.));
#2416=CARTESIAN_POINT('',(130.,0.,-25.));
#2417=CARTESIAN_POINT('',(0.,0.,-25.));
#2418=CARTESIAN_POINT('',(130.,0.,25.));
#2419=CARTESIAN_POINT('Origin',(130.,0.,0.));
#2420=CARTESIAN_POINT('',(0.,0.,25.));
#2421=CARTESIAN_POINT('Origin',(130.,10.,15.));
#2422=CARTESIAN_POINT('',(97.5,10.,15.));
#2423=CARTESIAN_POINT('Origin',(0.,10.,-15.));
#2424=CARTESIAN_POINT('',(32.5,10.,-15.));
#2425=CARTESIAN_POINT('Origin',(130.,0.,0.));
#2426=CARTESIAN_POINT('',(130.,10.,25.));
#2427=CARTESIAN_POINT('',(130.,10.,-25.));
#2428=CARTESIAN_POINT('Origin',(130.,10.,0.));
#2429=CARTESIAN_POINT('',(130.,0.,25.));
#2430=CARTESIAN_POINT('',(130.,0.,-25.));
#2431=CARTESIAN_POINT('Origin',(0.,0.,25.));
#2432=CARTESIAN_POINT('',(0.,10.,25.));
#2433=CARTESIAN_POINT('',(32.5,10.,25.));
#2434=CARTESIAN_POINT('',(0.,0.,25.));
#2435=CARTESIAN_POINT('Origin',(130.,0.,-25.));
#2436=CARTESIAN_POINT('',(0.,10.,-25.));
#2437=CARTESIAN_POINT('',(97.5,10.,-25.));
#2438=CARTESIAN_POINT('',(0.,0.,-25.));
#2439=CARTESIAN_POINT('Origin',(0.,0.,0.));
#2440=CARTESIAN_POINT('Origin',(0.,10.,0.));
#2441=CARTESIAN_POINT('Origin',(65.,10.,0.));
#2442=CARTESIAN_POINT('',(128.4,10.,-20.));
#2443=CARTESIAN_POINT('Origin',(130.,10.,-20.));
#2444=CARTESIAN_POINT('Origin',(65.,10.,0.));
#2445=CARTESIAN_POINT('',(-1.6,10.,-20.));
#2446=CARTESIAN_POINT('Origin',(0.,10.,-20.));
#2447=CARTESIAN_POINT('Origin',(65.,10.,0.));
#2448=CARTESIAN_POINT('',(128.4,10.,20.));
#2449=CARTESIAN_POINT('Origin',(130.,10.,20.));
#2450=CARTESIAN_POINT('Origin',(65.,10.,0.));
#2451=CARTESIAN_POINT('',(-1.6,10.,20.));
#2452=CARTESIAN_POINT('Origin',(1.41226792497325E-16,10.,20.));
#2453=CARTESIAN_POINT('Origin',(65.,10.,0.));
#2454=CARTESIAN_POINT('',(-6.64974746830555,10.,4.94974746830559));
#2455=CARTESIAN_POINT('Origin',(-4.94974746830555,10.,4.94974746830559));
#2456=CARTESIAN_POINT('',(-6.64974746830555,10.,-4.94974746830541));
#2457=CARTESIAN_POINT('Origin',(-4.94974746830555,10.,-4.94974746830541));
#2458=CARTESIAN_POINT('',(123.350252531695,10.,4.94974746830541));
#2459=CARTESIAN_POINT('Origin',(125.050252531695,10.,4.94974746830541));
#2460=CARTESIAN_POINT('',(123.350252531695,10.,-4.94974746830559));
#2461=CARTESIAN_POINT('Origin',(125.050252531695,10.,-4.94974746830559));
#2462=CARTESIAN_POINT('',(133.249747468306,10.,-4.94974746830559));
#2463=CARTESIAN_POINT('Origin',(134.949747468306,10.,-4.94974746830559));
#2464=CARTESIAN_POINT('',(133.249747468306,10.,4.94974746830541));
#2465=CARTESIAN_POINT('Origin',(134.949747468306,10.,4.94974746830541));
#2466=CARTESIAN_POINT('',(3.24974746830545,10.,-4.94974746830541));
#2467=CARTESIAN_POINT('Origin',(4.94974746830545,10.,-4.94974746830541));
#2468=CARTESIAN_POINT('',(3.24974746830545,10.,4.94974746830559));
#2469=CARTESIAN_POINT('Origin',(4.94974746830545,10.,4.94974746830559));
#2470=CARTESIAN_POINT('',(132.5,10.,-3.06161699786838E-16));
#2471=CARTESIAN_POINT('Origin',(130.,10.,0.));
#2472=CARTESIAN_POINT('',(93.5,10.,-3.06161699786838E-16));
#2473=CARTESIAN_POINT('Origin',(91.,10.,0.));
#2474=CARTESIAN_POINT('',(28.5,10.,-3.06161699786839E-16));
#2475=CARTESIAN_POINT('Origin',(26.,10.,0.));
#2476=CARTESIAN_POINT('',(54.5,10.,-3.06161699786838E-16));
#2477=CARTESIAN_POINT('Origin',(52.,10.,0.));
#2478=CARTESIAN_POINT('',(80.5,10.,-3.06161699786838E-16));
#2479=CARTESIAN_POINT('Origin',(78.,10.,0.));
#2480=CARTESIAN_POINT('',(67.5,10.,-3.06161699786838E-16));
#2481=CARTESIAN_POINT('Origin',(65.,10.,0.));
#2482=CARTESIAN_POINT('',(119.5,10.,-3.06161699786838E-16));
#2483=CARTESIAN_POINT('Origin',(117.,10.,0.));
#2484=CARTESIAN_POINT('',(15.5,10.,-3.06161699786839E-16));
#2485=CARTESIAN_POINT('Origin',(13.,10.,0.));
#2486=CARTESIAN_POINT('',(41.5,10.,-3.06161699786839E-16));
#2487=CARTESIAN_POINT('Origin',(39.,10.,0.));
#2488=CARTESIAN_POINT('',(2.5,10.,-3.06161699786839E-16));
#2489=CARTESIAN_POINT('Origin',(0.,10.,0.));
#2490=CARTESIAN_POINT('',(106.5,10.,-3.06161699786838E-16));
#2491=CARTESIAN_POINT('Origin',(104.,10.,0.));
#2492=CARTESIAN_POINT('Origin',(130.,10.,-20.));
#2493=CARTESIAN_POINT('',(128.4,12.,-20.));
#2494=CARTESIAN_POINT('',(128.4,10.,-20.));
#2495=CARTESIAN_POINT('Origin',(130.,12.,-20.));
#2496=CARTESIAN_POINT('Origin',(130.,12.,-20.));
#2497=CARTESIAN_POINT('',(133.,12.,-20.));
#2498=CARTESIAN_POINT('Origin',(130.,12.,-20.));
#2499=CARTESIAN_POINT('Origin',(1.41226792497325E-16,10.,20.));
#2500=CARTESIAN_POINT('',(-1.6,12.,20.));
#2501=CARTESIAN_POINT('',(-1.6,10.,20.));
#2502=CARTESIAN_POINT('Origin',(1.41226792497325E-16,12.,20.));
#2503=CARTESIAN_POINT('Origin',(0.,12.,20.));
#2504=CARTESIAN_POINT('',(3.,12.,20.));
#2505=CARTESIAN_POINT('Origin',(1.41226792497325E-16,12.,20.));
#2506=CARTESIAN_POINT('Origin',(130.,10.,20.));
#2507=CARTESIAN_POINT('',(128.4,12.,20.));
#2508=CARTESIAN_POINT('',(128.4,10.,20.));
#2509=CARTESIAN_POINT('Origin',(130.,12.,20.));
#2510=CARTESIAN_POINT('Origin',(130.,12.,20.));
#2511=CARTESIAN_POINT('',(133.,12.,20.));
#2512=CARTESIAN_POINT('Origin',(130.,12.,20.));
#2513=CARTESIAN_POINT('Origin',(0.,10.,-20.));
#2514=CARTESIAN_POINT('',(-1.6,12.,-20.));
#2515=CARTESIAN_POINT('',(-1.6,10.,-20.));
#2516=CARTESIAN_POINT('Origin',(0.,12.,-20.));
#2517=CARTESIAN_POINT('Origin',(0.,12.,-20.));
#2518=CARTESIAN_POINT('',(3.,12.,-20.));
#2519=CARTESIAN_POINT('Origin',(0.,12.,-20.));
#2520=CARTESIAN_POINT('Origin',(104.,20.,0.));
#2521=CARTESIAN_POINT('',(106.5,20.,-3.06161699786838E-16));
#2522=CARTESIAN_POINT('Origin',(104.,20.,0.));
#2523=CARTESIAN_POINT('',(106.5,20.,3.06161699786838E-16));
#2524=CARTESIAN_POINT('Origin',(0.,20.,0.));
#2525=CARTESIAN_POINT('',(2.5,20.,-3.06161699786839E-16));
#2526=CARTESIAN_POINT('Origin',(0.,20.,0.));
#2527=CARTESIAN_POINT('',(2.5,20.,3.06161699786838E-16));
#2528=CARTESIAN_POINT('Origin',(39.,20.,0.));
#2529=CARTESIAN_POINT('',(41.5,20.,-3.06161699786839E-16));
#2530=CARTESIAN_POINT('Origin',(39.,20.,0.));
#2531=CARTESIAN_POINT('',(41.5,20.,3.06161699786838E-16));
#2532=CARTESIAN_POINT('Origin',(13.,20.,0.));
#2533=CARTESIAN_POINT('',(15.5,20.,-3.06161699786839E-16));
#2534=CARTESIAN_POINT('Origin',(13.,20.,0.));
#2535=CARTESIAN_POINT('',(15.5,20.,3.06161699786838E-16));
#2536=CARTESIAN_POINT('Origin',(117.,20.,0.));
#2537=CARTESIAN_POINT('',(119.5,20.,-3.06161699786838E-16));
#2538=CARTESIAN_POINT('Origin',(117.,20.,0.));
#2539=CARTESIAN_POINT('',(119.5,20.,3.06161699786838E-16));
#2540=CARTESIAN_POINT('Origin',(65.,20.,0.));
#2541=CARTESIAN_POINT('',(67.5,20.,-3.06161699786838E-16));
#2542=CARTESIAN_POINT('Origin',(65.,20.,0.));
#2543=CARTESIAN_POINT('',(67.5,20.,3.06161699786838E-16));
#2544=CARTESIAN_POINT('Origin',(78.,20.,0.));
#2545=CARTESIAN_POINT('',(80.5,20.,-3.06161699786838E-16));
#2546=CARTESIAN_POINT('Origin',(78.,20.,0.));
#2547=CARTESIAN_POINT('',(80.5,20.,3.06161699786838E-16));
#2548=CARTESIAN_POINT('Origin',(52.,20.,0.));
#2549=CARTESIAN_POINT('',(54.5,20.,-3.06161699786838E-16));
#2550=CARTESIAN_POINT('Origin',(52.,20.,0.));
#2551=CARTESIAN_POINT('',(54.5,20.,3.06161699786838E-16));
#2552=CARTESIAN_POINT('Origin',(26.,20.,0.));
#2553=CARTESIAN_POINT('',(28.5,20.,-3.06161699786839E-16));
#2554=CARTESIAN_POINT('Origin',(26.,20.,0.));
#2555=CARTESIAN_POINT('',(28.5,20.,3.06161699786838E-16));
#2556=CARTESIAN_POINT('Origin',(91.,20.,0.));
#2557=CARTESIAN_POINT('',(93.5,20.,-3.06161699786838E-16));
#2558=CARTESIAN_POINT('Origin',(91.,20.,0.));
#2559=CARTESIAN_POINT('',(93.5,20.,3.06161699786838E-16));
#2560=CARTESIAN_POINT('Origin',(130.,20.,0.));
#2561=CARTESIAN_POINT('',(132.5,20.,-3.06161699786838E-16));
#2562=CARTESIAN_POINT('Origin',(130.,20.,0.));
#2563=CARTESIAN_POINT('',(132.5,20.,3.06161699786838E-16));
#2564=CARTESIAN_POINT('Origin',(4.94974746830545,-1.37383090134823E-15,
4.94974746830559));
#2565=CARTESIAN_POINT('',(3.24974746830545,19.,4.94974746830559));
#2566=CARTESIAN_POINT('',(3.24974746830545,-1.37383090134823E-15,4.94974746830559));
#2567=CARTESIAN_POINT('Origin',(4.94974746830545,19.,4.94974746830559));
#2568=CARTESIAN_POINT('Origin',(65.,19.,0.));
#2569=CARTESIAN_POINT('Origin',(4.94974746830545,1.37383090134819E-15,-4.94974746830541));
#2570=CARTESIAN_POINT('',(3.24974746830545,19.,-4.94974746830541));
#2571=CARTESIAN_POINT('',(3.24974746830545,1.37383090134819E-15,-4.94974746830541));
#2572=CARTESIAN_POINT('Origin',(4.94974746830545,19.,-4.94974746830541));
#2573=CARTESIAN_POINT('Origin',(65.,19.,0.));
#2574=CARTESIAN_POINT('Origin',(134.949747468306,-1.37383090134819E-15,
4.94974746830541));
#2575=CARTESIAN_POINT('',(133.249747468306,19.,4.94974746830541));
#2576=CARTESIAN_POINT('',(133.249747468306,-1.37383090134819E-15,4.94974746830541));
#2577=CARTESIAN_POINT('Origin',(134.949747468306,19.,4.94974746830541));
#2578=CARTESIAN_POINT('Origin',(65.,19.,0.));
#2579=CARTESIAN_POINT('Origin',(134.949747468306,1.37383090134824E-15,-4.94974746830559));
#2580=CARTESIAN_POINT('',(133.249747468306,19.,-4.94974746830559));
#2581=CARTESIAN_POINT('',(133.249747468306,1.37383090134824E-15,-4.94974746830559));
#2582=CARTESIAN_POINT('Origin',(134.949747468306,19.,-4.94974746830559));
#2583=CARTESIAN_POINT('Origin',(65.,19.,0.));
#2584=CARTESIAN_POINT('Origin',(125.050252531695,1.37383090134824E-15,-4.94974746830559));
#2585=CARTESIAN_POINT('',(123.350252531695,19.,-4.94974746830559));
#2586=CARTESIAN_POINT('',(123.350252531695,1.37383090134824E-15,-4.94974746830559));
#2587=CARTESIAN_POINT('Origin',(125.050252531695,19.,-4.94974746830559));
#2588=CARTESIAN_POINT('Origin',(65.,19.,0.));
#2589=CARTESIAN_POINT('Origin',(125.050252531695,-1.37383090134819E-15,
4.94974746830541));
#2590=CARTESIAN_POINT('',(123.350252531695,19.,4.94974746830541));
#2591=CARTESIAN_POINT('',(123.350252531695,-1.37383090134819E-15,4.94974746830541));
#2592=CARTESIAN_POINT('Origin',(125.050252531695,19.,4.94974746830541));
#2593=CARTESIAN_POINT('Origin',(65.,19.,0.));
#2594=CARTESIAN_POINT('Origin',(-4.94974746830555,1.37383090134819E-15,
-4.94974746830541));
#2595=CARTESIAN_POINT('',(-6.64974746830555,19.,-4.94974746830541));
#2596=CARTESIAN_POINT('',(-6.64974746830555,1.37383090134819E-15,-4.94974746830541));
#2597=CARTESIAN_POINT('Origin',(-4.94974746830555,19.,-4.94974746830541));
#2598=CARTESIAN_POINT('Origin',(65.,19.,0.));
#2599=CARTESIAN_POINT('Origin',(-4.94974746830555,-1.37383090134823E-15,
4.94974746830559));
#2600=CARTESIAN_POINT('',(-6.64974746830555,19.,4.94974746830559));
#2601=CARTESIAN_POINT('',(-6.64974746830555,-1.37383090134823E-15,4.94974746830559));
#2602=CARTESIAN_POINT('Origin',(-4.94974746830555,19.,4.94974746830559));
#2603=CARTESIAN_POINT('Origin',(65.,19.,0.));
#2604=CARTESIAN_POINT('Origin',(1.41226792497325E-16,20.,20.));
#2605=CARTESIAN_POINT('',(0.,19.7979589711326,17.0000000000006));
#2606=CARTESIAN_POINT('',(3.,18.6602540378444,20.));
#2607=CARTESIAN_POINT('Ctrl Pts',(3.46944695195361E-16,19.7979589711327,
17.));
#2608=CARTESIAN_POINT('Ctrl Pts',(0.37413519882753,19.7979589711327,17.));
#2609=CARTESIAN_POINT('Ctrl Pts',(0.772841453399448,19.783683823781,17.074419848979));
#2610=CARTESIAN_POINT('Ctrl Pts',(1.50438091437914,19.715211678139,17.3745209468969));
#2611=CARTESIAN_POINT('Ctrl Pts',(1.83710732216819,19.6597412875922,17.6001706298779));
#2612=CARTESIAN_POINT('Ctrl Pts',(2.38669019582649,19.4993557427448,18.1382713460362));
#2613=CARTESIAN_POINT('Ctrl Pts',(2.62590125584164,19.378857586887,18.4933915858481));
#2614=CARTESIAN_POINT('Ctrl Pts',(2.93213492438755,19.0627955549482,19.2464681930009));
#2615=CARTESIAN_POINT('Ctrl Pts',(3.,18.8660341311643,19.6435784231837));
#2616=CARTESIAN_POINT('Ctrl Pts',(3.,18.6602540378444,20.));
#2617=CARTESIAN_POINT('',(0.,16.,23.));
#2618=CARTESIAN_POINT('Ctrl Pts',(2.25962867995739E-16,16.,23.));
#2619=CARTESIAN_POINT('Ctrl Pts',(-0.0365175260406581,16.,23.));
#2620=CARTESIAN_POINT('Ctrl Pts',(-0.0730115854882793,16.0007731474321,
22.9993333355373));
#2621=CARTESIAN_POINT('Ctrl Pts',(-0.247091732043121,16.0081391686528,22.9929767895403));
#2622=CARTESIAN_POINT('Ctrl Pts',(-0.382482568377316,16.0248647826406,22.9785628641274));
#2623=CARTESIAN_POINT('Ctrl Pts',(-0.74505420853795,16.0972832285767,22.9153671840582));
#2624=CARTESIAN_POINT('Ctrl Pts',(-0.961831336012922,16.1715497195192,22.8499930791245));
#2625=CARTESIAN_POINT('Ctrl Pts',(-1.50150550147724,16.4193375477667,22.6230526674816));
#2626=CARTESIAN_POINT('Ctrl Pts',(-1.80963955656976,16.6322243569671,22.4203769004232));
#2627=CARTESIAN_POINT('Ctrl Pts',(-2.40668740044477,17.1743797495192,21.8495084404975));
#2628=CARTESIAN_POINT('Ctrl Pts',(-2.67264839829105,17.5221968394787,21.4476262001397));
#2629=CARTESIAN_POINT('Ctrl Pts',(-2.96749977965667,18.1504915025146,20.6005823038898));
#2630=CARTESIAN_POINT('Ctrl Pts',(-3.02528581223814,18.426878019962,20.1812642209825));
#2631=CARTESIAN_POINT('Ctrl Pts',(-2.96049556550661,18.876298302558,19.3990143329194));
#2632=CARTESIAN_POINT('Ctrl Pts',(-2.86811444066392,19.0567980438901,19.0430943848087));
#2633=CARTESIAN_POINT('Ctrl Pts',(-2.56064728201217,19.3442404338235,18.4014666636419));
#2634=CARTESIAN_POINT('Ctrl Pts',(-2.36361897929611,19.4538645701811,18.119862432701));
#2635=CARTESIAN_POINT('Ctrl Pts',(-1.8673402951866,19.6264183946893,17.6258466288709));
#2636=CARTESIAN_POINT('Ctrl Pts',(-1.57427861399784,19.6867815610237,17.4213117851342));
#2637=CARTESIAN_POINT('Ctrl Pts',(-1.02952199243859,19.7554137547418,17.1718629318245));
#2638=CARTESIAN_POINT('Ctrl Pts',(-0.798399046873115,19.7739043257813,17.0981115854155));
#2639=CARTESIAN_POINT('Ctrl Pts',(-0.375807724783561,19.7937766557159,17.0176670232113));
#2640=CARTESIAN_POINT('Ctrl Pts',(-0.187899305073906,19.7979589711327,17.));
#2641=CARTESIAN_POINT('Ctrl Pts',(1.04083408558608E-16,19.7979589711327,
17.));
#2642=CARTESIAN_POINT('Ctrl Pts',(3.,18.6602540378444,20.));
#2643=CARTESIAN_POINT('Ctrl Pts',(3.,18.4162897400677,20.4225585589821));
#2644=CARTESIAN_POINT('Ctrl Pts',(2.90707908105136,18.1233648377453,20.8525853710193));
#2645=CARTESIAN_POINT('Ctrl Pts',(2.55915138741082,17.5099680273107,21.621343582216));
#2646=CARTESIAN_POINT('Ctrl Pts',(2.30530218686052,17.1899336670008,21.9609472575279));
#2647=CARTESIAN_POINT('Ctrl Pts',(1.76978815848933,16.6850654238879,22.4435719526601));
#2648=CARTESIAN_POINT('Ctrl Pts',(1.46829134374366,16.4532361469425,22.6422996252278));
#2649=CARTESIAN_POINT('Ctrl Pts',(0.952381897153857,16.1948628063511,22.8508550722011));
#2650=CARTESIAN_POINT('Ctrl Pts',(0.769676603386522,16.1236603810056,22.905982075912));
#2651=CARTESIAN_POINT('Ctrl Pts',(0.391560497377078,16.0261286679981,22.980572807533));
#2652=CARTESIAN_POINT('Ctrl Pts',(0.196090759527967,16.,23.));
#2653=CARTESIAN_POINT('Ctrl Pts',(-1.73472347597681E-17,16.,23.));
#2654=CARTESIAN_POINT('',(3.,20.,20.));
#2655=CARTESIAN_POINT('Origin',(130.,20.,20.));
#2656=CARTESIAN_POINT('',(130.,19.7979589711327,17.));
#2657=CARTESIAN_POINT('',(133.,18.5271596962185,19.9999999999946));
#2658=CARTESIAN_POINT('Ctrl Pts',(130.,19.7979589711327,17.));
#2659=CARTESIAN_POINT('Ctrl Pts',(130.013047122045,19.7979589711327,17.));
#2660=CARTESIAN_POINT('Ctrl Pts',(130.026094200155,19.797938532752,17.0000851140321));
#2661=CARTESIAN_POINT('Ctrl Pts',(130.243621373446,19.7972568389163,17.0029233836232));
#2662=CARTESIAN_POINT('Ctrl Pts',(130.446826174197,19.7916724246508,17.0265036556226));
#2663=CARTESIAN_POINT('Ctrl Pts',(130.89202815053,19.7672260022312,17.1245737423524));
#2664=CARTESIAN_POINT('Ctrl Pts',(131.129660861555,19.7455805698584,17.2096091025062));
#2665=CARTESIAN_POINT('Ctrl Pts',(131.682859953918,19.6669352474484,17.4890557811068));
#2666=CARTESIAN_POINT('Ctrl Pts',(131.974212824559,19.5987326270464,17.7127628442525));
#2667=CARTESIAN_POINT('Ctrl Pts',(132.481476081862,19.3975503929654,18.2687773481228));
#2668=CARTESIAN_POINT('Ctrl Pts',(132.678630101014,19.2622417692694,18.5990416164383));
#2669=CARTESIAN_POINT('Ctrl Pts',(132.93976718792,18.9302494979537,19.2953435528286));
#2670=CARTESIAN_POINT('Ctrl Pts',(133.,18.7378270165936,19.6522629435277));
#2671=CARTESIAN_POINT('Ctrl Pts',(133.,18.5271596962185,19.9999999999892));
#2672=CARTESIAN_POINT('',(130.,16.,23.));
#2673=CARTESIAN_POINT('Ctrl Pts',(130.,16.,23.));
#2674=CARTESIAN_POINT('Ctrl Pts',(129.803909240472,16.,23.));
#2675=CARTESIAN_POINT('Ctrl Pts',(129.608439502623,16.0261286679981,22.980572807533));
#2676=CARTESIAN_POINT('Ctrl Pts',(129.230323396613,16.1236603810056,22.905982075912));
#2677=CARTESIAN_POINT('Ctrl Pts',(129.047618102846,16.1948628063511,22.8508550722011));
#2678=CARTESIAN_POINT('Ctrl Pts',(128.531708656256,16.4532361469425,22.6422996252278));
#2679=CARTESIAN_POINT('Ctrl Pts',(128.230211841511,16.6850654238879,22.4435719526601));
#2680=CARTESIAN_POINT('Ctrl Pts',(127.694697813139,17.1899336670008,21.9609472575279));
#2681=CARTESIAN_POINT('Ctrl Pts',(127.440848612589,17.5099680273107,21.621343582216));
#2682=CARTESIAN_POINT('Ctrl Pts',(127.092920918949,18.1233648377453,20.8525853710193));
#2683=CARTESIAN_POINT('Ctrl Pts',(127.,18.4162897400677,20.4225585589821));
#2684=CARTESIAN_POINT('Ctrl Pts',(127.,18.8660341311643,19.6435784231837));
#2685=CARTESIAN_POINT('Ctrl Pts',(127.067865075612,19.0627955549482,19.2464681930009));
#2686=CARTESIAN_POINT('Ctrl Pts',(127.374098744158,19.378857586887,18.4933915858481));
#2687=CARTESIAN_POINT('Ctrl Pts',(127.613309804173,19.4993557427448,18.1382713460362));
#2688=CARTESIAN_POINT('Ctrl Pts',(128.162892677832,19.6597412875922,17.6001706298779));
#2689=CARTESIAN_POINT('Ctrl Pts',(128.495619085621,19.715211678139,17.3745209468969));
#2690=CARTESIAN_POINT('Ctrl Pts',(129.227158546601,19.783683823781,17.074419848979));
#2691=CARTESIAN_POINT('Ctrl Pts',(129.625864801172,19.7979589711327,17.));
#2692=CARTESIAN_POINT('Ctrl Pts',(130.,19.7979589711327,17.));
#2693=CARTESIAN_POINT('Ctrl Pts',(133.,18.5271596962185,19.9999999999892));
#2694=CARTESIAN_POINT('Ctrl Pts',(133.,18.4920018235899,20.0580331829125));
#2695=CARTESIAN_POINT('Ctrl Pts',(132.998316088739,18.4563471275114,20.115817489706));
#2696=CARTESIAN_POINT('Ctrl Pts',(132.967662548394,18.1234858064573,20.6456350613374));
#2697=CARTESIAN_POINT('Ctrl Pts',(132.829995578411,17.7966595985896,21.0934826468865));
#2698=CARTESIAN_POINT('Ctrl Pts',(132.422255870083,17.2094701521931,21.8083308549828));
#2699=CARTESIAN_POINT('Ctrl Pts',(132.177202254108,16.9429716747904,22.0992596398725));
#2700=CARTESIAN_POINT('Ctrl Pts',(131.594832049601,16.4815615103542,22.5668058389175));
#2701=CARTESIAN_POINT('Ctrl Pts',(131.269925286912,16.2900051078741,22.743077432377));
#2702=CARTESIAN_POINT('Ctrl Pts',(130.745693638841,16.1019437532044,22.9114290607625));
#2703=CARTESIAN_POINT('Ctrl Pts',(130.566063379946,16.0552964140209,22.9520794824201));
#2704=CARTESIAN_POINT('Ctrl Pts',(130.254278645924,16.0094340690771,22.9918880945283));
#2705=CARTESIAN_POINT('Ctrl Pts',(130.127478779399,16.,23.));
#2706=CARTESIAN_POINT('Ctrl Pts',(130.,16.,23.));
#2707=CARTESIAN_POINT('',(133.,20.,20.));
#2708=CARTESIAN_POINT('Origin',(0.,20.,-20.));
#2709=CARTESIAN_POINT('',(0.,16.,-23.));
#2710=CARTESIAN_POINT('',(3.,18.6602540378444,-20.));
#2711=CARTESIAN_POINT('Ctrl Pts',(1.04083408558608E-16,16.,-23.));
#2712=CARTESIAN_POINT('Ctrl Pts',(0.196090759527967,16.,-23.));
#2713=CARTESIAN_POINT('Ctrl Pts',(0.391560497377078,16.0261286679981,-22.980572807533));
#2714=CARTESIAN_POINT('Ctrl Pts',(0.769676603386521,16.1236603810056,-22.905982075912));
#2715=CARTESIAN_POINT('Ctrl Pts',(0.952381897153852,16.1948628063511,-22.8508550722011));
#2716=CARTESIAN_POINT('Ctrl Pts',(1.46829134374366,16.4532361469425,-22.6422996252278));
#2717=CARTESIAN_POINT('Ctrl Pts',(1.76978815848932,16.6850654238879,-22.4435719526601));
#2718=CARTESIAN_POINT('Ctrl Pts',(2.30530218686051,17.1899336670008,-21.9609472575279));
#2719=CARTESIAN_POINT('Ctrl Pts',(2.55915138741082,17.5099680273107,-21.621343582216));
#2720=CARTESIAN_POINT('Ctrl Pts',(2.90707908105136,18.1233648377453,-20.8525853710193));
#2721=CARTESIAN_POINT('Ctrl Pts',(3.,18.4162897400677,-20.4225585589821));
#2722=CARTESIAN_POINT('Ctrl Pts',(3.,18.6602540378444,-20.));
#2723=CARTESIAN_POINT('',(0.,19.7979589711327,-17.));
#2724=CARTESIAN_POINT('Ctrl Pts',(-2.08166817117217E-16,19.7979589711327,
-17.));
#2725=CARTESIAN_POINT('Ctrl Pts',(-0.0130471220446446,19.7979589711327,
-17.));
#2726=CARTESIAN_POINT('Ctrl Pts',(-0.0260942001547727,19.797938532752,-17.0000851140322));
#2727=CARTESIAN_POINT('Ctrl Pts',(-0.243621373437993,19.7972568389163,-17.0029233836232));
#2728=CARTESIAN_POINT('Ctrl Pts',(-0.44682617418963,19.7916724246512,-17.026503655621));
#2729=CARTESIAN_POINT('Ctrl Pts',(-0.892028150521024,19.7672260022317,-17.1245737423504));
#2730=CARTESIAN_POINT('Ctrl Pts',(-1.12966086154664,19.7455805698596,-17.209609102502));
#2731=CARTESIAN_POINT('Ctrl Pts',(-1.68285995390588,19.6669352474501,-17.4890557811006));
#2732=CARTESIAN_POINT('Ctrl Pts',(-1.97421282455002,19.5987326270499,-17.7127628442427));
#2733=CARTESIAN_POINT('Ctrl Pts',(-2.48147608185252,19.3975503929693,-18.268777348112));
#2734=CARTESIAN_POINT('Ctrl Pts',(-2.67863010100921,19.2622417692755,-18.5990416164255));
#2735=CARTESIAN_POINT('Ctrl Pts',(-2.96159804001723,18.9024952089776,-19.3535538391121));
#2736=CARTESIAN_POINT('Ctrl Pts',(-3.01823739347196,18.6726690184148,-19.7714965017157));
#2737=CARTESIAN_POINT('Ctrl Pts',(-2.96766254839478,18.1234858064683,-20.6456350613199));
#2738=CARTESIAN_POINT('Ctrl Pts',(-2.82999557841885,17.7966595986016,-21.0934826468719));
#2739=CARTESIAN_POINT('Ctrl Pts',(-2.42225587008981,17.2094701522028,-21.8083308549709));
#2740=CARTESIAN_POINT('Ctrl Pts',(-2.17720225411928,16.9429716747992,-22.0992596398636));
#2741=CARTESIAN_POINT('Ctrl Pts',(-1.5948320496124,16.4815615103634,-22.5668058389082));
#2742=CARTESIAN_POINT('Ctrl Pts',(-1.26992528692642,16.2900051078792,-22.7430774323724));
#2743=CARTESIAN_POINT('Ctrl Pts',(-0.745693638847147,16.1019437532066,-22.9114290607605));
#2744=CARTESIAN_POINT('Ctrl Pts',(-0.566063379953277,16.0552964140219,-22.9520794824192));
#2745=CARTESIAN_POINT('Ctrl Pts',(-0.254278645939657,16.0094340690795,-22.9918880945262));
#2746=CARTESIAN_POINT('Ctrl Pts',(-0.127478779409401,15.9999999999991,-23.0000000000007));
#2747=CARTESIAN_POINT('Ctrl Pts',(-2.81668763803899E-15,15.9999999999991,
-23.0000000000007));
#2748=CARTESIAN_POINT('Ctrl Pts',(3.,18.6602540378444,-20.));
#2749=CARTESIAN_POINT('Ctrl Pts',(3.,18.8660341311643,-19.6435784231837));
#2750=CARTESIAN_POINT('Ctrl Pts',(2.93213492438755,19.0627955549482,-19.2464681930009));
#2751=CARTESIAN_POINT('Ctrl Pts',(2.62590125584164,19.3788575868869,-18.4933915858481));
#2752=CARTESIAN_POINT('Ctrl Pts',(2.3866901958265,19.4993557427448,-18.1382713460362));
#2753=CARTESIAN_POINT('Ctrl Pts',(1.83710732216819,19.6597412875922,-17.6001706298779));
#2754=CARTESIAN_POINT('Ctrl Pts',(1.50438091437914,19.715211678139,-17.3745209468969));
#2755=CARTESIAN_POINT('Ctrl Pts',(0.77284145339945,19.783683823781,-17.074419848979));
#2756=CARTESIAN_POINT('Ctrl Pts',(0.374135198827531,19.7979589711327,-17.));
#2757=CARTESIAN_POINT('Ctrl Pts',(0.,19.7979589711327,-17.));
#2758=CARTESIAN_POINT('',(3.,20.,-20.));
#2759=CARTESIAN_POINT('Origin',(130.,20.,-20.));
#2760=CARTESIAN_POINT('',(130.,16.,-23.));
#2761=CARTESIAN_POINT('',(133.,18.5271596962303,-19.9999999999848));
#2762=CARTESIAN_POINT('Ctrl Pts',(130.,16.,-23.));
#2763=CARTESIAN_POINT('Ctrl Pts',(130.036517526021,16.,-23.));
#2764=CARTESIAN_POINT('Ctrl Pts',(130.073011585449,16.0007731474304,-22.9993333355387));
#2765=CARTESIAN_POINT('Ctrl Pts',(130.247091732048,16.008139168653,-22.9929767895401));
#2766=CARTESIAN_POINT('Ctrl Pts',(130.382482568382,16.0248647826415,-22.9785628641266));
#2767=CARTESIAN_POINT('Ctrl Pts',(130.745054208546,16.0972832285783,-22.9153671840568));
#2768=CARTESIAN_POINT('Ctrl Pts',(130.96183133602,16.1715497195225,-22.8499930791214));
#2769=CARTESIAN_POINT('Ctrl Pts',(131.501505501489,16.4193375477722,-22.6230526674766));
#2770=CARTESIAN_POINT('Ctrl Pts',(131.809639556579,16.6322243569754,-22.4203769004145));
#2771=CARTESIAN_POINT('Ctrl Pts',(132.406687400457,17.1743797495307,-21.8495084404854));
#2772=CARTESIAN_POINT('Ctrl Pts',(132.672648398297,17.5221968394917,-21.4476262001222));
#2773=CARTESIAN_POINT('Ctrl Pts',(132.941536740669,18.095167227768,-20.6751684686236));
#2774=CARTESIAN_POINT('Ctrl Pts',(133.000000000003,18.3197844741314,-20.3423029693507));
#2775=CARTESIAN_POINT('Ctrl Pts',(133.,18.5271596962303,-19.9999999999696));
#2776=CARTESIAN_POINT('',(130.,19.7979589711327,-17.));
#2777=CARTESIAN_POINT('Ctrl Pts',(130.,19.7979589711327,-17.));
#2778=CARTESIAN_POINT('Ctrl Pts',(129.625864801172,19.7979589711327,-17.));
#2779=CARTESIAN_POINT('Ctrl Pts',(129.227158546601,19.783683823781,-17.074419848979));
#2780=CARTESIAN_POINT('Ctrl Pts',(128.495619085621,19.715211678139,-17.3745209468969));
#2781=CARTESIAN_POINT('Ctrl Pts',(128.162892677832,19.6597412875922,-17.6001706298779));
#2782=CARTESIAN_POINT('Ctrl Pts',(127.613309804173,19.4993557427448,-18.1382713460362));
#2783=CARTESIAN_POINT('Ctrl Pts',(127.374098744158,19.378857586887,-18.4933915858481));
#2784=CARTESIAN_POINT('Ctrl Pts',(127.067865075612,19.0627955549482,-19.2464681930009));
#2785=CARTESIAN_POINT('Ctrl Pts',(127.,18.8660341311643,-19.6435784231837));
#2786=CARTESIAN_POINT('Ctrl Pts',(127.,18.4162897400677,-20.4225585589821));
#2787=CARTESIAN_POINT('Ctrl Pts',(127.092920918949,18.1233648377453,-20.8525853710193));
#2788=CARTESIAN_POINT('Ctrl Pts',(127.440848612589,17.5099680273107,-21.621343582216));
#2789=CARTESIAN_POINT('Ctrl Pts',(127.694697813139,17.1899336670008,-21.9609472575279));
#2790=CARTESIAN_POINT('Ctrl Pts',(128.230211841511,16.6850654238879,-22.4435719526601));
#2791=CARTESIAN_POINT('Ctrl Pts',(128.531708656256,16.4532361469425,-22.6422996252278));
#2792=CARTESIAN_POINT('Ctrl Pts',(129.047618102846,16.1948628063511,-22.8508550722011));
#2793=CARTESIAN_POINT('Ctrl Pts',(129.230323396613,16.1236603810055,-22.905982075912));
#2794=CARTESIAN_POINT('Ctrl Pts',(129.608439502623,16.0261286679981,-22.980572807533));
#2795=CARTESIAN_POINT('Ctrl Pts',(129.803909240472,16.,-23.));
#2796=CARTESIAN_POINT('Ctrl Pts',(130.,16.,-23.));
#2797=CARTESIAN_POINT('Ctrl Pts',(133.,18.5271596962303,-19.9999999999696));
#2798=CARTESIAN_POINT('Ctrl Pts',(132.999999999999,18.5768823466499,-19.9179255326737));
#2799=CARTESIAN_POINT('Ctrl Pts',(132.996632733514,18.6256313105773,-19.8353191327058));
#2800=CARTESIAN_POINT('Ctrl Pts',(132.960495565506,18.8762983025654,-19.3990143329064));
#2801=CARTESIAN_POINT('Ctrl Pts',(132.868114440658,19.0567980438957,-19.0430943847963));
#2802=CARTESIAN_POINT('Ctrl Pts',(132.560647282007,19.3442404338285,-18.4014666636306));
#2803=CARTESIAN_POINT('Ctrl Pts',(132.363618979287,19.4538645701843,-18.1198624326919));
#2804=CARTESIAN_POINT('Ctrl Pts',(131.867340295177,19.6264183946924,-17.6258466288618));
#2805=CARTESIAN_POINT('Ctrl Pts',(131.574278613986,19.6867815610252,-17.4213117851287));
#2806=CARTESIAN_POINT('Ctrl Pts',(131.029521992431,19.7554137547428,-17.1718629318209));
#2807=CARTESIAN_POINT('Ctrl Pts',(130.798399046864,19.7739043257817,-17.0981115854138));
#2808=CARTESIAN_POINT('Ctrl Pts',(130.375807724777,19.7937766557162,-17.0176670232101));
#2809=CARTESIAN_POINT('Ctrl Pts',(130.187899305067,19.7979589711327,-17.));
#2810=CARTESIAN_POINT('Ctrl Pts',(130.,19.7979589711327,-17.));
#2811=CARTESIAN_POINT('',(133.,20.,-20.));
#2812=CARTESIAN_POINT('Origin',(32.5,10.,15.));
#2813=CARTESIAN_POINT('Origin',(0.,10.,15.));
#2814=CARTESIAN_POINT('Origin',(130.,10.,15.));
#2815=CARTESIAN_POINT('',(130.,20.,15.));
#2816=CARTESIAN_POINT('Origin',(130.,10.,15.));
#2817=CARTESIAN_POINT('',(0.,20.,15.));
#2818=CARTESIAN_POINT('',(32.5,20.,15.));
#2819=CARTESIAN_POINT('Origin',(0.,10.,15.));
#2820=CARTESIAN_POINT('Origin',(97.5,10.,-15.));
#2821=CARTESIAN_POINT('',(0.,20.,-15.));
#2822=CARTESIAN_POINT('Origin',(0.,10.,-15.));
#2823=CARTESIAN_POINT('',(130.,20.,-15.));
#2824=CARTESIAN_POINT('',(97.5,20.,-15.));
#2825=CARTESIAN_POINT('Origin',(130.,10.,-15.));
#2826=CARTESIAN_POINT('Origin',(130.,10.,-15.));
#2827=CARTESIAN_POINT('Origin',(0.,10.,-15.));
#2828=CARTESIAN_POINT('Origin',(65.,20.,0.));
#2829=CARTESIAN_POINT('Origin',(130.,20.,0.));
#2830=CARTESIAN_POINT('Origin',(0.,20.,0.));
#2831=CARTESIAN_POINT('Origin',(0.,10.,0.));
#2832=CARTESIAN_POINT('Origin',(130.,10.,0.));
#2833=UNCERTAINTY_MEASURE_WITH_UNIT(LENGTH_MEASURE(0.01),#2837,
'DISTANCE_ACCURACY_VALUE',
'Maximum model space distance between geometric entities at asserted c
onnectivities');
#2834=UNCERTAINTY_MEASURE_WITH_UNIT(LENGTH_MEASURE(0.01),#2837,
'DISTANCE_ACCURACY_VALUE',
'Maximum model space distance between geometric entities at asserted c
onnectivities');
#2835=(
GEOMETRIC_REPRESENTATION_CONTEXT(3)
GLOBAL_UNCERTAINTY_ASSIGNED_CONTEXT((#2833))
GLOBAL_UNIT_ASSIGNED_CONTEXT((#2837,#2839,#2840))
REPRESENTATION_CONTEXT('','3D')
);
#2836=(
GEOMETRIC_REPRESENTATION_CONTEXT(3)
GLOBAL_UNCERTAINTY_ASSIGNED_CONTEXT((#2834))
GLOBAL_UNIT_ASSIGNED_CONTEXT((#2837,#2839,#2840))
REPRESENTATION_CONTEXT('','3D')
);
#2837=(
LENGTH_UNIT()
NAMED_UNIT(*)
SI_UNIT(.MILLI.,.METRE.)
);
#2838=(
LENGTH_UNIT()
NAMED_UNIT(*)
SI_UNIT($,.METRE.)
);
#2839=(
NAMED_UNIT(*)
PLANE_ANGLE_UNIT()
SI_UNIT($,.RADIAN.)
);
#2840=(
NAMED_UNIT(*)
SI_UNIT($,.STERADIAN.)
SOLID_ANGLE_UNIT()
);
#2841=SHAPE_DEFINITION_REPRESENTATION(#2842,#2843);
#2842=PRODUCT_DEFINITION_SHAPE('',$,#2845);
#2843=SHAPE_REPRESENTATION('',(#1541),#2835);
#2844=PRODUCT_DEFINITION_CONTEXT('part definition',#2849,'design');
#2845=PRODUCT_DEFINITION('HILAL 73 - Joint1','(Unsaved)',#2846,#2844);
#2846=PRODUCT_DEFINITION_FORMATION('',$,#2851);
#2847=PRODUCT_RELATED_PRODUCT_CATEGORY('(Unsaved)','(Unsaved)',(#2851));
#2848=APPLICATION_PROTOCOL_DEFINITION('international standard',
'automotive_design',2009,#2849);
#2849=APPLICATION_CONTEXT(
'Core Data for Automotive Mechanical Design Process');
#2850=PRODUCT_CONTEXT('part definition',#2849,'mechanical');
#2851=PRODUCT('HILAL 73 - Joint1','(Unsaved)',$,(#2850));
#2852=PRESENTATION_STYLE_ASSIGNMENT((#2854));
#2853=PRESENTATION_STYLE_ASSIGNMENT((#2855));
#2854=SURFACE_STYLE_USAGE(.BOTH.,#2856);
#2855=SURFACE_STYLE_USAGE(.BOTH.,#2857);
#2856=SURFACE_SIDE_STYLE('',(#2858));
#2857=SURFACE_SIDE_STYLE('',(#2859));
#2858=SURFACE_STYLE_FILL_AREA(#2860);
#2859=SURFACE_STYLE_FILL_AREA(#2861);
#2860=FILL_AREA_STYLE('Steel - Satin',(#2862));
#2861=FILL_AREA_STYLE('Opaque(63,63,63)',(#2863));
#2862=FILL_AREA_STYLE_COLOUR('Steel - Satin',#2864);
#2863=FILL_AREA_STYLE_COLOUR('Opaque(63,63,63)',#2865);
#2864=COLOUR_RGB('Steel - Satin',0.627450980392157,0.627450980392157,0.627450980392157);
#2865=COLOUR_RGB('Opaque(63,63,63)',0.250980392156863,0.250980392156863,
0.250980392156863);
ENDSEC;
END-ISO-10303-21;
